# {"arm": "right", "target_base_y": 0.112327, "hover_height_m": 0.12, "y_tolerance_m": 0.005, "grid_x_min": -0.292858, "grid_z_min": -0.2041, "recorded_at": "2026-04-14T21:02:27"}
cam_x,cam_y,cam_z,base_x,base_y,base_z,shoulder_pan,shoulder_lift,elbow_flex,wrist_flex,wrist_roll,gripper
0.094316,-0.067609,0.500855,-0.172877,0.108284,-0.064546,1733,1809,2459,2788,1690,3109
0.094317,-0.068436,0.500858,-0.172874,0.109110,-0.064548,1733,1806,2459,2788,1690,3109
0.094317,-0.069262,0.500861,-0.172872,0.109936,-0.064550,1733,1803,2459,2788,1690,3109
0.094318,-0.070088,0.500864,-0.172869,0.110763,-0.064552,1733,1802,2459,2789,1690,3109
0.093471,-0.070045,0.498462,-0.175125,0.110719,-0.063371,1737,1802,2459,2792,1690,3109
0.094372,-0.071328,0.503495,-0.171037,0.112003,-0.066442,1744,1799,2459,2799,1690,3109
0.089943,-0.067760,0.478398,-0.191375,0.108435,-0.051084,1750,1797,2459,2808,1690,3109
0.092658,-0.070871,0.498501,-0.175694,0.111545,-0.063952,1754,1795,2458,2822,1690,3109
0.093363,-0.071464,0.500155,-0.174051,0.112139,-0.064683,1758,1793,2458,2837,1690,3109
0.095536,-0.072197,0.508439,-0.166818,0.112871,-0.069268,1761,1793,2458,2852,1690,3109
0.096041,-0.072112,0.506648,-0.167667,0.112787,-0.067613,1763,1793,2458,2867,1690,3109
0.097704,-0.071950,0.507896,-0.165600,0.112624,-0.067394,1763,1793,2457,2879,1690,3109
0.101070,-0.072874,0.517706,-0.156453,0.113549,-0.072283,1763,1793,2457,2888,1690,3109
0.102480,-0.072382,0.516163,-0.156472,0.113057,-0.070193,1760,1793,2457,2891,1690,3109
0.103913,-0.072065,0.516934,-0.154898,0.112740,-0.069781,1756,1793,2456,2891,1690,3109
0.103138,-0.071572,0.508723,-0.161059,0.112247,-0.064297,1754,1791,2455,2887,1690,3109
0.103976,-0.071677,0.509663,-0.159805,0.112351,-0.064415,1752,1787,2449,2885,1690,3109
0.103891,-0.072503,0.509535,-0.159954,0.113178,-0.064379,1743,1785,2442,2884,1690,3109
0.103834,-0.073878,0.511376,-0.158741,0.114553,-0.065765,1733,1784,2434,2884,1690,3109
0.102647,-0.075553,0.508103,-0.161839,0.116227,-0.064178,1726,1784,2426,2884,1690,3109
0.095380,-0.074804,0.476918,-0.188403,0.115478,-0.046297,1706,1796,2422,2838,1686,3109
0.095758,-0.075751,0.487029,-0.181239,0.116426,-0.053443,1706,1797,2428,2805,1686,3109
0.096745,-0.076009,0.496391,-0.174139,0.116683,-0.059624,1705,1797,2430,2790,1686,3109
0.094435,-0.075003,0.488510,-0.181199,0.115678,-0.055427,1700,1797,2435,2780,1686,3109
0.092629,-0.074889,0.487477,-0.183224,0.115564,-0.055902,1700,1797,2441,2772,1687,3109
0.093366,-0.075997,0.493655,-0.178476,0.116671,-0.059922,1700,1797,2447,2770,1687,3109
0.091875,-0.073582,0.485597,-0.185057,0.114256,-0.055039,1700,1797,2454,2770,1687,3109
0.093988,-0.073540,0.493551,-0.178092,0.114215,-0.059423,1699,1797,2460,2770,1687,3109
0.094773,-0.071587,0.492491,-0.178239,0.112261,-0.058112,1699,1797,2467,2770,1687,3109
0.096568,-0.070385,0.495462,-0.174902,0.111059,-0.059065,1699,1797,2474,2770,1687,3109
0.098374,-0.068639,0.496359,-0.172968,0.109314,-0.058491,1699,1797,2479,2771,1687,3109
0.122935,-0.069100,0.506496,-0.148081,0.109775,-0.049182,1666,1798,2439,2937,1640,3109
0.120529,-0.069734,0.495686,-0.157206,0.110409,-0.042906,1666,1798,2439,2937,1640,3109
0.118784,-0.070252,0.489332,-0.162813,0.110926,-0.039444,1666,1798,2438,2937,1645,3109
0.121773,-0.073074,0.503474,-0.150991,0.113748,-0.047761,1666,1798,2437,2933,1654,3109
0.118926,-0.071654,0.491777,-0.161044,0.112329,-0.041137,1666,1798,2437,2931,1660,3109
0.119625,-0.072288,0.496454,-0.157345,0.112963,-0.044084,1666,1798,2437,2931,1662,3109
0.120548,-0.072887,0.501863,-0.152985,0.113562,-0.047416,1666,1801,2437,2930,1662,3109
0.120353,-0.072426,0.501974,-0.153052,0.113101,-0.047630,1666,1802,2438,2930,1662,3109
0.119299,-0.071483,0.496597,-0.157486,0.112158,-0.044412,1667,1805,2439,2930,1662,3109
0.114674,-0.068592,0.482309,-0.170605,0.109267,-0.037101,1667,1807,2440,2930,1662,3109
0.118435,-0.069818,0.496400,-0.158254,0.110492,-0.044856,1668,1809,2442,2930,1662,3109
0.119671,-0.069548,0.501647,-0.153775,0.110222,-0.047855,1671,1810,2444,2930,1662,3109
0.118008,-0.067761,0.496314,-0.158625,0.108436,-0.045083,1672,1810,2444,2930,1662,3109
0.116352,-0.066931,0.496224,-0.159898,0.107605,-0.046145,1671,1810,2440,2929,1662,3109
0.115798,-0.067051,0.493826,-0.161937,0.107726,-0.044767,1670,1811,2440,2929,1662,3109
0.116732,-0.067322,0.496105,-0.159701,0.107997,-0.045800,1669,1811,2440,2929,1662,3109
0.117818,-0.068262,0.501726,-0.155077,0.108936,-0.049176,1669,1811,2440,2929,1662,3109
0.117503,-0.066888,0.495911,-0.159269,0.107562,-0.045132,1669,1811,2441,2929,1661,3109
0.117168,-0.066930,0.496219,-0.159304,0.107605,-0.045586,1669,1811,2442,2929,1661,3109
0.117263,-0.066666,0.501781,-0.155446,0.107341,-0.049593,1698,1787,2482,2939,1662,3109
0.120271,-0.066942,0.508541,-0.148639,0.107616,-0.052493,1693,1777,2503,2939,1662,3109
0.136434,-0.066748,0.546548,-0.110916,0.107422,-0.069309,1793,1681,2557,2978,1780,3109
0.135200,-0.067672,0.537958,-0.117671,0.108346,-0.063860,1806,1680,2546,2983,1780,3109
0.134828,-0.068193,0.538239,-0.117752,0.108867,-0.064319,1808,1678,2541,2984,1780,3109
0.133847,-0.069560,0.538681,-0.118169,0.110234,-0.065311,1808,1671,2538,2984,1780,3109
0.132664,-0.070882,0.538450,-0.119192,0.111556,-0.065948,1808,1662,2537,2984,1780,3109
0.132758,-0.071910,0.539670,-0.118292,0.112585,-0.066777,1808,1655,2537,2984,1780,3109
0.132794,-0.073264,0.539820,-0.118164,0.113938,-0.066863,1808,1651,2538,2984,1780,3109
0.132728,-0.073580,0.538717,-0.118964,0.114255,-0.066100,1808,1649,2540,2984,1780,3109
0.130242,-0.072217,0.527725,-0.128271,0.112891,-0.059746,1808,1649,2542,2984,1780,3109
0.130909,-0.072113,0.529466,-0.126597,0.112787,-0.060567,1808,1649,2544,2984,1780,3109
0.130812,-0.071564,0.529263,-0.126806,0.112238,-0.060483,1808,1649,2545,2984,1780,3109
0.133640,-0.072262,0.538816,-0.118228,0.112937,-0.065551,1808,1650,2545,2984,1780,3109
0.132166,-0.071070,0.531860,-0.124046,0.111745,-0.061462,1808,1652,2545,2984,1780,3109
0.130395,-0.070231,0.524005,-0.130693,0.110906,-0.056918,1807,1654,2545,2984,1780,3109
0.133563,-0.071776,0.538499,-0.118501,0.112451,-0.065372,1806,1656,2545,2984,1780,3109
0.131877,-0.070096,0.530822,-0.124964,0.110771,-0.060900,1805,1657,2545,2984,1780,3109
0.134016,-0.071005,0.539545,-0.117456,0.111680,-0.065829,1803,1658,2546,2984,1780,3109
0.133547,-0.070880,0.538436,-0.118556,0.111555,-0.065336,1802,1658,2546,2984,1780,3109
0.132985,-0.070058,0.535334,-0.121080,0.110733,-0.063448,1802,1658,2546,2984,1780,3109
0.132139,-0.069775,0.531940,-0.124011,0.110450,-0.061539,1801,1658,2546,2984,1780,3109
0.134492,-0.070467,0.538673,-0.117702,0.111142,-0.064866,1799,1659,2546,2983,1781,3109
0.131034,-0.068962,0.523993,-0.130234,0.109636,-0.056474,1792,1659,2546,2982,1781,3109
0.134903,-0.071005,0.539539,-0.116811,0.111679,-0.065220,1780,1659,2546,2980,1781,3109
0.133014,-0.069775,0.531938,-0.123372,0.110449,-0.060942,1766,1659,2546,2979,1781,3109
0.136698,-0.070461,0.538626,-0.116120,0.111136,-0.063329,1752,1659,2546,2975,1781,3109
0.135677,-0.070113,0.531273,-0.121875,0.110787,-0.058641,1736,1659,2546,2974,1780,3109
0.137445,-0.069493,0.529461,-0.121815,0.110167,-0.056110,1719,1659,2546,2974,1780,3109
0.139901,-0.070591,0.531298,-0.118766,0.111266,-0.055782,1701,1659,2545,2973,1780,3109
0.139931,-0.070152,0.523086,-0.124337,0.110827,-0.049750,1684,1659,2544,2973,1780,3109
0.142534,-0.070251,0.523923,-0.121862,0.110926,-0.048589,1667,1659,2543,2973,1780,3109
0.142889,-0.069385,0.515820,-0.127122,0.110059,-0.042415,1650,1659,2543,2973,1780,3109
0.145499,-0.070256,0.515990,-0.125095,0.110931,-0.040761,1632,1659,2541,2973,1780,3109
0.149494,-0.071085,0.520327,-0.119216,0.111760,-0.041216,1613,1659,2541,2973,1780,3109
0.150958,-0.070992,0.515071,-0.121724,0.111667,-0.036370,1593,1659,2541,2973,1780,3109
0.153836,-0.071269,0.513995,-0.120351,0.111943,-0.033622,1574,1659,2541,2973,1780,3109
0.156997,-0.071822,0.515321,-0.117133,0.112497,-0.032439,1555,1659,2541,2973,1780,3109
0.156337,-0.069688,0.499612,-0.128317,0.110363,-0.021388,1538,1659,2541,2973,1780,3109
0.162288,-0.071553,0.508593,-0.117843,0.112228,-0.023910,1524,1659,2541,2973,1779,3109
0.167598,-0.072112,0.513966,-0.110295,0.112787,-0.024227,1513,1659,2541,2973,1779,3109
0.168157,-0.071473,0.507972,-0.113969,0.112148,-0.019458,1507,1659,2541,2973,1776,3109
0.168178,-0.070712,0.501147,-0.118603,0.111387,-0.014446,1503,1659,2542,2973,1759,3109
0.169394,-0.070785,0.501702,-0.117334,0.111459,-0.014024,1500,1659,2543,2973,1731,3109
0.168165,-0.069718,0.495632,-0.122369,0.110392,-0.010418,1498,1660,2543,2973,1698,3109
0.167693,-0.069211,0.494858,-0.123241,0.109885,-0.010173,1498,1660,2543,2973,1664,3109
0.167575,-0.069093,0.493933,-0.123958,0.109768,-0.009576,1497,1660,2543,2973,1640,3109
0.168731,-0.070248,0.501099,-0.118230,0.110923,-0.014035,1496,1660,2543,2973,1622,3109
0.166974,-0.069107,0.494035,-0.124329,0.109782,-0.010060,1487,1660,2543,2973,1604,3109
0.166974,-0.069107,0.494035,-0.124329,0.109782,-0.010060,1476,1660,2543,2973,1586,3109
0.168346,-0.069739,0.495730,-0.122170,0.110413,-0.010366,1465,1660,2540,2973,1568,3109
0.167546,-0.069015,0.489180,-0.127217,0.109689,-0.006116,1455,1660,2538,2973,1549,3109
0.168346,-0.069391,0.489244,-0.126588,0.110066,-0.005618,1443,1660,2537,2973,1530,3109
0.170130,-0.070056,0.487946,-0.126166,0.110731,-0.003452,1427,1660,2537,2972,1508,3109
0.173598,-0.071453,0.493298,-0.119981,0.112127,-0.005008,1412,1660,2537,2972,1486,3109
0.171598,-0.070035,0.480815,-0.129948,0.110710,0.002769,1400,1660,2537,2972,1467,3109
0.174556,-0.070252,0.482438,-0.126677,0.110927,0.003595,1377,1660,2537,2972,1432,3109
0.176710,-0.070023,0.480725,-0.126267,0.110698,0.006317,1369,1660,2537,2972,1421,3109
0.179606,-0.070219,0.482179,-0.123157,0.110894,0.007225,1358,1660,2537,2972,1402,3109
0.182273,-0.070584,0.481936,-0.121370,0.111259,0.009219,1348,1660,2536,2972,1383,3109
0.184242,-0.070977,0.481897,-0.119955,0.111652,0.010589,1341,1660,2536,2972,1363,3109
0.185737,-0.070871,0.481113,-0.119395,0.111545,0.012181,1338,1660,2536,2972,1345,3109
0.184539,-0.070087,0.474466,-0.124800,0.110761,0.016231,1337,1660,2536,2972,1325,3109
0.184470,-0.069684,0.474338,-0.124938,0.110359,0.016279,1337,1660,2536,2972,1306,3109
0.185126,-0.069924,0.476104,-0.123254,0.110599,0.015433,1337,1660,2536,2972,1286,3109
0.182416,-0.069367,0.471102,-0.128646,0.110041,0.017249,1337,1660,2536,2972,1268,3109
0.183791,-0.070272,0.475768,-0.124461,0.110947,0.014769,1337,1660,2536,2972,1257,3109
0.182694,-0.069562,0.473457,-0.126838,0.110237,0.015714,1337,1660,2536,2972,1249,3109
0.180535,-0.069203,0.469842,-0.130880,0.109878,0.016890,1337,1661,2536,2972,1246,3109
0.180535,-0.069203,0.469842,-0.130880,0.109878,0.016890,1337,1661,2536,2972,1246,3109
0.182058,-0.069693,0.474406,-0.126657,0.110368,0.014586,1339,1661,2536,2972,1246,3109
0.183282,-0.070075,0.478212,-0.123168,0.110750,0.012633,1342,1661,2536,2972,1250,3109
0.179995,-0.068568,0.470928,-0.130537,0.109242,0.015727,1343,1661,2537,2972,1252,3109
0.179477,-0.068537,0.470678,-0.131085,0.109211,0.015557,1343,1661,2537,2972,1253,3109
0.178979,-0.068425,0.469818,-0.132036,0.109100,0.015847,1339,1661,2539,2972,1253,3109
0.178979,-0.068425,0.469818,-0.132036,0.109100,0.015847,1337,1661,2543,2972,1253,3109
0.185645,-0.068900,0.481168,-0.119425,0.109574,0.012078,1337,1661,2547,2973,1254,3109
0.183741,-0.066849,0.476896,-0.123728,0.107524,0.013909,1339,1661,2548,2973,1254,3109
0.184682,-0.066862,0.481350,-0.120006,0.107536,0.011290,1344,1661,2548,2973,1254,3109
0.184245,-0.067451,0.482257,-0.119707,0.108125,0.010328,1345,1661,2548,2973,1254,3109
0.181399,-0.066853,0.476922,-0.125425,0.107528,0.012295,1345,1661,2547,2973,1254,3109
0.181399,-0.066853,0.476922,-0.125425,0.107528,0.012295,1345,1661,2547,2973,1254,3109
0.183458,-0.068249,0.482278,-0.120269,0.108924,0.009777,1346,1661,2547,2973,1254,3109
0.179083,-0.066655,0.471233,-0.130996,0.107329,0.014883,1351,1661,2546,2973,1254,3109
0.182475,-0.068106,0.481171,-0.121743,0.108781,0.009917,1355,1661,2545,2973,1254,3109
0.180426,-0.067652,0.476766,-0.126244,0.108327,0.011746,1364,1661,2543,2973,1254,3109
0.181872,-0.068250,0.482286,-0.121425,0.108925,0.008690,1374,1661,2539,2972,1254,3109
0.180589,-0.069200,0.483584,-0.121480,0.109875,0.006865,1383,1661,2537,2972,1254,3109
0.177908,-0.069846,0.482314,-0.124309,0.110520,0.005969,1389,1661,2537,2972,1254,3109
0.175961,-0.071154,0.483174,-0.125148,0.111829,0.004013,1393,1661,2537,2972,1255,3109
0.172738,-0.069958,0.477381,-0.131453,0.110633,0.006059,1394,1661,2538,2972,1255,3109
0.172018,-0.069258,0.477258,-0.132065,0.109932,0.005659,1398,1661,2542,2972,1255,3109
0.172179,-0.069697,0.481194,-0.129265,0.110371,0.002887,1404,1661,2544,2972,1256,3109
0.170351,-0.068374,0.477307,-0.133252,0.109049,0.004488,1409,1661,2545,2972,1256,3109
0.169245,-0.067728,0.477419,-0.133985,0.108403,0.003652,1416,1661,2546,2972,1257,3109
0.169429,-0.067270,0.480375,-0.131836,0.107945,0.001613,1423,1661,2546,2972,1262,3109
0.168911,-0.067910,0.482726,-0.130614,0.108585,-0.000462,1429,1661,2546,2972,1277,3109
0.165644,-0.066928,0.477312,-0.136694,0.107603,0.001277,1436,1661,2546,2972,1297,3109
0.166773,-0.067456,0.482302,-0.132468,0.108131,-0.001607,1445,1661,2546,2972,1317,3109
0.165116,-0.067065,0.480500,-0.134909,0.107739,-0.001417,1454,1661,2546,2972,1335,3109
0.166828,-0.068168,0.489200,-0.127729,0.108842,-0.006619,1462,1661,2546,2972,1348,3109
0.165542,-0.068053,0.487918,-0.129544,0.108728,-0.006557,1470,1661,2546,2972,1357,3109
0.162438,-0.066699,0.482902,-0.135234,0.107374,-0.004999,1477,1661,2547,2972,1362,3109
0.163729,-0.067832,0.489593,-0.129730,0.108507,-0.009018,1486,1661,2547,2972,1363,3109
0.161757,-0.067463,0.489816,-0.131022,0.108137,-0.010525,1498,1661,2547,2972,1363,3109
0.158183,-0.067012,0.489338,-0.133964,0.107686,-0.012610,1524,1661,2547,2972,1364,3109
0.155846,-0.066871,0.490356,-0.134981,0.107546,-0.014947,1537,1661,2547,2972,1368,3109
0.154046,-0.067712,0.493918,-0.133873,0.108387,-0.018780,1550,1661,2547,2972,1378,3109
0.153494,-0.067691,0.500668,-0.129679,0.108366,-0.024098,1564,1661,2547,2972,1389,3109
0.151302,-0.067714,0.500199,-0.131603,0.108389,-0.025248,1578,1661,2547,2972,1400,3109
0.145505,-0.066798,0.495477,-0.139064,0.107473,-0.025740,1604,1661,2547,2972,1424,3109
0.143377,-0.066756,0.495172,-0.140830,0.107430,-0.026966,1618,1661,2547,2972,1438,3109
0.144479,-0.067824,0.506351,-0.132407,0.108499,-0.034400,1640,1661,2547,2972,1464,3109
0.140713,-0.067069,0.501670,-0.138354,0.107744,-0.033539,1648,1661,2547,2972,1473,3109
0.139212,-0.067210,0.502855,-0.138645,0.107884,-0.035429,1661,1661,2547,2972,1487,3109
0.139458,-0.067751,0.509574,-0.133888,0.108426,-0.040180,1674,1661,2547,2972,1503,3109
0.137627,-0.067438,0.509463,-0.135305,0.108113,-0.041345,1689,1661,2547,2972,1516,3109
0.137223,-0.067935,0.514369,-0.132258,0.108610,-0.045212,1704,1661,2547,2972,1528,3109
0.136910,-0.068737,0.522076,-0.127237,0.109412,-0.051068,1719,1661,2547,2972,1539,3109
0.133023,-0.067804,0.514692,-0.135114,0.108479,-0.048310,1735,1661,2547,2972,1551,3109
0.130373,-0.067108,0.514561,-0.137142,0.107783,-0.050019,1749,1661,2547,2972,1560,3109
0.130934,-0.067918,0.522931,-0.131030,0.108593,-0.055765,1762,1661,2547,2972,1569,3109
0.128196,-0.067251,0.519868,-0.135121,0.107926,-0.055387,1776,1661,2547,2972,1576,3109
0.126642,-0.067733,0.520949,-0.135522,0.108407,-0.057238,1792,1661,2547,2972,1583,3109
0.126123,-0.068075,0.526541,-0.132093,0.108749,-0.061685,1807,1661,2547,2972,1590,3109
0.124881,-0.068251,0.529214,-0.131181,0.108926,-0.064488,1820,1661,2547,2972,1597,3109
0.122669,-0.068021,0.527684,-0.133843,0.108696,-0.064874,1834,1661,2547,2972,1603,3109
0.123269,-0.068331,0.536393,-0.127472,0.109006,-0.070842,1846,1661,2547,2972,1611,3109
0.121432,-0.068137,0.534948,-0.129800,0.108812,-0.071035,1860,1661,2547,2972,1617,3109
0.119629,-0.068112,0.534758,-0.131251,0.108787,-0.072125,1872,1661,2547,2972,1625,3109
0.120102,-0.069108,0.543514,-0.124939,0.109783,-0.078212,1884,1661,2547,2972,1632,3109
0.118451,-0.068294,0.539248,-0.129054,0.108969,-0.076214,1896,1661,2547,2972,1640,3109
0.118594,-0.068668,0.546755,-0.123836,0.109343,-0.081612,1910,1661,2547,2972,1650,3109
0.116333,-0.068125,0.542104,-0.128659,0.108800,-0.079748,1923,1661,2547,2972,1658,3109
0.116903,-0.069327,0.550547,-0.122491,0.110001,-0.085541,1936,1661,2547,2972,1668,3109
0.116948,-0.069438,0.555548,-0.119051,0.110112,-0.089171,1950,1661,2547,2972,1677,3109
0.117398,-0.070265,0.563830,-0.113080,0.110940,-0.094928,1965,1661,2547,2972,1686,3109
0.114759,-0.068848,0.554576,-0.121316,0.109523,-0.089951,1980,1661,2547,2972,1697,3109
0.113177,-0.068731,0.553714,-0.123062,0.109406,-0.090397,1995,1661,2547,2972,1710,3109
0.114237,-0.069294,0.565970,-0.113936,0.109969,-0.098647,2012,1661,2547,2972,1725,3109
0.111988,-0.068919,0.560210,-0.119507,0.109594,-0.095962,2028,1661,2547,2972,1743,3109
0.111827,-0.069303,0.565070,-0.116314,0.109977,-0.099630,2045,1661,2547,2972,1763,3109
0.112279,-0.069173,0.568675,-0.113527,0.109847,-0.101962,2062,1661,2547,2972,1780,3109
0.111685,-0.069447,0.570305,-0.112852,0.110122,-0.103560,2078,1660,2547,2972,1794,3109
0.112829,-0.070497,0.581066,-0.104684,0.111172,-0.110659,2096,1660,2547,2972,1808,3109
0.112256,-0.069827,0.579278,-0.106322,0.110502,-0.109740,2114,1660,2547,2972,1821,3109
0.111113,-0.069582,0.577159,-0.108602,0.110256,-0.108968,2131,1660,2547,2972,1835,3109
0.113195,-0.070350,0.591456,-0.097338,0.111024,-0.118016,2149,1660,2546,2972,1850,3109
0.111774,-0.070154,0.588006,-0.100729,0.110829,-0.116459,2166,1660,2545,2972,1864,3109
0.112799,-0.071013,0.597258,-0.093676,0.111687,-0.122533,2182,1660,2544,2972,1878,3109
0.112799,-0.071013,0.597258,-0.093676,0.111687,-0.122533,2199,1660,2544,2972,1890,3109
0.112867,-0.071087,0.600778,-0.091228,0.111761,-0.125064,2214,1660,2544,2972,1901,3109
0.111347,-0.070780,0.597005,-0.094911,0.111454,-0.123338,2229,1660,2543,2972,1910,3109
0.113460,-0.071461,0.607340,-0.086324,0.112136,-0.129464,2243,1660,2543,2972,1917,3109
0.113822,-0.071606,0.610435,-0.083951,0.112280,-0.131484,2255,1660,2542,2972,1923,3109
0.112794,-0.071362,0.606453,-0.087417,0.112036,-0.129269,2265,1660,2542,2972,1927,3109
0.115754,-0.072764,0.620917,-0.075397,0.113439,-0.137842,2274,1660,2542,2972,1929,3109
0.114982,-0.071819,0.616833,-0.078744,0.112493,-0.135377,2284,1660,2542,2972,1930,3109
0.114982,-0.071819,0.616833,-0.078744,0.112493,-0.135377,2292,1660,2542,2972,1935,3109
0.117605,-0.072942,0.630699,-0.067378,0.113617,-0.143743,2303,1660,2542,2972,1943,3109
0.117512,-0.072983,0.629580,-0.068209,0.113658,-0.142986,2313,1658,2540,2972,1953,3109
0.115363,-0.071551,0.619001,-0.076988,0.112226,-0.136705,2323,1657,2540,2972,1965,3109
0.116782,-0.072476,0.625389,-0.071597,0.113150,-0.140416,2335,1654,2540,2972,1982,3109
0.112061,-0.070188,0.598694,-0.093238,0.110863,-0.124087,2347,1652,2540,2972,2001,3109
0.118847,-0.073485,0.629457,-0.067315,0.114160,-0.141987,2360,1651,2541,2972,2022,3109
0.119890,-0.073490,0.629493,-0.066527,0.114164,-0.141303,2374,1651,2541,2972,2043,3109
0.119871,-0.073354,0.627781,-0.067707,0.114028,-0.140062,2388,1651,2541,2972,2061,3109
0.121987,-0.074084,0.636198,-0.060424,0.114758,-0.144783,2402,1651,2540,2972,2080,3109
0.122032,-0.073180,0.631122,-0.063849,0.113855,-0.141036,2417,1651,2539,2972,2097,3109
0.124908,-0.074182,0.642060,-0.054293,0.114856,-0.147085,2432,1651,2539,2972,2116,3109
0.126782,-0.075407,0.649924,-0.047564,0.116081,-0.151565,2447,1651,2539,2972,2135,3109
0.128439,-0.075649,0.654112,-0.043498,0.116324,-0.153503,2461,1651,2539,2972,2154,3109
0.126462,-0.073334,0.638880,-0.055321,0.114009,-0.143698,2474,1651,2539,2972,2171,3109
0.130374,-0.074565,0.652451,-0.043212,0.115240,-0.150969,2485,1651,2538,2972,2185,3109
0.131462,-0.074574,0.652519,-0.042370,0.115248,-0.150277,2495,1651,2538,2972,2198,3109
0.132167,-0.074356,0.650109,-0.043495,0.115030,-0.148033,2504,1651,2538,2972,2210,3109
0.133006,-0.074424,0.651272,-0.042089,0.115099,-0.148313,2513,1651,2538,2972,2223,3109
0.133566,-0.074479,0.651200,-0.041727,0.115153,-0.147879,2523,1650,2538,2972,2238,3109
0.134336,-0.074371,0.650248,-0.041813,0.115045,-0.146657,2533,1650,2538,2972,2254,3109
0.137880,-0.075331,0.663099,-0.030465,0.116006,-0.153651,2543,1650,2538,2972,2272,3109
0.139020,-0.075357,0.663330,-0.029472,0.116031,-0.153044,2553,1650,2538,2972,2289,3109
0.135426,-0.073283,0.642603,-0.046222,0.113957,-0.140317,2564,1650,2538,2972,2304,3109
0.141181,-0.074977,0.663243,-0.027949,0.115651,-0.151508,2576,1650,2538,2972,2318,3109
0.140118,-0.073462,0.651736,-0.036565,0.114137,-0.143808,2587,1650,2537,2972,2332,3109
0.142942,-0.075073,0.663627,-0.026398,0.115748,-0.150590,2599,1650,2537,2972,2348,3109
0.143634,-0.074380,0.662264,-0.026820,0.115054,-0.149120,2609,1650,2537,2972,2366,3109
0.144738,-0.074387,0.662329,-0.025968,0.115061,-0.148416,2619,1650,2537,2972,2383,3109
0.143524,-0.074005,0.652770,-0.033368,0.114680,-0.142245,2626,1650,2537,2972,2399,3109
0.150379,-0.075655,0.676142,-0.012429,0.116329,-0.154686,2631,1650,2537,2972,2413,3109
0.151503,-0.075659,0.676188,-0.011574,0.116334,-0.153954,2633,1650,2537,2972,2425,3109
0.152563,-0.075708,0.677014,-0.010236,0.116383,-0.153837,2632,1650,2537,2972,2434,3109
0.151342,-0.074823,0.668474,-0.016947,0.115498,-0.148417,2631,1650,2537,2972,2441,3109
0.153297,-0.076063,0.676948,-0.009743,0.116737,-0.153288,2631,1650,2537,2972,2446,3109
0.151342,-0.074823,0.668474,-0.016947,0.115498,-0.148417,2631,1650,2537,2972,2453,3109
0.153749,-0.075668,0.676265,-0.009878,0.116342,-0.152481,2632,1650,2537,2972,2464,3109
0.151762,-0.074353,0.666416,-0.018042,0.115027,-0.146623,2632,1650,2537,2972,2478,3109
0.152481,-0.074842,0.668647,-0.015995,0.115517,-0.147767,2633,1650,2537,2972,2494,3109
0.150730,-0.073839,0.662311,-0.021593,0.114513,-0.144321,2635,1650,2537,2972,2507,3109
0.152910,-0.074377,0.666638,-0.017050,0.115052,-0.146004,2643,1650,2537,2972,2518,3109
0.156268,-0.075712,0.676738,-0.007711,0.116387,-0.151111,2653,1650,2536,2972,2526,3109
0.156903,-0.075626,0.678065,-0.006342,0.116301,-0.151650,2665,1650,2536,2972,2535,3109
0.155445,-0.074787,0.669087,-0.013525,0.115462,-0.146070,2679,1650,2536,2972,2546,3109
0.158608,-0.075505,0.678053,-0.005103,0.116179,-0.150480,2694,1650,2536,2972,2558,3109
0.160434,-0.075710,0.678839,-0.003230,0.116385,-0.149811,2705,1650,2536,2972,2570,3109
0.161566,-0.075751,0.677366,-0.003405,0.116425,-0.147962,2713,1650,2537,2972,2580,3109
0.163977,-0.075796,0.679627,-0.000100,0.116471,-0.147975,2714,1650,2537,2972,2585,3109
0.165045,-0.075216,0.679438,0.000553,0.115891,-0.147108,2716,1650,2537,2972,2585,3109
0.167678,-0.076216,0.689172,0.009112,0.116891,-0.152441,2718,1650,2537,2972,2585,3109
0.167678,-0.076216,0.689172,0.009112,0.116891,-0.152441,2719,1650,2537,2972,2585,3109
0.166418,-0.075061,0.680346,0.002177,0.115736,-0.146838,2719,1650,2537,2972,2585,3109
0.163295,-0.073503,0.668717,-0.008031,0.114177,-0.140452,2719,1650,2537,2972,2585,3109
0.166418,-0.075061,0.680346,0.002177,0.115736,-0.146838,2719,1650,2537,2972,2585,3109
0.165831,-0.074903,0.680341,0.001744,0.115577,-0.147235,2719,1650,2537,2972,2585,3109
0.165209,-0.074610,0.676873,-0.001073,0.115284,-0.145119,2719,1650,2536,2972,2585,3109
0.163281,-0.073602,0.668356,-0.008287,0.114276,-0.140197,2719,1650,2536,2972,2585,3109
0.168048,-0.076305,0.689643,0.009704,0.116980,-0.152534,2719,1650,2536,2972,2585,3109
0.163178,-0.073712,0.668365,-0.008356,0.114387,-0.140274,2719,1650,2536,2972,2585,3109
0.164898,-0.074629,0.677306,-0.001006,0.115303,-0.145649,2719,1650,2536,2972,2590,3109
0.168048,-0.076305,0.689643,0.009704,0.116980,-0.152534,2719,1650,2536,2972,2647,3109
0.168648,-0.075910,0.688172,0.009141,0.116585,-0.151049,2719,1650,2536,2972,2665,3109
0.168704,-0.076342,0.690004,0.010430,0.117016,-0.152352,2719,1650,2536,2972,2673,3109
0.169686,-0.076388,0.690604,0.011557,0.117063,-0.152122,2719,1650,2536,2972,2671,3109
0.166727,-0.074855,0.674463,-0.001604,0.115529,-0.142321,2719,1650,2536,2972,2669,3109
0.166866,-0.075208,0.677280,0.000417,0.115883,-0.144288,2719,1650,2538,2972,2668,3109
0.167127,-0.074057,0.677140,0.000512,0.114731,-0.144008,2719,1650,2538,2972,2668,3109
0.170980,-0.075890,0.693285,0.014331,0.116564,-0.153203,2719,1650,2538,2972,2674,3109
0.170796,-0.075239,0.690497,0.012297,0.115913,-0.151288,2719,1650,2542,2972,2674,3109
0.170796,-0.075239,0.690497,0.012297,0.115913,-0.151288,2719,1650,2546,2972,2675,3109
0.174575,-0.076207,0.701759,0.022736,0.116881,-0.156959,2719,1650,2547,2972,2675,3109
0.175367,-0.075718,0.702616,0.023900,0.116392,-0.157046,2719,1651,2547,2972,2668,3109
0.172407,-0.073103,0.686071,0.010462,0.113778,-0.146949,2716,1651,2546,2972,2668,3109
0.165484,-0.071353,0.664933,-0.009005,0.112027,-0.136191,2713,1651,2545,2972,2668,3109
0.174231,-0.075482,0.700365,0.021534,0.116157,-0.156172,2711,1651,2543,2972,2668,3109
0.174044,-0.075722,0.702982,0.023180,0.116397,-0.158216,2711,1651,2539,2972,2668,3109
0.166687,-0.073551,0.677614,0.000514,0.114226,-0.144655,2710,1650,2537,2972,2668,3109
0.168820,-0.075085,0.689206,0.009971,0.115760,-0.151688,2708,1650,2537,2972,2668,3109
0.167139,-0.076414,0.685935,0.006512,0.117088,-0.150439,2700,1650,2536,2972,2668,3109
0.164925,-0.075186,0.677257,-0.001020,0.115860,-0.145594,2693,1650,2536,2972,2667,3109
0.164704,-0.075221,0.677427,-0.001066,0.115895,-0.145869,2688,1650,2536,2972,2667,3109
0.163807,-0.075184,0.677243,-0.001848,0.115858,-0.146345,2684,1650,2536,2972,2667,3109
0.162413,-0.075211,0.677315,-0.002819,0.115886,-0.147347,2681,1650,2536,2972,2666,3109
0.157528,-0.076243,0.676800,-0.006747,0.116918,-0.150298,2619,1650,2536,2972,2540,3109
0.155140,-0.075942,0.673644,-0.010645,0.116617,-0.149614,2603,1650,2536,2972,2528,3109
0.154031,-0.075942,0.673645,-0.011455,0.116617,-0.150371,2589,1650,2536,2972,2520,3109
0.153025,-0.076220,0.676604,-0.010177,0.116894,-0.153221,2575,1650,2536,2972,2520,3109
0.149817,-0.075669,0.667199,-0.018932,0.116344,-0.148522,2563,1650,2536,2972,2520,3109
0.142342,-0.072172,0.638541,-0.043926,0.112847,-0.132633,2547,1650,2536,2972,2519,3109
0.144382,-0.075263,0.653585,-0.032185,0.115938,-0.142257,2518,1650,2536,2972,2491,3109
0.139303,-0.073709,0.639565,-0.045453,0.114383,-0.135453,2502,1650,2536,2972,2462,3109
0.137357,-0.076346,0.653611,-0.037310,0.117020,-0.147061,2436,1650,2535,2972,2375,3109
0.136282,-0.076347,0.653620,-0.038091,0.117021,-0.147800,2421,1650,2535,2972,2362,3109
0.132591,-0.075227,0.641687,-0.048922,0.115901,-0.141579,2406,1650,2535,2972,2349,3109
0.130947,-0.075534,0.637071,-0.053270,0.116208,-0.139319,2391,1650,2535,2972,2335,3109
0.127982,-0.075294,0.631260,-0.059399,0.115968,-0.137084,2336,1650,2535,2972,2277,3109
0.127468,-0.075296,0.631284,-0.059759,0.115971,-0.137452,2327,1650,2535,2972,2269,3109
0.125612,-0.075914,0.627532,-0.063673,0.116589,-0.135969,2299,1650,2535,2972,2242,3109
0.125969,-0.076203,0.630432,-0.061437,0.116877,-0.137850,2282,1650,2535,2972,2229,3109
0.121742,-0.074312,0.610391,-0.078183,0.114987,-0.126057,2267,1650,2535,2972,2217,3109
0.121236,-0.074310,0.610378,-0.078562,0.114985,-0.126391,2252,1650,2535,2972,2204,3109
0.117518,-0.073400,0.592510,-0.093456,0.114075,-0.115843,2236,1650,2535,2972,2190,3109
0.122974,-0.076300,0.620416,-0.070452,0.116974,-0.132557,2222,1650,2535,2972,2174,3109
0.121517,-0.076235,0.616185,-0.074401,0.116910,-0.130451,2207,1650,2535,2972,2161,3109
0.117918,-0.073355,0.596218,-0.090638,0.114030,-0.118285,2193,1650,2535,2972,2148,3109
0.118328,-0.074796,0.600324,-0.087540,0.115470,-0.121013,2180,1650,2535,2972,2136,3109
0.118713,-0.074788,0.600319,-0.087261,0.115463,-0.120746,2164,1650,2536,2972,2123,3109
0.118410,-0.074831,0.596226,-0.090271,0.115505,-0.117956,2147,1650,2536,2972,2109,3109
0.121392,-0.076251,0.610056,-0.078667,0.116926,-0.126049,2130,1650,2536,2972,2094,3109
0.117856,-0.074221,0.589565,-0.095214,0.114896,-0.113457,2115,1650,2536,2972,2076,3109
0.117763,-0.073901,0.586878,-0.097113,0.114575,-0.111553,2098,1650,2537,2973,2060,3109
0.119330,-0.075358,0.590985,-0.093168,0.116033,-0.113492,2080,1650,2537,2973,2043,3109
0.119812,-0.075355,0.590960,-0.092832,0.116030,-0.113146,2065,1650,2537,2973,2027,3109
0.119695,-0.074868,0.586877,-0.095699,0.115543,-0.110236,2049,1650,2537,2973,2011,3109
0.118460,-0.074363,0.577330,-0.103107,0.115037,-0.104088,2033,1650,2537,2973,1993,3109
0.121438,-0.075892,0.587342,-0.094106,0.116567,-0.109389,2017,1650,2537,2973,1974,3109
0.118911,-0.074425,0.572564,-0.106023,0.115100,-0.100292,2000,1650,2537,2973,1958,3109
0.119850,-0.074423,0.572549,-0.105345,0.115098,-0.099641,1982,1650,2537,2973,1943,3109
0.119219,-0.073512,0.563807,-0.111763,0.114186,-0.093671,1966,1650,2537,2973,1931,3109
0.121107,-0.074874,0.568553,-0.107147,0.115548,-0.095859,1949,1650,2537,2973,1920,3109
0.122043,-0.074873,0.568551,-0.106463,0.115548,-0.095220,1930,1650,2538,2973,1906,3109
0.121731,-0.074384,0.559588,-0.112797,0.115058,-0.088871,1914,1650,2538,2973,1890,3109
0.122577,-0.073619,0.555968,-0.114644,0.114293,-0.085645,1896,1650,2538,2973,1872,3109
0.125941,-0.075396,0.564092,-0.106647,0.116070,-0.089300,1877,1650,2538,2973,1853,3109
0.124342,-0.073619,0.551385,-0.116474,0.114294,-0.081087,1860,1650,2538,2973,1833,3109
0.125443,-0.073529,0.546597,-0.118929,0.114203,-0.076831,1840,1650,2538,2973,1811,3109
0.124704,-0.072538,0.537481,-0.125680,0.113212,-0.070661,1827,1650,2537,2973,1798,3109
0.128148,-0.074433,0.546620,-0.116933,0.115108,-0.075006,1811,1650,2537,2973,1782,3109
0.126350,-0.072781,0.531332,-0.128663,0.113455,-0.065038,1796,1650,2537,2973,1767,3109
0.128071,-0.073183,0.533187,-0.126140,0.113858,-0.065224,1781,1650,2537,2973,1750,3109
0.128901,-0.072903,0.529433,-0.128090,0.113577,-0.061910,1765,1650,2537,2973,1733,3109
0.131479,-0.073710,0.531815,-0.124579,0.114385,-0.061897,1749,1650,2537,2973,1715,3109
0.133151,-0.074012,0.530686,-0.124124,0.114687,-0.059933,1733,1650,2537,2973,1698,3109
0.134973,-0.074158,0.531834,-0.122008,0.114832,-0.059532,1717,1650,2537,2973,1684,3109
0.132888,-0.072122,0.514570,-0.135295,0.112797,-0.048312,1702,1650,2537,2973,1672,3109
0.138567,-0.074121,0.528178,-0.121868,0.114796,-0.054407,1688,1650,2537,2973,1663,3109
0.137292,-0.072575,0.514194,-0.132327,0.113250,-0.045037,1674,1650,2537,2973,1653,3109
0.141670,-0.073968,0.522620,-0.123382,0.114642,-0.048224,1660,1650,2538,2973,1644,3109
0.141059,-0.073146,0.515764,-0.128500,0.113821,-0.043621,1645,1650,2540,2973,1634,3109
0.142140,-0.072419,0.508781,-0.132465,0.113094,-0.037773,1630,1650,2541,2973,1623,3109
0.144642,-0.072414,0.508743,-0.130659,0.113089,-0.036040,1615,1650,2542,2973,1610,3109
0.147296,-0.072164,0.510021,-0.127845,0.112839,-0.035168,1601,1650,2542,2973,1595,3109
0.144701,-0.069629,0.491825,-0.142140,0.110304,-0.023614,1586,1650,2542,2973,1578,3109
0.150882,-0.072119,0.506524,-0.127603,0.112794,-0.030165,1569,1650,2542,2973,1559,3109
0.151593,-0.071241,0.501942,-0.130203,0.111916,-0.026326,1551,1650,2541,2973,1541,3109
0.154249,-0.071737,0.502836,-0.127650,0.112412,-0.025171,1532,1650,2539,2973,1524,3109
0.155148,-0.071435,0.496188,-0.131520,0.112110,-0.019692,1514,1650,2538,2973,1511,3109
0.160798,-0.073165,0.505025,-0.121364,0.113840,-0.022313,1497,1650,2538,2973,1499,3109
0.159830,-0.072221,0.492964,-0.130288,0.112896,-0.014142,1481,1650,2538,2973,1486,3109
0.159841,-0.071129,0.483059,-0.137027,0.111804,-0.006883,1464,1650,2537,2973,1472,3109
0.164517,-0.072439,0.488772,-0.129713,0.113114,-0.007880,1445,1650,2537,2973,1458,3109
0.169064,-0.072992,0.492673,-0.123726,0.113666,-0.007639,1425,1650,2537,2973,1447,3109
0.170118,-0.072731,0.486912,-0.126879,0.113405,-0.002704,1409,1650,2537,2973,1439,3109
0.170777,-0.071319,0.478665,-0.132014,0.111994,0.003783,1394,1650,2538,2973,1434,3109
0.176845,-0.072859,0.488239,-0.121051,0.113534,0.000908,1380,1650,2539,2973,1429,3109
0.181771,-0.073288,0.491935,-0.114926,0.113963,0.001557,1366,1650,2539,2973,1424,3109
0.181032,-0.071682,0.481239,-0.122753,0.112356,0.008884,1355,1650,2539,2973,1419,3109
0.182958,-0.071445,0.479555,-0.122490,0.112120,0.011429,1345,1650,2538,2973,1414,3109
0.183540,-0.070852,0.474341,-0.125616,0.111526,0.015643,1336,1650,2538,2973,1411,3109
0.185379,-0.071591,0.474051,-0.124467,0.112266,0.017108,1329,1650,2538,2973,1411,3109
0.190932,-0.073069,0.483729,-0.113809,0.113744,0.013805,1325,1650,2540,2973,1411,3109
0.188216,-0.071020,0.472824,-0.123226,0.111694,0.019938,1322,1650,2541,2973,1411,3109
0.191526,-0.071713,0.478703,-0.116798,0.112387,0.017889,1322,1650,2541,2973,1411,3109
0.190320,-0.070897,0.474664,-0.120432,0.111571,0.020025,1324,1650,2541,2973,1411,3109
0.187911,-0.069732,0.468170,-0.126620,0.110407,0.023138,1328,1650,2541,2973,1411,3109
0.190350,-0.070977,0.475246,-0.120014,0.111651,0.019619,1331,1650,2541,2973,1411,3109
0.191077,-0.071109,0.480037,-0.116218,0.111784,0.016607,1335,1650,2543,2973,1411,3109
0.191115,-0.072077,0.485730,-0.112312,0.112752,0.012465,1347,1650,2544,2973,1416,3109
0.190345,-0.071033,0.486315,-0.112477,0.111708,0.011512,1362,1650,2545,2973,1418,3109
0.184784,-0.069446,0.475544,-0.123886,0.110120,0.015610,1380,1650,2545,2973,1420,3109
0.184693,-0.070263,0.482539,-0.119187,0.110937,0.010427,1395,1650,2545,2973,1421,3109
0.180967,-0.069794,0.482090,-0.122222,0.110469,0.008217,1411,1650,2545,2973,1422,3109
0.177900,-0.069522,0.483002,-0.123845,0.110197,0.005460,1427,1650,2546,2973,1423,3109
0.176150,-0.070007,0.487563,-0.122020,0.110682,0.000929,1443,1650,2546,2973,1429,3109
0.171120,-0.068716,0.482941,-0.128851,0.109390,0.000886,1460,1650,2547,2973,1446,3109
0.167998,-0.068676,0.482565,-0.131392,0.109351,-0.000965,1478,1650,2547,2973,1471,3109
0.169920,-0.070148,0.495842,-0.120941,0.110823,-0.009376,1498,1650,2547,2973,1496,3109
0.164794,-0.069061,0.489613,-0.128937,0.109736,-0.008308,1517,1650,2547,2973,1520,3109
0.163851,-0.070154,0.495915,-0.125334,0.110828,-0.013563,1536,1650,2547,2973,1539,3109
0.160967,-0.069324,0.495831,-0.127503,0.109998,-0.015467,1555,1650,2547,2974,1552,3109
0.157723,-0.069319,0.495819,-0.129886,0.109994,-0.017668,1573,1650,2547,2976,1562,3109
0.156525,-0.070101,0.502867,-0.125962,0.110775,-0.023644,1595,1650,2547,2976,1572,3109
0.153939,-0.069685,0.502872,-0.127852,0.110360,-0.025409,1617,1650,2547,2974,1583,3109
0.154414,-0.071158,0.516399,-0.118289,0.111833,-0.034989,1639,1650,2547,2974,1596,3109
0.148580,-0.069950,0.509339,-0.127371,0.110624,-0.033794,1660,1650,2547,2974,1610,3109
0.146313,-0.070624,0.515541,-0.124805,0.111299,-0.039878,1681,1650,2547,2974,1625,3109
0.143680,-0.070324,0.516722,-0.125928,0.110999,-0.042537,1699,1650,2547,2974,1640,3109
0.142714,-0.071148,0.524182,-0.121554,0.111822,-0.048656,1718,1650,2547,2974,1654,3109
0.138231,-0.069937,0.517020,-0.129714,0.110611,-0.046467,1739,1650,2547,2976,1670,3109
0.135288,-0.069437,0.516232,-0.132406,0.110112,-0.047894,1762,1650,2547,2977,1687,3109
0.135134,-0.070230,0.523993,-0.127232,0.110905,-0.053681,1785,1650,2547,2978,1705,3109
0.133324,-0.070200,0.528860,-0.125241,0.110874,-0.058477,1808,1650,2547,2978,1724,3109
0.130971,-0.070185,0.531580,-0.125111,0.110859,-0.062072,1831,1650,2547,2978,1743,3109
0.130540,-0.070889,0.538861,-0.120468,0.111564,-0.067695,1855,1650,2547,2978,1762,3109
0.128360,-0.070464,0.539010,-0.121962,0.111139,-0.069290,1877,1650,2547,2978,1779,3109
0.125603,-0.070101,0.539476,-0.123663,0.110776,-0.071509,1901,1650,2547,2977,1797,3109
0.126024,-0.071793,0.552767,-0.114300,0.112468,-0.080953,1925,1650,2547,2977,1814,3109
0.123642,-0.070597,0.550670,-0.117473,0.111271,-0.081040,1948,1650,2547,2977,1830,3109
0.121784,-0.070569,0.550465,-0.118973,0.111244,-0.082155,1970,1650,2547,2976,1845,3109
0.122330,-0.071342,0.563787,-0.109499,0.112016,-0.091537,1992,1650,2547,2976,1859,3109
0.117969,-0.069707,0.550792,-0.121543,0.110381,-0.084994,2013,1650,2547,2975,1875,3109
0.119489,-0.071412,0.567075,-0.109339,0.112087,-0.095879,2034,1650,2547,2974,1891,3109
0.117573,-0.070683,0.563663,-0.113066,0.111358,-0.094686,2054,1650,2547,2974,1906,3109
0.117591,-0.071026,0.571115,-0.107976,0.111701,-0.100130,2073,1650,2547,2974,1922,3109
0.116025,-0.070927,0.570878,-0.109284,0.111602,-0.101023,2094,1650,2547,2974,1941,3109
0.116798,-0.071646,0.580152,-0.102401,0.112320,-0.107286,2114,1650,2546,2973,1963,3109
0.115490,-0.071085,0.578464,-0.104508,0.111760,-0.106942,2134,1650,2545,2973,1984,3109
0.117526,-0.071873,0.590617,-0.094739,0.112548,-0.114452,2154,1650,2545,2973,2007,3109
0.116545,-0.071867,0.590570,-0.095490,0.112541,-0.115086,2174,1650,2545,2973,2028,3109
0.116545,-0.071867,0.590570,-0.095490,0.112541,-0.115086,2194,1650,2545,2973,2047,3109
0.118021,-0.072189,0.598307,-0.089139,0.112863,-0.119744,2212,1650,2545,2973,2063,3109
0.113898,-0.069467,0.577369,-0.106420,0.110141,-0.107224,2231,1650,2544,2973,2078,3109
0.112011,-0.068558,0.573472,-0.110456,0.109233,-0.105656,2250,1650,2544,2973,2095,3109
0.115461,-0.070341,0.589025,-0.097336,0.111016,-0.114694,2271,1650,2544,2973,2112,3109
0.119838,-0.072700,0.609792,-0.079985,0.113375,-0.126915,2292,1650,2544,2973,2128,3109
0.121259,-0.072834,0.617437,-0.073737,0.113509,-0.131544,2312,1650,2545,2973,2143,3109
0.121884,-0.073140,0.619509,-0.071868,0.113815,-0.132635,2330,1650,2545,2973,2156,3109
0.124402,-0.073597,0.630366,-0.062628,0.114271,-0.138868,2348,1650,2546,2973,2169,3109
0.120790,-0.070659,0.609524,-0.079470,0.111334,-0.126070,2365,1650,2546,2973,2182,3109
0.125420,-0.072546,0.630261,-0.061955,0.113221,-0.138098,2395,1650,2546,2973,2204,3109
0.126118,-0.072346,0.628025,-0.062967,0.113020,-0.135986,2405,1650,2546,2973,2213,3109
0.129313,-0.073196,0.639646,-0.052712,0.113870,-0.142317,2424,1650,2546,2973,2232,3109
0.128227,-0.071611,0.631077,-0.059344,0.112285,-0.136784,2444,1650,2546,2973,2255,3109
0.130688,-0.072292,0.638980,-0.052159,0.112966,-0.140893,2468,1650,2546,2973,2283,3109
0.132430,-0.072501,0.640929,-0.049556,0.113176,-0.141133,2485,1650,2546,2973,2300,3109
0.135763,-0.073431,0.651447,-0.039951,0.114106,-0.146563,2505,1650,2546,2973,2320,3109
0.137348,-0.073209,0.651516,-0.038743,0.113883,-0.145534,2527,1650,2544,2973,2339,3109
0.138154,-0.072618,0.650045,-0.039156,0.113293,-0.143908,2550,1650,2544,2973,2356,3109
0.142432,-0.074333,0.663968,-0.026540,0.115008,-0.151187,2572,1650,2543,2973,2374,3109
0.143411,-0.073911,0.663463,-0.026167,0.114585,-0.150151,2592,1650,2543,2973,2390,3109
0.145867,-0.074411,0.664682,-0.023538,0.115086,-0.149370,2613,1650,2543,2973,2406,3109
0.147369,-0.073438,0.664095,-0.022838,0.114113,-0.147917,2633,1650,2543,2973,2421,3109
0.149296,-0.073387,0.665338,-0.020581,0.114061,-0.147514,2652,1650,2543,2973,2436,3109
0.150954,-0.073513,0.664402,-0.020005,0.114187,-0.145700,2672,1650,2542,2973,2451,3109
0.156000,-0.074562,0.676363,-0.008163,0.115237,-0.151019,2693,1650,2542,2973,2467,3109
0.157690,-0.074372,0.674583,-0.008138,0.115047,-0.148564,2713,1650,2542,2973,2486,3109
0.161028,-0.074611,0.679020,-0.002672,0.115286,-0.149539,2735,1650,2542,2973,2509,3109
0.165410,-0.075080,0.689164,0.007446,0.115755,-0.153981,2769,1650,2542,2973,2548,3109
0.168005,-0.075150,0.689466,0.009551,0.115825,-0.152434,2781,1650,2542,2973,2559,3109
0.170591,-0.074551,0.689495,0.011465,0.115226,-0.150694,2800,1650,2543,2973,2577,3109
0.168925,-0.072507,0.671131,-0.002265,0.113181,-0.138384,2823,1650,2544,2973,2598,3109
0.173968,-0.075977,0.689942,0.014241,0.116652,-0.148721,2728,1650,2536,2972,2652,3109
0.168694,-0.075980,0.686584,0.008093,0.116655,-0.149855,2691,1650,2536,2972,2615,3109
0.165333,-0.075482,0.681920,0.002455,0.116157,-0.148730,2674,1650,2536,2972,2596,3109
0.161985,-0.075129,0.676798,-0.003485,0.115804,-0.147260,2654,1650,2536,2972,2575,3109
0.159396,-0.075206,0.674212,-0.007141,0.115881,-0.147131,2636,1650,2536,2972,2555,3109
0.155785,-0.076478,0.677957,-0.007234,0.117152,-0.152332,2598,1650,2536,2972,2517,3109
0.154032,-0.076009,0.677580,-0.008775,0.116684,-0.153250,2580,1650,2536,2972,2498,3109
0.151854,-0.076116,0.675268,-0.011944,0.116791,-0.153042,2563,1650,2536,2972,2481,3109
0.147442,-0.075208,0.664245,-0.022683,0.115883,-0.147976,2547,1650,2536,2972,2466,3109
0.143470,-0.074122,0.653182,-0.033127,0.114797,-0.142584,2530,1650,2536,2972,2453,3109
0.142390,-0.074120,0.653165,-0.033929,0.114795,-0.143306,2515,1650,2536,2972,2441,3109
0.143807,-0.076276,0.666685,-0.023682,0.116950,-0.152239,2500,1650,2536,2972,2430,3109
0.141669,-0.075859,0.662939,-0.027799,0.116533,-0.150954,2485,1650,2536,2972,2419,3109
0.138004,-0.074864,0.649878,-0.039380,0.115538,-0.143888,2471,1650,2536,2972,2405,3109
0.139209,-0.076428,0.661653,-0.030476,0.117102,-0.151687,2457,1650,2536,2972,2390,3109
0.138099,-0.076415,0.661549,-0.031359,0.117090,-0.152367,2443,1650,2536,2972,2373,3109
0.136282,-0.076347,0.653620,-0.038091,0.117021,-0.147800,2430,1650,2536,2972,2357,3109
0.135208,-0.076347,0.653629,-0.038871,0.117022,-0.148538,2417,1650,2536,2972,2341,3109
0.134129,-0.076178,0.652441,-0.040470,0.116853,-0.148403,2404,1650,2536,2972,2327,3109
0.132818,-0.075970,0.650154,-0.042988,0.116645,-0.147623,2391,1650,2536,2972,2313,3109
0.127962,-0.074241,0.631158,-0.059482,0.114916,-0.137023,2379,1650,2536,2972,2301,3109
0.127447,-0.074244,0.631182,-0.059843,0.114918,-0.137391,2367,1650,2536,2972,2288,3109
0.125215,-0.073536,0.621426,-0.068124,0.114210,-0.131770,2354,1650,2536,2972,2274,3109
0.125872,-0.074853,0.627290,-0.063648,0.115527,-0.135615,2340,1650,2536,2972,2260,3109
0.128264,-0.076115,0.640603,-0.052828,0.116790,-0.143732,2327,1650,2536,2972,2245,3109
0.124839,-0.074853,0.627292,-0.064402,0.115528,-0.136320,2314,1650,2536,2972,2231,3109
0.120866,-0.073120,0.610492,-0.078755,0.113795,-0.126727,2301,1650,2536,2972,2218,3109
0.121905,-0.073803,0.616378,-0.073986,0.114478,-0.130329,2289,1650,2536,2972,2206,3109
0.123505,-0.075891,0.627331,-0.065353,0.116566,-0.137257,2276,1650,2536,2972,2195,3109
0.116251,-0.071008,0.590242,-0.095929,0.111683,-0.115046,2263,1650,2536,2972,2184,3109
0.123866,-0.076185,0.630297,-0.063068,0.116860,-0.139183,2249,1650,2536,2972,2172,3109
0.119987,-0.074279,0.610312,-0.079522,0.114954,-0.127194,2235,1650,2536,2972,2161,3109
0.119987,-0.074279,0.610312,-0.079522,0.114954,-0.127194,2222,1650,2536,2972,2149,3109
0.119736,-0.074314,0.610413,-0.079637,0.114989,-0.127439,2209,1650,2537,2972,2136,3109
0.119902,-0.074751,0.610121,-0.079714,0.115425,-0.127113,2193,1650,2537,2972,2117,3109
0.120253,-0.075330,0.610487,-0.079208,0.116004,-0.127141,2181,1650,2537,2972,2103,3109
0.119187,-0.074862,0.606419,-0.082759,0.115536,-0.124889,2167,1650,2537,2972,2087,3109
0.118899,-0.074867,0.606473,-0.082933,0.115542,-0.125125,2152,1650,2538,2972,2070,3109
0.116383,-0.073391,0.590839,-0.095425,0.114066,-0.115393,2137,1650,2538,2972,2055,3109
0.116663,-0.073378,0.590926,-0.095161,0.114053,-0.115266,2123,1650,2538,2972,2042,3109
0.116312,-0.073247,0.588417,-0.097127,0.113921,-0.113668,2108,1650,2539,2972,2029,3109
0.116551,-0.073926,0.587098,-0.097850,0.114601,-0.112540,2094,1650,2539,2972,2016,3109
0.118023,-0.074316,0.590688,-0.094327,0.114990,-0.114165,2080,1650,2539,2972,2003,3109
0.117763,-0.073901,0.586878,-0.097113,0.114575,-0.111553,2066,1650,2540,2972,1987,3109
0.119005,-0.074322,0.590733,-0.093577,0.114997,-0.113530,2049,1650,2541,2972,1971,3109
0.116057,-0.072520,0.572436,-0.108199,0.113195,-0.102142,2032,1650,2542,2972,1958,3109
0.118664,-0.073906,0.581531,-0.100096,0.114581,-0.107025,2015,1650,2542,2972,1947,3109
0.117936,-0.072517,0.572409,-0.106842,0.113192,-0.100842,1999,1650,2543,2972,1938,3109
0.117661,-0.072154,0.564217,-0.112624,0.112829,-0.095032,1985,1650,2544,2972,1929,3109
0.120583,-0.073487,0.572825,-0.104621,0.114162,-0.099343,1975,1650,2544,2972,1921,3109
0.121106,-0.072998,0.568546,-0.107153,0.113673,-0.095855,1965,1650,2544,2972,1912,3109
0.121929,-0.073091,0.569312,-0.106028,0.113766,-0.095855,1955,1650,2545,2972,1902,3109
0.119843,-0.071691,0.555049,-0.117272,0.112365,-0.086833,1948,1650,2545,2972,1893,3109
0.120691,-0.071752,0.555712,-0.116200,0.112427,-0.086741,1941,1650,2545,2972,1886,3109
0.121093,-0.071749,0.555692,-0.115918,0.112423,-0.086453,1935,1650,2544,2972,1881,3109
0.121213,-0.071690,0.555041,-0.116274,0.112365,-0.085895,1927,1650,2542,2972,1878,3109
0.123797,-0.073384,0.564166,-0.108166,0.114059,-0.090815,1920,1650,2539,2972,1875,3109
0.122039,-0.072684,0.555832,-0.115131,0.113358,-0.085911,1913,1650,2537,2972,1872,3109
0.122067,-0.073617,0.555962,-0.115022,0.114292,-0.085987,1906,1650,2537,2972,1868,3109
0.121978,-0.073749,0.553222,-0.116953,0.114423,-0.084042,1900,1650,2536,2972,1863,3109
0.120711,-0.073179,0.547517,-0.121767,0.113854,-0.080728,1895,1650,2536,2972,1858,3109
0.121062,-0.073020,0.543361,-0.124341,0.113695,-0.077447,1890,1650,2536,2972,1856,3109
0.121857,-0.073536,0.546661,-0.121511,0.114211,-0.079321,1886,1650,2536,2972,1853,3109
0.122719,-0.074322,0.550578,-0.118212,0.114997,-0.081602,1883,1650,2536,2971,1852,3109
0.119974,-0.072670,0.535104,-0.130762,0.113344,-0.072143,1879,1651,2536,2971,1852,3109
0.115968,-0.070482,0.517149,-0.145925,0.111157,-0.061726,1872,1652,2536,2971,1852,3109
0.122987,-0.074096,0.547623,-0.120028,0.114771,-0.079256,1869,1652,2536,2970,1852,3109
0.124531,-0.074322,0.550574,-0.116887,0.114996,-0.080364,1864,1653,2535,2966,1851,3109
0.123922,-0.074088,0.547598,-0.119361,0.114763,-0.078600,1858,1655,2535,2958,1845,3109
0.122123,-0.073127,0.538735,-0.126716,0.113802,-0.073337,1851,1656,2535,2947,1832,3109
0.122802,-0.073379,0.541947,-0.124030,0.114054,-0.075226,1846,1657,2536,2937,1818,3109
0.120814,-0.072326,0.535930,-0.129584,0.113000,-0.072176,1842,1657,2536,2928,1808,3109
0.118866,-0.071989,0.533293,-0.132807,0.112663,-0.071572,1836,1657,2536,2921,1802,3109
0.118987,-0.072379,0.536793,-0.130334,0.113053,-0.074052,1830,1658,2536,2915,1798,3109
0.118775,-0.072795,0.538997,-0.128988,0.113469,-0.075809,1822,1658,2537,2912,1794,3109
0.118275,-0.072701,0.535544,-0.131706,0.113376,-0.073623,1813,1658,2538,2912,1789,3109
0.118293,-0.072573,0.534507,-0.132399,0.113247,-0.072851,1804,1658,2542,2912,1782,3109
0.118948,-0.072212,0.531699,-0.133832,0.112886,-0.070348,1793,1659,2546,2912,1773,3109
0.119343,-0.070917,0.527609,-0.136329,0.111591,-0.067085,1783,1659,2547,2912,1762,3109
0.121721,-0.069656,0.527435,-0.134707,0.110331,-0.065338,1772,1660,2547,2912,1752,3109
0.125009,-0.070228,0.533276,-0.128321,0.110903,-0.067374,1761,1660,2547,2912,1741,3109
0.125917,-0.069503,0.529662,-0.130118,0.110178,-0.064110,1751,1660,2547,2912,1731,3109
0.128436,-0.070317,0.533987,-0.125327,0.110991,-0.065561,1741,1660,2547,2912,1719,3109
0.127065,-0.068892,0.523542,-0.133447,0.109567,-0.058848,1732,1660,2547,2912,1706,3109
0.128051,-0.069075,0.521483,-0.134127,0.109750,-0.056668,1721,1660,2547,2912,1695,3109
0.128881,-0.068944,0.520398,-0.134258,0.109619,-0.055309,1710,1660,2547,2912,1686,3109
0.130192,-0.069073,0.521459,-0.132576,0.109747,-0.055192,1698,1660,2547,2912,1678,3109
0.131903,-0.069069,0.521431,-0.131343,0.109744,-0.054007,1692,1660,2547,2912,1676,3109
0.131402,-0.068371,0.511170,-0.138699,0.109046,-0.046836,1684,1661,2547,2912,1669,3109
0.133260,-0.068645,0.513337,-0.135862,0.109320,-0.047156,1677,1661,2547,2912,1662,3109
0.131673,-0.067179,0.499299,-0.146588,0.107854,-0.037961,1662,1661,2547,2912,1644,3109
0.135701,-0.068837,0.511513,-0.135318,0.109512,-0.044159,1653,1661,2547,2912,1636,3109
0.134447,-0.067411,0.501178,-0.143276,0.108085,-0.037446,1644,1661,2547,2912,1630,3109
0.136361,-0.068013,0.503837,-0.140063,0.108687,-0.038089,1634,1661,2546,2912,1623,3109
0.138928,-0.068950,0.507877,-0.135432,0.109625,-0.039298,1625,1661,2546,2912,1618,3109
0.139864,-0.069108,0.505886,-0.136103,0.109782,-0.037203,1609,1661,2546,2912,1608,3109
0.142274,-0.069788,0.507877,-0.132983,0.110463,-0.037020,1604,1661,2546,2912,1604,3109
0.141887,-0.069071,0.501229,-0.137795,0.109746,-0.032415,1594,1661,2547,2912,1599,3109
0.143831,-0.069016,0.500812,-0.136655,0.109691,-0.030786,1583,1661,2548,2914,1592,3109
0.143663,-0.067759,0.493101,-0.142031,0.108433,-0.025255,1571,1661,2548,2921,1587,3109
0.147300,-0.068418,0.499327,-0.135127,0.109093,-0.027336,1557,1661,2550,2923,1581,3109
0.150071,-0.067709,0.498337,-0.133773,0.108384,-0.024724,1545,1661,2553,2923,1571,3109
0.151711,-0.066759,0.494828,-0.134963,0.107434,-0.021038,1532,1661,2559,2923,1559,3109
0.154020,-0.066717,0.494474,-0.133513,0.107392,-0.019205,1517,1661,2565,2923,1547,3109
0.202870,-0.066750,0.466027,-0.117128,0.107425,0.034897,1210,1653,2544,2924,1138,3109
0.202461,-0.068806,0.464269,-0.118625,0.109481,0.035905,1210,1656,2537,2924,1138,3109
0.202562,-0.070173,0.463146,-0.119316,0.110848,0.036797,1210,1660,2532,2924,1138,3109
0.201506,-0.070982,0.459849,-0.122335,0.111657,0.038490,1210,1660,2528,2924,1138,3109
0.200042,-0.070930,0.456954,-0.125378,0.111605,0.039613,1212,1660,2525,2924,1138,3109
0.199313,-0.071773,0.456545,-0.126191,0.112448,0.039416,1214,1661,2525,2924,1138,3109
0.199667,-0.072813,0.456957,-0.125651,0.113488,0.039356,1213,1661,2528,2924,1138,3109
0.198938,-0.072204,0.454416,-0.127916,0.112879,0.040719,1212,1661,2533,2924,1138,3109
0.198937,-0.071455,0.454414,-0.127917,0.112130,0.040720,1209,1661,2536,2924,1138,3109
0.203181,-0.071852,0.464166,-0.118168,0.112527,0.036471,1208,1661,2537,2924,1138,3109
0.202599,-0.070435,0.462358,-0.119826,0.111110,0.037398,1208,1661,2537,2924,1138,3109
0.202172,-0.069057,0.459642,-0.121988,0.109732,0.039096,1208,1661,2537,2924,1138,3109
0.205412,-0.070739,0.467051,-0.114569,0.111414,0.035879,1207,1661,2537,2924,1138,3109
0.203365,-0.070437,0.462369,-0.119257,0.111111,0.037912,1207,1661,2537,2924,1138,3109
0.201861,-0.068922,0.457670,-0.123559,0.109597,0.040328,1207,1661,2537,2924,1138,3109
0.203018,-0.069465,0.459845,-0.121231,0.110140,0.039524,1207,1661,2537,2924,1137,3109
0.202322,-0.069358,0.459932,-0.121680,0.110033,0.038986,1207,1661,2537,2924,1136,3109
0.206181,-0.070739,0.467050,-0.114007,0.111414,0.036404,1207,1661,2537,2924,1136,3109
0.203018,-0.069465,0.459845,-0.121231,0.110140,0.039524,1207,1661,2537,2924,1134,3109
0.202322,-0.069358,0.459932,-0.121680,0.110033,0.038986,1207,1661,2537,2924,1135,3109
0.205801,-0.070741,0.467061,-0.114278,0.111415,0.036137,1208,1661,2537,2924,1136,3109
0.203976,-0.070332,0.464237,-0.117537,0.111007,0.036961,1209,1661,2537,2924,1136,3109
0.202172,-0.069815,0.459642,-0.121988,0.110489,0.039096,1213,1661,2536,2924,1137,3109
0.200402,-0.069501,0.456454,-0.125455,0.110176,0.040224,1216,1661,2536,2924,1137,3109
0.200025,-0.069501,0.456453,-0.125732,0.110176,0.039968,1217,1661,2536,2924,1137,3109
0.201022,-0.070603,0.463022,-0.120528,0.111278,0.035838,1217,1661,2536,2924,1133,3109
0.200899,-0.070575,0.463311,-0.120421,0.111249,0.035543,1217,1661,2536,2924,1131,3109
0.200895,-0.070325,0.464184,-0.119829,0.110999,0.034901,1217,1661,2536,2924,1131,3109
0.197396,-0.068749,0.456455,-0.127656,0.109423,0.038175,1217,1661,2534,2924,1130,3109
0.199466,-0.069780,0.460459,-0.123412,0.110454,0.036655,1217,1661,2532,2924,1130,3109
0.200025,-0.069924,0.460404,-0.123041,0.110598,0.037076,1218,1662,2529,2924,1130,3109
0.198112,-0.069816,0.458048,-0.126046,0.110491,0.037497,1218,1662,2526,2924,1130,3109
0.199719,-0.071222,0.461449,-0.122553,0.111897,0.036102,1220,1662,2525,2923,1130,3109
0.199729,-0.072367,0.461474,-0.122529,0.113042,0.036091,1223,1662,2525,2923,1131,3109
0.197663,-0.072353,0.455400,-0.128179,0.113028,0.039130,1225,1662,2525,2923,1132,3109
0.198362,-0.072580,0.457896,-0.125967,0.113255,0.037779,1226,1662,2525,2923,1132,3109
0.199083,-0.072888,0.460937,-0.123367,0.113563,0.036044,1230,1662,2525,2923,1131,3109
0.194896,-0.072048,0.453394,-0.131571,0.112723,0.038714,1233,1662,2525,2923,1131,3109
0.195414,-0.072354,0.455402,-0.129824,0.113028,0.037596,1234,1662,2525,2923,1131,3109
0.193979,-0.071914,0.452510,-0.132844,0.112588,0.038737,1234,1662,2526,2923,1130,3109
0.194664,-0.072354,0.455403,-0.130373,0.113028,0.037085,1234,1661,2529,2923,1130,3109
0.194663,-0.071603,0.455401,-0.130375,0.112277,0.037086,1233,1661,2531,2924,1130,3109
0.198719,-0.072736,0.464958,-0.120895,0.113411,0.032852,1232,1661,2533,2924,1130,3109
0.194808,-0.071030,0.454059,-0.131183,0.111704,0.038167,1232,1661,2533,2924,1130,3109
0.197584,-0.071376,0.460983,-0.124433,0.112051,0.034989,1234,1660,2533,2924,1130,3109
0.198558,-0.071840,0.464083,-0.121609,0.112514,0.033383,1234,1660,2534,2924,1129,3109
0.197724,-0.071773,0.462612,-0.123221,0.112448,0.033892,1235,1660,2534,2925,1129,3109
0.196806,-0.071369,0.460939,-0.125033,0.112044,0.034491,1235,1660,2534,2925,1129,3109
0.196690,-0.071606,0.461475,-0.124753,0.112281,0.034020,1235,1660,2534,2926,1129,3109
0.198355,-0.071976,0.465002,-0.121131,0.112651,0.032572,1235,1659,2534,2931,1129,3109
0.196806,-0.071369,0.460939,-0.125033,0.112044,0.034491,1235,1659,2532,2941,1129,3109
0.196681,-0.071223,0.461453,-0.124774,0.111897,0.034029,1236,1659,2528,2954,1129,3109
0.197572,-0.071658,0.464467,-0.122069,0.112332,0.032430,1236,1659,2525,2970,1129,3109
0.197187,-0.071969,0.464957,-0.122017,0.112644,0.031809,1237,1659,2524,2984,1128,3109
0.198238,-0.072924,0.468781,-0.118643,0.113598,0.029726,1239,1660,2523,2993,1128,3109
0.198238,-0.072924,0.468781,-0.118643,0.113598,0.029726,1239,1660,2524,2998,1128,3109
0.198236,-0.072150,0.468775,-0.118649,0.112824,0.029729,1238,1660,2524,3000,1128,3109
0.198845,-0.071641,0.470647,-0.116927,0.112315,0.028773,1238,1660,2524,3000,1128,3109
0.198845,-0.071641,0.470647,-0.116927,0.112315,0.028773,1236,1660,2524,3000,1128,3109
0.198845,-0.071641,0.470647,-0.116927,0.112315,0.028773,1234,1660,2524,2997,1128,3109
0.199616,-0.071639,0.470637,-0.116370,0.112314,0.029305,1233,1660,2524,2993,1128,3109
0.197914,-0.071059,0.465692,-0.120984,0.111733,0.031767,1233,1660,2524,2991,1128,3109
0.200387,-0.071638,0.470627,-0.115813,0.112313,0.029838,1233,1660,2524,2991,1128,3109
0.200784,-0.072418,0.470650,-0.115506,0.113092,0.030091,1233,1660,2524,2991,1128,3109
0.201180,-0.072421,0.470669,-0.115204,0.113095,0.030347,1232,1660,2524,2990,1128,3109
0.201555,-0.072416,0.470640,-0.114948,0.113091,0.030624,1232,1660,2524,2990,1130,3109
0.201247,-0.072508,0.468595,-0.116566,0.113183,0.031911,1232,1660,2524,2989,1132,3109
0.201323,-0.072923,0.468772,-0.116390,0.113597,0.031833,1232,1660,2524,2989,1132,3109
0.201323,-0.072923,0.468772,-0.116390,0.113597,0.031833,1232,1660,2524,2989,1134,3109
0.203898,-0.074193,0.475738,-0.109760,0.114867,0.028487,1232,1660,2524,2989,1134,3109
0.201403,-0.073071,0.469787,-0.115641,0.113746,0.031145,1232,1660,2524,2989,1134,3109
0.203898,-0.074193,0.475738,-0.109760,0.114867,0.028487,1232,1660,2524,2989,1134,3109
0.199258,-0.072277,0.463449,-0.121528,0.112951,0.034324,1231,1660,2524,2989,1134,3109
0.202347,-0.073199,0.470681,-0.114340,0.113873,0.031134,1226,1660,2524,2989,1134,3109
0.201323,-0.072923,0.468772,-0.116390,0.113597,0.031833,1222,1660,2524,2989,1134,3109
0.202347,-0.073199,0.470681,-0.114340,0.113873,0.031134,1221,1660,2524,2988,1135,3109
0.200202,-0.072082,0.465102,-0.119711,0.112756,0.033757,1221,1660,2524,2988,1135,3109
0.200175,-0.071852,0.463703,-0.120684,0.112527,0.034762,1221,1660,2524,2988,1136,3109
0.202341,-0.073052,0.467064,-0.116808,0.113726,0.033778,1222,1660,2524,2988,1136,3109
0.200084,-0.071916,0.463597,-0.120822,0.112591,0.034778,1224,1660,2524,2988,1136,3109
0.200803,-0.072281,0.467063,-0.117935,0.112956,0.032730,1228,1660,2524,2988,1136,3109
0.201571,-0.072605,0.469279,-0.115864,0.113280,0.031631,1230,1660,2524,2988,1136,3109
0.198680,-0.072085,0.465121,-0.120813,0.112759,0.032706,1232,1660,2524,2988,1136,3109
0.200572,-0.073323,0.471573,-0.115033,0.113998,0.029272,1236,1660,2524,2988,1136,3109
0.197727,-0.072282,0.467067,-0.120184,0.112956,0.030633,1248,1660,2524,2988,1137,3109
0.196958,-0.072282,0.467068,-0.120747,0.112957,0.030108,1252,1660,2524,2988,1138,3109
0.196999,-0.073015,0.470450,-0.118413,0.113689,0.027660,1257,1660,2524,2988,1138,3109
0.197466,-0.073132,0.473877,-0.115737,0.113806,0.025468,1264,1660,2524,2988,1143,3109
0.194230,-0.072310,0.469889,-0.120823,0.112985,0.026184,1273,1660,2524,2988,1158,3109
0.195252,-0.073006,0.475680,-0.116129,0.113681,0.022640,1283,1660,2524,2988,1182,3109
0.193686,-0.073007,0.475684,-0.117273,0.113681,0.021571,1293,1660,2524,2988,1208,3109
0.192152,-0.073412,0.475768,-0.118339,0.114087,0.020465,1303,1660,2524,2988,1225,3109
0.189219,-0.072440,0.470807,-0.123865,0.113114,0.022098,1313,1660,2524,2988,1237,3109
0.188245,-0.072493,0.471198,-0.124313,0.113168,0.021149,1324,1660,2524,2988,1246,3109
0.186179,-0.072110,0.471346,-0.125724,0.112784,0.019633,1338,1660,2524,2988,1250,3109
0.185732,-0.072744,0.476967,-0.122223,0.113419,0.015214,1350,1660,2524,2988,1251,3109
0.183567,-0.072374,0.476773,-0.123940,0.113048,0.013881,1366,1660,2524,2988,1251,3109
0.180606,-0.072474,0.474700,-0.127519,0.113149,0.013381,1370,1660,2524,2988,1251,3109
0.176993,-0.071785,0.471767,-0.132163,0.112459,0.013067,1376,1660,2524,2988,1252,3109
0.176938,-0.072535,0.478055,-0.127919,0.113210,0.008426,1384,1660,2524,2988,1252,3109
0.177601,-0.073270,0.484132,-0.123294,0.113944,0.004429,1393,1660,2524,2988,1252,3109
0.175151,-0.072639,0.482390,-0.126275,0.113314,0.004036,1401,1660,2524,2988,1252,3109
0.169620,-0.070992,0.471695,-0.137609,0.111666,0.008097,1407,1660,2524,2988,1253,3109
0.167987,-0.070973,0.471567,-0.138892,0.111648,0.007079,1411,1660,2524,2988,1253,3109
0.170351,-0.072231,0.482300,-0.129850,0.112906,0.000831,1415,1660,2524,2988,1253,3109
0.167143,-0.071538,0.476395,-0.136221,0.112212,0.002970,1419,1660,2524,2988,1259,3109
0.166692,-0.071740,0.477963,-0.135483,0.112415,0.001515,1425,1660,2524,2988,1273,3109
0.165905,-0.071740,0.477959,-0.136062,0.112415,0.000981,1434,1660,2524,2988,1290,3109
0.166730,-0.072214,0.482176,-0.132585,0.112888,-0.001544,1442,1660,2524,2988,1303,3109
0.166728,-0.072419,0.483832,-0.131459,0.113094,-0.002758,1451,1660,2524,2988,1313,3109
0.166872,-0.073032,0.488997,-0.127835,0.113707,-0.006441,1458,1660,2524,2988,1318,3109
0.165035,-0.072817,0.487486,-0.130210,0.113492,-0.006586,1465,1660,2524,2988,1322,3109
0.162826,-0.072051,0.484070,-0.134154,0.112725,-0.005590,1472,1660,2524,2988,1323,3109
0.161107,-0.071871,0.483011,-0.136133,0.112545,-0.005986,1481,1660,2524,2988,1330,3109
0.161870,-0.072767,0.490238,-0.130651,0.113441,-0.010757,1491,1660,2524,2988,1342,3109
0.158341,-0.072003,0.483774,-0.137638,0.112677,-0.008428,1500,1660,2524,2988,1350,3109
0.158043,-0.072544,0.488913,-0.134356,0.113219,-0.012394,1510,1660,2524,2988,1359,3109
0.156168,-0.072532,0.488304,-0.136144,0.113206,-0.013225,1517,1660,2524,2988,1365,3109
0.150833,-0.070673,0.476321,-0.148212,0.111347,-0.008087,1522,1660,2524,2988,1369,3109
0.154918,-0.073581,0.493940,-0.133219,0.114255,-0.018203,1525,1660,2524,2988,1373,3109
0.152860,-0.072697,0.489841,-0.137518,0.113372,-0.016604,1529,1660,2524,2988,1373,3109
0.149946,-0.071442,0.482804,-0.144445,0.112117,-0.013436,1535,1660,2524,2988,1373,3109
0.152211,-0.072716,0.493127,-0.135756,0.113391,-0.019451,1541,1660,2524,2988,1373,3109
0.152080,-0.072970,0.495849,-0.133997,0.113644,-0.021533,1546,1660,2524,2988,1378,3109
0.149078,-0.072400,0.490473,-0.139857,0.113075,-0.019643,1550,1660,2524,2988,1387,3109
0.148205,-0.072292,0.489500,-0.141158,0.112966,-0.019525,1557,1660,2524,2988,1395,3109
0.150504,-0.073298,0.498872,-0.133091,0.113973,-0.024820,1563,1660,2524,2988,1400,3109
0.149486,-0.073404,0.499598,-0.133342,0.114078,-0.026045,1568,1660,2524,2988,1401,3109
0.147455,-0.072486,0.495383,-0.137700,0.113161,-0.024343,1572,1660,2524,2988,1401,3109
0.146606,-0.072468,0.495269,-0.138400,0.113143,-0.024838,1572,1660,2524,2988,1401,3109
0.145755,-0.072450,0.495150,-0.139104,0.113124,-0.025330,1572,1660,2524,2988,1401,3109
0.144472,-0.071879,0.491736,-0.142369,0.112554,-0.023705,1572,1660,2524,2988,1401,3109
0.146346,-0.073280,0.498728,-0.136234,0.113955,-0.027547,1572,1660,2524,2988,1401,3109
0.145755,-0.072450,0.495150,-0.139104,0.113124,-0.025330,1572,1660,2524,2988,1401,3109
0.146825,-0.072900,0.498948,-0.135734,0.113574,-0.027382,1572,1660,2524,2989,1401,3109
0.145960,-0.072469,0.498803,-0.136465,0.113144,-0.027865,1572,1660,2524,2989,1401,3109
0.146571,-0.072748,0.501428,-0.134230,0.113423,-0.029371,1573,1660,2524,2989,1401,3109
0.145960,-0.072469,0.498803,-0.136465,0.113144,-0.027865,1577,1660,2524,2989,1407,3109
0.145077,-0.072440,0.498592,-0.137255,0.113115,-0.028312,1583,1660,2524,2989,1416,3109
0.145705,-0.072727,0.501290,-0.134958,0.113402,-0.029860,1589,1660,2524,2989,1430,3109
0.143541,-0.072226,0.493709,-0.141706,0.112900,-0.025784,1597,1660,2524,2989,1447,3109
0.145271,-0.073130,0.501219,-0.135324,0.113804,-0.030104,1608,1660,2524,2989,1464,3109
0.142787,-0.072321,0.496786,-0.140163,0.112996,-0.028550,1620,1660,2524,2989,1478,3109
0.141354,-0.072469,0.497138,-0.140972,0.113144,-0.029784,1632,1660,2524,2989,1491,3109
0.140313,-0.072558,0.499468,-0.140146,0.113232,-0.032198,1642,1660,2524,2989,1502,3109
0.137792,-0.071582,0.494807,-0.145167,0.112257,-0.030503,1650,1660,2524,2989,1510,3109
0.140409,-0.073684,0.509952,-0.132934,0.114359,-0.039809,1657,1660,2524,2989,1516,3109
0.137065,-0.072483,0.503083,-0.140062,0.113158,-0.037058,1664,1660,2524,2989,1522,3109
0.138748,-0.073472,0.510517,-0.133766,0.114147,-0.041354,1672,1660,2524,2989,1530,3109
0.137573,-0.072996,0.509932,-0.135025,0.113671,-0.041726,1681,1660,2524,2989,1538,3109
0.136207,-0.073460,0.510451,-0.135671,0.114135,-0.043037,1690,1660,2524,2989,1547,3109
0.136903,-0.073863,0.517504,-0.130357,0.114537,-0.047726,1699,1660,2524,2989,1557,3109
0.135179,-0.073852,0.517418,-0.131677,0.114527,-0.048837,1710,1660,2524,2989,1569,3109
0.133778,-0.073788,0.516937,-0.133031,0.114463,-0.049439,1719,1660,2524,2989,1582,3109
0.133513,-0.074125,0.520546,-0.130766,0.114799,-0.052262,1727,1660,2524,2989,1596,3109
0.132575,-0.073651,0.520231,-0.131669,0.114325,-0.052670,1738,1660,2524,2989,1609,3109
0.129494,-0.073038,0.514009,-0.138162,0.113713,-0.050214,1749,1660,2524,2989,1622,3109
0.129279,-0.073099,0.517229,-0.136126,0.113773,-0.052718,1760,1660,2524,2989,1633,3109
0.129349,-0.073873,0.522485,-0.132494,0.114548,-0.056519,1769,1660,2523,2989,1644,3109
0.129939,-0.075335,0.530733,-0.126445,0.116010,-0.062154,1786,1660,2518,2989,1662,3109
0.127593,-0.074312,0.527211,-0.130561,0.114986,-0.061174,1793,1660,2516,2989,1668,3109
0.126904,-0.074623,0.529335,-0.129619,0.115297,-0.063198,1803,1660,2512,2989,1681,3109
0.124551,-0.075145,0.529317,-0.131353,0.115820,-0.064788,1814,1660,2508,2989,1693,3109
0.123344,-0.076183,0.530511,-0.131424,0.116857,-0.066485,1825,1660,2505,2989,1708,3109
0.112859,-0.076346,0.579524,-0.105713,0.117021,-0.109509,2128,1660,2512,2990,1998,3109
0.113352,-0.076603,0.588153,-0.099474,0.117278,-0.115491,2158,1660,2512,2990,2041,3109
0.112427,-0.076391,0.583642,-0.103224,0.117066,-0.112819,2171,1660,2508,2990,2055,3109
0.111924,-0.073309,0.583043,-0.104000,0.113983,-0.112722,2200,1660,2513,2989,2095,3109
0.113549,-0.074907,0.591276,-0.097202,0.115582,-0.117644,2204,1660,2513,2989,2106,3109
0.111920,-0.073810,0.583506,-0.103687,0.114484,-0.113064,2212,1660,2513,2989,2116,3109
0.119176,-0.076416,0.616956,-0.075590,0.117090,-0.132611,2290,1660,2514,2988,2199,3109
0.115588,-0.073926,0.596861,-0.091905,0.114601,-0.120344,2300,1660,2514,2988,2208,3109
0.119332,-0.076579,0.617821,-0.074886,0.117254,-0.133137,2320,1660,2514,2988,2229,3109
0.120420,-0.076386,0.621264,-0.071744,0.117061,-0.134918,2343,1660,2514,2988,2260,3109
0.124864,-0.076487,0.628622,-0.063478,0.117162,-0.137277,2402,1660,2514,2988,2314,3109
0.128325,-0.074619,0.625259,-0.063236,0.115294,-0.132458,2474,1660,2514,2988,2382,3109
0.130788,-0.075781,0.633705,-0.055679,0.116456,-0.136963,2485,1660,2514,2988,2389,3109
0.136196,-0.073299,0.627265,-0.056107,0.113973,-0.128564,2588,1660,2513,2988,2473,3109
0.169963,-0.076376,0.680788,0.005073,0.117051,-0.144747,2765,1661,2514,2988,2631,3109
0.168610,-0.075509,0.675327,0.000363,0.116184,-0.141670,2764,1661,2518,2988,2631,3109
0.169408,-0.074639,0.677343,0.002321,0.115314,-0.142603,2763,1661,2533,2985,2631,3109
0.171550,-0.074580,0.684767,0.008946,0.115254,-0.146579,2763,1661,2535,2980,2631,3109
0.175804,-0.075336,0.699526,0.022115,0.116010,-0.154486,2763,1661,2535,2974,2631,3109
0.173952,-0.074074,0.693329,0.016536,0.114748,-0.151211,2762,1661,2535,2967,2631,3109
0.171850,-0.073231,0.689665,0.012502,0.113905,-0.149960,2758,1661,2535,2964,2630,3109
0.172137,-0.073612,0.693358,0.015228,0.114286,-0.152468,2743,1661,2535,2964,2624,3109
0.171950,-0.073502,0.694790,0.016066,0.114177,-0.153644,2738,1661,2535,2964,2623,3109
0.170404,-0.073411,0.689432,0.011284,0.114085,-0.150775,2733,1661,2535,2964,2622,3109
0.169260,-0.073407,0.689398,0.010424,0.114082,-0.151529,2728,1661,2535,2964,2622,3109
0.163301,-0.071545,0.669674,-0.007374,0.112220,-0.141149,2726,1661,2535,2964,2621,3109
0.167424,-0.073035,0.687805,0.007995,0.113710,-0.151614,2722,1661,2535,2964,2621,3109
0.166815,-0.073991,0.689242,0.008528,0.114665,-0.153080,2717,1661,2535,2964,2620,3109
0.165966,-0.073759,0.686984,0.006368,0.114434,-0.152006,2711,1661,2534,2964,2620,3109
0.161791,-0.072608,0.673625,-0.005788,0.113283,-0.145069,2702,1661,2534,2964,2605,3109
0.162618,-0.072918,0.676936,-0.002927,0.113592,-0.146930,2693,1661,2534,2964,2584,3109
0.164302,-0.074533,0.688981,0.006510,0.115208,-0.154601,2679,1661,2534,2964,2555,3109
0.160251,-0.073568,0.677600,-0.004208,0.114242,-0.149028,2663,1661,2533,2964,2533,3109
0.158111,-0.073466,0.676900,-0.006252,0.114140,-0.149974,2647,1661,2533,2964,2517,3109
0.151006,-0.071465,0.654903,-0.026437,0.112140,-0.138709,2632,1661,2532,2964,2505,3109
0.154433,-0.073842,0.677047,-0.008844,0.114516,-0.152587,2617,1661,2531,2964,2496,3109
0.152524,-0.074573,0.676838,-0.010384,0.115247,-0.153734,2604,1661,2530,2964,2484,3109
0.149024,-0.073666,0.667953,-0.018999,0.114340,-0.149613,2589,1661,2530,2964,2470,3109
0.151964,-0.076034,0.687087,-0.003813,0.116708,-0.161619,2575,1661,2530,2964,2456,3109
0.147457,-0.075927,0.675715,-0.014859,0.116602,-0.156364,2562,1661,2530,2964,2442,3109
0.143576,-0.074359,0.664204,-0.025541,0.115034,-0.150581,2549,1661,2530,2964,2428,3109
0.142873,-0.074566,0.664366,-0.025946,0.115240,-0.151177,2533,1661,2530,2964,2412,3109
0.140957,-0.074243,0.661652,-0.029197,0.114918,-0.150496,2518,1661,2530,2964,2397,3109
0.137486,-0.073561,0.652048,-0.038280,0.114236,-0.145829,2505,1661,2530,2964,2382,3109
0.136371,-0.073539,0.651847,-0.039234,0.114213,-0.146442,2490,1661,2530,2964,2365,3109
0.134610,-0.073561,0.651087,-0.041041,0.114236,-0.147085,2476,1661,2530,2964,2348,3109
0.134058,-0.073987,0.652089,-0.040762,0.114662,-0.148194,2462,1661,2529,2964,2334,3109
0.132550,-0.074582,0.652585,-0.041528,0.115256,-0.149585,2447,1661,2529,2964,2319,3109
0.127475,-0.072373,0.631356,-0.059705,0.113047,-0.137500,2433,1661,2529,2964,2305,3109
0.130155,-0.074536,0.650249,-0.044873,0.115210,-0.149505,2421,1661,2529,2964,2292,3109
0.129550,-0.074868,0.649882,-0.045565,0.115543,-0.149650,2409,1661,2529,2964,2281,3109
0.126591,-0.074064,0.640716,-0.053976,0.114738,-0.144955,2397,1661,2529,2964,2269,3109
0.126150,-0.074111,0.641150,-0.054003,0.114785,-0.145573,2386,1661,2529,2964,2257,3109
0.123792,-0.073192,0.631091,-0.062581,0.113867,-0.139815,2376,1661,2530,2964,2245,3109
0.121853,-0.072507,0.621384,-0.070614,0.113182,-0.134029,2365,1661,2530,2964,2234,3109
0.124169,-0.073843,0.637385,-0.058018,0.114517,-0.144166,2354,1661,2531,2964,2221,3109
0.122301,-0.073580,0.630234,-0.064257,0.114255,-0.140203,2342,1661,2531,2964,2210,3109
0.119743,-0.072467,0.621050,-0.072386,0.113142,-0.135222,2330,1661,2531,2964,2199,3109
0.122805,-0.074812,0.638633,-0.058167,0.115486,-0.146009,2319,1661,2531,2964,2190,3109
0.121737,-0.074246,0.631211,-0.064004,0.114920,-0.141303,2310,1661,2533,2964,2183,3109
0.118785,-0.073116,0.619292,-0.074285,0.113791,-0.134588,2301,1661,2533,2964,2176,3109
0.118151,-0.072794,0.617111,-0.076235,0.113469,-0.133422,2290,1661,2533,2964,2169,3109
0.120362,-0.073797,0.627107,-0.067807,0.114472,-0.139235,2280,1661,2533,2964,2161,3109
0.120362,-0.073797,0.627107,-0.067807,0.114472,-0.139235,2271,1661,2534,2964,2151,3109
0.116669,-0.072098,0.607938,-0.083568,0.112773,-0.127717,2261,1661,2534,2964,2141,3109
0.116190,-0.071862,0.606414,-0.084956,0.112536,-0.126927,2250,1661,2534,2964,2129,3109
0.116791,-0.072677,0.609612,-0.082338,0.113351,-0.128858,2238,1661,2534,2964,2117,3109
0.118168,-0.073370,0.617006,-0.076294,0.114044,-0.133334,2227,1661,2534,2964,2106,3109
0.113960,-0.071621,0.597671,-0.092545,0.112296,-0.122045,2214,1661,2534,2964,2094,3109
0.116368,-0.073134,0.610601,-0.081974,0.113809,-0.129871,2200,1661,2534,2964,2084,3109
0.116216,-0.073133,0.609238,-0.083014,0.113808,-0.128977,2186,1661,2534,2964,2073,3109
0.115934,-0.073195,0.606829,-0.084861,0.113869,-0.127405,2171,1661,2534,2964,2062,3109
0.115896,-0.073673,0.606644,-0.085015,0.114348,-0.127296,2158,1661,2534,2964,2053,3109
0.113424,-0.072476,0.594708,-0.094956,0.113151,-0.120241,2145,1661,2534,2964,2045,3109
0.114776,-0.072870,0.596967,-0.092427,0.113545,-0.120974,2135,1661,2534,2964,2041,3109
0.114031,-0.072301,0.590157,-0.097611,0.112975,-0.116496,2125,1661,2535,2965,2036,3109
0.112922,-0.071493,0.581315,-0.104446,0.112168,-0.110778,2116,1661,2535,2965,2028,3109
0.114863,-0.071965,0.586877,-0.099236,0.112640,-0.113527,2104,1661,2535,2965,2019,3109
0.113887,-0.071498,0.581360,-0.103709,0.112173,-0.110153,2092,1661,2535,2965,2009,3109
0.116575,-0.072860,0.590728,-0.095360,0.113534,-0.115181,2080,1661,2535,2965,1999,3109
0.114195,-0.071517,0.577385,-0.106192,0.112191,-0.107033,2067,1661,2535,2965,1987,3109
0.116561,-0.072964,0.587148,-0.097809,0.113639,-0.112570,2054,1661,2535,2965,1977,3109
0.114401,-0.071089,0.572552,-0.109333,0.111764,-0.103355,2042,1661,2535,2965,1967,3109
0.116439,-0.072875,0.581089,-0.102025,0.113549,-0.108217,2031,1661,2535,2965,1959,3109
0.113446,-0.070711,0.563891,-0.115931,0.111385,-0.097665,2021,1661,2535,2965,1953,3109
0.117448,-0.072593,0.578422,-0.103104,0.113267,-0.105577,2010,1661,2535,2965,1947,3109
0.118812,-0.072913,0.581453,-0.100041,0.113588,-0.106866,2000,1661,2535,2965,1941,3109
0.119207,-0.073450,0.581651,-0.099616,0.114124,-0.106743,1991,1661,2535,2965,1934,3109
0.116706,-0.071208,0.564086,-0.113412,0.111882,-0.095587,1980,1661,2535,2965,1927,3109
0.118298,-0.072061,0.568549,-0.109207,0.112736,-0.097769,1970,1661,2535,2965,1920,3109
0.117910,-0.071685,0.564048,-0.112556,0.112360,-0.094739,1960,1661,2535,2965,1913,3109
0.118603,-0.071591,0.563265,-0.112583,0.112265,-0.093694,1949,1661,2535,2965,1904,3109
0.121451,-0.072970,0.572465,-0.104231,0.113644,-0.098489,1939,1661,2535,2965,1895,3109
0.120369,-0.072131,0.564080,-0.110734,0.112806,-0.093087,1929,1661,2535,2965,1885,3109
0.119775,-0.071751,0.555706,-0.116874,0.112426,-0.087362,1917,1661,2535,2965,1874,3109
0.120176,-0.071746,0.555680,-0.116598,0.112421,-0.087069,1905,1661,2535,2965,1864,3109
0.121607,-0.071753,0.555716,-0.115526,0.112428,-0.086121,1894,1661,2535,2965,1852,3109
0.122124,-0.071688,0.555027,-0.115617,0.112363,-0.085264,1882,1661,2535,2965,1838,3109
0.118358,-0.069870,0.533852,-0.132797,0.110544,-0.072327,1868,1661,2535,2965,1824,3109
0.122745,-0.071231,0.546615,-0.120892,0.111905,-0.078682,1855,1661,2535,2965,1810,3109
0.123086,-0.071007,0.544362,-0.122177,0.111682,-0.076801,1842,1661,2535,2965,1796,3109
0.122916,-0.070755,0.537402,-0.127043,0.111430,-0.071821,1829,1661,2535,2965,1783,3109
0.124291,-0.070909,0.538674,-0.125170,0.111583,-0.071815,1815,1661,2535,2965,1769,3109
0.128212,-0.072795,0.549261,-0.115087,0.113470,-0.076896,1800,1661,2535,2966,1756,3109
0.125810,-0.070652,0.531900,-0.128672,0.111327,-0.065821,1787,1661,2535,2966,1742,3109
0.129163,-0.071794,0.538646,-0.121622,0.112469,-0.068477,1773,1661,2535,2967,1727,3109
0.125927,-0.069630,0.519777,-0.136844,0.110305,-0.056867,1759,1661,2535,2968,1712,3109
0.128637,-0.070228,0.523718,-0.132176,0.110903,-0.057906,1744,1661,2535,2970,1697,3109
0.132345,-0.071425,0.530949,-0.124536,0.112100,-0.060674,1730,1661,2535,2971,1684,3109
0.132497,-0.070760,0.524565,-0.128773,0.111435,-0.055896,1718,1661,2535,2972,1674,3109
0.134492,-0.071023,0.523151,-0.128275,0.111698,-0.053502,1704,1661,2535,2973,1663,3109
0.137707,-0.071513,0.528218,-0.122470,0.112188,-0.055022,1692,1661,2535,2973,1652,3109
0.136555,-0.070393,0.517224,-0.130802,0.111067,-0.047758,1678,1661,2535,2973,1641,3109
0.136798,-0.069619,0.509898,-0.135615,0.110294,-0.042229,1666,1661,2535,2973,1629,3109
0.138729,-0.070055,0.510111,-0.134056,0.110730,-0.041069,1653,1661,2535,2973,1615,3109
0.144456,-0.072021,0.524239,-0.120239,0.112695,-0.047512,1639,1661,2535,2973,1600,3109
0.142469,-0.070457,0.509975,-0.131410,0.111131,-0.038422,1626,1661,2535,2973,1586,3109
0.143689,-0.070286,0.508444,-0.131561,0.110960,-0.036470,1611,1661,2535,2973,1571,3109
0.143977,-0.069702,0.503072,-0.135009,0.110376,-0.032341,1597,1661,2535,2973,1557,3109
0.148576,-0.070742,0.508779,-0.127754,0.111417,-0.033387,1581,1661,2535,2973,1542,3109
0.150836,-0.070815,0.509341,-0.125717,0.111490,-0.032258,1565,1661,2535,2973,1528,3109
0.152318,-0.070888,0.506641,-0.126471,0.111563,-0.029272,1548,1661,2535,2973,1512,3109
0.154823,-0.070889,0.506648,-0.124633,0.111563,-0.027571,1531,1661,2535,2973,1495,3109
0.154283,-0.069777,0.496031,-0.132260,0.110452,-0.020166,1514,1661,2535,2973,1478,3109
0.157624,-0.070341,0.498271,-0.128289,0.111016,-0.019530,1496,1661,2535,2973,1462,3109
0.155708,-0.068221,0.482053,-0.140739,0.108895,-0.008962,1479,1661,2535,2973,1446,3109
0.163188,-0.070645,0.496473,-0.125440,0.111319,-0.014423,1461,1661,2535,2973,1430,3109
0.167214,-0.070907,0.499417,-0.120487,0.111581,-0.013837,1445,1661,2535,2973,1416,3109
0.166490,-0.069613,0.487562,-0.129093,0.110287,-0.005651,1427,1661,2535,2973,1402,3109
0.168035,-0.069180,0.483370,-0.130817,0.109855,-0.001529,1412,1661,2535,2973,1389,3109
0.170437,-0.069113,0.482794,-0.129450,0.109787,0.000529,1398,1661,2535,2973,1377,3109
0.173356,-0.069331,0.481471,-0.128215,0.110006,0.003485,1383,1661,2535,2973,1363,3109
0.179873,-0.070849,0.491861,-0.116366,0.111524,0.000319,1369,1661,2535,2973,1349,3109
0.179166,-0.069904,0.482750,-0.123090,0.110578,0.006507,1355,1661,2535,2973,1334,3109
0.181539,-0.069900,0.482719,-0.121374,0.110574,0.008146,1341,1661,2535,2973,1316,3109
0.183878,-0.070058,0.481002,-0.120831,0.110733,0.010997,1327,1661,2535,2973,1298,3109
0.184260,-0.069038,0.475344,-0.124406,0.109713,0.015399,1312,1661,2535,2973,1279,3109
0.184714,-0.068514,0.470498,-0.127374,0.109189,0.019256,1299,1661,2535,2973,1261,3109
0.191406,-0.070146,0.481622,-0.114898,0.110821,0.015671,1287,1661,2535,2973,1245,3109
0.191787,-0.069138,0.476097,-0.118382,0.109813,0.019975,1275,1661,2535,2973,1231,3109
0.193907,-0.069464,0.475596,-0.117171,0.110139,0.021786,1262,1661,2535,2973,1220,3109
0.194999,-0.069267,0.474753,-0.116946,0.109941,0.023146,1249,1661,2535,2973,1211,3109
0.193919,-0.067796,0.464252,-0.124889,0.108471,0.030099,1237,1661,2535,2973,1204,3109
0.199244,-0.068898,0.471521,-0.116039,0.109573,0.028405,1226,1661,2535,2973,1198,3109
0.200049,-0.068667,0.468784,-0.117315,0.109342,0.030957,1214,1661,2535,2973,1192,3109
0.205578,-0.069816,0.475358,-0.108789,0.110491,0.029910,1204,1661,2535,2973,1187,3109
0.204656,-0.068660,0.468729,-0.113979,0.109334,0.034135,1194,1661,2535,2973,1181,3109
0.207291,-0.068814,0.469875,-0.111270,0.109488,0.035092,1182,1661,2535,2973,1175,3109
0.208332,-0.068540,0.467855,-0.111884,0.109215,0.037279,1178,1661,2535,2973,1172,3109
0.209896,-0.068436,0.467096,-0.111255,0.109110,0.038900,1172,1661,2535,2973,1172,3109
0.211399,-0.068536,0.467823,-0.109660,0.109210,0.039392,1169,1661,2535,2973,1171,3109
0.215254,-0.069651,0.474657,-0.102183,0.110325,0.037015,1168,1661,2535,2973,1171,3109
0.213699,-0.068533,0.467800,-0.107993,0.109207,0.040976,1168,1661,2535,2972,1171,3109
0.217095,-0.069297,0.474410,-0.101003,0.109972,0.038450,1169,1661,2535,2970,1171,3109
0.213699,-0.068533,0.467800,-0.107993,0.109207,0.040976,1173,1661,2535,2969,1171,3109
0.214219,-0.068803,0.469797,-0.106251,0.109478,0.039868,1176,1661,2535,2966,1172,3109
0.215254,-0.069651,0.474657,-0.102183,0.110325,0.037015,1177,1661,2535,2966,1173,3109
0.209566,-0.067992,0.462908,-0.114350,0.108667,0.041741,1178,1661,2535,2966,1173,3109
0.211567,-0.068649,0.468651,-0.108973,0.109323,0.038900,1178,1661,2535,2966,1173,3109
0.211183,-0.068650,0.468656,-0.109251,0.109324,0.038635,1182,1661,2535,2966,1173,3109
0.211140,-0.068808,0.469831,-0.108482,0.109483,0.037745,1191,1661,2535,2966,1176,3109
0.210031,-0.068651,0.468668,-0.110086,0.109326,0.037842,1203,1661,2535,2965,1180,3109
0.208880,-0.068653,0.468682,-0.110920,0.109328,0.037047,1216,1661,2535,2965,1181,3109
0.208345,-0.069552,0.474028,-0.107669,0.110226,0.032769,1230,1661,2535,2965,1182,3109
0.204617,-0.068884,0.470427,-0.112851,0.109559,0.032865,1245,1661,2535,2965,1184,3109
0.201355,-0.068779,0.469615,-0.115793,0.109454,0.031238,1262,1661,2535,2965,1191,3109
0.198538,-0.068819,0.469923,-0.117645,0.109494,0.029094,1279,1661,2535,2965,1208,3109
0.197262,-0.069862,0.475714,-0.114634,0.110537,0.023985,1298,1661,2535,2965,1230,3109
0.191045,-0.068702,0.469050,-0.123725,0.109377,0.024628,1317,1661,2535,2965,1249,3109
0.188275,-0.068801,0.469779,-0.125258,0.109476,0.022208,1337,1661,2535,2965,1265,3109
0.185362,-0.068611,0.471314,-0.126343,0.109285,0.019100,1354,1661,2535,2965,1277,3109
0.183601,-0.068967,0.475972,-0.124460,0.109642,0.014490,1371,1661,2535,2965,1289,3109
0.180073,-0.069205,0.476892,-0.126417,0.109879,0.011414,1387,1661,2535,2965,1302,3109
0.176329,-0.068863,0.477044,-0.129054,0.109538,0.008751,1399,1661,2535,2965,1313,3109
0.172958,-0.068707,0.475845,-0.132338,0.109381,0.007333,1409,1661,2535,2965,1321,3109
0.173906,-0.069960,0.483201,-0.126633,0.110635,0.002594,1417,1661,2535,2965,1327,3109
0.169172,-0.068888,0.477296,-0.134122,0.109563,0.003692,1425,1661,2535,2965,1331,3109
0.167336,-0.068852,0.477129,-0.135579,0.109527,0.002564,1429,1661,2534,2965,1331,3109
0.165822,-0.068722,0.475917,-0.137514,0.109396,0.002419,1433,1661,2527,2965,1331,3109
0.167182,-0.069975,0.483320,-0.131475,0.110650,-0.002074,1437,1661,2523,2964,1331,3109
0.167052,-0.071465,0.486467,-0.129427,0.112140,-0.004466,1438,1661,2525,2964,1331,3109
0.162768,-0.072055,0.477533,-0.138649,0.112730,-0.000844,1438,1661,2529,2964,1331,3109
0.161421,-0.071027,0.472820,-0.142845,0.111702,0.001689,1439,1661,2534,2964,1332,3109
0.164965,-0.071150,0.483345,-0.133082,0.111825,-0.003602,1439,1661,2535,2964,1332,3109
0.166673,-0.070933,0.488427,-0.128369,0.111608,-0.006159,1440,1661,2535,2964,1332,3109
0.164570,-0.068687,0.482669,-0.133831,0.109361,-0.003376,1440,1661,2535,2964,1332,3109
0.161703,-0.067495,0.476626,-0.140046,0.108170,-0.000905,1440,1661,2535,2964,1332,3109
0.164372,-0.069167,0.483251,-0.133579,0.109842,-0.003937,1440,1661,2535,2964,1332,3109
0.166685,-0.070132,0.488461,-0.128338,0.110806,-0.006176,1440,1661,2535,2964,1332,3109
0.160073,-0.067542,0.470110,-0.145678,0.108217,0.002756,1440,1661,2535,2964,1332,3109
0.164619,-0.069175,0.483482,-0.133241,0.109850,-0.003939,1440,1661,2535,2964,1332,3109
0.166231,-0.069709,0.488303,-0.128777,0.110383,-0.006370,1440,1661,2535,2964,1332,3109
0.163781,-0.068750,0.483329,-0.133959,0.109425,-0.004397,1440,1662,2535,2964,1332,3109
0.162827,-0.068409,0.480502,-0.136583,0.109084,-0.002977,1440,1662,2535,2964,1332,3109
0.163781,-0.068750,0.483329,-0.133959,0.109425,-0.004397,1440,1662,2535,2964,1332,3109
0.163456,-0.068902,0.481186,-0.135657,0.109576,-0.003049,1440,1662,2535,2964,1332,3109
0.163456,-0.068902,0.481186,-0.135657,0.109576,-0.003049,1440,1662,2535,2964,1332,3109
0.164372,-0.069167,0.483251,-0.133579,0.109842,-0.003937,1440,1662,2535,2964,1332,3109
0.164372,-0.069167,0.483251,-0.133579,0.109842,-0.003937,1440,1662,2535,2964,1332,3109
0.164595,-0.069493,0.482742,-0.133764,0.110168,-0.003413,1440,1662,2535,2964,1332,3109
0.164619,-0.069175,0.483482,-0.133241,0.109850,-0.003939,1440,1664,2535,2965,1332,3109
0.164372,-0.069167,0.483251,-0.133579,0.109842,-0.003937,1440,1676,2535,2965,1332,3109
0.164346,-0.068359,0.483174,-0.133651,0.109034,-0.003899,1440,1691,2535,2965,1332,3109
0.147195,-0.067421,0.464301,-0.159063,0.108096,-0.001764,1465,1824,2420,2964,1348,3109
0.145237,-0.067671,0.459778,-0.163578,0.108346,0.000213,1466,1838,2411,2964,1348,3109
0.145952,-0.068282,0.465260,-0.159320,0.108957,-0.003314,1469,1851,2403,2964,1348,3109
0.141925,-0.066671,0.458320,-0.166996,0.107346,-0.000976,1476,1861,2394,2964,1348,3109
0.140701,-0.066821,0.458344,-0.167876,0.107496,-0.001827,1480,1867,2388,2964,1348,3109
0.140112,-0.066832,0.459305,-0.167652,0.107507,-0.002932,1482,1870,2384,2964,1348,3109
0.137842,-0.067587,0.459312,-0.169309,0.108262,-0.004483,1484,1870,2382,2964,1348,3109
0.135452,-0.066984,0.453651,-0.174915,0.107658,-0.001967,1484,1870,2382,2964,1348,3109
0.137115,-0.068359,0.459416,-0.169770,0.109034,-0.005055,1484,1870,2382,2964,1348,3109
0.134939,-0.066853,0.452669,-0.175959,0.107528,-0.001598,1484,1870,2382,2964,1348,3109
0.134939,-0.066853,0.452669,-0.175959,0.107528,-0.001598,1485,1870,2382,2964,1348,3109
0.134939,-0.066853,0.452669,-0.175959,0.107528,-0.001598,1485,1870,2383,2964,1348,3109
0.137068,-0.067577,0.459254,-0.169916,0.108252,-0.004968,1486,1870,2383,2964,1348,3109
0.137068,-0.067577,0.459254,-0.169916,0.108252,-0.004968,1486,1870,2384,2964,1348,3109
0.137068,-0.067577,0.459254,-0.169916,0.108252,-0.004968,1486,1870,2384,2964,1348,3109
0.137068,-0.067577,0.459254,-0.169916,0.108252,-0.004968,1486,1870,2384,2964,1348,3109
0.136293,-0.067567,0.459190,-0.170527,0.108241,-0.005450,1486,1870,2384,2964,1348,3109
0.136293,-0.067567,0.459190,-0.170527,0.108241,-0.005450,1486,1870,2385,2964,1348,3109
0.136293,-0.067567,0.459190,-0.170527,0.108241,-0.005450,1486,1870,2386,2964,1348,3109
0.137795,-0.066806,0.459151,-0.169453,0.107481,-0.004397,1485,1870,2390,2964,1348,3109
0.137430,-0.067008,0.457456,-0.170875,0.107682,-0.003405,1481,1870,2386,2965,1353,3109
0.137705,-0.067249,0.459275,-0.169435,0.107924,-0.004550,1480,1870,2388,2965,1368,3109
0.138569,-0.066815,0.459206,-0.168849,0.107490,-0.003911,1480,1870,2389,2965,1390,3109
0.142320,-0.066762,0.465170,-0.162040,0.107437,-0.005721,1485,1870,2389,2965,1422,3109
0.138358,-0.066877,0.459564,-0.168759,0.107552,-0.004316,1487,1870,2386,2965,1420,3109
0.138358,-0.066877,0.459564,-0.168759,0.107552,-0.004316,1487,1870,2386,2965,1420,3109
0.138182,-0.067309,0.459765,-0.168751,0.107984,-0.004584,1487,1870,2386,2965,1420,3109
0.138705,-0.066862,0.459460,-0.168577,0.107537,-0.004003,1487,1870,2386,2965,1420,3109
0.138358,-0.066877,0.459564,-0.168759,0.107552,-0.004316,1487,1870,2387,2965,1420,3109
0.138358,-0.066877,0.459564,-0.168759,0.107552,-0.004316,1487,1870,2388,2965,1420,3109
0.138959,-0.066905,0.459600,-0.168295,0.107579,-0.003933,1487,1869,2382,2965,1420,3109
0.138396,-0.067654,0.459693,-0.168644,0.108329,-0.004384,1487,1868,2382,2965,1420,3109
0.138434,-0.068431,0.459821,-0.168529,0.109106,-0.004452,1487,1867,2382,2965,1420,3109
0.138473,-0.069208,0.459950,-0.168413,0.109883,-0.004520,1487,1865,2381,2965,1420,3109
0.136932,-0.068531,0.454217,-0.173446,0.109206,-0.001373,1487,1864,2381,2965,1420,3109
0.138511,-0.069986,0.460078,-0.168298,0.110661,-0.004588,1487,1862,2381,2965,1420,3109
0.138123,-0.070211,0.458768,-0.169474,0.110886,-0.003893,1487,1860,2381,2965,1420,3109
0.138549,-0.070765,0.460206,-0.168183,0.111439,-0.004657,1487,1860,2381,2965,1420,3109
0.138587,-0.071543,0.460335,-0.168067,0.112218,-0.004725,1487,1860,2380,2965,1420,3109
0.136636,-0.071220,0.454680,-0.173348,0.111895,-0.001914,1487,1860,2377,2965,1420,3109
0.138625,-0.072323,0.460463,-0.167952,0.112997,-0.004792,1487,1860,2372,2965,1421,3109
0.138751,-0.072678,0.460178,-0.168054,0.113353,-0.004498,1487,1860,2367,2965,1421,3109
0.137884,-0.073413,0.459976,-0.168826,0.114088,-0.004941,1487,1860,2363,2966,1421,3109
0.137531,-0.074945,0.460064,-0.169025,0.115620,-0.005246,1487,1860,2357,2969,1421,3109
0.137182,-0.075720,0.460166,-0.169211,0.116395,-0.005558,1487,1860,2356,2969,1421,3109
0.134354,-0.075103,0.449849,-0.178309,0.115777,0.000069,1487,1860,2356,2969,1421,3109
0.135645,-0.076642,0.455679,-0.173392,0.117317,-0.003320,1487,1860,2356,2969,1421,3109
0.133951,-0.075084,0.449739,-0.178679,0.115759,-0.000125,1488,1860,2356,2966,1421,3109
0.135489,-0.076648,0.456411,-0.173008,0.117323,-0.003962,1488,1860,2356,2966,1421,3109
0.133236,-0.075865,0.449971,-0.179045,0.116540,-0.000782,1488,1860,2356,2966,1421,3109
0.133649,-0.075864,0.449970,-0.178742,0.116539,-0.000500,1488,1860,2356,2966,1420,3109
0.133688,-0.075812,0.449532,-0.179013,0.116487,-0.000153,1488,1860,2356,2966,1418,3109
0.134876,-0.076143,0.455037,-0.174393,0.116818,-0.003374,1488,1860,2356,2966,1417,3109
0.135170,-0.076210,0.455337,-0.173973,0.116885,-0.003393,1488,1860,2356,2966,1418,3109
0.131984,-0.074170,0.444643,-0.183590,0.114845,0.002266,1488,1860,2356,2966,1418,3109
0.134037,-0.075059,0.449459,-0.178806,0.115734,0.000138,1488,1860,2356,2966,1418,3109
0.135202,-0.076115,0.454877,-0.174263,0.116790,-0.003035,1488,1860,2356,2966,1420,3109
0.134802,-0.075918,0.453326,-0.175612,0.116592,-0.002172,1488,1860,2356,2966,1420,3109
0.135170,-0.076210,0.455337,-0.173973,0.116885,-0.003393,1488,1860,2356,2965,1420,3109
0.133613,-0.075102,0.449848,-0.178852,0.115777,-0.000435,1488,1860,2356,2965,1420,3109
0.133613,-0.075102,0.449848,-0.178852,0.115777,-0.000435,1488,1860,2356,2965,1421,3109
0.134650,-0.075778,0.454322,-0.175045,0.116453,-0.003004,1488,1861,2356,2965,1422,3109
0.136056,-0.076486,0.460204,-0.170010,0.117160,-0.006353,1493,1863,2357,2965,1422,3109
0.132836,-0.074339,0.449723,-0.179506,0.115014,-0.000873,1502,1865,2357,2965,1427,3109
0.135327,-0.075804,0.460872,-0.170088,0.116478,-0.007338,1509,1867,2357,2965,1439,3109
0.131411,-0.073956,0.452740,-0.178495,0.114631,-0.004053,1519,1869,2357,2965,1458,3109
0.129850,-0.073564,0.455172,-0.177980,0.114238,-0.006897,1531,1869,2357,2965,1477,3109
0.127563,-0.072792,0.455025,-0.179755,0.113467,-0.008347,1541,1869,2356,2965,1489,3109
0.127503,-0.073476,0.460475,-0.176086,0.114150,-0.012378,1548,1869,2356,2965,1497,3109
0.125743,-0.073837,0.460505,-0.177354,0.114512,-0.013598,1554,1869,2356,2965,1498,3109
0.125528,-0.074531,0.466043,-0.173739,0.115206,-0.017799,1560,1869,2356,2965,1499,3109
0.122203,-0.073478,0.460501,-0.179948,0.114152,-0.016007,1569,1869,2356,2965,1499,3109
0.122186,-0.074241,0.466530,-0.175854,0.114916,-0.020432,1577,1869,2356,2965,1500,3109
0.119816,-0.074005,0.464794,-0.178772,0.114680,-0.020776,1583,1869,2356,2965,1502,3109
0.118862,-0.073803,0.466132,-0.178559,0.114478,-0.022405,1591,1869,2356,2965,1513,3109
0.118264,-0.074425,0.471491,-0.175346,0.115100,-0.026736,1603,1869,2356,2965,1528,3109
0.116686,-0.074408,0.471391,-0.176570,0.115082,-0.027737,1613,1869,2356,2965,1542,3109
0.116779,-0.075332,0.478324,-0.171779,0.116007,-0.032750,1624,1869,2356,2965,1552,3109
0.114389,-0.075311,0.478224,-0.173597,0.115986,-0.034305,1634,1869,2356,2965,1560,3109
0.112335,-0.074967,0.478431,-0.174959,0.115641,-0.035855,1647,1869,2356,2965,1568,3109
0.110133,-0.074525,0.478215,-0.176719,0.115200,-0.037198,1660,1869,2356,2965,1576,3109
0.108976,-0.075296,0.484443,-0.173324,0.115970,-0.042545,1671,1869,2356,2965,1588,3109
0.104796,-0.074157,0.478279,-0.180583,0.114832,-0.040880,1684,1869,2356,2965,1599,3109
0.105143,-0.075389,0.488560,-0.173325,0.116063,-0.048170,1699,1869,2356,2965,1612,3109
0.102858,-0.075129,0.489065,-0.174654,0.115804,-0.050097,1713,1869,2356,2965,1622,3109
0.099462,-0.073533,0.483461,-0.180958,0.114207,-0.048307,1728,1869,2356,2965,1633,3109
0.099753,-0.075905,0.499807,-0.169610,0.116580,-0.060075,1743,1869,2356,2965,1644,3109
0.098652,-0.076603,0.505740,-0.166374,0.117277,-0.065169,1758,1869,2356,2965,1654,3109
0.095366,-0.075674,0.504140,-0.169870,0.116349,-0.066236,1770,1869,2356,2965,1663,3109
0.092164,-0.074342,0.496761,-0.177241,0.115016,-0.063016,1782,1869,2356,2965,1672,3109
0.092426,-0.075852,0.509712,-0.168227,0.116527,-0.072318,1795,1869,2356,2965,1682,3109
0.090126,-0.075891,0.509557,-0.170016,0.116566,-0.073772,1808,1868,2356,2965,1694,3109
0.088764,-0.075981,0.511327,-0.169807,0.116656,-0.075995,1822,1868,2356,2965,1708,3109
0.088190,-0.076438,0.517600,-0.165955,0.117113,-0.080979,1836,1868,2356,2965,1721,3109
0.086429,-0.075806,0.517263,-0.167474,0.116480,-0.081932,1852,1868,2356,2965,1735,3109
0.083928,-0.075989,0.524785,-0.164181,0.116664,-0.089143,1884,1868,2356,2965,1766,3109
0.082152,-0.076093,0.526300,-0.164448,0.116768,-0.091461,1900,1867,2356,2965,1781,3109
0.075480,-0.075687,0.537118,-0.161965,0.116362,-0.103926,1986,1865,2356,2965,1863,3109
0.069916,-0.075131,0.557809,-0.151943,0.115806,-0.122864,2135,1862,2356,2965,1996,3109
0.075740,-0.075903,0.603550,-0.116522,0.116578,-0.152385,2319,1862,2356,2965,2161,3109
0.090338,-0.075102,0.628682,-0.088714,0.115777,-0.160840,2477,1862,2358,2965,2325,3109
0.093847,-0.075575,0.638664,-0.079346,0.116250,-0.165757,2489,1863,2357,2965,2341,3109
0.114869,-0.076210,0.681985,-0.034446,0.116885,-0.183153,2596,1870,2357,2964,2451,3109
0.114775,-0.076152,0.696587,-0.024568,0.116827,-0.193907,2599,1871,2367,2909,2477,3109
0.114094,-0.075074,0.696427,-0.025175,0.115749,-0.194254,2599,1871,2367,2897,2478,3109
0.115389,-0.075795,0.711295,-0.014099,0.116470,-0.204256,2596,1871,2367,2890,2474,3109
0.112461,-0.073794,0.701238,-0.023093,0.114468,-0.198889,2593,1871,2367,2887,2473,3109
0.111301,-0.073790,0.701200,-0.023969,0.114464,-0.199651,2592,1871,2367,2887,2473,3109
0.101073,-0.067928,0.649607,-0.066601,0.108603,-0.168846,2592,1871,2368,2887,2475,3109
0.108927,-0.073369,0.697365,-0.028319,0.114043,-0.198460,2592,1871,2368,2891,2475,3109
0.105025,-0.071059,0.673056,-0.047735,0.111733,-0.183321,2592,1871,2368,2895,2474,3109
0.112225,-0.075365,0.712854,-0.015354,0.116040,-0.207554,2592,1871,2369,2896,2473,3109
0.113528,-0.075700,0.716251,-0.012086,0.116374,-0.209153,2592,1871,2372,2897,2473,3109
0.112461,-0.073794,0.701238,-0.023093,0.114468,-0.198889,2592,1871,2378,2897,2473,3109
0.112155,-0.073677,0.699597,-0.024435,0.114352,-0.197895,2592,1871,2384,2891,2474,3109
0.114795,-0.073722,0.709081,-0.016043,0.114396,-0.203041,2593,1871,2390,2887,2476,3109
0.114786,-0.072062,0.709089,-0.016043,0.112737,-0.203052,2595,1871,2391,2887,2476,3109
0.114782,-0.070891,0.709066,-0.016062,0.111566,-0.203038,2595,1870,2391,2887,2476,3109
0.113411,-0.069800,0.695296,-0.026446,0.110475,-0.193891,2596,1870,2391,2887,2476,3109
0.114708,-0.070288,0.700856,-0.021709,0.110963,-0.197078,2596,1870,2391,2887,2475,3109
0.113984,-0.070417,0.695762,-0.025709,0.111092,-0.193842,2596,1870,2391,2887,2474,3109
0.113984,-0.070417,0.695762,-0.025709,0.111092,-0.193842,2596,1870,2392,2887,2474,3109
0.116720,-0.071650,0.711622,-0.012902,0.112324,-0.203589,2596,1870,2392,2887,2474,3109
0.115269,-0.070487,0.702649,-0.020077,0.111162,-0.198008,2595,1870,2392,2887,2473,3109
0.116720,-0.071650,0.711622,-0.012902,0.112324,-0.203589,2593,1870,2392,2887,2472,3109
0.116720,-0.071650,0.711622,-0.012902,0.112324,-0.203589,2593,1870,2391,2887,2472,3109
0.116720,-0.071650,0.711622,-0.012902,0.112324,-0.203589,2592,1870,2391,2887,2471,3109
0.117231,-0.073111,0.722336,-0.005230,0.113786,-0.211085,2591,1870,2391,2887,2471,3109
0.115530,-0.071638,0.711508,-0.013851,0.112312,-0.204317,2583,1870,2390,2887,2470,3109
0.112260,-0.070417,0.695227,-0.027335,0.111091,-0.194625,2574,1870,2389,2887,2469,3109
0.111918,-0.070572,0.698103,-0.025626,0.111247,-0.196963,2564,1870,2387,2887,2469,3109
0.111814,-0.071655,0.702750,-0.022537,0.112330,-0.200436,2555,1870,2387,2887,2469,3109
0.110364,-0.072428,0.706923,-0.020756,0.113102,-0.204479,2547,1870,2387,2887,2468,3109
0.108878,-0.072548,0.704959,-0.023182,0.113223,-0.204053,2539,1870,2387,2887,2467,3109
0.106993,-0.072226,0.696654,-0.030219,0.112901,-0.199258,2528,1870,2388,2887,2445,3109
0.107199,-0.072822,0.702840,-0.025855,0.113497,-0.203645,2525,1870,2388,2887,2433,3109
0.106796,-0.072851,0.706353,-0.023757,0.113526,-0.206492,2516,1870,2389,2887,2411,3109
0.104041,-0.071949,0.693869,-0.034278,0.112624,-0.199229,2505,1870,2391,2887,2392,3109
0.104418,-0.072813,0.705996,-0.025741,0.113488,-0.207850,2494,1870,2392,2887,2377,3109
0.098774,-0.069565,0.676819,-0.049748,0.110240,-0.190334,2484,1870,2392,2887,2369,3109
0.097658,-0.069564,0.676808,-0.050572,0.110238,-0.191086,2475,1870,2393,2887,2364,3109
0.099372,-0.071879,0.693177,-0.038167,0.112554,-0.201903,2466,1870,2393,2887,2359,3109
0.096194,-0.070199,0.680699,-0.048994,0.110874,-0.194933,2456,1870,2393,2887,2352,3109
0.096194,-0.070199,0.680699,-0.048994,0.110874,-0.194933,2446,1870,2393,2887,2342,3109
0.092940,-0.069168,0.664970,-0.062090,0.109842,-0.185634,2435,1870,2393,2887,2330,3109
0.093211,-0.070686,0.676886,-0.053775,0.111361,-0.194173,2424,1870,2393,2887,2317,3109
0.092095,-0.070685,0.676872,-0.054601,0.111359,-0.194923,2413,1870,2393,2887,2305,3109
0.091628,-0.071252,0.680068,-0.052767,0.111927,-0.197581,2402,1870,2393,2887,2293,3109
0.089376,-0.070609,0.671221,-0.060442,0.111284,-0.192638,2390,1870,2393,2887,2283,3109
0.086207,-0.070164,0.658394,-0.071500,0.110839,-0.185406,2379,1870,2393,2887,2272,3109
0.086153,-0.071265,0.666029,-0.066338,0.111940,-0.191032,2369,1870,2393,2887,2262,3109
0.083837,-0.069500,0.649766,-0.079111,0.110175,-0.180704,2358,1870,2393,2887,2252,3109
0.082970,-0.069565,0.650967,-0.078928,0.110240,-0.182174,2346,1870,2393,2887,2241,3109
0.084025,-0.071864,0.666504,-0.067573,0.112539,-0.192829,2335,1870,2393,2887,2232,3109
0.082241,-0.070577,0.654297,-0.077193,0.111251,-0.185108,2325,1870,2393,2887,2223,3109
0.080035,-0.069760,0.643170,-0.086389,0.110434,-0.178465,2315,1870,2393,2888,2213,3109
0.079474,-0.069863,0.643021,-0.086901,0.110538,-0.178737,2306,1870,2393,2888,2206,3109
0.077897,-0.068968,0.632384,-0.095300,0.109643,-0.172025,2295,1870,2393,2888,2197,3109
0.078498,-0.069965,0.642018,-0.088299,0.110640,-0.178668,2284,1870,2393,2888,2188,3109
0.076811,-0.068763,0.628450,-0.098776,0.109437,-0.169884,2273,1870,2394,2888,2180,3109
0.074854,-0.067951,0.618720,-0.106836,0.108625,-0.164094,2262,1870,2394,2889,2171,3109
0.076085,-0.069338,0.629447,-0.098629,0.110012,-0.171109,2250,1870,2394,2889,2162,3109
0.075272,-0.069696,0.627426,-0.100600,0.110371,-0.170182,2237,1870,2394,2889,2151,3109
0.075272,-0.069696,0.627426,-0.100600,0.110371,-0.170182,2226,1870,2394,2889,2139,3109
0.075130,-0.070378,0.630988,-0.098278,0.111053,-0.172887,2214,1870,2394,2889,2127,3109
0.070892,-0.066923,0.594723,-0.126083,0.107598,-0.149224,2201,1870,2394,2889,2114,3109
0.070454,-0.067337,0.595114,-0.126138,0.108011,-0.149808,2188,1870,2394,2889,2101,3109
0.071936,-0.069208,0.609887,-0.114989,0.109883,-0.159615,2176,1870,2394,2889,2088,3109
0.071936,-0.069208,0.609887,-0.114989,0.109883,-0.159615,2163,1870,2394,2889,2075,3109
0.070560,-0.068863,0.600308,-0.122522,0.109537,-0.153539,2150,1870,2394,2889,2064,3109
0.071951,-0.070228,0.610011,-0.114894,0.110902,-0.159696,2138,1870,2394,2889,2052,3109
0.071270,-0.069878,0.606555,-0.117746,0.110552,-0.157629,2126,1870,2394,2889,2042,3109
0.069694,-0.068465,0.590483,-0.129849,0.109140,-0.146937,2115,1870,2394,2889,2030,3109
0.068824,-0.068137,0.581465,-0.136629,0.108811,-0.140927,2091,1870,2394,2889,2008,3109
0.069751,-0.068794,0.585399,-0.133271,0.109469,-0.143175,2080,1870,2394,2889,1997,3109
0.069174,-0.068056,0.576263,-0.139916,0.108731,-0.136880,2068,1870,2394,2889,1985,3109
0.070797,-0.069453,0.586098,-0.132029,0.110128,-0.142974,2057,1870,2394,2890,1974,3109
0.070474,-0.069453,0.581860,-0.135152,0.110128,-0.140092,2047,1870,2394,2892,1965,3109
0.069978,-0.068549,0.571126,-0.142827,0.109223,-0.132572,2037,1869,2394,2894,1957,3109
0.071305,-0.070083,0.577342,-0.137621,0.110757,-0.136218,2027,1869,2394,2895,1951,3109
0.070291,-0.068191,0.558783,-0.151006,0.108865,-0.123322,2017,1869,2394,2896,1945,3109
0.072439,-0.069264,0.568677,-0.142693,0.109939,-0.129103,2008,1869,2394,2896,1939,3109
0.072268,-0.068785,0.563045,-0.146655,0.109459,-0.125095,1999,1869,2394,2896,1931,3109
0.073721,-0.069346,0.564011,-0.144933,0.110021,-0.124813,1991,1869,2394,2896,1923,3109
0.071027,-0.067309,0.542679,-0.161436,0.107984,-0.111031,1983,1868,2394,2896,1916,3109
0.073776,-0.068963,0.555331,-0.150805,0.109637,-0.118421,1976,1868,2394,2896,1910,3109
0.074185,-0.068964,0.555326,-0.150509,0.109639,-0.118138,1970,1867,2394,2896,1906,3109
0.074331,-0.069439,0.551455,-0.153040,0.110114,-0.115204,1963,1867,2394,2896,1902,3109
0.075245,-0.069796,0.554485,-0.150307,0.110471,-0.116801,1955,1866,2394,2896,1895,3109
0.075239,-0.069439,0.551451,-0.152378,0.110113,-0.114583,1948,1866,2394,2896,1888,3109
0.076508,-0.069562,0.547414,-0.154198,0.110237,-0.110764,1932,1866,2394,2896,1874,3109
0.077962,-0.070347,0.551444,-0.150388,0.111022,-0.112724,1923,1866,2394,2896,1868,3109
0.078585,-0.070419,0.552719,-0.149064,0.111093,-0.113232,1915,1865,2394,2896,1860,3109
0.077541,-0.069101,0.538756,-0.159340,0.109776,-0.103721,1906,1865,2394,2896,1852,3109
0.077594,-0.068964,0.536442,-0.160877,0.109639,-0.101991,1898,1864,2394,2896,1845,3109
0.079150,-0.070090,0.539323,-0.157775,0.110765,-0.103040,1890,1864,2394,2896,1837,3109
0.079636,-0.069602,0.535231,-0.160207,0.110277,-0.099713,1883,1863,2394,2896,1831,3109
0.078885,-0.068489,0.523871,-0.168495,0.109164,-0.091908,1875,1863,2394,2896,1824,3109
0.081398,-0.070484,0.535228,-0.158919,0.111159,-0.098511,1867,1863,2394,2896,1816,3109
0.082279,-0.070484,0.535225,-0.158276,0.111159,-0.097908,1859,1863,2394,2896,1809,3109
0.081710,-0.069404,0.524113,-0.166263,0.110079,-0.090161,1850,1863,2394,2897,1799,3109
0.082137,-0.069256,0.522808,-0.166838,0.109931,-0.088915,1842,1863,2394,2897,1789,3109
0.082071,-0.069529,0.516994,-0.170847,0.110203,-0.084703,1833,1862,2394,2897,1780,3109
0.084664,-0.070259,0.523991,-0.164183,0.110934,-0.088059,1825,1862,2394,2897,1772,3109
0.085601,-0.070133,0.523356,-0.163930,0.110807,-0.086957,1817,1862,2394,2897,1765,3109
0.086719,-0.070609,0.523380,-0.163095,0.111283,-0.086212,1809,1862,2394,2897,1757,3109
0.086463,-0.069686,0.515311,-0.168779,0.110360,-0.080479,1799,1862,2394,2897,1749,3109
0.089121,-0.071059,0.523793,-0.161055,0.111734,-0.084879,1790,1862,2394,2897,1739,3109
0.089177,-0.070133,0.514994,-0.167008,0.110808,-0.078399,1781,1862,2394,2897,1729,3109
0.090443,-0.070300,0.516350,-0.165157,0.110975,-0.078528,1772,1862,2394,2897,1721,3109
0.090834,-0.070131,0.511698,-0.168039,0.110806,-0.074857,1762,1862,2394,2897,1712,3109
0.090536,-0.069271,0.502815,-0.174308,0.109945,-0.068557,1753,1862,2394,2897,1704,3109
0.093626,-0.070402,0.509380,-0.167574,0.111077,-0.071257,1743,1862,2394,2897,1696,3109
0.093730,-0.069440,0.500808,-0.173338,0.110115,-0.064912,1733,1862,2394,2897,1687,3109
0.093950,-0.068751,0.494375,-0.177558,0.109426,-0.060052,1723,1862,2394,2897,1679,3109
0.096471,-0.069993,0.502260,-0.170342,0.110667,-0.064107,1714,1862,2394,2897,1670,3109
0.097489,-0.069324,0.495869,-0.173950,0.109999,-0.058735,1704,1862,2394,2897,1662,3109
0.098136,-0.068695,0.489918,-0.177530,0.109369,-0.053938,1690,1862,2394,2897,1649,3109
0.101131,-0.070262,0.498553,-0.169456,0.110937,-0.058219,1685,1862,2394,2897,1645,3109
0.101438,-0.069018,0.489210,-0.175595,0.109693,-0.051170,1677,1862,2394,2897,1637,3109
0.101935,-0.068882,0.485110,-0.178024,0.109557,-0.047829,1670,1862,2394,2897,1629,3109
0.105018,-0.070097,0.492251,-0.170903,0.110771,-0.050958,1662,1862,2394,2897,1621,3109
0.104540,-0.069053,0.482333,-0.178009,0.109727,-0.044022,1654,1862,2394,2897,1614,3109
0.106314,-0.069128,0.483212,-0.176111,0.109803,-0.043457,1646,1862,2394,2897,1605,3109
0.107801,-0.069198,0.483530,-0.174806,0.109873,-0.042677,1638,1862,2394,2897,1597,3109
0.108767,-0.069231,0.480716,-0.176016,0.109905,-0.039959,1630,1862,2394,2897,1589,3109
0.109129,-0.068766,0.476608,-0.178549,0.109441,-0.036705,1623,1862,2394,2897,1579,3109
0.110088,-0.068572,0.473090,-0.180243,0.109247,-0.033476,1617,1862,2394,2897,1570,3109
0.111928,-0.069094,0.475760,-0.177077,0.109768,-0.034177,1611,1862,2394,2897,1562,3109
0.113488,-0.069090,0.475728,-0.175957,0.109764,-0.033092,1605,1862,2394,2897,1553,3109
0.113993,-0.068737,0.473136,-0.177352,0.109412,-0.030850,1598,1862,2394,2897,1545,3109
0.114572,-0.068413,0.469735,-0.179245,0.109088,-0.027965,1591,1862,2395,2897,1539,3109
0.116098,-0.068589,0.471258,-0.177091,0.109264,-0.028041,1584,1862,2395,2897,1531,3109
0.117321,-0.068553,0.470805,-0.176504,0.109228,-0.026876,1577,1862,2395,2897,1524,3109
0.118865,-0.068549,0.470775,-0.175394,0.109224,-0.025802,1569,1862,2395,2897,1517,3109
0.120408,-0.068546,0.470745,-0.174285,0.109220,-0.024729,1562,1862,2395,2897,1510,3109
0.119040,-0.067250,0.459312,-0.183074,0.107925,-0.017291,1553,1862,2395,2897,1502,3109
0.121587,-0.068249,0.465045,-0.177304,0.108923,-0.019753,1546,1862,2395,2897,1494,3109
0.123396,-0.068165,0.464540,-0.176324,0.108839,-0.018152,1538,1862,2395,2897,1485,3109
0.125456,-0.068571,0.464321,-0.174965,0.109245,-0.016587,1530,1862,2395,2897,1477,3109
0.125843,-0.068008,0.459299,-0.178103,0.108682,-0.012647,1521,1862,2395,2897,1468,3109
0.127556,-0.067945,0.458809,-0.177182,0.108620,-0.011121,1511,1862,2395,2897,1459,3109
0.130188,-0.068563,0.461487,-0.173431,0.109238,-0.011289,1502,1862,2395,2897,1451,3109
0.128625,-0.066762,0.448515,-0.183412,0.107437,-0.002857,1493,1862,2395,2897,1443,3109
0.133946,-0.068371,0.459289,-0.172178,0.109045,-0.007121,1484,1862,2395,2897,1437,3109
0.137048,-0.069060,0.462314,-0.167846,0.109735,-0.007222,1476,1862,2395,2897,1430,3109
0.136681,-0.068048,0.453234,-0.174300,0.108722,-0.000824,1466,1862,2395,2897,1423,3109
0.139147,-0.068592,0.455355,-0.171049,0.109267,-0.000697,1459,1862,2395,2897,1416,3109
0.139316,-0.067433,0.447908,-0.175998,0.108108,0.004869,1445,1863,2395,2897,1405,3109
0.141794,-0.067981,0.450068,-0.172713,0.108656,0.004976,1441,1863,2395,2897,1401,3109
0.142905,-0.067522,0.445911,-0.174731,0.108196,0.008777,1434,1863,2395,2897,1394,3109
0.143570,-0.066767,0.442272,-0.176723,0.107441,0.011894,1425,1863,2395,2897,1385,3109
0.145382,-0.067128,0.442246,-0.175414,0.107802,0.013147,1416,1863,2395,2897,1377,3109
0.149953,-0.068725,0.450084,-0.166729,0.109400,0.010523,1408,1863,2395,2897,1368,3109
0.150118,-0.067573,0.442851,-0.171535,0.108248,0.015930,1400,1863,2395,2897,1359,3109
0.151193,-0.067269,0.440639,-0.172256,0.107944,0.018282,1392,1863,2395,2897,1351,3109
0.153359,-0.067265,0.440609,-0.170689,0.107940,0.019779,1383,1863,2395,2897,1343,3109
0.154807,-0.067627,0.440600,-0.169636,0.108302,0.020772,1374,1863,2395,2897,1334,3109
0.157715,-0.067840,0.442117,-0.166473,0.108515,0.021643,1365,1863,2395,2897,1325,3109
0.158680,-0.067578,0.437798,-0.168708,0.108253,0.025462,1356,1863,2395,2897,1315,3109
0.159711,-0.066827,0.434159,-0.170432,0.107502,0.028828,1347,1863,2395,2897,1307,3109
0.161979,-0.066951,0.435019,-0.168187,0.107625,0.029744,1337,1863,2395,2897,1298,3109
0.166894,-0.068111,0.441441,-0.160214,0.108785,0.028390,1328,1863,2395,2897,1289,3109
0.167480,-0.067590,0.435444,-0.163870,0.108264,0.033180,1317,1863,2395,2897,1279,3109
0.169598,-0.067501,0.434846,-0.162727,0.108176,0.035060,1308,1863,2395,2897,1270,3109
0.172497,-0.067789,0.435850,-0.159921,0.108463,0.036300,1298,1863,2395,2897,1260,3109
0.172208,-0.066667,0.429706,-0.164317,0.107342,0.040601,1289,1863,2395,2897,1251,3109
0.176829,-0.067480,0.433734,-0.158190,0.108155,0.040800,1279,1863,2395,2897,1241,3109
0.177606,-0.066701,0.429927,-0.160215,0.107375,0.044116,1269,1863,2395,2897,1231,3109
0.179620,-0.066902,0.428886,-0.159449,0.107577,0.046251,1261,1863,2395,2897,1222,3109
0.202582,-0.067290,0.429150,-0.142458,0.107965,0.061699,1176,1863,2395,2897,1167,3109
0.112820,-0.066731,0.467047,-0.182359,0.107406,-0.027191,1622,1870,2394,2888,1486,3109
0.096226,-0.066912,0.488489,-0.179901,0.107587,-0.054192,1735,1870,2394,2888,1590,3109
0.094751,-0.067753,0.497332,-0.174958,0.108427,-0.061671,1745,1870,2394,2888,1598,3109
0.089539,-0.067796,0.503186,-0.174786,0.108470,-0.069507,1781,1870,2394,2888,1626,3109
0.086220,-0.067310,0.500314,-0.179172,0.107985,-0.069666,1799,1870,2394,2888,1640,3109
0.083698,-0.066862,0.501321,-0.180333,0.107536,-0.072121,1816,1870,2394,2888,1655,3109
0.082543,-0.067015,0.509414,-0.175665,0.107690,-0.078832,1832,1870,2393,2888,1669,3109
0.080068,-0.066837,0.508202,-0.178303,0.107512,-0.079632,1846,1870,2392,2888,1682,3109
0.079286,-0.068162,0.520932,-0.170204,0.108836,-0.089483,1862,1870,2392,2888,1697,3109
0.078970,-0.068978,0.529430,-0.164647,0.109653,-0.095921,1877,1870,2391,2888,1711,3109
0.076667,-0.068581,0.529176,-0.166505,0.109255,-0.097303,1891,1870,2389,2888,1723,3109
0.075326,-0.068596,0.531767,-0.165723,0.109271,-0.100113,1904,1870,2386,2888,1735,3109
0.072911,-0.068765,0.530737,-0.168192,0.109440,-0.101004,1916,1870,2386,2888,1746,3109
0.072016,-0.070026,0.538113,-0.163823,0.110700,-0.107014,1927,1870,2386,2888,1760,3109
0.070497,-0.069629,0.536194,-0.166242,0.110304,-0.106644,1940,1870,2386,2888,1773,3109
0.069972,-0.069920,0.539246,-0.164547,0.110595,-0.109236,1952,1870,2387,2888,1786,3109
0.069075,-0.069467,0.539174,-0.165253,0.110142,-0.109794,1965,1870,2388,2888,1798,3109
0.068272,-0.069202,0.544328,-0.162330,0.109877,-0.114114,1979,1870,2389,2888,1811,3109
0.069303,-0.069742,0.554444,-0.154684,0.110416,-0.120818,1992,1870,2390,2888,1824,3109
0.069362,-0.070234,0.563665,-0.148360,0.110909,-0.127529,2004,1870,2390,2888,1837,3109
0.067688,-0.068823,0.554015,-0.156159,0.109498,-0.121604,2014,1870,2390,2888,1846,3109
0.066877,-0.068472,0.554242,-0.156598,0.109146,-0.122323,2023,1870,2390,2888,1854,3109
0.067078,-0.069153,0.562241,-0.151003,0.109827,-0.128042,2032,1870,2391,2888,1862,3109
0.066564,-0.069290,0.563528,-0.150502,0.109965,-0.129335,2043,1870,2391,2888,1871,3109
0.066018,-0.068828,0.566680,-0.148754,0.109503,-0.132014,2065,1870,2391,2888,1891,3109
0.067217,-0.070026,0.581154,-0.138017,0.110701,-0.141794,2078,1870,2391,2888,1901,3109
0.066096,-0.068718,0.572355,-0.144831,0.109392,-0.136116,2090,1870,2391,2888,1912,3109
0.065572,-0.068894,0.575285,-0.143219,0.109568,-0.138618,2102,1870,2391,2888,1925,3109
0.066121,-0.069269,0.581426,-0.138634,0.109943,-0.142740,2114,1870,2392,2888,1936,3109
0.065402,-0.068491,0.580154,-0.140027,0.109166,-0.142298,2125,1870,2392,2888,1949,3109
0.065619,-0.068428,0.581282,-0.139100,0.109103,-0.142976,2137,1870,2393,2888,1962,3109
0.067150,-0.069110,0.594332,-0.129089,0.109784,-0.151487,2149,1870,2393,2888,1975,3109
0.066776,-0.068463,0.590466,-0.131997,0.109137,-0.148912,2163,1870,2393,2888,1991,3109
0.067783,-0.069056,0.600341,-0.124533,0.109731,-0.155455,2175,1870,2393,2888,2006,3109
0.068933,-0.070221,0.609967,-0.117134,0.110896,-0.161719,2188,1870,2393,2888,2019,3109
0.069267,-0.070491,0.613972,-0.114161,0.111166,-0.164424,2200,1870,2393,2888,2030,3109
0.070111,-0.070554,0.619304,-0.109911,0.111229,-0.167752,2213,1870,2393,2888,2042,3109
0.070249,-0.070178,0.620528,-0.108976,0.110853,-0.168554,2226,1870,2393,2888,2053,3109
0.071305,-0.070287,0.624289,-0.105641,0.110961,-0.170589,2239,1870,2393,2888,2066,3109
0.071086,-0.069991,0.620635,-0.108290,0.110666,-0.168062,2251,1870,2393,2888,2079,3109
0.071390,-0.069636,0.620405,-0.108225,0.110311,-0.167687,2263,1870,2393,2888,2091,3109
0.071257,-0.069143,0.620420,-0.108312,0.109818,-0.167788,2276,1870,2393,2888,2101,3109
0.072333,-0.069259,0.624291,-0.104887,0.109933,-0.169889,2289,1870,2393,2888,2113,3109
0.073207,-0.069697,0.627435,-0.102105,0.110372,-0.171596,2303,1870,2393,2888,2125,3109
0.074003,-0.069329,0.629371,-0.100204,0.110003,-0.172471,2317,1870,2393,2888,2138,3109
0.074375,-0.068959,0.630562,-0.099120,0.109633,-0.173090,2331,1870,2393,2888,2151,3109
0.075722,-0.068629,0.631387,-0.097572,0.109303,-0.172776,2344,1870,2393,2888,2163,3109
0.079029,-0.070860,0.654674,-0.079289,0.111534,-0.187572,2356,1870,2393,2888,2174,3109
0.079243,-0.069668,0.647133,-0.084268,0.110343,-0.181905,2369,1870,2393,2888,2185,3109
0.079540,-0.068896,0.641908,-0.087610,0.109570,-0.177877,2384,1870,2393,2888,2197,3109
0.081699,-0.069501,0.649775,-0.080671,0.110176,-0.182167,2396,1870,2393,2888,2210,3109
0.082968,-0.069293,0.653259,-0.077368,0.109967,-0.183853,2409,1870,2393,2888,2226,3109
0.085333,-0.070046,0.663092,-0.068939,0.110720,-0.189441,2420,1870,2393,2888,2241,3109
0.086429,-0.070050,0.663129,-0.068111,0.110725,-0.188721,2432,1870,2393,2888,2256,3109
0.088036,-0.070352,0.667811,-0.063746,0.111026,-0.191055,2453,1870,2393,2888,2276,3109
0.090942,-0.071840,0.679276,-0.053808,0.112515,-0.197468,2460,1870,2393,2888,2282,3109
0.093372,-0.071447,0.687079,-0.046714,0.112122,-0.201526,2472,1870,2393,2888,2290,3109
0.092545,-0.069894,0.674229,-0.056073,0.110568,-0.192681,2484,1870,2393,2888,2301,3109
0.094386,-0.070174,0.677309,-0.052627,0.110848,-0.193682,2495,1870,2393,2888,2311,3109
0.094889,-0.068944,0.671137,-0.056463,0.109618,-0.188821,2506,1870,2393,2888,2322,3109
0.098810,-0.070629,0.693151,-0.038596,0.111304,-0.202266,2523,1870,2393,2888,2340,3109
0.098472,-0.069779,0.681054,-0.047084,0.110454,-0.193641,2529,1870,2393,2888,2346,3109
0.101530,-0.070055,0.689865,-0.038844,0.110729,-0.198008,2538,1870,2393,2888,2356,3109
0.104862,-0.071647,0.702684,-0.027672,0.112322,-0.205124,2547,1870,2393,2888,2366,3109
0.106416,-0.071931,0.707767,-0.023072,0.112606,-0.207786,2557,1870,2393,2888,2376,3109
0.109260,-0.071890,0.707358,-0.021268,0.112564,-0.205549,2574,1870,2393,2888,2390,3109
0.110154,-0.071125,0.703225,-0.023429,0.111799,-0.201915,2583,1870,2393,2888,2397,3109
0.108719,-0.069462,0.689550,-0.033795,0.110137,-0.192881,2592,1870,2393,2888,2406,3109
0.111227,-0.069144,0.695395,-0.027977,0.109819,-0.195451,2601,1870,2393,2888,2416,3109
0.114782,-0.070891,0.709066,-0.016062,0.111566,-0.203038,2609,1870,2393,2888,2424,3109
0.114227,-0.069428,0.698162,-0.023896,0.110103,-0.195434,2618,1870,2393,2888,2433,3109
0.115394,-0.069440,0.698271,-0.022967,0.110114,-0.194718,2625,1870,2393,2887,2441,3109
0.117088,-0.069959,0.703144,-0.018408,0.110634,-0.197132,2631,1870,2393,2887,2449,3109
0.119194,-0.069906,0.707657,-0.013792,0.110581,-0.199002,2638,1870,2393,2887,2456,3109
0.117292,-0.068365,0.689923,-0.027264,0.109040,-0.187314,2645,1870,2393,2887,2464,3109
0.120564,-0.069961,0.703160,-0.015852,0.110636,-0.194776,2650,1870,2393,2887,2471,3109
0.125358,-0.071548,0.724649,0.002296,0.112223,-0.207242,2656,1870,2393,2887,2477,3109
0.126588,-0.071569,0.724861,0.003341,0.112243,-0.206560,2663,1870,2393,2887,2483,3109
0.126549,-0.071555,0.721352,0.000922,0.112230,-0.204017,2669,1870,2393,2887,2489,3109
0.127775,-0.071576,0.721567,0.001965,0.112251,-0.203340,2677,1870,2393,2887,2498,3109
0.130235,-0.071660,0.726546,0.007158,0.112334,-0.205309,2686,1870,2393,2887,2507,3109
0.127791,-0.068532,0.700054,-0.012676,0.109207,-0.187579,2704,1870,2393,2887,2529,3109
0.132703,-0.069731,0.715434,0.001396,0.110405,-0.195493,2715,1870,2393,2887,2540,3109
0.136280,-0.070497,0.726885,0.011815,0.111172,-0.201440,2729,1870,2394,2887,2555,3109
0.137925,-0.069977,0.724949,0.011700,0.110652,-0.198902,2734,1870,2394,2887,2559,3109
0.137217,-0.069018,0.713425,0.003332,0.109693,-0.190946,2741,1870,2394,2887,2567,3109
0.141422,-0.070620,0.727498,0.015997,0.111295,-0.198386,2748,1870,2394,2887,2573,3109
0.138013,-0.067911,0.702244,-0.003701,0.108585,-0.182219,2755,1870,2394,2887,2578,3109
0.146808,-0.072249,0.741109,0.029212,0.112924,-0.204682,2761,1870,2394,2887,2584,3109
0.142141,-0.069128,0.711735,0.005785,0.109803,-0.186356,2768,1870,2394,2887,2590,3109
0.143807,-0.069078,0.714059,0.008588,0.109753,-0.186922,2775,1869,2394,2887,2597,3109
0.139264,-0.067038,0.685810,-0.013980,0.107713,-0.169336,2780,1869,2393,2887,2602,3109
0.148822,-0.070604,0.727359,0.021320,0.111278,-0.193243,2782,1869,2393,2887,2604,3109
0.152926,-0.071697,0.742338,0.034528,0.112372,-0.201414,2781,1869,2392,2887,2604,3109
0.150551,-0.070743,0.728181,0.023145,0.111417,-0.192667,2778,1869,2391,2887,2604,3109
0.150145,-0.070772,0.729138,0.023501,0.111446,-0.193644,2774,1869,2391,2887,2600,3109
0.151887,-0.072340,0.742081,0.033593,0.113015,-0.201933,2773,1869,2391,2887,2597,3109
0.148439,-0.070592,0.727825,0.021357,0.111266,-0.193844,2766,1869,2392,2887,2595,3109
0.147223,-0.070583,0.727737,0.020407,0.111258,-0.194608,2758,1869,2392,2887,2594,3109
0.146007,-0.070574,0.727647,0.019456,0.111249,-0.195371,2750,1869,2393,2887,2594,3109
0.145155,-0.070685,0.728197,0.019206,0.111360,-0.196354,2740,1869,2393,2887,2594,3109
0.141064,-0.068945,0.713855,0.006441,0.109620,-0.188641,2731,1869,2393,2887,2594,3109
0.141915,-0.070317,0.724303,0.014181,0.110992,-0.195710,2721,1869,2394,2887,2593,3109
0.141650,-0.071151,0.726802,0.015690,0.111826,-0.197720,2710,1869,2394,2887,2587,3109
0.142588,-0.072272,0.741331,0.026273,0.112947,-0.207719,2699,1869,2394,2888,2568,3109
0.136785,-0.069675,0.715235,0.004249,0.110349,-0.192567,2684,1869,2394,2888,2542,3109
0.133110,-0.070015,0.712165,-0.000533,0.110689,-0.192822,2668,1869,2394,2888,2517,3109
0.133098,-0.070994,0.725862,0.008789,0.111668,-0.202858,2649,1869,2394,2887,2492,3109
0.130235,-0.071660,0.726546,0.007158,0.112334,-0.205309,2631,1869,2394,2887,2474,3109
0.126590,-0.071626,0.726221,0.004269,0.112301,-0.207554,2613,1869,2394,2887,2460,3109
0.121454,-0.070506,0.711899,-0.009248,0.111180,-0.200567,2597,1869,2394,2887,2449,3109
0.120306,-0.071886,0.722894,-0.002599,0.112560,-0.209399,2579,1869,2394,2887,2437,3109
0.116426,-0.071437,0.715088,-0.010757,0.112112,-0.206327,2561,1869,2394,2887,2422,3109
0.112443,-0.071439,0.705484,-0.020214,0.112114,-0.202010,2544,1869,2393,2887,2406,3109
0.110554,-0.072182,0.710320,-0.018303,0.112856,-0.206837,2513,1869,2392,2887,2376,3109
0.106934,-0.071429,0.700261,-0.027805,0.112104,-0.201937,2504,1869,2392,2887,2365,3109
0.102553,-0.070655,0.690055,-0.037965,0.111329,-0.197450,2488,1869,2391,2887,2351,3109
0.100442,-0.070992,0.688093,-0.040847,0.111666,-0.197452,2470,1869,2390,2887,2337,3109
0.096586,-0.070796,0.679568,-0.049477,0.111470,-0.193837,2444,1869,2388,2887,2318,3109
0.092430,-0.069679,0.667694,-0.060608,0.110354,-0.187976,2433,1869,2387,2887,2311,3109
0.091765,-0.071370,0.677183,-0.054631,0.112044,-0.195376,2417,1869,2387,2887,2298,3109
0.088455,-0.070850,0.665212,-0.065209,0.111525,-0.188866,2399,1869,2386,2887,2286,3109
0.087611,-0.072180,0.670414,-0.062284,0.112854,-0.193250,2383,1869,2386,2887,2274,3109
0.085043,-0.071543,0.661237,-0.070414,0.112217,-0.188280,2366,1869,2386,2887,2259,3109
0.083428,-0.072408,0.664397,-0.069444,0.113082,-0.191694,2350,1869,2386,2887,2243,3109
0.082461,-0.072932,0.664358,-0.070179,0.113607,-0.192323,2332,1869,2386,2887,2226,3109
0.079773,-0.071728,0.651124,-0.081161,0.112402,-0.184466,2316,1869,2386,2887,2211,3109
0.076192,-0.069998,0.630342,-0.097940,0.110673,-0.171690,2300,1869,2386,2887,2196,3109
0.076283,-0.071490,0.641466,-0.090296,0.112165,-0.179773,2284,1869,2387,2887,2182,3109
0.076488,-0.072247,0.646373,-0.086803,0.112921,-0.183226,2268,1869,2388,2887,2168,3109
0.072500,-0.068842,0.614812,-0.111222,0.109517,-0.162836,2253,1869,2389,2887,2155,3109
0.073880,-0.071061,0.630773,-0.099339,0.111735,-0.173581,2239,1869,2390,2887,2142,3109
0.072123,-0.070005,0.620761,-0.107446,0.110679,-0.167448,2225,1869,2392,2887,2129,3109
0.071820,-0.070068,0.619716,-0.108380,0.110743,-0.166890,2212,1869,2393,2887,2116,3109
0.071820,-0.070068,0.619716,-0.108380,0.110743,-0.166890,2199,1869,2393,2887,2102,3109
0.070931,-0.069206,0.609873,-0.115735,0.109881,-0.160289,2187,1869,2393,2887,2089,3109
0.070931,-0.069206,0.609873,-0.115735,0.109881,-0.160289,2174,1869,2393,2887,2076,3109
0.070272,-0.068878,0.606555,-0.118478,0.109552,-0.158309,2161,1869,2393,2887,2063,3109
0.069688,-0.068236,0.598934,-0.124097,0.108910,-0.153128,2148,1869,2393,2887,2051,3109
0.070272,-0.069878,0.606560,-0.118474,0.110553,-0.158313,2135,1869,2393,2887,2040,3109
0.070272,-0.069878,0.606560,-0.118474,0.110553,-0.158313,2122,1869,2393,2887,2028,3109
0.068674,-0.068462,0.590470,-0.130604,0.109137,-0.147622,2109,1869,2393,2887,2016,3109
0.070006,-0.070287,0.599809,-0.123268,0.110961,-0.153551,2094,1869,2393,2887,2003,3109
0.068675,-0.068882,0.585287,-0.134134,0.109557,-0.143827,2080,1869,2393,2887,1990,3109
0.068160,-0.069056,0.581045,-0.137401,0.109730,-0.141072,2067,1869,2393,2887,1978,3109
0.067510,-0.068208,0.571158,-0.144611,0.108882,-0.134276,2054,1869,2393,2887,1968,3109
0.069250,-0.069523,0.581041,-0.136605,0.110197,-0.140326,2039,1869,2393,2887,1959,3109
0.069207,-0.069415,0.575708,-0.140270,0.110090,-0.136451,2026,1869,2393,2887,1949,3109
0.069062,-0.068696,0.567859,-0.145723,0.109371,-0.130804,2013,1869,2393,2887,1940,3109
0.070008,-0.069083,0.567973,-0.144952,0.109757,-0.130242,2000,1869,2393,2887,1930,3109
0.070396,-0.068806,0.563416,-0.147773,0.109481,-0.126642,1988,1869,2393,2887,1919,3109
0.070461,-0.068731,0.559386,-0.150470,0.109405,-0.123648,1974,1869,2393,2887,1908,3109
0.072130,-0.069292,0.563561,-0.146405,0.109966,-0.125567,1960,1869,2393,2887,1896,3109
0.071608,-0.068531,0.551462,-0.155029,0.109206,-0.117065,1947,1869,2393,2887,1885,3109
0.072371,-0.068129,0.546802,-0.157644,0.108804,-0.113134,1934,1869,2393,2887,1873,3109
0.073776,-0.068890,0.550697,-0.153962,0.109564,-0.115028,1921,1869,2393,2887,1861,3109
0.074044,-0.068593,0.546936,-0.156327,0.109267,-0.112092,1907,1869,2393,2887,1848,3109
0.075984,-0.069044,0.546893,-0.154937,0.109718,-0.110739,1888,1869,2393,2887,1829,3109
0.075464,-0.067725,0.535145,-0.163320,0.108399,-0.102493,1881,1869,2393,2887,1822,3109
0.077751,-0.069373,0.542069,-0.156929,0.110048,-0.106004,1869,1869,2393,2887,1811,3109
0.078213,-0.068190,0.534537,-0.161722,0.108865,-0.100175,1856,1869,2393,2887,1799,3109
0.079481,-0.068371,0.531149,-0.163102,0.109045,-0.096830,1842,1869,2393,2887,1786,3109
0.081124,-0.068795,0.532306,-0.161110,0.109470,-0.096559,1830,1869,2393,2887,1775,3109
0.081521,-0.067994,0.523196,-0.167025,0.108669,-0.089619,1816,1869,2393,2887,1762,3109
0.083337,-0.068568,0.525544,-0.164096,0.109243,-0.090100,1804,1869,2393,2887,1749,3109
0.084106,-0.068386,0.519296,-0.167789,0.109061,-0.085002,1791,1869,2393,2887,1736,3109
0.085174,-0.068140,0.516342,-0.169020,0.108815,-0.082112,1778,1869,2393,2887,1722,3109
0.085606,-0.067247,0.507644,-0.174628,0.107921,-0.075450,1766,1869,2393,2887,1710,3109
0.087465,-0.067597,0.507681,-0.173243,0.108272,-0.074211,1755,1869,2393,2887,1697,3109
0.089732,-0.068210,0.508701,-0.170888,0.108885,-0.073413,1743,1869,2393,2887,1685,3109
0.090510,-0.067558,0.504412,-0.173240,0.108232,-0.069743,1731,1869,2393,2887,1675,3109
0.090889,-0.066817,0.495485,-0.179044,0.107492,-0.062950,1720,1869,2393,2887,1666,3109
0.094793,-0.068135,0.504755,-0.169870,0.108810,-0.067077,1710,1869,2393,2887,1659,3109
0.095039,-0.067585,0.494900,-0.176404,0.108260,-0.059694,1700,1869,2393,2887,1651,3109
0.096556,-0.067126,0.491271,-0.177765,0.107800,-0.056004,1691,1869,2393,2887,1642,3109
0.097404,-0.067017,0.489449,-0.178385,0.107692,-0.054092,1680,1869,2393,2887,1633,3109
0.099582,-0.067411,0.489381,-0.176837,0.108086,-0.052560,1671,1869,2393,2887,1624,3109
0.102714,-0.068497,0.495748,-0.170207,0.109172,-0.055087,1662,1869,2393,2887,1614,3109
0.103654,-0.067973,0.491557,-0.172373,0.108647,-0.051378,1653,1869,2393,2887,1603,3109
0.103220,-0.066981,0.481735,-0.179382,0.107656,-0.044484,1643,1869,2393,2887,1594,3109
0.105197,-0.066978,0.481708,-0.177953,0.107652,-0.043116,1634,1869,2393,2887,1583,3109
0.106099,-0.066855,0.476771,-0.180656,0.107530,-0.038888,1625,1869,2393,2887,1573,3109
0.107803,-0.067333,0.478355,-0.178329,0.108007,-0.038888,1616,1869,2393,2887,1563,3109
0.110062,-0.067408,0.478920,-0.176290,0.108082,-0.037762,1606,1869,2393,2887,1551,3109
0.111323,-0.067127,0.475832,-0.177471,0.107801,-0.034642,1599,1869,2393,2887,1543,3109
0.116764,-0.067594,0.476618,-0.172952,0.108269,-0.031511,1572,1870,2393,2887,1513,3109
0.117126,-0.067278,0.470027,-0.177176,0.107953,-0.026439,1563,1870,2393,2887,1502,3109
0.118676,-0.067167,0.469141,-0.176646,0.107842,-0.024735,1554,1870,2393,2887,1491,3109
0.157133,-0.066702,0.445305,-0.164728,0.107376,0.018913,1396,1870,2394,2888,1352,3109
0.086596,-0.066734,0.507481,-0.174015,0.107408,-0.074656,1804,1871,2395,2887,1637,3109
0.085830,-0.067620,0.515684,-0.168988,0.108295,-0.081184,1821,1871,2395,2887,1652,3109
0.078397,-0.067278,0.520724,-0.170996,0.107952,-0.089937,1873,1871,2395,2887,1699,3109
0.074954,-0.067906,0.536504,-0.162768,0.108581,-0.103835,1919,1870,2395,2887,1742,3109
0.073587,-0.067755,0.539715,-0.161582,0.108430,-0.107117,1935,1870,2395,2887,1755,3109
0.072165,-0.067271,0.538341,-0.163558,0.107946,-0.107079,1949,1870,2395,2887,1769,3109
0.071162,-0.067784,0.543673,-0.160660,0.108458,-0.111666,1964,1870,2395,2887,1782,3109
0.070230,-0.067516,0.551379,-0.156094,0.108191,-0.117943,1995,1870,2395,2887,1809,3109
0.069147,-0.068036,0.555242,-0.154255,0.108711,-0.121509,2012,1870,2395,2887,1825,3109
0.067273,-0.067290,0.550287,-0.159002,0.107964,-0.119157,2029,1870,2394,2887,1842,3109
0.067055,-0.068194,0.567532,-0.147415,0.108868,-0.131931,2063,1870,2394,2887,1875,3109
0.067285,-0.069389,0.575480,-0.141832,0.110064,-0.137593,2079,1870,2394,2887,1890,3109
0.067712,-0.069847,0.585283,-0.134842,0.110521,-0.144480,2095,1870,2394,2887,1903,3109
0.066245,-0.069054,0.581019,-0.138820,0.109728,-0.142357,2108,1870,2394,2887,1912,3109
0.067224,-0.069443,0.590542,-0.131617,0.110118,-0.148662,2120,1870,2394,2887,1920,3109
0.066295,-0.068431,0.585549,-0.135698,0.109105,-0.145640,2137,1870,2394,2887,1933,3109
0.066727,-0.068458,0.590446,-0.132046,0.109133,-0.148930,2142,1870,2394,2887,1936,3109
0.066776,-0.068463,0.590466,-0.131997,0.109137,-0.148912,2149,1870,2394,2887,1942,3109
0.066171,-0.068613,0.593342,-0.130480,0.109288,-0.151429,2154,1869,2394,2887,1943,3109
0.066171,-0.068613,0.593342,-0.130480,0.109288,-0.151429,2160,1869,2394,2887,1943,3109
0.066482,-0.069381,0.600390,-0.125451,0.110056,-0.156377,2167,1869,2394,2887,1943,3109
0.066171,-0.068613,0.593342,-0.130480,0.109288,-0.151429,2174,1869,2394,2887,1947,3109
0.067277,-0.069880,0.606575,-0.120657,0.110554,-0.160363,2184,1869,2394,2887,1958,3109
0.067791,-0.070020,0.607908,-0.119372,0.110695,-0.160990,2196,1869,2394,2887,1972,3109
0.066601,-0.068855,0.600257,-0.125455,0.109530,-0.156198,2208,1869,2394,2887,1987,3109
0.066937,-0.068391,0.600404,-0.125109,0.109065,-0.156077,2221,1869,2394,2888,2003,3109
0.069226,-0.070176,0.620510,-0.109737,0.110851,-0.169238,2232,1869,2394,2888,2017,3109
0.069062,-0.068544,0.608630,-0.117950,0.109219,-0.160652,2241,1869,2394,2888,2029,3109
0.070232,-0.068934,0.618365,-0.110462,0.109609,-0.166982,2250,1869,2394,2888,2039,3109
0.070780,-0.068969,0.618702,-0.109831,0.109644,-0.166856,2260,1869,2394,2888,2047,3109
0.072825,-0.070005,0.630628,-0.100210,0.110679,-0.174193,2280,1869,2394,2888,2067,3109
0.073085,-0.070002,0.630386,-0.100185,0.110677,-0.173840,2291,1869,2394,2888,2079,3109
0.072535,-0.068658,0.623531,-0.105257,0.109332,-0.169196,2300,1869,2394,2888,2091,3109
0.074737,-0.070968,0.641476,-0.091421,0.111643,-0.180833,2310,1869,2394,2888,2101,3109
0.074110,-0.068952,0.630280,-0.099507,0.109626,-0.173064,2318,1869,2394,2888,2109,3109
0.076381,-0.069963,0.641984,-0.089871,0.110637,-0.180085,2323,1869,2394,2888,2114,3109
0.075028,-0.068281,0.629274,-0.099519,0.108956,-0.171702,2327,1869,2394,2888,2114,3109
0.077912,-0.070645,0.650534,-0.082926,0.111320,-0.185302,2329,1869,2394,2888,2114,3109
0.077900,-0.070524,0.649325,-0.083758,0.111198,-0.184425,2329,1869,2394,2888,2114,3109
0.074251,-0.067001,0.625061,-0.102959,0.107676,-0.169147,2329,1869,2394,2888,2114,3109
0.078674,-0.070375,0.653327,-0.080465,0.111050,-0.186828,2329,1869,2394,2888,2114,3109
0.078006,-0.070083,0.650209,-0.083079,0.110758,-0.185000,2329,1869,2394,2888,2114,3109
0.076822,-0.068831,0.641265,-0.090038,0.109506,-0.179259,2329,1869,2394,2888,2114,3109
0.076354,-0.068204,0.635079,-0.094594,0.108879,-0.175048,2327,1869,2394,2888,2114,3109
0.076915,-0.068713,0.640045,-0.090801,0.109388,-0.178302,2326,1869,2394,2888,2114,3109
0.075857,-0.067799,0.629122,-0.099016,0.108474,-0.171026,2324,1869,2394,2890,2114,3109
0.078165,-0.069656,0.647020,-0.085135,0.110330,-0.182558,2323,1869,2394,2891,2114,3109
0.078165,-0.069656,0.647020,-0.085135,0.110330,-0.182558,2323,1869,2394,2892,2114,3109
0.078165,-0.069656,0.647020,-0.085135,0.110330,-0.182558,2322,1869,2394,2892,2114,3109
0.076043,-0.067818,0.625206,-0.101548,0.108493,-0.168032,2322,1869,2394,2893,2114,3109
0.077435,-0.069652,0.638894,-0.091204,0.110326,-0.177105,2322,1869,2394,2894,2114,3109
0.076983,-0.069340,0.635927,-0.093557,0.110015,-0.175241,2322,1869,2394,2895,2114,3109
0.075784,-0.067350,0.621397,-0.104333,0.108025,-0.165420,2322,1869,2394,2895,2114,3109
0.075384,-0.067459,0.618899,-0.106326,0.108134,-0.163864,2322,1869,2394,2895,2114,3109
0.077802,-0.069516,0.638299,-0.091341,0.110190,-0.176419,2322,1869,2394,2892,2115,3109
0.077802,-0.069516,0.638299,-0.091341,0.110190,-0.176419,2322,1869,2394,2888,2115,3109
0.077419,-0.069750,0.639858,-0.090559,0.110424,-0.177822,2324,1869,2394,2887,2115,3109
0.076384,-0.069652,0.638899,-0.091970,0.110327,-0.177825,2325,1869,2393,2887,2121,3109
0.076381,-0.069963,0.641984,-0.089871,0.110637,-0.180085,2326,1868,2392,2887,2128,3109
0.077100,-0.070722,0.647030,-0.085907,0.111397,-0.183290,2327,1868,2392,2887,2132,3109
0.076252,-0.070881,0.642626,-0.089528,0.111555,-0.180643,2328,1868,2392,2887,2135,3109
0.077422,-0.071647,0.649805,-0.083781,0.112321,-0.185102,2328,1868,2393,2887,2135,3109
0.078101,-0.071958,0.653043,-0.081078,0.112633,-0.187010,2328,1868,2393,2887,2135,3109
0.075941,-0.069141,0.634042,-0.095603,0.109815,-0.174571,2328,1868,2394,2887,2135,3109
0.078629,-0.070873,0.652958,-0.080750,0.111547,-0.186589,2326,1868,2394,2887,2135,3109
0.077439,-0.069964,0.642001,-0.089085,0.110639,-0.179377,2324,1867,2394,2887,2135,3109
0.076369,-0.069264,0.635197,-0.094503,0.109938,-0.175125,2323,1866,2394,2887,2135,3109
0.075931,-0.068958,0.630552,-0.097988,0.109633,-0.172022,2323,1866,2394,2887,2135,3109
0.078179,-0.070735,0.647144,-0.085040,0.111410,-0.182638,2322,1865,2394,2887,2135,3109
0.079178,-0.071960,0.653062,-0.080277,0.112635,-0.186290,2322,1864,2395,2887,2135,3109
0.076384,-0.070324,0.635315,-0.094412,0.110998,-0.175201,2322,1863,2395,2887,2135,3109
0.078492,-0.071646,0.649801,-0.083001,0.112321,-0.184370,2322,1861,2395,2888,2135,3109
0.076998,-0.070402,0.636048,-0.093464,0.111076,-0.175319,2322,1860,2395,2889,2135,3109
0.076082,-0.069389,0.621322,-0.104165,0.110064,-0.165162,2322,1860,2395,2890,2135,3109
0.079562,-0.072718,0.649801,-0.082217,0.113392,-0.183642,2322,1859,2396,2892,2135,3109
0.078530,-0.072109,0.642273,-0.088101,0.112784,-0.178833,2322,1859,2396,2894,2136,3109
0.078084,-0.071280,0.634491,-0.093729,0.111954,-0.173440,2323,1859,2396,2896,2136,3109
0.079083,-0.071931,0.640537,-0.088878,0.112606,-0.177185,2323,1858,2397,2896,2136,3109
0.081223,-0.073452,0.646749,-0.083080,0.114126,-0.180275,2323,1858,2397,2897,2136,3109
0.079311,-0.071043,0.630388,-0.095625,0.111717,-0.169600,2323,1858,2397,2897,2136,3109
0.081449,-0.072937,0.647744,-0.082237,0.113612,-0.180850,2323,1858,2401,2897,2136,3109
0.080019,-0.071086,0.632688,-0.093541,0.111761,-0.170801,2324,1857,2410,2894,2136,3109
0.081706,-0.072113,0.642316,-0.085747,0.112788,-0.176701,2326,1855,2420,2888,2136,3109
0.082748,-0.071042,0.642202,-0.085062,0.111717,-0.175908,2328,1847,2429,2887,2136,3109
0.084643,-0.069731,0.647698,-0.079930,0.110406,-0.178641,2329,1836,2437,2887,2136,3109
0.084950,-0.068343,0.641820,-0.083710,0.109018,-0.174129,2329,1822,2444,2887,2136,3109
0.086422,-0.067677,0.640243,-0.083707,0.108352,-0.171971,2329,1807,2449,2887,2136,3109
0.089247,-0.069041,0.645346,-0.078161,0.109716,-0.173783,2329,1793,2454,2887,2136,3109
0.087970,-0.068411,0.625876,-0.092360,0.109085,-0.160399,2329,1779,2460,2887,2136,3109
0.090813,-0.071003,0.637495,-0.082364,0.111678,-0.166968,2329,1772,2465,2887,2136,3109
0.092879,-0.071809,0.639877,-0.079228,0.112484,-0.167305,2329,1770,2468,2887,2136,3109
0.093937,-0.071813,0.639912,-0.078429,0.112488,-0.166609,2329,1770,2469,2887,2136,3109
0.093137,-0.071155,0.633345,-0.083489,0.111829,-0.162347,2329,1771,2469,2887,2136,3109
0.094805,-0.071497,0.641560,-0.076672,0.112171,-0.167224,2330,1773,2469,2887,2136,3109
0.093143,-0.070638,0.633387,-0.083456,0.111312,-0.162373,2333,1774,2469,2887,2136,3109
0.094911,-0.071511,0.643595,-0.075207,0.112186,-0.168642,2337,1774,2470,2887,2136,3109
0.095937,-0.071411,0.648385,-0.071194,0.112086,-0.171451,2339,1774,2470,2887,2136,3109
0.094667,-0.070084,0.638034,-0.079174,0.110759,-0.164737,2339,1775,2470,2887,2136,3109
0.094128,-0.068986,0.630750,-0.084531,0.109660,-0.159771,2339,1775,2470,2887,2136,3109
0.096242,-0.070010,0.645405,-0.073001,0.110684,-0.169061,2339,1776,2471,2887,2136,3109
0.095060,-0.069541,0.637841,-0.079019,0.110215,-0.164329,2339,1776,2471,2887,2136,3109
0.095060,-0.069541,0.637841,-0.079019,0.110215,-0.164329,2339,1776,2471,2887,2136,3109
0.095060,-0.069541,0.637841,-0.079019,0.110215,-0.164329,2339,1776,2471,2887,2136,3109
0.093900,-0.069297,0.635531,-0.081441,0.109972,-0.163427,2339,1776,2471,2887,2136,3109
0.095595,-0.070569,0.644682,-0.073967,0.111244,-0.168972,2339,1776,2471,2887,2136,3109
0.097468,-0.070897,0.653134,-0.066838,0.111572,-0.173884,2339,1777,2471,2887,2136,3109
0.098106,-0.070900,0.656089,-0.064358,0.111575,-0.175612,2338,1777,2471,2887,2136,3109
0.095060,-0.069541,0.637841,-0.079019,0.110215,-0.164329,2337,1777,2471,2887,2136,3109
0.093289,-0.067801,0.625048,-0.089030,0.108475,-0.156169,2335,1777,2471,2887,2136,3109
0.096242,-0.070010,0.645405,-0.073001,0.110684,-0.169061,2334,1777,2471,2887,2136,3109
0.095683,-0.070097,0.645241,-0.073521,0.110772,-0.169322,2334,1777,2471,2887,2137,3109
0.092019,-0.068298,0.626108,-0.089237,0.108973,-0.157810,2333,1777,2471,2887,2137,3109
0.093089,-0.068985,0.630745,-0.085295,0.109659,-0.160476,2333,1777,2471,2887,2137,3109
0.093089,-0.068985,0.630745,-0.085295,0.109659,-0.160476,2333,1777,2471,2887,2137,3109
0.095916,-0.070327,0.648242,-0.071307,0.111002,-0.171360,2333,1777,2471,2887,2137,3109
0.095916,-0.070327,0.648242,-0.071307,0.111002,-0.171360,2332,1777,2471,2887,2138,3109
0.093994,-0.069529,0.637732,-0.079873,0.110204,-0.164975,2332,1777,2471,2887,2142,3109
0.095916,-0.070327,0.648242,-0.071307,0.111002,-0.171360,2332,1777,2471,2887,2157,3109
0.095916,-0.070327,0.648242,-0.071307,0.111002,-0.171360,2332,1777,2471,2887,2175,3109
0.093203,-0.068474,0.626431,-0.088150,0.109148,-0.157240,2332,1777,2471,2887,2190,3109
0.097000,-0.070340,0.648356,-0.070435,0.111015,-0.170705,2332,1777,2471,2887,2198,3109
0.096769,-0.070114,0.645398,-0.072619,0.110788,-0.168697,2333,1777,2471,2887,2201,3109
0.095274,-0.069152,0.633673,-0.081701,0.109826,-0.161131,2333,1777,2471,2887,2202,3109
0.098085,-0.070353,0.648470,-0.069563,0.111028,-0.170050,2333,1777,2471,2887,2202,3109
0.098085,-0.070353,0.648470,-0.069563,0.111028,-0.170050,2332,1777,2471,2887,2202,3109
0.096054,-0.068901,0.637478,-0.078538,0.109576,-0.163385,2332,1777,2471,2887,2203,3109
0.095069,-0.068743,0.632479,-0.082664,0.109418,-0.160396,2332,1777,2471,2887,2210,3109
0.094251,-0.068486,0.626541,-0.087308,0.109161,-0.156607,2332,1777,2470,2887,2226,3109
0.096059,-0.069351,0.636826,-0.078978,0.110026,-0.162905,2332,1777,2470,2887,2242,3109
0.097019,-0.069874,0.641282,-0.075241,0.110548,-0.165513,2332,1777,2470,2887,2254,3109
0.096334,-0.069115,0.633802,-0.080837,0.109790,-0.160504,2332,1777,2470,2887,2261,3109
0.098414,-0.070045,0.645723,-0.071194,0.110720,-0.167814,2332,1777,2470,2887,2261,3109
0.095607,-0.068060,0.625314,-0.087152,0.108734,-0.154785,2332,1777,2470,2887,2261,3109
0.099170,-0.070366,0.648584,-0.068692,0.111041,-0.169394,2332,1777,2470,2887,2261,3109
0.099170,-0.070366,0.648584,-0.068692,0.111041,-0.169394,2332,1777,2470,2887,2257,3109
0.098075,-0.069875,0.641287,-0.074464,0.110549,-0.164797,2331,1777,2470,2887,2255,3109
0.098075,-0.069875,0.641287,-0.074464,0.110549,-0.164797,2323,1777,2470,2887,2253,3109
0.096206,-0.068987,0.630757,-0.083005,0.109662,-0.158361,2316,1777,2470,2887,2252,3109
0.098075,-0.069875,0.641287,-0.074464,0.110549,-0.164797,2310,1777,2470,2887,2251,3109
0.098160,-0.070499,0.644057,-0.072514,0.111174,-0.166767,2302,1777,2470,2887,2250,3109
0.096900,-0.070427,0.641451,-0.075212,0.111102,-0.165718,2294,1777,2470,2887,2246,3109
0.097077,-0.071544,0.643899,-0.073415,0.112219,-0.167390,2284,1777,2470,2887,2227,3109
0.095037,-0.070247,0.631938,-0.083056,0.110922,-0.160023,2275,1777,2470,2887,2204,3109
0.094838,-0.070956,0.636356,-0.080193,0.111630,-0.163392,2264,1777,2470,2887,2182,3109
0.092237,-0.069624,0.622004,-0.091873,0.110299,-0.154657,2252,1777,2470,2887,2168,3109
0.092147,-0.070082,0.626247,-0.089049,0.110756,-0.157825,2239,1777,2470,2887,2159,3109
0.090154,-0.069098,0.615154,-0.098064,0.109772,-0.151061,2227,1777,2470,2887,2152,3109
0.090154,-0.069098,0.615154,-0.098064,0.109772,-0.151061,2216,1777,2470,2887,2144,3109
0.089549,-0.068550,0.608275,-0.103193,0.109225,-0.146437,2205,1777,2470,2887,2137,3109
0.091233,-0.070096,0.619903,-0.094040,0.110771,-0.153803,2194,1777,2470,2887,2128,3109
0.090779,-0.069529,0.615253,-0.097539,0.110203,-0.150708,2182,1777,2470,2887,2115,3109
0.090565,-0.069815,0.612436,-0.099615,0.110489,-0.148791,2170,1777,2470,2887,2102,3109
0.089588,-0.069254,0.605471,-0.105074,0.109929,-0.144357,2156,1777,2470,2887,2088,3109
0.088770,-0.069306,0.599811,-0.109529,0.109981,-0.140772,2126,1777,2470,2887,2057,3109
0.088770,-0.069306,0.599811,-0.109529,0.109981,-0.140772,2111,1777,2470,2887,2044,3109
0.087194,-0.068479,0.586027,-0.120072,0.109154,-0.131753,2096,1777,2470,2887,2032,3109
0.087194,-0.068479,0.586027,-0.120072,0.109154,-0.131753,2082,1777,2470,2887,2022,3109
0.089139,-0.069541,0.592899,-0.113967,0.110216,-0.135459,2068,1777,2470,2887,2009,3109
0.087118,-0.068121,0.577582,-0.125881,0.108795,-0.125623,2054,1777,2470,2887,1996,3109
0.088245,-0.069058,0.581130,-0.122638,0.109732,-0.127452,2042,1777,2470,2887,1985,3109
0.086472,-0.067772,0.568669,-0.132425,0.108447,-0.119537,2030,1777,2470,2887,1975,3109
0.088106,-0.068151,0.571489,-0.129307,0.108826,-0.120489,2017,1777,2470,2887,1967,3109
0.088874,-0.068628,0.571727,-0.128583,0.109302,-0.120140,2005,1777,2470,2887,1961,3109
0.088687,-0.068687,0.567783,-0.131407,0.109362,-0.117380,1994,1777,2470,2887,1954,3109
0.090469,-0.069103,0.571561,-0.127529,0.109778,-0.118931,1984,1777,2470,2887,1948,3109
0.088710,-0.067479,0.554400,-0.140506,0.108154,-0.107566,1973,1777,2470,2887,1941,3109
0.089213,-0.067377,0.553364,-0.140844,0.108051,-0.106465,1962,1777,2470,2887,1933,3109
0.092425,-0.069623,0.567775,-0.128675,0.110297,-0.114827,1951,1777,2470,2888,1925,3109
0.091041,-0.068294,0.553403,-0.139479,0.108969,-0.105248,1942,1777,2470,2889,1917,3109
0.092319,-0.068401,0.554412,-0.137856,0.109075,-0.105116,1926,1777,2470,2891,1905,3109
0.093230,-0.068400,0.554402,-0.137195,0.109074,-0.104488,1921,1777,2470,2892,1902,3109
0.093256,-0.068063,0.546394,-0.142632,0.108737,-0.098608,1911,1777,2470,2893,1895,3109
0.095533,-0.069152,0.553404,-0.136190,0.109826,-0.102189,1901,1777,2470,2894,1887,3109
0.096433,-0.068881,0.550619,-0.137428,0.109555,-0.099537,1890,1777,2471,2895,1877,3109
0.095452,-0.067747,0.538371,-0.146489,0.108422,-0.091238,1878,1777,2471,2895,1867,3109
0.096759,-0.067609,0.537088,-0.146406,0.108284,-0.089409,1867,1777,2471,2895,1856,3109
0.098870,-0.068837,0.542840,-0.140943,0.109512,-0.092183,1855,1777,2471,2895,1845,3109
0.099414,-0.068497,0.537103,-0.144452,0.109172,-0.087611,1844,1777,2471,2895,1834,3109
0.100421,-0.068577,0.538111,-0.143028,0.109251,-0.087663,1832,1777,2471,2895,1824,3109
0.100241,-0.067635,0.528634,-0.149616,0.108310,-0.080848,1819,1777,2471,2895,1812,3109
0.101350,-0.068033,0.528822,-0.148676,0.108707,-0.080230,1806,1777,2471,2895,1801,3109
0.104605,-0.069062,0.534462,-0.142452,0.109737,-0.082142,1793,1777,2471,2895,1789,3109
0.103848,-0.067955,0.522833,-0.150927,0.108630,-0.074144,1781,1777,2471,2895,1779,3109
0.106625,-0.069079,0.530072,-0.143963,0.109754,-0.077552,1767,1777,2471,2895,1769,3109
0.106674,-0.068127,0.520737,-0.150286,0.108801,-0.070685,1754,1777,2471,2895,1758,3109
0.109338,-0.068850,0.523271,-0.146609,0.109525,-0.070725,1741,1777,2471,2895,1747,3109
0.109304,-0.067875,0.513953,-0.152981,0.108549,-0.063927,1728,1777,2471,2895,1736,3109
0.110181,-0.067402,0.509091,-0.155651,0.108077,-0.059769,1716,1777,2471,2895,1725,3109
0.112865,-0.068232,0.513967,-0.150365,0.108906,-0.061511,1703,1777,2471,2895,1713,3109
0.115219,-0.068848,0.514980,-0.147951,0.109522,-0.060649,1692,1777,2471,2895,1704,3109
0.117753,-0.068842,0.514935,-0.146127,0.109517,-0.058890,1681,1777,2471,2895,1695,3109
0.116350,-0.067438,0.501417,-0.156362,0.108113,-0.049949,1670,1777,2471,2895,1685,3109
0.117754,-0.067837,0.501569,-0.155231,0.108512,-0.049104,1660,1777,2471,2895,1676,3109
0.118723,-0.066775,0.494957,-0.159025,0.107449,-0.043603,1649,1777,2471,2895,1666,3109
0.120238,-0.067097,0.494377,-0.158312,0.107772,-0.042146,1639,1777,2471,2895,1657,3109
0.122396,-0.067595,0.494984,-0.156318,0.108269,-0.041121,1629,1777,2471,2896,1645,3109
0.124359,-0.067662,0.495582,-0.154474,0.108336,-0.040221,1619,1777,2471,2896,1632,3109
0.124470,-0.066729,0.487082,-0.160182,0.107403,-0.033923,1609,1777,2471,2896,1618,3109
0.126495,-0.066843,0.488005,-0.158071,0.107518,-0.033219,1599,1777,2471,2896,1604,3109
0.129442,-0.067218,0.488138,-0.155823,0.107893,-0.031309,1573,1777,2471,2896,1570,3109
0.131279,-0.067111,0.487424,-0.154964,0.107785,-0.029535,1567,1777,2471,2896,1563,3109
0.132246,-0.066998,0.481875,-0.158037,0.107673,-0.024814,1558,1777,2471,2896,1550,3109
0.134204,-0.067081,0.482569,-0.156131,0.107756,-0.023988,1547,1777,2471,2896,1539,3109
0.136580,-0.067078,0.482543,-0.154408,0.107753,-0.022351,1536,1777,2471,2896,1527,3109
0.142762,-0.066905,0.474085,-0.155644,0.107579,-0.011948,1493,1777,2471,2896,1484,3109
0.144824,-0.066955,0.474452,-0.153885,0.107630,-0.010811,1481,1777,2471,2897,1473,3109
0.153259,-0.067094,0.468587,-0.151705,0.107769,-0.000772,1434,1777,2471,2897,1432,3109
0.157014,-0.067380,0.471784,-0.146778,0.108054,-0.000554,1422,1777,2471,2897,1423,3109
0.161637,-0.066812,0.463144,-0.149279,0.107486,0.008920,1388,1777,2471,2897,1398,3109
0.167039,-0.066996,0.462333,-0.145877,0.107670,0.013194,1364,1777,2471,2897,1381,3109
0.205472,-0.074303,0.432669,-0.137946,0.114977,0.061091,1191,1777,2435,2887,1162,3109
0.202986,-0.075018,0.432685,-0.139755,0.115693,0.059386,1195,1778,2435,2887,1174,3109
0.201136,-0.074860,0.431770,-0.141733,0.115534,0.058796,1201,1778,2435,2887,1186,3109
0.200173,-0.074434,0.433494,-0.141263,0.115109,0.056877,1211,1778,2435,2887,1192,3109
0.198950,-0.074936,0.434361,-0.141568,0.115610,0.055410,1223,1778,2436,2888,1192,3109
0.195491,-0.074175,0.431028,-0.146371,0.114850,0.055493,1234,1778,2438,2888,1193,3109
0.199424,-0.075798,0.446683,-0.132828,0.116472,0.046711,1246,1778,2438,2889,1195,3109
0.193595,-0.074487,0.440979,-0.140981,0.115161,0.046917,1260,1778,2439,2892,1211,3109
0.186366,-0.072603,0.430991,-0.153077,0.113277,0.049304,1274,1778,2439,2895,1234,3109
0.188249,-0.074177,0.441628,-0.144453,0.114852,0.042800,1291,1778,2439,2895,1253,3109
0.185598,-0.074135,0.443595,-0.145053,0.114810,0.039554,1308,1778,2440,2895,1268,3109
0.180492,-0.073103,0.440854,-0.150658,0.113777,0.038083,1324,1778,2441,2895,1280,3109
0.178640,-0.073688,0.446304,-0.148302,0.114363,0.032831,1340,1778,2443,2895,1293,3109
0.175736,-0.073756,0.448207,-0.149132,0.114431,0.029460,1356,1778,2444,2896,1308,3109
0.171611,-0.073302,0.448567,-0.151907,0.113977,0.026386,1371,1778,2445,2896,1321,3109
0.168102,-0.072273,0.449059,-0.154140,0.112948,0.023636,1386,1778,2445,2896,1332,3109
0.165788,-0.072631,0.454127,-0.152382,0.113305,0.018349,1399,1778,2445,2896,1342,3109
0.161700,-0.072551,0.453690,-0.155672,0.113226,0.015884,1414,1778,2444,2896,1352,3109
0.159740,-0.073359,0.457648,-0.154411,0.114034,0.011651,1428,1778,2444,2896,1365,3109
0.157018,-0.073158,0.458321,-0.155946,0.113833,0.009305,1444,1778,2443,2896,1380,3109
0.153385,-0.073280,0.459262,-0.157964,0.113954,0.006141,1459,1778,2442,2896,1394,3109
0.150184,-0.073253,0.459873,-0.159891,0.113928,0.003513,1474,1778,2441,2896,1407,3109
0.146714,-0.073255,0.459021,-0.163012,0.113930,0.001773,1487,1778,2440,2896,1419,3109
0.145179,-0.073920,0.464388,-0.160480,0.114594,-0.003202,1502,1778,2439,2896,1430,3109
0.141320,-0.073981,0.465015,-0.162878,0.114656,-0.006289,1516,1778,2438,2896,1445,3109
0.137374,-0.073813,0.464036,-0.166434,0.114488,-0.008261,1534,1778,2437,2896,1467,3109
0.137049,-0.075037,0.470118,-0.162529,0.115711,-0.012935,1540,1778,2437,2896,1474,3109
0.134238,-0.074764,0.470941,-0.164026,0.115438,-0.015452,1551,1778,2437,2896,1485,3109
0.131752,-0.074717,0.470577,-0.166094,0.115391,-0.016879,1563,1778,2437,2896,1495,3109
0.131439,-0.075172,0.477176,-0.161828,0.115846,-0.021923,1573,1778,2437,2896,1503,3109
0.128932,-0.074647,0.476414,-0.164182,0.115322,-0.023073,1583,1778,2437,2896,1510,3109
0.126880,-0.074734,0.477793,-0.164746,0.115409,-0.025481,1593,1778,2438,2896,1518,3109
0.126087,-0.075495,0.483047,-0.161748,0.116169,-0.029867,1602,1778,2438,2896,1526,3109
0.124092,-0.074692,0.483032,-0.163218,0.115367,-0.031215,1613,1778,2438,2896,1535,3109
0.123351,-0.075377,0.488784,-0.159842,0.116051,-0.035932,1623,1778,2438,2896,1543,3109
0.121540,-0.075554,0.489863,-0.160433,0.116229,-0.037954,1635,1778,2438,2896,1552,3109
0.119277,-0.075060,0.489176,-0.162558,0.115734,-0.038993,1646,1778,2438,2896,1561,3109
0.115577,-0.073866,0.482774,-0.169627,0.114541,-0.036827,1657,1778,2438,2896,1571,3109
0.114900,-0.074448,0.488773,-0.166037,0.115123,-0.041680,1669,1778,2438,2896,1581,3109
0.114458,-0.075394,0.495350,-0.161880,0.116068,-0.046796,1679,1778,2437,2896,1589,3109
0.112187,-0.075187,0.493873,-0.164549,0.115862,-0.047262,1689,1778,2437,2896,1596,3109
0.111430,-0.075999,0.500514,-0.160579,0.116673,-0.052639,1699,1778,2437,2896,1604,3109
0.109743,-0.075429,0.500074,-0.162114,0.116104,-0.053466,1710,1778,2437,2896,1613,3109
0.105896,-0.074317,0.492934,-0.169795,0.114991,-0.050859,1719,1778,2437,2896,1621,3109
0.106867,-0.075683,0.505213,-0.160719,0.116358,-0.059188,1728,1778,2437,2896,1629,3109
0.104901,-0.074943,0.502176,-0.164227,0.115618,-0.058304,1736,1778,2437,2896,1636,3109
0.103056,-0.074568,0.502123,-0.165614,0.115243,-0.059522,1745,1778,2437,2896,1643,3109
0.103401,-0.076455,0.511718,-0.158825,0.117129,-0.066311,1752,1778,2437,2896,1648,3109
0.101758,-0.075205,0.508155,-0.162455,0.115879,-0.064822,1760,1778,2437,2895,1653,3109
0.100065,-0.075189,0.508058,-0.163761,0.115864,-0.065904,1769,1778,2436,2891,1658,3109
0.098787,-0.075392,0.509217,-0.163907,0.116067,-0.067623,1779,1778,2436,2889,1663,3109
0.096590,-0.074887,0.506145,-0.167608,0.115562,-0.066870,1790,1778,2436,2888,1669,3109
0.095918,-0.076562,0.515639,-0.161633,0.117237,-0.074279,1799,1778,2436,2888,1677,3109
0.094363,-0.076397,0.521879,-0.158520,0.117072,-0.079907,1820,1778,2436,2888,1693,3109
0.091867,-0.075183,0.514819,-0.165158,0.115858,-0.076438,1829,1778,2436,2888,1700,3109
0.091337,-0.075916,0.521193,-0.161204,0.116590,-0.081466,1838,1778,2436,2888,1708,3109
0.090673,-0.075243,0.522869,-0.160547,0.115918,-0.083145,1848,1778,2436,2888,1717,3109
0.089503,-0.075294,0.523174,-0.161196,0.115969,-0.084165,1859,1778,2436,2888,1724,3109
0.088315,-0.075151,0.524429,-0.161212,0.115826,-0.085893,1868,1778,2436,2888,1732,3109
0.086553,-0.075699,0.528362,-0.159822,0.116373,-0.089973,1890,1778,2436,2889,1753,3109
0.085405,-0.075605,0.529684,-0.159762,0.116280,-0.091722,1902,1778,2436,2891,1765,3109
0.085587,-0.075926,0.534537,-0.156323,0.116600,-0.095152,1916,1778,2436,2893,1777,3109
0.084505,-0.075699,0.536056,-0.156080,0.116374,-0.097001,1928,1778,2437,2895,1788,3109
0.083761,-0.074974,0.536440,-0.156364,0.115649,-0.097789,1940,1778,2439,2896,1799,3109
0.084865,-0.075493,0.544938,-0.149767,0.116168,-0.103258,1953,1778,2441,2896,1809,3109
0.084212,-0.075154,0.546631,-0.149092,0.115828,-0.104942,1965,1778,2441,2896,1820,3109
0.084946,-0.075193,0.553981,-0.143547,0.115868,-0.109823,1978,1778,2441,2896,1831,3109
0.083620,-0.074554,0.552971,-0.145206,0.115228,-0.109987,1991,1778,2441,2896,1843,3109
0.083527,-0.074956,0.560516,-0.140135,0.115630,-0.115574,2004,1778,2441,2896,1857,3109
0.083011,-0.074966,0.563081,-0.138765,0.115640,-0.117804,2017,1778,2441,2896,1869,3109
0.082809,-0.075344,0.569267,-0.134700,0.116019,-0.122470,2030,1778,2439,2896,1880,3109
0.081854,-0.075327,0.569144,-0.135482,0.116002,-0.123030,2043,1778,2438,2896,1890,3109
0.081331,-0.076088,0.572278,-0.133730,0.116763,-0.125681,2056,1778,2437,2895,1900,3109
0.080732,-0.076480,0.575343,-0.132081,0.117154,-0.128333,2068,1778,2436,2895,1911,3109
0.080224,-0.076634,0.576539,-0.131638,0.117309,-0.129555,2081,1778,2436,2894,1924,3109
0.079394,-0.076103,0.576800,-0.132068,0.116778,-0.130311,2094,1778,2436,2894,1938,3109
0.079129,-0.076202,0.580845,-0.129507,0.116877,-0.133453,2107,1778,2437,2894,1953,3109
0.079634,-0.076478,0.587716,-0.124457,0.117152,-0.138139,2119,1778,2438,2894,1965,3109
0.079653,-0.076065,0.589030,-0.123547,0.116740,-0.139088,2131,1778,2439,2894,1979,3109
0.079856,-0.075772,0.590520,-0.122384,0.116446,-0.140041,2143,1778,2441,2894,1992,3109
0.081175,-0.076179,0.599444,-0.115339,0.116853,-0.145676,2155,1778,2442,2894,2006,3109
0.080323,-0.074780,0.590373,-0.122143,0.115455,-0.139615,2168,1778,2443,2894,2021,3109
0.080483,-0.074100,0.590245,-0.122112,0.114775,-0.139413,2181,1778,2443,2895,2035,3109
0.083464,-0.075731,0.609768,-0.106631,0.116406,-0.151675,2193,1778,2443,2895,2050,3109
0.083044,-0.075102,0.605059,-0.110147,0.115776,-0.148513,2206,1778,2443,2895,2065,3109
0.083953,-0.074714,0.609669,-0.106340,0.115389,-0.151270,2224,1778,2442,2895,2086,3109
0.083953,-0.074714,0.609669,-0.106340,0.115389,-0.151270,2230,1778,2442,2895,2093,3109
0.083953,-0.074714,0.609669,-0.106340,0.115389,-0.151270,2240,1778,2442,2896,2103,3109
0.085976,-0.075674,0.621139,-0.097046,0.116348,-0.158289,2250,1778,2442,2896,2114,3109
0.083612,-0.074251,0.605517,-0.109418,0.114925,-0.148462,2261,1778,2442,2896,2126,3109
0.085022,-0.073504,0.608162,-0.106584,0.114179,-0.149438,2284,1778,2444,2897,2148,3109
0.087099,-0.074773,0.620535,-0.096636,0.115448,-0.157082,2295,1778,2445,2897,2159,3109
0.089129,-0.074710,0.626808,-0.090876,0.115385,-0.160291,2307,1778,2445,2897,2169,3109
0.091291,-0.075243,0.637152,-0.082247,0.115917,-0.166391,2319,1778,2445,2897,2180,3109
0.091726,-0.075174,0.636544,-0.082343,0.115848,-0.165650,2332,1778,2445,2897,2191,3109
0.091904,-0.073921,0.632182,-0.085184,0.114596,-0.162335,2344,1778,2445,2897,2205,3109
0.094602,-0.075399,0.645094,-0.074413,0.116073,-0.169950,2357,1778,2445,2897,2218,3109
0.095957,-0.075246,0.648512,-0.071093,0.115921,-0.171530,2369,1778,2445,2897,2232,3109
0.093674,-0.073196,0.631200,-0.084557,0.113871,-0.160410,2384,1778,2445,2897,2247,3109
0.095993,-0.074709,0.643732,-0.074322,0.115384,-0.168006,2397,1778,2445,2897,2261,3109
0.092020,-0.071063,0.614117,-0.097405,0.111738,-0.149031,2410,1778,2445,2897,2275,3109
0.100701,-0.075806,0.660354,-0.059553,0.116480,-0.176968,2424,1778,2445,2897,2288,3109
0.103098,-0.076560,0.669204,-0.051770,0.117235,-0.181815,2439,1778,2445,2897,2303,3109
0.103204,-0.075756,0.665017,-0.054544,0.116431,-0.178676,2454,1778,2445,2897,2319,3109
0.105258,-0.075982,0.668968,-0.050349,0.116656,-0.180170,2469,1778,2445,2897,2337,3109
0.106482,-0.075512,0.669706,-0.048950,0.116186,-0.179876,2485,1778,2445,2897,2353,3109
0.110325,-0.076562,0.681513,-0.038094,0.117237,-0.185903,2501,1778,2445,2897,2369,3109
0.110555,-0.075868,0.673000,-0.043724,0.116543,-0.179513,2516,1778,2445,2897,2383,3109
0.112816,-0.075223,0.677503,-0.039002,0.115897,-0.181270,2530,1778,2445,2897,2396,3109
0.113507,-0.074739,0.673468,-0.041244,0.115414,-0.177845,2543,1778,2445,2897,2409,3109
0.115690,-0.075063,0.676242,-0.037757,0.115737,-0.178389,2557,1778,2445,2897,2424,3109
0.118648,-0.075940,0.686169,-0.028829,0.116614,-0.183641,2571,1778,2445,2897,2439,3109
0.120387,-0.075060,0.684033,-0.029011,0.115735,-0.180893,2583,1778,2445,2897,2452,3109
0.120139,-0.073946,0.676216,-0.034517,0.114621,-0.175340,2597,1778,2445,2897,2465,3109
0.122314,-0.074094,0.677384,-0.032129,0.114768,-0.174713,2608,1778,2445,2897,2478,3109
0.127696,-0.075913,0.699560,-0.013083,0.116587,-0.187282,2626,1778,2445,2897,2501,3109
0.126661,-0.074870,0.686759,-0.022560,0.115545,-0.178615,2632,1778,2445,2897,2508,3109
0.131211,-0.075949,0.699878,-0.010293,0.116623,-0.185121,2641,1778,2445,2897,2520,3109
0.132383,-0.075960,0.699981,-0.009365,0.116635,-0.184398,2652,1778,2445,2897,2531,3109
0.135066,-0.076356,0.703327,-0.005121,0.117031,-0.185020,2665,1778,2445,2897,2544,3109
0.135445,-0.075725,0.697175,-0.009034,0.116400,-0.180257,2680,1778,2445,2897,2560,3109
0.144960,-0.076475,0.712796,0.008572,0.117150,-0.185213,2731,1777,2445,2897,2613,3109
0.148635,-0.076095,0.714721,0.012574,0.116769,-0.184118,2746,1777,2445,2897,2628,3109
0.150791,-0.072911,0.689947,-0.002723,0.113585,-0.164513,2783,1777,2445,2894,2671,3109
0.158171,-0.075367,0.715336,0.019974,0.116041,-0.178073,2788,1777,2445,2891,2679,3109
0.163668,-0.076112,0.728950,0.033273,0.116787,-0.184295,2786,1777,2444,2888,2680,3109
0.163416,-0.076177,0.729525,0.033479,0.116852,-0.184887,2785,1777,2444,2888,2677,3109
0.162451,-0.076104,0.728875,0.032331,0.116779,-0.185069,2783,1777,2444,2888,2675,3109
0.161587,-0.076189,0.729242,0.031948,0.116863,-0.185926,2774,1777,2444,2888,2673,3109
0.159868,-0.076157,0.726890,0.029087,0.116831,-0.185375,2765,1777,2444,2888,2672,3109
0.156727,-0.074943,0.714893,0.018616,0.115618,-0.178732,2756,1777,2444,2888,2671,3109
0.152387,-0.075718,0.713059,0.014189,0.116392,-0.180345,2730,1777,2444,2888,2651,3109
0.148951,-0.075019,0.701821,0.004019,0.115694,-0.174459,2717,1777,2444,2888,2629,3109
0.147121,-0.074801,0.699911,0.001377,0.115475,-0.174307,2704,1777,2444,2888,2606,3109
0.145005,-0.075069,0.702298,0.001454,0.115744,-0.177495,2689,1777,2444,2888,2586,3109
0.142476,-0.074781,0.699737,-0.002142,0.115456,-0.177343,2675,1777,2444,2888,2568,3109
0.139657,-0.074512,0.697316,-0.005855,0.115187,-0.177491,2660,1777,2444,2888,2554,3109
0.137752,-0.076593,0.710222,0.001541,0.117267,-0.188238,2630,1777,2443,2888,2525,3109
0.133554,-0.075972,0.700082,-0.008438,0.116646,-0.183673,2616,1777,2443,2888,2510,3109
0.128868,-0.075925,0.699668,-0.012152,0.116600,-0.186563,2589,1777,2443,2888,2480,3109
0.126802,-0.076298,0.697822,-0.014922,0.116972,-0.186618,2574,1777,2443,2888,2467,3109
0.121314,-0.075550,0.686146,-0.026893,0.116225,-0.181809,2547,1777,2443,2888,2442,3109
0.114571,-0.075059,0.676209,-0.038598,0.115734,-0.179127,2504,1777,2444,2888,2399,3109
0.114435,-0.076333,0.684597,-0.032984,0.117007,-0.185361,2489,1777,2444,2888,2382,3109
0.111519,-0.075432,0.674589,-0.041937,0.116107,-0.180020,2464,1777,2444,2888,2353,3109
0.110528,-0.076316,0.679308,-0.039447,0.116990,-0.184150,2457,1777,2444,2888,2344,3109
0.107635,-0.075596,0.670513,-0.047557,0.116271,-0.179682,2443,1777,2444,2888,2328,3109
0.106769,-0.075786,0.672931,-0.046543,0.116460,-0.182042,2427,1777,2444,2888,2311,3109
0.104514,-0.075836,0.667684,-0.051768,0.116511,-0.179737,2410,1777,2444,2888,2293,3109
0.103703,-0.076121,0.671026,-0.050086,0.116796,-0.182735,2392,1777,2444,2888,2275,3109
0.095894,-0.073307,0.637308,-0.078771,0.113982,-0.163370,2359,1777,2444,2890,2239,3109
0.096809,-0.075398,0.650369,-0.069204,0.116073,-0.172309,2343,1777,2444,2890,2222,3109
0.094758,-0.075577,0.646701,-0.073204,0.116252,-0.171020,2326,1777,2445,2891,2206,3109
0.092964,-0.074639,0.637188,-0.080998,0.115314,-0.165278,2309,1777,2445,2891,2190,3109
0.092749,-0.075719,0.643285,-0.077001,0.116394,-0.169888,2292,1777,2445,2891,2173,3109
0.091291,-0.075243,0.637152,-0.082247,0.115917,-0.166391,2277,1777,2445,2891,2159,3109
0.089446,-0.074437,0.628711,-0.089347,0.115112,-0.161468,2261,1777,2445,2891,2144,3109
0.086009,-0.072489,0.608056,-0.105934,0.113164,-0.148688,2245,1777,2445,2891,2130,3109
0.088027,-0.075249,0.626286,-0.092038,0.115923,-0.160660,2229,1777,2445,2891,2115,3109
0.087367,-0.075042,0.625290,-0.093200,0.115717,-0.160380,2214,1777,2445,2891,2099,3109
0.084978,-0.073688,0.609503,-0.105703,0.114362,-0.150450,2199,1777,2445,2891,2082,3109
0.084560,-0.074258,0.609267,-0.106169,0.114933,-0.150562,2186,1777,2445,2892,2065,3109
0.084451,-0.074711,0.609645,-0.105992,0.115386,-0.150913,2171,1777,2445,2893,2048,3109
0.084672,-0.074558,0.609914,-0.105647,0.115233,-0.150959,2156,1777,2445,2893,2031,3109
0.082591,-0.073522,0.594375,-0.117755,0.114197,-0.141000,2141,1777,2445,2893,2016,3109
0.084057,-0.075118,0.605184,-0.109319,0.115792,-0.147915,2124,1777,2445,2894,1997,3109
0.081873,-0.073624,0.589099,-0.121875,0.114298,-0.137627,2111,1777,2445,2895,1984,3109
0.082455,-0.074611,0.590449,-0.120529,0.115286,-0.138219,2095,1777,2445,2895,1967,3109
0.082868,-0.074617,0.589277,-0.121025,0.115292,-0.137080,2079,1777,2445,2896,1951,3109
0.082902,-0.074241,0.586464,-0.122917,0.114915,-0.134997,2066,1777,2445,2896,1937,3109
0.084227,-0.075769,0.590487,-0.119206,0.116444,-0.137040,2052,1777,2445,2896,1925,3109
0.082083,-0.073887,0.572155,-0.133264,0.114562,-0.125079,2040,1777,2445,2897,1914,3109
0.082698,-0.073757,0.571344,-0.133366,0.114431,-0.124067,2027,1777,2445,2897,1903,3109
0.083083,-0.073373,0.567824,-0.135482,0.114048,-0.121227,2018,1777,2445,2897,1895,3109
0.084212,-0.074248,0.572651,-0.131367,0.114923,-0.123992,2007,1777,2445,2897,1883,3109
0.084700,-0.074423,0.569378,-0.133239,0.115097,-0.121263,1996,1777,2445,2897,1871,3109
0.084952,-0.074309,0.567821,-0.134115,0.114983,-0.119951,1984,1777,2446,2897,1857,3109
0.083732,-0.073042,0.554987,-0.143751,0.113717,-0.111387,1971,1778,2446,2897,1843,3109
0.084372,-0.072955,0.554525,-0.143598,0.113629,-0.110613,1955,1778,2446,2897,1828,3109
0.085127,-0.073309,0.553870,-0.143490,0.113984,-0.109619,1939,1778,2446,2897,1811,3109
0.086384,-0.073673,0.553177,-0.143042,0.114347,-0.108256,1924,1778,2445,2897,1794,3109
0.087333,-0.074619,0.553427,-0.142178,0.115293,-0.107792,1907,1778,2445,2897,1778,3109
0.087617,-0.074055,0.547420,-0.146061,0.114730,-0.103200,1890,1778,2445,2897,1761,3109
0.089496,-0.074979,0.548681,-0.143827,0.115654,-0.102844,1874,1778,2445,2897,1745,3109
0.089732,-0.074036,0.538894,-0.150320,0.114710,-0.095518,1858,1778,2445,2897,1729,3109
0.091099,-0.073647,0.536481,-0.150963,0.114322,-0.092820,1840,1778,2445,2897,1712,3109
0.093427,-0.074859,0.538694,-0.147752,0.115534,-0.092854,1826,1778,2445,2897,1699,3109
0.093510,-0.073906,0.529863,-0.153706,0.114581,-0.086333,1811,1778,2445,2897,1687,3109
0.094393,-0.073259,0.524011,-0.157046,0.113934,-0.081447,1798,1778,2445,2897,1677,3109
0.097985,-0.074890,0.530971,-0.149676,0.115564,-0.084095,1784,1778,2445,2897,1666,3109
0.096887,-0.073159,0.515416,-0.161075,0.113834,-0.073455,1770,1778,2445,2897,1656,3109
0.097732,-0.072438,0.508927,-0.164877,0.113113,-0.068129,1756,1778,2445,2897,1644,3109
0.100926,-0.073636,0.513933,-0.159128,0.114311,-0.069618,1743,1778,2445,2897,1632,3109
0.101864,-0.073393,0.509897,-0.161191,0.114068,-0.066025,1729,1778,2445,2897,1619,3109
0.104024,-0.073391,0.509901,-0.159608,0.114066,-0.064556,1713,1778,2445,2897,1605,3109
0.103395,-0.071773,0.495703,-0.169740,0.112447,-0.054590,1698,1778,2445,2897,1592,3109
0.107186,-0.073110,0.501655,-0.162909,0.113784,-0.056365,1674,1778,2445,2897,1570,3109
0.108620,-0.072807,0.496637,-0.165278,0.113481,-0.051715,1666,1778,2445,2897,1564,3109
0.112333,-0.074057,0.502503,-0.158563,0.114732,-0.053480,1650,1778,2445,2897,1551,3109
0.113767,-0.073430,0.495882,-0.162024,0.114104,-0.047656,1635,1778,2445,2897,1539,3109
0.114608,-0.072828,0.488095,-0.166713,0.113503,-0.041382,1619,1778,2445,2897,1525,3109
0.118136,-0.072924,0.489149,-0.163412,0.113599,-0.039751,1604,1778,2445,2897,1512,3109
0.119917,-0.073014,0.484459,-0.165303,0.113689,-0.035104,1588,1778,2445,2897,1499,3109
0.123437,-0.073285,0.485148,-0.162256,0.113960,-0.033210,1572,1778,2445,2897,1485,3109
0.125090,-0.073345,0.480149,-0.164451,0.114019,-0.028425,1556,1778,2445,2897,1473,3109
0.127534,-0.073239,0.479147,-0.163345,0.113913,-0.026026,1540,1778,2445,2897,1461,3109
0.130197,-0.072675,0.473398,-0.165311,0.113350,-0.020003,1526,1778,2445,2897,1452,3109
0.134865,-0.073824,0.479597,-0.157671,0.114498,-0.021362,1512,1778,2445,2897,1443,3109
0.135821,-0.072876,0.471224,-0.162675,0.113550,-0.014581,1499,1778,2445,2897,1436,3109
0.137316,-0.072269,0.466979,-0.164472,0.112944,-0.010455,1487,1778,2445,2897,1428,3109
0.141566,-0.073514,0.470206,-0.159162,0.114188,-0.009922,1474,1778,2445,2897,1421,3109
0.142116,-0.072250,0.460723,-0.165219,0.112925,-0.002605,1460,1778,2445,2897,1410,3109
0.144396,-0.072252,0.460736,-0.163541,0.112927,-0.001061,1452,1778,2445,2897,1403,3109
0.146152,-0.071873,0.457218,-0.164652,0.112547,0.002710,1443,1778,2445,2897,1398,3109
0.149723,-0.072639,0.460782,-0.159610,0.113314,0.002534,1433,1778,2445,2897,1393,3109
0.150828,-0.072607,0.456678,-0.161597,0.113282,0.006291,1425,1778,2445,2897,1390,3109
0.152669,-0.072128,0.456447,-0.160406,0.112803,0.007714,1418,1778,2445,2897,1389,3109
0.154051,-0.072209,0.454448,-0.160756,0.112884,0.010119,1410,1778,2445,2897,1387,3109
0.155542,-0.071850,0.451154,-0.161908,0.112525,0.013547,1403,1778,2445,2897,1381,3109
0.156473,-0.071681,0.450034,-0.161990,0.112356,0.015000,1395,1778,2445,2897,1375,3109
0.158380,-0.071705,0.450192,-0.160485,0.112380,0.016184,1387,1778,2445,2897,1368,3109
0.161135,-0.072318,0.452745,-0.156729,0.112993,0.016192,1379,1778,2445,2897,1361,3109
0.162069,-0.071698,0.450144,-0.157818,0.112373,0.018732,1372,1778,2445,2897,1357,3109
0.164860,-0.072317,0.452736,-0.154009,0.112991,0.018735,1365,1778,2445,2897,1353,3109
0.166883,-0.072469,0.453731,-0.151850,0.113144,0.019385,1359,1778,2445,2897,1348,3109
0.167214,-0.071828,0.449561,-0.154448,0.112503,0.022663,1352,1778,2445,2897,1344,3109
0.170074,-0.072315,0.452726,-0.150199,0.112990,0.022294,1347,1778,2446,2897,1341,3109
0.170550,-0.072052,0.450030,-0.151686,0.112726,0.024592,1342,1779,2446,2897,1340,3109
0.170885,-0.071301,0.447529,-0.153145,0.111976,0.026652,1338,1779,2446,2897,1340,3109
0.170015,-0.070280,0.442292,-0.157349,0.110955,0.029893,1337,1779,2446,2897,1339,3109
0.172181,-0.070702,0.445089,-0.153858,0.111377,0.029321,1337,1779,2447,2897,1339,3109
0.172910,-0.070701,0.445078,-0.153332,0.111375,0.029825,1337,1779,2447,2898,1339,3109
0.173619,-0.070898,0.446414,-0.151902,0.111572,0.029330,1336,1779,2447,2898,1339,3109
0.174880,-0.071038,0.448268,-0.149717,0.111713,0.028832,1336,1779,2447,2898,1339,3109
0.173638,-0.070699,0.445067,-0.152806,0.111374,0.030329,1335,1779,2447,2898,1339,3109
0.173075,-0.070414,0.443172,-0.154509,0.111088,0.031333,1328,1779,2447,2898,1339,3109
0.173847,-0.070563,0.444162,-0.153270,0.111237,0.031134,1320,1779,2448,2898,1339,3109
0.175929,-0.071050,0.449116,-0.148371,0.111724,0.028926,1314,1779,2449,2898,1339,3109
0.176704,-0.069944,0.445901,-0.149994,0.110619,0.031807,1306,1779,2451,2898,1339,3109
0.178196,-0.069816,0.444065,-0.150152,0.110491,0.034168,1298,1779,2454,2898,1339,3109
0.179500,-0.069686,0.443194,-0.149791,0.110361,0.035694,1288,1779,2459,2898,1335,3109
0.181665,-0.068947,0.443136,-0.148246,0.109621,0.037211,1279,1779,2465,2898,1321,3109
0.184562,-0.068031,0.444388,-0.145272,0.108706,0.038268,1271,1779,2471,2898,1305,3109
0.188739,-0.067167,0.449590,-0.138669,0.107841,0.037305,1261,1779,2476,2898,1293,3109
0.185994,-0.066708,0.445353,-0.143565,0.107383,0.038537,1279,1770,2475,2888,1229,3109
0.183085,-0.067867,0.443212,-0.147154,0.108541,0.038123,1293,1767,2465,2897,1229,3109
0.184285,-0.069947,0.448349,-0.142776,0.110622,0.035179,1299,1767,2459,2898,1230,3109
0.181279,-0.070628,0.445564,-0.146874,0.111302,0.035170,1308,1767,2452,2898,1230,3109
0.180473,-0.072709,0.449479,-0.144797,0.113384,0.031755,1316,1767,2446,2898,1231,3109
0.176939,-0.073846,0.446965,-0.149097,0.114520,0.031189,1321,1767,2444,2898,1239,3109
0.176770,-0.075673,0.449475,-0.147511,0.116348,0.029236,1325,1767,2443,2898,1251,3109
0.172049,-0.075050,0.440251,-0.157250,0.115724,0.032773,1333,1767,2443,2898,1261,3109
0.171712,-0.075596,0.443582,-0.155228,0.116270,0.030105,1344,1768,2443,2898,1265,3109
0.172326,-0.076413,0.449468,-0.150769,0.117088,0.026213,1353,1768,2443,2898,1268,3109
0.168867,-0.075433,0.445726,-0.155850,0.116107,0.026597,1359,1768,2443,2898,1273,3109
0.167052,-0.075290,0.446237,-0.156831,0.115964,0.024987,1367,1769,2443,2898,1281,3109
0.168237,-0.076495,0.455505,-0.149650,0.117169,0.019009,1374,1769,2444,2898,1288,3109
0.164682,-0.075450,0.450401,-0.155730,0.116125,0.020324,1383,1770,2444,2898,1295,3109
0.163640,-0.075508,0.453139,-0.154628,0.116183,0.017610,1392,1772,2444,2898,1304,3109
0.160950,-0.074794,0.450955,-0.158085,0.115469,0.017376,1402,1773,2444,2898,1314,3109
0.159278,-0.074683,0.453100,-0.157848,0.115357,0.014667,1415,1773,2444,2898,1327,3109
0.157702,-0.074979,0.455418,-0.157423,0.115653,0.011896,1427,1773,2444,2898,1337,3109
0.155719,-0.074834,0.456865,-0.157889,0.115508,0.009485,1438,1773,2444,2898,1345,3109
0.154591,-0.075858,0.461932,-0.155262,0.116532,0.005008,1452,1773,2444,2898,1354,3109
0.152922,-0.076013,0.465510,-0.154047,0.116687,0.001251,1475,1773,2444,2898,1370,3109
0.149925,-0.075660,0.465745,-0.156081,0.116335,-0.000962,1484,1773,2443,2898,1377,3109
0.144820,-0.074971,0.461131,-0.162961,0.115645,-0.001062,1498,1773,2443,2898,1389,3109
0.143010,-0.075534,0.465740,-0.161147,0.116209,-0.005669,1513,1773,2443,2898,1402,3109
0.140979,-0.075778,0.470316,-0.159517,0.116453,-0.010403,1537,1773,2443,2898,1420,3109
0.137166,-0.075487,0.470523,-0.162168,0.116162,-0.013152,1545,1773,2443,2898,1426,3109
0.133821,-0.075352,0.470530,-0.164612,0.116027,-0.015435,1558,1773,2443,2898,1438,3109
0.130355,-0.074494,0.469537,-0.167825,0.115168,-0.017069,1573,1774,2443,2898,1452,3109
0.128720,-0.074712,0.474021,-0.165967,0.115387,-0.021466,1587,1774,2443,2898,1465,3109
0.124608,-0.074018,0.472015,-0.170345,0.114693,-0.022798,1602,1774,2443,2898,1477,3109
0.125256,-0.075578,0.484458,-0.161395,0.116253,-0.031466,1616,1774,2443,2898,1488,3109
0.120813,-0.074429,0.478387,-0.168783,0.115103,-0.030048,1628,1774,2443,2898,1496,3109
0.120729,-0.075523,0.487922,-0.162349,0.116198,-0.037086,1642,1774,2443,2898,1505,3109
0.116768,-0.074311,0.482375,-0.169028,0.114986,-0.035723,1657,1773,2443,2898,1516,3109
0.115768,-0.074994,0.489056,-0.165208,0.115669,-0.041296,1672,1773,2443,2898,1528,3109
0.111121,-0.073775,0.481564,-0.173714,0.114450,-0.038976,1685,1773,2444,2898,1540,3109
0.111020,-0.074927,0.492752,-0.166167,0.115602,-0.047236,1700,1773,2445,2898,1551,3109
0.109023,-0.074189,0.492149,-0.168039,0.114863,-0.048155,1714,1774,2446,2898,1560,3109
0.107597,-0.074981,0.499181,-0.164294,0.115656,-0.054274,1727,1774,2449,2898,1571,3109
0.105392,-0.074057,0.498469,-0.166393,0.114732,-0.055255,1742,1774,2451,2898,1582,3109
0.102955,-0.072724,0.497729,-0.168681,0.113398,-0.056374,1760,1774,2452,2898,1595,3109
0.102495,-0.072399,0.503483,-0.165099,0.113073,-0.060899,1777,1774,2452,2898,1606,3109
0.101010,-0.072335,0.508585,-0.162710,0.113010,-0.065646,1795,1774,2452,2898,1617,3109
0.098831,-0.072586,0.511175,-0.162541,0.113261,-0.069026,1813,1774,2452,2898,1628,3109
0.095318,-0.070935,0.504798,-0.169456,0.111609,-0.066751,1833,1774,2452,2898,1640,3109
0.094793,-0.072214,0.516975,-0.161547,0.112888,-0.076023,1853,1774,2452,2898,1652,3109
0.094805,-0.073688,0.528840,-0.153456,0.114363,-0.084701,1872,1774,2452,2898,1665,3109
0.092129,-0.073154,0.529964,-0.154648,0.113829,-0.087348,1891,1774,2452,2898,1680,3109
0.089832,-0.072774,0.530369,-0.156055,0.113449,-0.089208,1910,1774,2452,2898,1699,3109
0.088328,-0.072447,0.534246,-0.154515,0.113121,-0.093072,1928,1774,2452,2898,1720,3109
0.086938,-0.072798,0.537485,-0.153326,0.113473,-0.096389,1947,1774,2452,2898,1741,3109
0.087683,-0.074667,0.553298,-0.142009,0.115342,-0.107459,1976,1774,2453,2898,1773,3109
0.084812,-0.072742,0.543930,-0.150492,0.113417,-0.102556,1986,1774,2453,2898,1782,3109
0.085127,-0.073309,0.553870,-0.143490,0.113984,-0.109619,2001,1774,2453,2898,1798,3109
0.084809,-0.073299,0.559878,-0.139631,0.113974,-0.114234,2018,1774,2452,2898,1817,3109
0.084700,-0.074423,0.569378,-0.133239,0.115097,-0.121263,2035,1773,2450,2898,1838,3109
0.083745,-0.074406,0.569259,-0.134019,0.115081,-0.121826,2051,1773,2448,2898,1857,3109
0.082718,-0.074717,0.571486,-0.133254,0.115391,-0.124157,2066,1773,2445,2897,1872,3109
0.080883,-0.074356,0.568896,-0.136362,0.115031,-0.123510,2080,1773,2444,2895,1884,3109
0.081750,-0.075955,0.580260,-0.127986,0.116629,-0.131240,2093,1773,2444,2894,1896,3109
0.080115,-0.076054,0.579525,-0.129684,0.116729,-0.131815,2107,1773,2444,2894,1911,3109
0.079156,-0.076049,0.579485,-0.130413,0.116724,-0.132439,2123,1773,2444,2895,1927,3109
0.079884,-0.076040,0.584714,-0.126318,0.116715,-0.135771,2140,1773,2444,2897,1946,3109
0.080828,-0.075772,0.590519,-0.121673,0.116447,-0.139378,2171,1773,2449,2897,1988,3109
0.081476,-0.075116,0.594553,-0.118451,0.115791,-0.141890,2188,1773,2451,2897,2009,3109
0.082308,-0.074458,0.597251,-0.116003,0.115133,-0.143299,2206,1773,2452,2897,2030,3109
0.083335,-0.073700,0.599203,-0.113922,0.114375,-0.144028,2224,1773,2452,2897,2052,3109
0.084108,-0.073246,0.600423,-0.112525,0.113921,-0.144395,2242,1773,2452,2897,2073,3109
0.086707,-0.074157,0.615101,-0.100624,0.114831,-0.153371,2260,1773,2452,2897,2093,3109
0.088414,-0.075058,0.625416,-0.092347,0.115733,-0.159759,2274,1773,2452,2896,2108,3109
0.087876,-0.074322,0.620286,-0.096236,0.114996,-0.156370,2289,1773,2452,2893,2125,3109
0.089899,-0.074641,0.630242,-0.087974,0.115316,-0.162281,2303,1773,2452,2893,2142,3109
0.088590,-0.073560,0.621585,-0.094828,0.114235,-0.156835,2318,1773,2452,2893,2160,3109
0.092221,-0.075607,0.643311,-0.077371,0.116282,-0.170267,2335,1773,2452,2893,2179,3109
0.093503,-0.076140,0.646997,-0.073922,0.116815,-0.172092,2354,1773,2452,2893,2198,3109
0.091036,-0.072934,0.624859,-0.090808,0.113609,-0.157566,2370,1773,2452,2893,2214,3109
0.094862,-0.074711,0.641934,-0.076375,0.115385,-0.167460,2387,1774,2452,2893,2230,3109
0.097347,-0.074573,0.652335,-0.067471,0.115248,-0.173382,2402,1774,2452,2893,2245,3109
0.098961,-0.074364,0.654434,-0.064859,0.115039,-0.173819,2419,1773,2452,2893,2262,3109
0.102265,-0.075801,0.667362,-0.053634,0.116475,-0.181032,2436,1772,2452,2893,2281,3109
0.099669,-0.073210,0.643427,-0.071839,0.113884,-0.165279,2450,1772,2452,2893,2296,3109
0.102360,-0.073716,0.649802,-0.065526,0.114390,-0.168113,2464,1772,2452,2893,2309,3109
0.106769,-0.075786,0.672931,-0.046543,0.116460,-0.182042,2482,1772,2452,2893,2324,3109
0.102784,-0.072028,0.638672,-0.072798,0.112703,-0.159675,2495,1772,2452,2893,2337,3109
0.107302,-0.074147,0.660162,-0.054851,0.114821,-0.172330,2510,1772,2452,2893,2354,3109
0.111252,-0.074713,0.673240,-0.043050,0.115387,-0.179215,2528,1772,2452,2893,2370,3109
0.115194,-0.075825,0.685114,-0.032077,0.116499,-0.185222,2546,1773,2452,2893,2388,3109
0.116701,-0.075213,0.684678,-0.031269,0.115887,-0.183876,2563,1773,2452,2893,2405,3109
0.118997,-0.075238,0.684919,-0.029425,0.115913,-0.182489,2580,1773,2452,2893,2423,3109
0.120916,-0.074814,0.686223,-0.027132,0.115489,-0.182136,2598,1773,2452,2893,2440,3109
0.125207,-0.075733,0.697211,-0.016505,0.116408,-0.187258,2616,1773,2452,2893,2459,3109
0.126762,-0.075105,0.696745,-0.015684,0.115780,-0.185857,2634,1773,2452,2893,2478,3109
0.128764,-0.074113,0.690551,-0.018438,0.114788,-0.179959,2652,1773,2452,2893,2498,3109
0.130525,-0.074010,0.689441,-0.017905,0.114684,-0.177947,2672,1773,2452,2892,2521,3109
0.135186,-0.074826,0.699547,-0.007608,0.115500,-0.182170,2692,1773,2452,2892,2544,3109
0.140169,-0.075464,0.710626,0.003587,0.116139,-0.186887,2712,1773,2452,2892,2567,3109
0.144027,-0.076071,0.713981,0.008697,0.116746,-0.186716,2732,1773,2452,2892,2589,3109
0.147820,-0.075506,0.714710,0.011969,0.116180,-0.184665,2752,1773,2452,2892,2610,3109
0.151387,-0.075097,0.716168,0.015574,0.115771,-0.183302,2773,1773,2452,2892,2631,3109
0.154275,-0.075014,0.715185,0.017019,0.115689,-0.180616,2794,1773,2452,2892,2654,3109
0.161587,-0.076189,0.729242,0.031948,0.116863,-0.185926,2815,1773,2452,2892,2678,3109
0.162280,-0.074432,0.718849,0.025376,0.115107,-0.177846,2836,1773,2452,2891,2700,3109
0.170140,-0.074662,0.720031,0.031935,0.115336,-0.173357,2876,1773,2452,2889,2743,3109
0.175784,-0.074962,0.729418,0.042462,0.115637,-0.176384,2896,1773,2452,2889,2764,3109
0.183902,-0.076336,0.745675,0.059479,0.117010,-0.182756,2915,1773,2452,2889,2786,3109
0.180156,-0.074636,0.726368,0.043585,0.115310,-0.171173,2840,1773,2452,2888,2707,3109
0.180197,-0.076439,0.742994,0.054941,0.117114,-0.183317,2819,1773,2452,2888,2685,3109
0.167559,-0.073245,0.709298,0.022734,0.113919,-0.167257,2789,1773,2452,2888,2652,3109
0.169392,-0.075597,0.732986,0.040213,0.116271,-0.183350,2776,1773,2452,2888,2637,3109
0.164885,-0.076120,0.729023,0.034213,0.116795,-0.183519,2756,1774,2450,2888,2614,3109
0.160429,-0.075684,0.726868,0.029483,0.116359,-0.184977,2732,1774,2448,2888,2586,3109
0.155966,-0.075402,0.725421,0.025230,0.116077,-0.186957,2708,1775,2445,2887,2559,3109
0.143823,-0.075538,0.711339,0.006747,0.116213,-0.184920,2661,1777,2442,2887,2509,3109
0.134991,-0.076648,0.707845,-0.002099,0.117322,-0.188378,2620,1777,2441,2886,2474,3109
0.130434,-0.076356,0.703330,-0.008510,0.117030,-0.188177,2603,1777,2441,2886,2462,3109
0.119417,-0.074994,0.682642,-0.030669,0.115669,-0.180536,2560,1779,2430,2886,2437,3109
0.115046,-0.076567,0.682422,-0.034019,0.117242,-0.183352,2534,1779,2422,2886,2417,3109
0.111240,-0.076179,0.676262,-0.041001,0.116853,-0.181435,2541,1780,2449,2890,2349,3109
0.113784,-0.075548,0.682059,-0.035190,0.116223,-0.183946,2548,1780,2456,2888,2349,3109
0.113145,-0.072277,0.670476,-0.043547,0.112951,-0.175901,2553,1780,2461,2888,2349,3109
0.116743,-0.072266,0.683439,-0.032083,0.112941,-0.182941,2560,1779,2464,2888,2352,3109
0.118405,-0.071129,0.682813,-0.031293,0.111803,-0.181351,2567,1779,2465,2888,2353,3109
0.122270,-0.072165,0.696843,-0.018906,0.112839,-0.188989,2571,1779,2465,2888,2350,3109
0.118712,-0.070014,0.675517,-0.036038,0.110689,-0.175800,2574,1779,2465,2888,2350,3109
0.121500,-0.070300,0.686336,-0.026627,0.110974,-0.181821,2576,1779,2465,2888,2350,3109
0.121942,-0.070233,0.685656,-0.026767,0.110908,-0.181022,2575,1779,2465,2888,2350,3109
0.121245,-0.070015,0.683458,-0.028775,0.110689,-0.179888,2573,1779,2464,2888,2350,3109
0.122845,-0.072249,0.696849,-0.018481,0.112923,-0.188602,2568,1779,2464,2887,2350,3109
0.120825,-0.071370,0.685716,-0.027544,0.112044,-0.181827,2568,1779,2464,2887,2350,3109
0.118403,-0.069761,0.673561,-0.037596,0.110435,-0.174578,2568,1779,2464,2887,2350,3109
0.122270,-0.072165,0.696843,-0.018906,0.112839,-0.188989,2571,1779,2464,2887,2350,3109
0.122845,-0.072249,0.696849,-0.018481,0.112923,-0.188602,2572,1779,2464,2887,2350,3109
0.121148,-0.071137,0.689247,-0.024902,0.111811,-0.184192,2573,1779,2464,2887,2350,3109
0.122845,-0.072249,0.696849,-0.018481,0.112923,-0.188602,2574,1779,2464,2887,2350,3109
0.122845,-0.072249,0.696849,-0.018481,0.112923,-0.188602,2575,1779,2464,2887,2350,3109
0.122845,-0.072249,0.696849,-0.018481,0.112923,-0.188602,2575,1779,2464,2887,2349,3109
0.122845,-0.072249,0.696849,-0.018481,0.112923,-0.188602,2575,1779,2464,2887,2349,3109
0.123328,-0.072387,0.698263,-0.017164,0.113061,-0.189308,2575,1779,2464,2887,2349,3109
0.122965,-0.072757,0.696228,-0.018816,0.113432,-0.188065,2575,1779,2464,2887,2349,3109
0.122845,-0.072249,0.696849,-0.018481,0.112923,-0.188602,2577,1779,2464,2887,2349,3109
0.122074,-0.071059,0.688701,-0.024596,0.111733,-0.183162,2577,1779,2464,2887,2349,3109
0.121409,-0.070490,0.683438,-0.028668,0.111164,-0.179762,2580,1779,2464,2887,2349,3109
0.121500,-0.070300,0.686336,-0.026627,0.110974,-0.181821,2586,1779,2464,2887,2349,3109
0.119879,-0.069154,0.673097,-0.036832,0.109829,-0.173233,2590,1779,2464,2887,2352,3109
0.123621,-0.071796,0.694903,-0.019239,0.112470,-0.186648,2591,1779,2464,2887,2352,3109
0.124634,-0.071058,0.697235,-0.016908,0.111733,-0.187665,2591,1779,2464,2887,2350,3109
0.125230,-0.071206,0.698645,-0.015511,0.111881,-0.188292,2591,1779,2463,2887,2351,3109
0.122385,-0.070023,0.683545,-0.027881,0.110698,-0.179175,2591,1779,2462,2887,2353,3109
0.120033,-0.069427,0.675617,-0.035003,0.110101,-0.174973,2593,1779,2461,2887,2355,3109
0.126823,-0.073434,0.711113,-0.005852,0.114108,-0.196335,2597,1779,2460,2887,2357,3109
0.123897,-0.071809,0.698229,-0.016771,0.112484,-0.188896,2598,1779,2457,2887,2358,3109
0.126823,-0.073434,0.711113,-0.005852,0.114108,-0.196335,2597,1780,2454,2887,2360,3109
0.123649,-0.072356,0.694785,-0.019298,0.113031,-0.186542,2596,1780,2453,2886,2365,3109
0.124577,-0.072837,0.702947,-0.013059,0.113511,-0.191887,2596,1780,2453,2886,2379,3109
0.120134,-0.071149,0.683538,-0.029533,0.111824,-0.180703,2597,1781,2453,2886,2394,3109
0.122921,-0.072352,0.698599,-0.017233,0.113027,-0.189831,2599,1781,2452,2885,2407,3109
0.120825,-0.071370,0.685716,-0.027544,0.112044,-0.181827,2600,1783,2452,2884,2416,3109
0.124091,-0.072364,0.698709,-0.016302,0.113039,-0.189114,2601,1790,2450,2878,2424,3109
0.124091,-0.072364,0.698709,-0.016302,0.113039,-0.189114,2601,1802,2445,2867,2430,3109
0.121076,-0.070958,0.687334,-0.026258,0.111633,-0.182840,2601,1817,2438,2855,2432,3109
0.123214,-0.071621,0.707315,-0.011082,0.112296,-0.196013,2601,1835,2430,2842,2432,3109
0.119323,-0.069134,0.700850,-0.018334,0.109808,-0.193930,2601,1855,2420,2831,2433,3109
0.119226,-0.070104,0.722097,-0.003932,0.110778,-0.209551,2600,1874,2408,2823,2433,3109
0.112947,-0.066743,0.705016,-0.020164,0.107418,-0.201323,2600,1890,2396,2818,2433,3109
0.102886,-0.066902,0.732196,-0.009015,0.107577,-0.228075,2593,1930,2342,2817,2489,3109
0.100515,-0.068431,0.732689,-0.010415,0.109106,-0.230051,2593,1931,2336,2817,2508,3109
0.099524,-0.068767,0.729833,-0.013086,0.109442,-0.228635,2593,1931,2332,2817,2526,3109
0.098431,-0.069259,0.725821,-0.016620,0.109934,-0.226442,2593,1932,2329,2816,2547,3109
0.099071,-0.069442,0.728152,-0.014563,0.110116,-0.227713,2595,1932,2326,2816,2563,3109
0.100846,-0.071733,0.746144,-0.001008,0.112407,-0.239676,2597,1932,2323,2816,2575,3109
0.098427,-0.070361,0.725451,-0.016874,0.111036,-0.226174,2599,1932,2319,2816,2584,3109
0.098094,-0.070969,0.725373,-0.017171,0.111643,-0.226344,2600,1932,2315,2816,2588,3109
0.098448,-0.071572,0.725602,-0.016756,0.112247,-0.226271,2601,1932,2313,2816,2588,3109
0.100629,-0.074111,0.741858,-0.004086,0.114786,-0.236687,2601,1933,2313,2816,2588,3109
0.100522,-0.073776,0.738665,-0.006339,0.114450,-0.234421,2602,1933,2313,2816,2588,3109
0.098448,-0.071572,0.725602,-0.016756,0.112247,-0.226271,2604,1933,2313,2816,2588,3109
0.096993,-0.070007,0.712707,-0.026605,0.110682,-0.217821,2611,1933,2314,2816,2589,3109
0.097530,-0.069969,0.712344,-0.026459,0.110643,-0.217190,2614,1934,2316,2816,2589,3109
0.102791,-0.072511,0.744243,-0.000879,0.113186,-0.236959,2614,1936,2315,2816,2589,3109
0.101494,-0.070660,0.728335,-0.012665,0.111335,-0.226197,2613,1945,2313,2816,2589,3109
0.100438,-0.070089,0.721956,-0.017783,0.110763,-0.222246,2612,1956,2311,2816,2589,3109
0.098571,-0.068295,0.712675,-0.025472,0.108969,-0.216724,2611,1970,2305,2816,2589,3109
0.101399,-0.069443,0.743977,-0.002079,0.110118,-0.237713,2611,1987,2296,2816,2586,3109
0.101243,-0.067879,0.751042,0.002620,0.108554,-0.242992,2611,2002,2284,2816,2583,3109
0.103626,-0.067758,0.748622,0.002716,0.108433,-0.239597,2646,1993,2276,2829,2589,3109
0.105025,-0.069166,0.751566,0.005745,0.109841,-0.240799,2647,1986,2277,2829,2589,3109
0.107182,-0.071247,0.760173,0.013188,0.111921,-0.245631,2647,1981,2277,2829,2589,3109
0.106322,-0.071685,0.751992,0.006985,0.112359,-0.240227,2646,1976,2278,2829,2589,3109
0.106343,-0.072939,0.752142,0.007103,0.113613,-0.240323,2645,1974,2278,2829,2589,3109
0.102151,-0.070424,0.720203,-0.017723,0.111099,-0.219796,2645,1971,2277,2829,2589,3109
0.105268,-0.073757,0.744429,0.001061,0.114432,-0.235408,2645,1969,2277,2830,2589,3109
0.105223,-0.074703,0.741796,-0.000765,0.115377,-0.233511,2645,1965,2277,2830,2589,3109
0.102510,-0.073971,0.725079,-0.014139,0.114645,-0.223121,2645,1961,2278,2830,2589,3109
0.105308,-0.076241,0.744716,0.001287,0.116915,-0.235592,2646,1957,2281,2830,2589,3109
0.104157,-0.074482,0.718275,-0.017568,0.115157,-0.217018,2650,1953,2287,2835,2589,3109
0.107241,-0.075110,0.730727,-0.006828,0.115785,-0.224033,2651,1953,2287,2843,2589,3109
0.106490,-0.074352,0.723702,-0.012163,0.115027,-0.219402,2652,1953,2285,2853,2589,3109
0.108446,-0.075112,0.730742,-0.005935,0.115787,-0.223223,2654,1953,2283,2863,2589,3109
0.114838,-0.076020,0.727539,-0.003437,0.116695,-0.216525,2676,1957,2277,2883,2589,3109
0.116282,-0.076163,0.737013,0.004073,0.116838,-0.222477,2677,1960,2277,2882,2589,3109
0.115678,-0.075122,0.730823,-0.000585,0.115797,-0.218356,2678,1961,2277,2882,2589,3109
0.112393,-0.073124,0.713921,-0.014504,0.113798,-0.208220,2681,1961,2277,2882,2589,3109
0.116281,-0.074948,0.737010,0.004070,0.115623,-0.222475,2684,1961,2277,2882,2589,3109
0.118407,-0.075774,0.746125,0.011836,0.116449,-0.227700,2687,1961,2277,2882,2590,3109
0.117501,-0.074807,0.737002,0.004958,0.115481,-0.221638,2687,1961,2277,2882,2590,3109
0.119612,-0.076100,0.748502,0.014338,0.116775,-0.228620,2687,1962,2277,2882,2590,3109
0.119612,-0.076100,0.748502,0.014338,0.116775,-0.228620,2687,1962,2277,2882,2590,3109
0.119638,-0.075775,0.746136,0.012745,0.116450,-0.226870,2687,1962,2277,2882,2590,3109
0.119638,-0.075775,0.746136,0.012745,0.116450,-0.226870,2687,1962,2277,2882,2590,3109
0.120022,-0.076004,0.750912,0.016280,0.116678,-0.230104,2687,1962,2279,2882,2590,3109
0.110601,-0.070488,0.697711,-0.026858,0.111163,-0.197574,2687,1962,2281,2882,2590,3109
0.118838,-0.074975,0.744033,0.010727,0.115650,-0.225875,2687,1962,2284,2882,2590,3109
0.119510,-0.075179,0.746202,0.012696,0.115853,-0.227005,2687,1962,2285,2882,2590,3109
0.117230,-0.072420,0.727516,-0.001702,0.113094,-0.214878,2686,1962,2285,2883,2590,3109
0.119228,-0.073536,0.741820,0.009505,0.114210,-0.223989,2685,1962,2285,2884,2590,3109
0.121038,-0.075085,0.754973,0.019789,0.115760,-0.232386,2683,1962,2285,2884,2590,3109
0.119616,-0.074532,0.745999,0.012635,0.115206,-0.226784,2681,1962,2285,2884,2590,3109
0.120084,-0.075428,0.751333,0.016612,0.116103,-0.230370,2681,1962,2285,2886,2590,3109
0.120021,-0.074766,0.750907,0.016276,0.115440,-0.230102,2681,1962,2285,2887,2590,3109
0.115693,-0.072734,0.725365,-0.004292,0.113409,-0.214350,2680,1962,2285,2887,2590,3109
0.118048,-0.074476,0.738892,0.006646,0.115151,-0.222649,2679,1962,2285,2887,2590,3109
0.118761,-0.075097,0.745355,0.011571,0.115772,-0.226895,2679,1962,2285,2887,2590,3109
0.117302,-0.073886,0.735667,0.003903,0.114560,-0.220796,2679,1962,2285,2888,2590,3109
0.117302,-0.073886,0.735667,0.003903,0.114560,-0.220796,2679,1962,2285,2889,2590,3109
0.119616,-0.074532,0.745999,0.012635,0.115206,-0.226784,2679,1962,2285,2890,2590,3109
0.117491,-0.074295,0.737025,0.004967,0.114970,-0.221661,2678,1962,2285,2890,2590,3109
0.119475,-0.075333,0.751313,0.016153,0.116007,-0.230771,2677,1962,2285,2890,2590,3109
0.118280,-0.075178,0.746189,0.011787,0.115852,-0.227833,2677,1962,2285,2890,2590,3109
0.118280,-0.075178,0.746189,0.011787,0.115852,-0.227833,2677,1962,2285,2890,2590,3109
0.118280,-0.075178,0.746189,0.011787,0.115852,-0.227833,2677,1962,2285,2890,2590,3109
0.118280,-0.075178,0.746189,0.011787,0.115852,-0.227833,2677,1962,2285,2890,2590,3109
0.118280,-0.075178,0.746189,0.011787,0.115852,-0.227833,2677,1961,2285,2890,2590,3109
0.118926,-0.075718,0.745526,0.011808,0.116392,-0.226908,2677,1961,2285,2890,2590,3109
0.116034,-0.073620,0.727525,-0.002572,0.114295,-0.215700,2677,1960,2285,2890,2590,3109
0.113815,-0.072739,0.716325,-0.011825,0.113413,-0.209011,2677,1960,2285,2890,2590,3109
0.118926,-0.075718,0.745526,0.011808,0.116392,-0.226908,2677,1960,2285,2890,2590,3109
0.118926,-0.075718,0.745526,0.011808,0.116392,-0.226908,2677,1960,2285,2890,2589,3109
0.117501,-0.074807,0.737002,0.004958,0.115481,-0.221638,2677,1960,2285,2890,2589,3109
0.115719,-0.073946,0.725530,-0.004161,0.114621,-0.214454,2677,1960,2285,2890,2589,3109
0.117099,-0.074392,0.734682,0.003084,0.115067,-0.220213,2677,1960,2285,2890,2589,3109
0.118030,-0.075388,0.741950,0.008716,0.116062,-0.224900,2677,1960,2285,2890,2589,3109
0.115719,-0.073946,0.725530,-0.004161,0.114621,-0.214454,2677,1960,2285,2890,2589,3109
0.115719,-0.073946,0.725530,-0.004161,0.114621,-0.214454,2677,1960,2284,2890,2589,3109
0.118105,-0.075777,0.742429,0.009097,0.116452,-0.225200,2677,1960,2284,2890,2589,3109
0.114754,-0.073234,0.721795,-0.007412,0.113909,-0.212376,2677,1960,2284,2890,2589,3109
0.118407,-0.075774,0.746125,0.011836,0.116449,-0.227700,2677,1960,2284,2890,2589,3109
0.115803,-0.074375,0.729570,-0.001347,0.115050,-0.217354,2677,1960,2284,2890,2587,3109
0.116371,-0.074578,0.731387,0.000306,0.115253,-0.218298,2677,1960,2284,2890,2586,3109
0.115803,-0.074375,0.729570,-0.001347,0.115050,-0.217354,2677,1960,2284,2890,2586,3109
0.115774,-0.074582,0.731420,-0.000109,0.115256,-0.218728,2677,1960,2284,2890,2586,3109
0.118407,-0.075774,0.746125,0.011836,0.116449,-0.227700,2677,1960,2284,2890,2587,3109
0.118407,-0.075774,0.746125,0.011836,0.116449,-0.227700,2677,1960,2284,2890,2588,3109
0.118389,-0.075536,0.743947,0.010340,0.116211,-0.226118,2677,1960,2284,2890,2588,3109
0.118030,-0.075388,0.741950,0.008716,0.116062,-0.224900,2677,1960,2284,2890,2588,3109
0.119282,-0.075823,0.750061,0.015158,0.116498,-0.229986,2677,1960,2284,2890,2588,3109
0.119802,-0.076334,0.755019,0.018915,0.117008,-0.233262,2677,1960,2284,2890,2588,3109
0.118926,-0.075718,0.745526,0.011808,0.116392,-0.226908,2677,1960,2284,2890,2588,3109
0.119802,-0.076334,0.755019,0.018915,0.117008,-0.233262,2677,1960,2284,2890,2588,3109
0.116371,-0.074578,0.731387,0.000306,0.115253,-0.218298,2677,1961,2284,2890,2588,3109
0.118280,-0.075178,0.746189,0.011787,0.115852,-0.227833,2677,1961,2284,2890,2588,3109
0.118280,-0.075178,0.746189,0.011787,0.115852,-0.227833,2677,1961,2284,2889,2588,3109
0.118280,-0.075178,0.746189,0.011787,0.115852,-0.227833,2677,1961,2284,2889,2588,3109
0.115910,-0.073878,0.730239,-0.000814,0.114553,-0.217771,2677,1961,2284,2889,2588,3109
0.118280,-0.075178,0.746189,0.011787,0.115852,-0.227833,2677,1961,2284,2888,2588,3109
0.115779,-0.073157,0.729414,-0.001471,0.113832,-0.217257,2677,1961,2284,2888,2588,3109
0.118280,-0.075178,0.746189,0.011787,0.115852,-0.227833,2677,1961,2284,2888,2588,3109
0.114598,-0.073291,0.724922,-0.005396,0.113966,-0.214772,2677,1961,2284,2888,2588,3109
0.117358,-0.074738,0.742180,0.008381,0.115413,-0.225527,2677,1961,2284,2888,2588,3109
0.116246,-0.074275,0.736824,0.003919,0.114950,-0.222363,2677,1961,2284,2888,2588,3109
0.116246,-0.074275,0.736824,0.003919,0.114950,-0.222363,2677,1961,2284,2887,2588,3109
0.116068,-0.073871,0.735519,0.002899,0.114546,-0.221529,2677,1961,2284,2887,2587,3109
0.116246,-0.074275,0.736824,0.003919,0.114950,-0.222363,2677,1961,2284,2887,2587,3109
0.116246,-0.074275,0.736824,0.003919,0.114950,-0.222363,2677,1961,2284,2887,2586,3109
0.114204,-0.072976,0.721931,-0.007722,0.113651,-0.212850,2677,1961,2284,2887,2586,3109
0.116355,-0.074557,0.739716,0.005968,0.115231,-0.224405,2677,1961,2284,2887,2585,3109
0.116246,-0.074275,0.736824,0.003919,0.114950,-0.222363,2677,1961,2284,2887,2585,3109
0.118207,-0.075312,0.751111,0.015086,0.115986,-0.231487,2677,1961,2284,2887,2585,3109
0.114480,-0.072722,0.725247,-0.005261,0.113396,-0.215090,2677,1961,2284,2887,2584,3109
0.114836,-0.073620,0.727528,-0.003446,0.114295,-0.216518,2677,1961,2284,2887,2584,3109
0.116246,-0.074275,0.736824,0.003919,0.114950,-0.222363,2677,1961,2284,2887,2583,3109
0.116246,-0.074275,0.736824,0.003919,0.114950,-0.222363,2677,1961,2284,2887,2583,3109
0.116895,-0.074835,0.743105,0.008672,0.115510,-0.226519,2677,1961,2284,2887,2583,3109
0.116355,-0.074557,0.739716,0.005968,0.115231,-0.224405,2677,1961,2284,2887,2583,3109
0.113174,-0.072209,0.716860,-0.011930,0.112884,-0.209840,2677,1961,2284,2887,2583,3109
0.116246,-0.074275,0.736824,0.003919,0.114950,-0.222363,2677,1961,2284,2887,2583,3109
0.118207,-0.075312,0.751111,0.015086,0.115986,-0.231487,2677,1961,2284,2887,2583,3109
0.114836,-0.073620,0.727528,-0.003446,0.114295,-0.216518,2677,1962,2285,2887,2583,3109
0.116246,-0.074275,0.736824,0.003919,0.114950,-0.222363,2677,1962,2285,2887,2583,3109
0.116246,-0.074275,0.736824,0.003919,0.114950,-0.222363,2677,1962,2285,2887,2583,3109
0.116246,-0.074275,0.736824,0.003919,0.114950,-0.222363,2677,1962,2285,2887,2583,3109
0.116246,-0.074275,0.736824,0.003919,0.114950,-0.222363,2677,1962,2285,2887,2583,3109
0.110574,-0.071026,0.702224,-0.023803,0.111701,-0.200896,2677,1962,2285,2887,2583,3109
0.114836,-0.073620,0.727528,-0.003446,0.114295,-0.216518,2677,1962,2285,2888,2583,3109
0.116355,-0.074557,0.739716,0.005968,0.115231,-0.224405,2677,1962,2285,2888,2583,3109
0.116246,-0.074275,0.736824,0.003919,0.114950,-0.222363,2677,1962,2285,2888,2583,3109
0.116811,-0.074464,0.738764,0.005654,0.115138,-0.223398,2677,1962,2285,2888,2583,3109
0.112505,-0.072040,0.711543,-0.016042,0.112715,-0.206403,2677,1962,2285,2889,2583,3109
0.116246,-0.074275,0.736824,0.003919,0.114950,-0.222363,2677,1962,2285,2889,2583,3109
0.114480,-0.072722,0.725247,-0.005261,0.113396,-0.215090,2677,1962,2285,2889,2583,3109
0.116246,-0.074275,0.736824,0.003919,0.114950,-0.222363,2677,1962,2285,2890,2583,3109
0.118280,-0.075178,0.746189,0.011787,0.115852,-0.227833,2677,1962,2285,2890,2583,3109
0.118280,-0.075178,0.746189,0.011787,0.115852,-0.227833,2677,1962,2285,2890,2583,3109
0.116246,-0.074275,0.736824,0.003919,0.114950,-0.222363,2677,1962,2285,2890,2583,3109
0.116811,-0.074464,0.738764,0.005654,0.115138,-0.223398,2677,1962,2285,2890,2583,3109
0.115951,-0.074276,0.735024,0.002476,0.114951,-0.221246,2677,1962,2285,2890,2583,3109
0.118151,-0.075899,0.750790,0.014827,0.116573,-0.231290,2677,1962,2285,2890,2583,3109
0.117584,-0.075121,0.745667,0.010922,0.115796,-0.227926,2677,1962,2285,2890,2583,3109
0.117607,-0.074971,0.743994,0.009799,0.115646,-0.226685,2677,1962,2285,2890,2583,3109
0.115657,-0.073903,0.730687,-0.000694,0.114578,-0.218271,2677,1962,2285,2890,2583,3109
0.115657,-0.073903,0.730687,-0.000694,0.114578,-0.218271,2677,1962,2285,2890,2582,3109
0.116246,-0.074275,0.736824,0.003919,0.114950,-0.222363,2677,1962,2285,2890,2582,3109
0.116246,-0.074275,0.736824,0.003919,0.114950,-0.222363,2677,1962,2285,2890,2582,3109
0.115858,-0.074372,0.734479,0.002037,0.115047,-0.220910,2677,1962,2285,2890,2582,3109
0.114836,-0.073620,0.727528,-0.003446,0.114295,-0.216518,2677,1962,2285,2890,2582,3109
0.115779,-0.073157,0.729414,-0.001471,0.113832,-0.217257,2677,1962,2285,2890,2582,3109
0.116246,-0.074275,0.736824,0.003919,0.114950,-0.222363,2677,1962,2285,2890,2582,3109
0.105750,-0.066898,0.673232,-0.047084,0.107572,-0.182957,2677,1962,2285,2889,2582,3109
0.116811,-0.074464,0.738764,0.005654,0.115138,-0.223398,2677,1962,2285,2889,2582,3109
0.118815,-0.075408,0.751130,0.015544,0.116083,-0.231086,2677,1962,2285,2889,2582,3109
0.115779,-0.073157,0.729414,-0.001471,0.113832,-0.217257,2677,1962,2285,2890,2582,3109
0.113070,-0.072082,0.715359,-0.013028,0.112757,-0.208811,2677,1962,2285,2890,2582,3109
0.115753,-0.073363,0.731287,-0.000215,0.114037,-0.218645,2677,1962,2285,2890,2582,3109
0.118386,-0.074530,0.745987,0.011726,0.115205,-0.227613,2677,1962,2285,2890,2582,3109
0.115527,-0.073079,0.728106,-0.002547,0.113753,-0.216470,2677,1962,2285,2890,2582,3109
0.115779,-0.073157,0.729414,-0.001471,0.113832,-0.217257,2677,1962,2285,2890,2582,3109
0.115527,-0.073079,0.728106,-0.002547,0.113753,-0.216470,2677,1962,2285,2890,2582,3109
0.117358,-0.074738,0.742180,0.008381,0.115413,-0.225527,2677,1962,2285,2890,2582,3109
0.118280,-0.075178,0.746189,0.011787,0.115852,-0.227833,2677,1962,2285,2890,2582,3109
0.115779,-0.073157,0.729414,-0.001471,0.113832,-0.217257,2677,1962,2285,2890,2582,3109
0.115527,-0.073079,0.728106,-0.002547,0.113753,-0.216470,2677,1962,2285,2890,2582,3109
0.117358,-0.074738,0.742180,0.008381,0.115413,-0.225527,2677,1962,2285,2890,2582,3109
0.115910,-0.073878,0.730239,-0.000814,0.114553,-0.217771,2677,1962,2285,2890,2582,3109
0.117358,-0.074738,0.742180,0.008381,0.115413,-0.225527,2677,1962,2285,2890,2582,3109
0.116246,-0.074275,0.736824,0.003919,0.114950,-0.222363,2677,1962,2285,2890,2582,3109
0.117358,-0.074738,0.742180,0.008381,0.115413,-0.225527,2677,1962,2285,2890,2582,3109
0.114836,-0.073620,0.727528,-0.003446,0.114295,-0.216518,2677,1962,2285,2890,2582,3109
0.113070,-0.072082,0.715359,-0.013028,0.112757,-0.208811,2677,1962,2285,2890,2582,3109
0.112889,-0.071307,0.713952,-0.014120,0.111981,-0.207905,2677,1962,2285,2890,2582,3109
0.115657,-0.073903,0.730687,-0.000694,0.114578,-0.218271,2677,1962,2285,2890,2582,3109
0.117358,-0.074738,0.742180,0.008381,0.115413,-0.225527,2677,1962,2285,2890,2582,3109
0.117358,-0.074738,0.742180,0.008381,0.115413,-0.225527,2677,1962,2285,2890,2582,3109
0.115753,-0.073363,0.731287,-0.000215,0.114037,-0.218645,2677,1962,2285,2890,2582,3109
0.118280,-0.075178,0.746189,0.011787,0.115852,-0.227833,2677,1962,2285,2890,2582,3109
0.118280,-0.075178,0.746189,0.011787,0.115852,-0.227833,2677,1962,2285,2890,2582,3109
0.118280,-0.075178,0.746189,0.011787,0.115852,-0.227833,2677,1962,2285,2890,2582,3109
0.118280,-0.075178,0.746189,0.011787,0.115852,-0.227833,2677,1962,2285,2890,2582,3109
0.115527,-0.073079,0.728106,-0.002547,0.113753,-0.216470,2677,1962,2285,2890,2582,3109
0.115527,-0.073079,0.728106,-0.002547,0.113753,-0.216470,2677,1962,2285,2890,2582,3109
0.115527,-0.073079,0.728106,-0.002547,0.113753,-0.216470,2677,1962,2285,2890,2582,3109
0.115527,-0.073079,0.728106,-0.002547,0.113753,-0.216470,2677,1962,2285,2890,2582,3109
0.118280,-0.075178,0.746189,0.011787,0.115852,-0.227833,2677,1962,2285,2890,2582,3109
0.118280,-0.075178,0.746189,0.011787,0.115852,-0.227833,2677,1962,2285,2890,2582,3109
0.115779,-0.073157,0.729414,-0.001471,0.113832,-0.217257,2677,1962,2285,2890,2582,3109
0.113818,-0.072221,0.716963,-0.011389,0.112895,-0.209476,2677,1962,2285,2890,2582,3109
0.115779,-0.073157,0.729414,-0.001471,0.113832,-0.217257,2677,1962,2285,2890,2582,3109
0.115779,-0.073157,0.729414,-0.001471,0.113832,-0.217257,2677,1962,2285,2890,2582,3109
0.114179,-0.072780,0.721692,-0.007902,0.113455,-0.212693,2677,1962,2285,2890,2582,3109
0.115527,-0.073079,0.728106,-0.002547,0.113753,-0.216470,2677,1962,2285,2891,2582,3109
0.115527,-0.073079,0.728106,-0.002547,0.113753,-0.216470,2677,1962,2285,2891,2582,3109
0.118280,-0.075178,0.746189,0.011787,0.115852,-0.227833,2677,1962,2285,2891,2582,3109
0.118147,-0.074928,0.743545,0.009888,0.115603,-0.225988,2677,1962,2285,2891,2582,3109
0.115693,-0.072734,0.725365,-0.004292,0.113409,-0.214350,2677,1962,2285,2891,2582,3109
0.118280,-0.075178,0.746189,0.011787,0.115852,-0.227833,2677,1962,2285,2891,2582,3109
0.118117,-0.074835,0.743101,0.009564,0.115509,-0.225684,2677,1962,2285,2891,2582,3109
0.115753,-0.073363,0.731287,-0.000215,0.114037,-0.218645,2677,1962,2285,2891,2582,3109
0.115779,-0.073157,0.729414,-0.001471,0.113832,-0.217257,2677,1962,2285,2891,2582,3109
0.115779,-0.073157,0.729414,-0.001471,0.113832,-0.217257,2677,1962,2285,2891,2582,3109
0.110985,-0.070585,0.697468,-0.026743,0.111260,-0.197134,2677,1962,2285,2891,2582,3109
0.115779,-0.073157,0.729414,-0.001471,0.113832,-0.217257,2677,1962,2285,2891,2582,3109
0.114974,-0.072493,0.723022,-0.006415,0.113167,-0.213124,2677,1962,2285,2891,2582,3109
0.115779,-0.073157,0.729414,-0.001471,0.113832,-0.217257,2677,1962,2285,2891,2582,3109
0.115693,-0.072734,0.725365,-0.004292,0.113409,-0.214350,2677,1962,2285,2891,2582,3109
0.115693,-0.072734,0.725365,-0.004292,0.113409,-0.214350,2677,1962,2285,2891,2582,3109
0.118280,-0.075178,0.746189,0.011787,0.115852,-0.227833,2677,1962,2285,2891,2582,3109
0.118280,-0.075178,0.746189,0.011787,0.115852,-0.227833,2677,1962,2285,2891,2582,3109
0.112844,-0.071663,0.710988,-0.016172,0.112338,-0.205765,2677,1962,2285,2891,2582,3109
0.114974,-0.072493,0.723022,-0.006415,0.113167,-0.213124,2677,1962,2285,2891,2582,3109
0.115779,-0.073157,0.729414,-0.001471,0.113832,-0.217257,2677,1962,2285,2891,2582,3109
0.116350,-0.073359,0.731254,0.000200,0.114034,-0.218214,2677,1962,2285,2891,2582,3109
0.115693,-0.072734,0.725365,-0.004292,0.113409,-0.214350,2677,1962,2286,2891,2582,3109
0.116350,-0.073359,0.731254,0.000200,0.114034,-0.218214,2677,1962,2286,2891,2582,3109
0.116350,-0.073359,0.731254,0.000200,0.114034,-0.218214,2677,1962,2286,2891,2582,3109
0.116350,-0.073359,0.731254,0.000200,0.114034,-0.218214,2677,1962,2286,2891,2582,3109
0.115693,-0.072734,0.725365,-0.004292,0.113409,-0.214350,2677,1962,2286,2891,2582,3109
0.116350,-0.073359,0.731254,0.000200,0.114034,-0.218214,2677,1962,2286,2891,2582,3109
0.116350,-0.073359,0.731254,0.000200,0.114034,-0.218214,2677,1962,2286,2891,2582,3109
0.113030,-0.071418,0.711177,-0.015907,0.112093,-0.205777,2677,1962,2286,2891,2582,3109
0.116350,-0.073359,0.731254,0.000200,0.114034,-0.218214,2677,1962,2286,2891,2582,3109
0.116350,-0.073359,0.731254,0.000200,0.114034,-0.218214,2677,1962,2286,2891,2582,3109
0.116350,-0.073359,0.731254,0.000200,0.114034,-0.218214,2677,1962,2286,2891,2582,3109
0.116350,-0.073359,0.731254,0.000200,0.114034,-0.218214,2677,1962,2286,2891,2582,3109
0.115779,-0.073157,0.729414,-0.001471,0.113832,-0.217257,2677,1962,2286,2891,2581,3109
0.118386,-0.074530,0.745987,0.011726,0.115205,-0.227613,2677,1962,2286,2891,2581,3109
0.115527,-0.073079,0.728106,-0.002547,0.113753,-0.216470,2677,1962,2286,2891,2581,3109
0.118030,-0.074164,0.741948,0.008715,0.114839,-0.224899,2677,1962,2286,2891,2581,3109
0.117089,-0.073175,0.734616,0.003031,0.113850,-0.220172,2677,1962,2286,2891,2581,3109
0.115693,-0.072734,0.725365,-0.004292,0.113409,-0.214350,2677,1962,2286,2891,2581,3109
0.118030,-0.074164,0.741948,0.008715,0.114839,-0.224899,2677,1962,2286,2891,2581,3109
0.116350,-0.073359,0.731254,0.000200,0.114034,-0.218214,2677,1962,2286,2891,2581,3109
0.116350,-0.073359,0.731254,0.000200,0.114034,-0.218214,2677,1962,2286,2891,2581,3109
0.118030,-0.074164,0.741948,0.008715,0.114839,-0.224899,2677,1962,2286,2891,2581,3109
0.115527,-0.073079,0.728106,-0.002547,0.113753,-0.216470,2677,1962,2286,2891,2581,3109
0.111482,-0.069642,0.699000,-0.025334,0.110317,-0.197917,2677,1962,2286,2891,2581,3109
0.114974,-0.072493,0.723022,-0.006415,0.113167,-0.213124,2677,1962,2286,2891,2581,3109
0.118030,-0.074164,0.741948,0.008715,0.114839,-0.224899,2677,1962,2286,2891,2581,3109
0.112962,-0.071475,0.709094,-0.017375,0.112149,-0.204298,2677,1962,2286,2891,2581,3109
0.114974,-0.072493,0.723022,-0.006415,0.113167,-0.213124,2677,1962,2286,2891,2581,3109
0.115693,-0.072734,0.725365,-0.004292,0.113409,-0.214350,2677,1962,2286,2891,2581,3109
0.116350,-0.073359,0.731254,0.000200,0.114034,-0.218214,2677,1962,2286,2891,2581,3109
0.114974,-0.072493,0.723022,-0.006415,0.113167,-0.213124,2677,1962,2286,2891,2581,3109
0.118030,-0.074164,0.741948,0.008715,0.114839,-0.224899,2677,1962,2286,2891,2581,3109
0.115527,-0.073079,0.728106,-0.002547,0.113753,-0.216470,2677,1962,2286,2891,2581,3109
0.115779,-0.073157,0.729414,-0.001471,0.113832,-0.217257,2677,1962,2286,2891,2581,3109
0.118386,-0.074530,0.745987,0.011726,0.115205,-0.227613,2677,1962,2286,2891,2581,3109
0.115779,-0.073157,0.729414,-0.001471,0.113832,-0.217257,2677,1962,2286,2891,2581,3109
0.118386,-0.074530,0.745987,0.011726,0.115205,-0.227613,2677,1962,2286,2891,2581,3109
0.118386,-0.074530,0.745987,0.011726,0.115205,-0.227613,2677,1962,2286,2891,2581,3109
0.116350,-0.073359,0.731254,0.000200,0.114034,-0.218214,2677,1962,2286,2891,2581,3109
0.115779,-0.073157,0.729414,-0.001471,0.113832,-0.217257,2677,1962,2286,2891,2581,3109
0.114760,-0.072049,0.721829,-0.007384,0.112723,-0.212397,2677,1962,2286,2891,2581,3109
0.115779,-0.073157,0.729414,-0.001471,0.113832,-0.217257,2677,1962,2286,2891,2581,3109
0.115779,-0.073157,0.729414,-0.001471,0.113832,-0.217257,2677,1962,2286,2891,2581,3109
0.115779,-0.073157,0.729414,-0.001471,0.113832,-0.217257,2677,1962,2286,2891,2581,3109
0.115527,-0.073079,0.728106,-0.002547,0.113753,-0.216470,2677,1962,2286,2891,2581,3109
0.116350,-0.073359,0.731254,0.000200,0.114034,-0.218214,2677,1962,2286,2891,2581,3109
0.115779,-0.073157,0.729414,-0.001471,0.113832,-0.217257,2677,1962,2286,2891,2581,3109
0.115527,-0.073079,0.728106,-0.002547,0.113753,-0.216470,2677,1962,2286,2891,2581,3109
0.115779,-0.073157,0.729414,-0.001471,0.113832,-0.217257,2677,1962,2286,2891,2581,3109
0.116350,-0.073359,0.731254,0.000200,0.114034,-0.218214,2677,1962,2286,2891,2581,3109
0.118386,-0.074530,0.745987,0.011726,0.115205,-0.227613,2677,1962,2286,2891,2581,3109
0.115527,-0.073079,0.728106,-0.002547,0.113753,-0.216470,2677,1962,2286,2891,2581,3109
0.118386,-0.074530,0.745987,0.011726,0.115205,-0.227613,2677,1962,2286,2891,2581,3109
0.115779,-0.073157,0.729414,-0.001471,0.113832,-0.217257,2677,1962,2286,2891,2581,3109
0.118386,-0.074530,0.745987,0.011726,0.115205,-0.227613,2677,1962,2286,2891,2581,3109
0.118386,-0.074530,0.745987,0.011726,0.115205,-0.227613,2677,1962,2286,2891,2581,3109
0.118386,-0.074530,0.745987,0.011726,0.115205,-0.227613,2677,1962,2286,2891,2581,3109
0.114974,-0.072493,0.723022,-0.006415,0.113167,-0.213124,2677,1962,2286,2891,2581,3109
0.115527,-0.073079,0.728106,-0.002547,0.113753,-0.216470,2677,1962,2286,2891,2581,3109
0.118386,-0.074530,0.745987,0.011726,0.115205,-0.227613,2677,1962,2286,2891,2581,3109
0.118386,-0.074530,0.745987,0.011726,0.115205,-0.227613,2677,1962,2286,2891,2581,3109
0.115779,-0.073157,0.729414,-0.001471,0.113832,-0.217257,2677,1962,2286,2891,2581,3109
0.118386,-0.074530,0.745987,0.011726,0.115205,-0.227613,2677,1962,2286,2891,2581,3109
0.112560,-0.071400,0.709207,-0.017593,0.112074,-0.204655,2677,1962,2286,2891,2581,3109
0.115753,-0.073363,0.731287,-0.000215,0.114037,-0.218645,2677,1962,2286,2891,2581,3109
0.115779,-0.073157,0.729414,-0.001471,0.113832,-0.217257,2677,1962,2286,2891,2581,3109
0.110586,-0.070439,0.696001,-0.028033,0.111113,-0.196331,2677,1962,2286,2891,2581,3109
0.113116,-0.071733,0.711726,-0.015470,0.112408,-0.206121,2677,1962,2286,2891,2581,3109
0.116350,-0.073359,0.731254,0.000200,0.114034,-0.218214,2677,1962,2286,2891,2581,3109
0.113116,-0.071733,0.711726,-0.015470,0.112408,-0.206121,2677,1963,2286,2891,2581,3109
0.117497,-0.073590,0.736973,0.004935,0.114264,-0.221620,2677,1963,2286,2891,2581,3109
0.116033,-0.072420,0.727519,-0.002576,0.113095,-0.215696,2677,1963,2286,2891,2581,3109
0.118906,-0.074476,0.745399,0.011707,0.115151,-0.226828,2677,1963,2286,2891,2581,3109
0.119480,-0.075142,0.751276,0.016131,0.115817,-0.230740,2677,1963,2286,2891,2581,3109
0.120021,-0.074766,0.750907,0.016276,0.115440,-0.230102,2677,1963,2286,2891,2581,3109
0.117089,-0.073175,0.734616,0.003031,0.113850,-0.220172,2677,1963,2286,2891,2581,3109
0.116350,-0.073359,0.731254,0.000200,0.114034,-0.218214,2677,1963,2286,2891,2581,3109
0.116350,-0.073359,0.731254,0.000200,0.114034,-0.218214,2677,1963,2286,2891,2581,3109
0.112844,-0.071663,0.710988,-0.016172,0.112338,-0.205765,2677,1963,2286,2891,2581,3109
0.116246,-0.074275,0.736824,0.003919,0.114950,-0.222363,2677,1963,2286,2891,2581,3109
0.115527,-0.073079,0.728106,-0.002547,0.113753,-0.216470,2677,1963,2286,2891,2581,3109
0.115753,-0.073363,0.731287,-0.000215,0.114037,-0.218645,2677,1963,2286,2891,2581,3109
0.114480,-0.072722,0.725247,-0.005261,0.113396,-0.215090,2677,1963,2286,2891,2581,3109
0.117590,-0.074270,0.743049,0.009143,0.114945,-0.226005,2677,1963,2286,2891,2581,3109
0.115753,-0.073363,0.731287,-0.000215,0.114037,-0.218645,2677,1963,2286,2891,2581,3109
0.115014,-0.072682,0.724847,-0.005142,0.113357,-0.214434,2677,1963,2286,2891,2581,3109
0.118386,-0.074530,0.745987,0.011726,0.115205,-0.227613,2677,1963,2286,2891,2581,3109
0.111287,-0.070749,0.699165,-0.025365,0.111423,-0.198170,2677,1963,2286,2891,2581,3109
0.118386,-0.074530,0.745987,0.011726,0.115205,-0.227613,2677,1963,2286,2891,2581,3109
0.115527,-0.073079,0.728106,-0.002547,0.113753,-0.216470,2677,1963,2286,2891,2581,3109
0.114992,-0.072456,0.722662,-0.006647,0.113130,-0.212848,2677,1963,2286,2891,2581,3109
0.115527,-0.073079,0.728106,-0.002547,0.113753,-0.216470,2677,1963,2286,2891,2581,3109
0.115779,-0.073157,0.729414,-0.001471,0.113832,-0.217257,2677,1963,2286,2891,2581,3109
0.115753,-0.073363,0.731287,-0.000215,0.114037,-0.218645,2677,1963,2286,2891,2581,3109
0.115779,-0.073157,0.729414,-0.001471,0.113832,-0.217257,2677,1963,2286,2891,2581,3109
0.115779,-0.073157,0.729414,-0.001471,0.113832,-0.217257,2677,1963,2286,2891,2581,3109
0.115779,-0.073157,0.729414,-0.001471,0.113832,-0.217257,2677,1963,2286,2891,2581,3109
0.116350,-0.073359,0.731254,0.000200,0.114034,-0.218214,2677,1963,2286,2891,2581,3109
0.116350,-0.073359,0.731254,0.000200,0.114034,-0.218214,2677,1963,2286,2891,2581,3109
0.115779,-0.073157,0.729414,-0.001471,0.113832,-0.217257,2677,1963,2286,2891,2581,3109
0.115527,-0.073079,0.728106,-0.002547,0.113753,-0.216470,2677,1963,2286,2891,2581,3109
0.118030,-0.074164,0.741948,0.008715,0.114839,-0.224899,2677,1963,2286,2891,2581,3109
0.111302,-0.070104,0.697842,-0.026255,0.110779,-0.197192,2674,1963,2286,2891,2581,3109
0.118386,-0.074530,0.745987,0.011726,0.115205,-0.227613,2671,1963,2286,2891,2581,3109
0.115779,-0.073157,0.729414,-0.001471,0.113832,-0.217257,2668,1963,2286,2891,2581,3109
0.118386,-0.074530,0.745987,0.011726,0.115205,-0.227613,2667,1963,2286,2891,2581,3109
0.114572,-0.073153,0.729377,-0.002380,0.113828,-0.218051,2667,1963,2286,2891,2581,3109
0.106640,-0.068937,0.685184,-0.038291,0.109611,-0.191101,2667,1963,2286,2891,2581,3109
0.113268,-0.072710,0.725128,-0.006229,0.113384,-0.215829,2667,1963,2286,2891,2581,3109
0.113268,-0.072710,0.725128,-0.006229,0.113384,-0.215829,2667,1963,2286,2891,2581,3109
0.114834,-0.073857,0.735373,0.001896,0.114531,-0.222262,2667,1963,2286,2891,2581,3109
0.114834,-0.073857,0.735373,0.001896,0.114531,-0.222262,2667,1963,2286,2891,2581,3109
0.115673,-0.074836,0.743110,0.007781,0.115510,-0.227355,2667,1963,2286,2891,2581,3109
0.108783,-0.069681,0.698121,-0.027909,0.110356,-0.199112,2667,1963,2286,2891,2581,3109
0.115002,-0.074256,0.736626,0.002873,0.114930,-0.223065,2667,1963,2286,2891,2581,3109
0.113116,-0.072549,0.722655,-0.008025,0.113223,-0.214122,2667,1963,2286,2891,2581,3109
0.114572,-0.073153,0.729377,-0.002380,0.113828,-0.218051,2667,1963,2286,2891,2581,3109
0.111927,-0.071722,0.711615,-0.016416,0.112397,-0.206849,2667,1963,2286,2891,2581,3109
0.114572,-0.073153,0.729377,-0.002380,0.113828,-0.218051,2667,1963,2286,2891,2581,3109
0.114572,-0.073153,0.729377,-0.002380,0.113828,-0.218051,2667,1963,2286,2891,2581,3109
0.115144,-0.073358,0.731244,-0.000690,0.114033,-0.219028,2667,1963,2286,2891,2581,3109
0.115144,-0.073358,0.731244,-0.000690,0.114033,-0.219028,2668,1963,2286,2891,2581,3109
0.114572,-0.073153,0.729377,-0.002380,0.113828,-0.218051,2668,1963,2286,2891,2581,3109
0.115144,-0.073358,0.731244,-0.000690,0.114033,-0.219028,2668,1963,2286,2891,2581,3109
0.117050,-0.075177,0.746175,0.010877,0.115851,-0.228661,2668,1963,2286,2891,2581,3109
0.113682,-0.072740,0.724661,-0.006244,0.113415,-0.215204,2668,1963,2286,2891,2581,3109
0.117050,-0.075177,0.746175,0.010877,0.115851,-0.228661,2668,1963,2286,2891,2581,3109
0.117050,-0.075177,0.746175,0.010877,0.115851,-0.228661,2669,1963,2286,2891,2581,3109
0.114572,-0.073153,0.729377,-0.002380,0.113828,-0.218051,2670,1963,2286,2891,2581,3109
0.114328,-0.073079,0.728109,-0.003422,0.113754,-0.217289,2671,1963,2286,2891,2581,3109
0.114480,-0.072722,0.725247,-0.005261,0.113396,-0.215090,2672,1963,2286,2891,2581,3109
0.115779,-0.073157,0.729414,-0.001471,0.113832,-0.217257,2673,1963,2286,2891,2581,3109
0.115527,-0.073079,0.728106,-0.002547,0.113753,-0.216470,2673,1963,2286,2891,2581,3109
0.113762,-0.071618,0.716842,-0.011512,0.112292,-0.209425,2673,1963,2286,2891,2581,3109
0.115693,-0.072734,0.725365,-0.004292,0.113409,-0.214350,2672,1963,2286,2891,2581,3109
0.114974,-0.072493,0.723022,-0.006415,0.113167,-0.213124,2671,1963,2286,2891,2581,3109
0.115527,-0.073079,0.728106,-0.002547,0.113753,-0.216470,2671,1963,2286,2891,2581,3109
0.118386,-0.074530,0.745987,0.011726,0.115205,-0.227613,2671,1963,2286,2891,2581,3109
0.118815,-0.075408,0.751130,0.015544,0.116083,-0.231086,2670,1963,2286,2891,2581,3109
0.114480,-0.072722,0.725247,-0.005261,0.113396,-0.215090,2670,1963,2286,2891,2581,3109
0.114480,-0.072722,0.725247,-0.005261,0.113396,-0.215090,2669,1963,2286,2891,2581,3109
0.117048,-0.073859,0.739596,0.006394,0.114534,-0.223846,2669,1963,2286,2891,2581,3109
0.115144,-0.073358,0.731244,-0.000690,0.114033,-0.219028,2669,1963,2286,2891,2581,3109
0.115144,-0.073358,0.731244,-0.000690,0.114033,-0.219028,2669,1963,2286,2891,2581,3109
0.115144,-0.073358,0.731244,-0.000690,0.114033,-0.219028,2668,1963,2286,2891,2581,3109
0.114572,-0.073153,0.729377,-0.002380,0.113828,-0.218051,2668,1963,2286,2891,2581,3109
0.115144,-0.073358,0.731244,-0.000690,0.114033,-0.219028,2668,1963,2286,2891,2581,3109
0.114328,-0.073079,0.728109,-0.003422,0.113754,-0.217289,2668,1963,2286,2891,2581,3109
0.113268,-0.072710,0.725128,-0.006229,0.113384,-0.215829,2668,1963,2286,2891,2581,3109
0.117050,-0.075177,0.746175,0.010877,0.115851,-0.228661,2668,1963,2286,2891,2581,3109
0.114328,-0.073079,0.728109,-0.003422,0.113754,-0.217289,2668,1963,2286,2891,2581,3109
0.114572,-0.073153,0.729377,-0.002380,0.113828,-0.218051,2668,1963,2286,2891,2581,3109
0.114328,-0.073079,0.728109,-0.003422,0.113754,-0.217289,2668,1963,2286,2891,2581,3109
0.114328,-0.073079,0.728109,-0.003422,0.113754,-0.217289,2668,1963,2286,2891,2581,3109
0.114328,-0.073079,0.728109,-0.003422,0.113754,-0.217289,2668,1963,2286,2891,2581,3109
0.114572,-0.073153,0.729377,-0.002380,0.113828,-0.218051,2668,1963,2286,2891,2581,3109
0.114572,-0.073153,0.729377,-0.002380,0.113828,-0.218051,2668,1963,2286,2891,2581,3109
0.114572,-0.073153,0.729377,-0.002380,0.113828,-0.218051,2668,1963,2286,2891,2581,3109
0.114328,-0.073079,0.728109,-0.003422,0.113754,-0.217289,2668,1963,2286,2891,2581,3109
0.114572,-0.073153,0.729377,-0.002380,0.113828,-0.218051,2668,1963,2286,2891,2581,3109
0.118989,-0.076058,0.757789,0.020207,0.116733,-0.235844,2668,1963,2286,2891,2581,3109
0.109997,-0.070060,0.700549,-0.025367,0.110735,-0.200062,2668,1963,2286,2891,2581,3109
0.117050,-0.075177,0.746175,0.010877,0.115851,-0.228661,2668,1963,2286,2891,2581,3109
0.112919,-0.072011,0.721465,-0.008979,0.112686,-0.213385,2668,1963,2286,2891,2581,3109
0.114328,-0.073079,0.728109,-0.003422,0.113754,-0.217289,2668,1963,2286,2891,2581,3109
0.114328,-0.073079,0.728109,-0.003422,0.113754,-0.217289,2668,1963,2286,2891,2581,3109
0.114572,-0.073153,0.729377,-0.002380,0.113828,-0.218051,2668,1963,2286,2891,2581,3109
0.114328,-0.073079,0.728109,-0.003422,0.113754,-0.217289,2668,1963,2286,2891,2581,3109
0.111348,-0.070787,0.708927,-0.018671,0.111462,-0.205276,2668,1963,2286,2891,2581,3109
0.115144,-0.073358,0.731244,-0.000690,0.114033,-0.219028,2668,1963,2286,2891,2581,3109
0.115144,-0.073358,0.731244,-0.000690,0.114033,-0.219028,2668,1963,2286,2891,2581,3109
0.115144,-0.073358,0.731244,-0.000690,0.114033,-0.219028,2668,1963,2286,2891,2581,3109
0.111437,-0.070768,0.706164,-0.020488,0.111443,-0.203192,2668,1963,2286,2891,2581,3109
0.110238,-0.070285,0.698403,-0.026652,0.110960,-0.198327,2668,1963,2286,2891,2581,3109
0.115144,-0.073358,0.731244,-0.000690,0.114033,-0.219028,2668,1963,2286,2891,2581,3109
0.115144,-0.073358,0.731244,-0.000690,0.114033,-0.219028,2668,1963,2286,2891,2581,3109
0.116808,-0.074164,0.741950,0.007821,0.114839,-0.225732,2668,1963,2286,2891,2581,3109
0.116253,-0.073569,0.736773,0.003888,0.114244,-0.222321,2668,1963,2286,2891,2581,3109
0.114904,-0.073141,0.728824,-0.002514,0.113816,-0.217420,2668,1963,2286,2891,2581,3109
0.114480,-0.072722,0.725247,-0.005261,0.113396,-0.215090,2668,1963,2286,2891,2581,3109
0.118167,-0.075395,0.750989,0.014974,0.116070,-0.231424,2668,1963,2286,2891,2581,3109
0.117048,-0.073859,0.739596,0.006394,0.114534,-0.223846,2668,1963,2286,2891,2581,3109
0.115144,-0.073358,0.731244,-0.000690,0.114033,-0.219028,2668,1963,2286,2891,2581,3109
0.116253,-0.073569,0.736773,0.003888,0.114244,-0.222321,2668,1963,2286,2891,2581,3109
0.114904,-0.073141,0.728824,-0.002514,0.113816,-0.217420,2668,1963,2286,2891,2581,3109
0.116269,-0.073119,0.736939,0.004014,0.113794,-0.222431,2668,1963,2286,2891,2581,3109
0.114480,-0.072722,0.725247,-0.005261,0.113396,-0.215090,2668,1963,2286,2891,2581,3109
0.114904,-0.073141,0.728824,-0.002514,0.113816,-0.217420,2668,1963,2286,2891,2581,3109
0.116808,-0.074164,0.741950,0.007821,0.114839,-0.225732,2668,1963,2286,2891,2581,3109
0.114904,-0.073141,0.728824,-0.002514,0.113816,-0.217420,2668,1963,2286,2891,2581,3109
0.115144,-0.073358,0.731244,-0.000690,0.114033,-0.219028,2668,1963,2286,2891,2581,3109
0.114328,-0.073079,0.728109,-0.003422,0.113754,-0.217289,2668,1963,2286,2891,2581,3109
0.117678,-0.074475,0.745395,0.010805,0.115150,-0.227662,2668,1963,2286,2891,2581,3109
0.116808,-0.074164,0.741950,0.007821,0.114839,-0.225732,2668,1963,2286,2891,2581,3109
0.116808,-0.074164,0.741950,0.007821,0.114839,-0.225732,2668,1963,2286,2891,2581,3109
0.110413,-0.070428,0.698488,-0.026467,0.111103,-0.198270,2668,1963,2286,2891,2581,3109
0.116808,-0.074164,0.741950,0.007821,0.114839,-0.225732,2668,1963,2286,2891,2581,3109
0.113753,-0.072472,0.722826,-0.007442,0.113147,-0.213813,2668,1963,2286,2891,2581,3109
0.114904,-0.073141,0.728824,-0.002514,0.113816,-0.217420,2669,1963,2286,2891,2581,3109
0.114480,-0.072722,0.725247,-0.005261,0.113396,-0.215090,2669,1963,2286,2891,2581,3109
0.116808,-0.074164,0.741950,0.007821,0.114839,-0.225732,2669,1963,2286,2891,2581,3109
0.111781,-0.071466,0.709004,-0.018301,0.112141,-0.205037,2669,1963,2286,2891,2581,3109
0.117678,-0.074475,0.745395,0.010805,0.115150,-0.227662,2669,1963,2286,2891,2581,3109
0.115144,-0.073358,0.731244,-0.000690,0.114033,-0.219028,2669,1963,2286,2891,2581,3109
0.114480,-0.072722,0.725247,-0.005261,0.113396,-0.215090,2669,1963,2286,2891,2581,3109
0.115144,-0.073358,0.731244,-0.000690,0.114033,-0.219028,2669,1963,2286,2891,2581,3109
0.115144,-0.073358,0.731244,-0.000690,0.114033,-0.219028,2669,1963,2286,2891,2581,3109
0.111917,-0.070775,0.708829,-0.018320,0.111450,-0.204816,2668,1963,2286,2891,2581,3109
0.117156,-0.074529,0.745974,0.010817,0.115203,-0.228442,2668,1963,2286,2891,2581,3109
0.115144,-0.073358,0.731244,-0.000690,0.114033,-0.219028,2668,1963,2286,2891,2581,3109
0.116808,-0.074164,0.741950,0.007821,0.114839,-0.225732,2668,1963,2286,2891,2581,3109
0.118353,-0.074888,0.752134,0.015890,0.115563,-0.232136,2668,1963,2286,2891,2581,3109
0.115144,-0.073358,0.731244,-0.000690,0.114033,-0.219028,2668,1963,2286,2891,2581,3109
0.114572,-0.073153,0.729377,-0.002380,0.113828,-0.218051,2668,1963,2286,2891,2581,3109
0.117156,-0.074529,0.745974,0.010817,0.115203,-0.228442,2668,1963,2286,2891,2581,3109
0.114572,-0.073153,0.729377,-0.002380,0.113828,-0.218051,2668,1963,2286,2891,2581,3109
0.110691,-0.070935,0.709013,-0.019093,0.111610,-0.205786,2668,1963,2286,2891,2581,3109
0.113690,-0.072745,0.724702,-0.006210,0.113420,-0.215229,2668,1963,2286,2891,2581,3109
0.114328,-0.073079,0.728109,-0.003422,0.113754,-0.217289,2668,1963,2286,2891,2581,3109
0.113753,-0.072472,0.722826,-0.007442,0.113147,-0.213813,2668,1963,2286,2891,2581,3109
0.114572,-0.073153,0.729377,-0.002380,0.113828,-0.218051,2668,1963,2286,2891,2581,3109
0.114547,-0.073361,0.731277,-0.001104,0.114036,-0.219459,2668,1963,2286,2891,2581,3109
0.115144,-0.073358,0.731244,-0.000690,0.114033,-0.219028,2668,1963,2286,2891,2581,3109
0.114572,-0.073153,0.729377,-0.002380,0.113828,-0.218051,2668,1963,2286,2891,2581,3109
0.114572,-0.073153,0.729377,-0.002380,0.113828,-0.218051,2668,1963,2286,2891,2581,3109
0.114328,-0.073079,0.728109,-0.003422,0.113754,-0.217289,2668,1963,2286,2891,2581,3109
0.114572,-0.073153,0.729377,-0.002380,0.113828,-0.218051,2668,1963,2286,2891,2581,3109
0.111161,-0.070066,0.700612,-0.024472,0.110741,-0.199316,2668,1963,2286,2891,2581,3109
0.117050,-0.075177,0.746175,0.010877,0.115851,-0.228661,2668,1963,2286,2891,2581,3109
0.114480,-0.072722,0.725247,-0.005261,0.113396,-0.215090,2668,1963,2286,2891,2581,3109
0.115144,-0.073358,0.731244,-0.000690,0.114033,-0.219028,2668,1963,2286,2891,2581,3109
0.113548,-0.072034,0.721680,-0.008372,0.112708,-0.213114,2668,1963,2286,2891,2581,3109
0.113753,-0.072472,0.722826,-0.007442,0.113147,-0.213813,2668,1963,2286,2891,2581,3109
0.110831,-0.070942,0.706331,-0.020817,0.111616,-0.203727,2669,1963,2286,2891,2581,3109
0.116253,-0.073569,0.736773,0.003888,0.114244,-0.222321,2669,1963,2286,2891,2581,3109
0.117048,-0.073859,0.739596,0.006394,0.114534,-0.223846,2669,1963,2286,2891,2581,3109
0.116895,-0.074835,0.743105,0.008672,0.115510,-0.226519,2669,1963,2286,2891,2581,3109
0.117050,-0.075177,0.746175,0.010877,0.115851,-0.228661,2668,1963,2286,2891,2581,3109
0.115144,-0.073358,0.731244,-0.000690,0.114033,-0.219028,2668,1963,2286,2891,2581,3109
0.107308,-0.069203,0.687766,-0.036043,0.109878,-0.192536,2668,1963,2286,2891,2581,3109
0.115144,-0.073358,0.731244,-0.000690,0.114033,-0.219028,2668,1963,2286,2891,2581,3109
0.115144,-0.073358,0.731244,-0.000690,0.114033,-0.219028,2668,1963,2286,2891,2581,3109
0.114328,-0.073079,0.728109,-0.003422,0.113754,-0.217289,2668,1963,2286,2891,2581,3109
0.115144,-0.073358,0.731244,-0.000690,0.114033,-0.219028,2668,1963,2286,2891,2581,3109
0.114328,-0.073079,0.728109,-0.003422,0.113754,-0.217289,2668,1963,2286,2891,2581,3109
0.114328,-0.073079,0.728109,-0.003422,0.113754,-0.217289,2668,1963,2286,2891,2581,3109
0.114328,-0.073079,0.728109,-0.003422,0.113754,-0.217289,2668,1963,2286,2891,2581,3109
0.115144,-0.073358,0.731244,-0.000690,0.114033,-0.219028,2668,1963,2286,2891,2581,3109
0.115144,-0.073358,0.731244,-0.000690,0.114033,-0.219028,2668,1963,2286,2891,2581,3109
0.114572,-0.073153,0.729377,-0.002380,0.113828,-0.218051,2668,1963,2286,2891,2581,3109
0.114904,-0.073141,0.728824,-0.002514,0.113816,-0.217420,2668,1963,2286,2891,2581,3109
0.114572,-0.073153,0.729377,-0.002380,0.113828,-0.218051,2668,1963,2286,2891,2581,3109
0.115144,-0.073358,0.731244,-0.000690,0.114033,-0.219028,2668,1963,2286,2891,2581,3109
0.117156,-0.074529,0.745974,0.010817,0.115203,-0.228442,2668,1963,2286,2891,2581,3109
0.114572,-0.073153,0.729377,-0.002380,0.113828,-0.218051,2668,1963,2286,2891,2581,3109
0.113753,-0.072472,0.722826,-0.007442,0.113147,-0.213813,2668,1963,2286,2891,2581,3109
0.114328,-0.073079,0.728109,-0.003422,0.113754,-0.217289,2668,1963,2286,2891,2581,3109
0.114572,-0.073153,0.729377,-0.002380,0.113828,-0.218051,2668,1963,2286,2891,2581,3109
0.114328,-0.073079,0.728109,-0.003422,0.113754,-0.217289,2668,1963,2286,2891,2581,3109
0.113548,-0.072034,0.721680,-0.008372,0.112708,-0.213114,2668,1963,2286,2891,2581,3109
0.115144,-0.073358,0.731244,-0.000690,0.114033,-0.219028,2668,1963,2286,2891,2581,3109
0.115144,-0.073358,0.731244,-0.000690,0.114033,-0.219028,2668,1963,2286,2891,2581,3109
0.114328,-0.073079,0.728109,-0.003422,0.113754,-0.217289,2668,1963,2286,2891,2583,3109
0.114328,-0.073079,0.728109,-0.003422,0.113754,-0.217289,2668,1963,2286,2891,2585,3109
0.114328,-0.073079,0.728109,-0.003422,0.113754,-0.217289,2668,1963,2286,2891,2587,3109
0.117156,-0.074529,0.745974,0.010817,0.115203,-0.228442,2668,1963,2286,2891,2588,3109
0.114328,-0.073079,0.728109,-0.003422,0.113754,-0.217289,2667,1963,2286,2891,2589,3109
0.114328,-0.073079,0.728109,-0.003422,0.113754,-0.217289,2667,1963,2286,2891,2589,3109
0.114572,-0.073153,0.729377,-0.002380,0.113828,-0.218051,2667,1963,2286,2891,2589,3109
0.113268,-0.072710,0.725128,-0.006229,0.113384,-0.215829,2667,1963,2286,2891,2589,3109
0.113268,-0.072710,0.725128,-0.006229,0.113384,-0.215829,2667,1963,2286,2891,2589,3109
0.115002,-0.074256,0.736626,0.002873,0.114930,-0.223065,2667,1963,2286,2891,2590,3109
0.113268,-0.072710,0.725128,-0.006229,0.113384,-0.215829,2667,1963,2286,2891,2590,3109
0.115811,-0.073846,0.739474,0.005405,0.114521,-0.224599,2667,1963,2286,2891,2590,3109
0.117547,-0.075389,0.750929,0.014479,0.116063,-0.231803,2667,1963,2286,2891,2590,3109
0.113268,-0.072710,0.725128,-0.006229,0.113384,-0.215829,2667,1963,2286,2891,2591,3109
0.113268,-0.072710,0.725128,-0.006229,0.113384,-0.215829,2666,1963,2286,2891,2593,3109
0.117547,-0.075389,0.750929,0.014479,0.116063,-0.231803,2661,1963,2286,2891,2605,3109
0.117547,-0.075389,0.750929,0.014479,0.116063,-0.231803,2658,1963,2286,2891,2623,3109
0.114834,-0.073857,0.735373,0.001896,0.114531,-0.222262,2657,1963,2286,2891,2643,3109
0.111344,-0.071256,0.710957,-0.017291,0.111931,-0.206765,2657,1963,2286,2891,2658,3109
0.117547,-0.075389,0.750929,0.014479,0.116063,-0.231803,2657,1963,2286,2891,2661,3109
0.114572,-0.073153,0.729377,-0.002380,0.113828,-0.218051,2657,1963,2286,2891,2657,3109
0.117156,-0.074529,0.745974,0.010817,0.115203,-0.228442,2658,1963,2286,2891,2655,3109
0.117156,-0.074529,0.745974,0.010817,0.115203,-0.228442,2660,1963,2286,2891,2655,3109
0.117156,-0.074529,0.745974,0.010817,0.115203,-0.228442,2660,1963,2286,2891,2655,3109
0.119493,-0.075982,0.757033,0.020062,0.116657,-0.234946,2660,1963,2286,2891,2655,3109
0.114480,-0.072722,0.725247,-0.005261,0.113396,-0.215090,2660,1963,2286,2891,2655,3109
0.118386,-0.074530,0.745987,0.011726,0.115205,-0.227613,2661,1963,2286,2891,2654,3109
0.116253,-0.073569,0.736773,0.003888,0.114244,-0.222321,2661,1963,2286,2891,2654,3109
0.112231,-0.072109,0.713506,-0.014905,0.112783,-0.208026,2661,1963,2286,2891,2654,3109
0.118815,-0.075408,0.751130,0.015544,0.116083,-0.231086,2661,1963,2286,2891,2654,3109
0.109953,-0.069695,0.698254,-0.026963,0.110369,-0.198412,2661,1963,2286,2891,2654,3109
0.116253,-0.073569,0.736773,0.003888,0.114244,-0.222321,2660,1963,2286,2891,2654,3109
0.113227,-0.071985,0.719677,-0.009973,0.112659,-0.211866,2660,1963,2286,2891,2653,3109
0.116253,-0.073569,0.736773,0.003888,0.114244,-0.222321,2660,1963,2286,2891,2653,3109
0.117134,-0.074290,0.743751,0.009287,0.114965,-0.226829,2660,1963,2286,2891,2653,3109
0.114695,-0.072667,0.730161,-0.001755,0.113342,-0.218541,2660,1963,2286,2891,2653,3109
0.117134,-0.074290,0.743751,0.009287,0.114965,-0.226829,2661,1963,2286,2891,2653,3109
0.110766,-0.069772,0.701456,-0.024186,0.110446,-0.200203,2661,1963,2286,2891,2653,3109
0.114593,-0.072094,0.724896,-0.005417,0.112769,-0.214756,2662,1963,2286,2891,2653,3109
0.120147,-0.075377,0.757228,0.020673,0.116052,-0.234643,2662,1963,2286,2891,2653,3109
0.118815,-0.075408,0.751130,0.015544,0.116083,-0.231086,2662,1963,2286,2891,2653,3109
0.117834,-0.073766,0.744299,0.010173,0.114440,-0.226754,2663,1963,2286,2891,2653,3109
0.118386,-0.074530,0.745987,0.011726,0.115205,-0.227613,2663,1963,2286,2891,2647,3109
0.116243,-0.072690,0.730591,-0.000330,0.113364,-0.217801,2663,1963,2286,2891,2632,3109
0.118386,-0.074530,0.745987,0.011726,0.115205,-0.227613,2663,1963,2286,2891,2614,3109
0.116253,-0.073569,0.736773,0.003888,0.114244,-0.222321,2663,1963,2286,2891,2595,3109
0.112419,-0.071454,0.714955,-0.013781,0.112129,-0.208959,2662,1963,2286,2891,2591,3109
0.116220,-0.074425,0.744792,0.009327,0.115099,-0.228213,2661,1963,2286,2891,2593,3109
0.114607,-0.073136,0.734213,0.000940,0.113810,-0.221568,2659,1963,2286,2890,2598,3109
0.115798,-0.073932,0.746023,0.009856,0.114607,-0.229402,2659,1963,2286,2889,2606,3109
0.115798,-0.073932,0.746023,0.009856,0.114607,-0.229402,2658,1963,2286,2888,2614,3109
0.115798,-0.073932,0.746023,0.009856,0.114607,-0.229402,2658,1963,2286,2888,2622,3109
0.115798,-0.073932,0.746023,0.009856,0.114607,-0.229402,2658,1963,2286,2888,2632,3109
0.113918,-0.072138,0.731100,-0.001685,0.112813,-0.219758,2658,1963,2286,2888,2637,3109
0.116278,-0.073851,0.745167,0.009625,0.114525,-0.228449,2658,1963,2286,2888,2640,3109
0.113111,-0.071354,0.722623,-0.008051,0.112029,-0.214102,2658,1963,2287,2889,2641,3109
0.113243,-0.071498,0.724967,-0.006358,0.112173,-0.215728,2658,1963,2287,2889,2641,3109
0.114548,-0.071936,0.729223,-0.002503,0.112610,-0.217955,2658,1963,2287,2889,2641,3109
0.114548,-0.071936,0.729223,-0.002503,0.112610,-0.217955,2658,1964,2287,2889,2641,3109
0.114527,-0.072143,0.731144,-0.001210,0.112817,-0.219376,2658,1964,2287,2889,2641,3109
0.117134,-0.073286,0.745837,0.010708,0.113960,-0.228357,2658,1964,2287,2889,2641,3109
0.114548,-0.071936,0.729223,-0.002503,0.112610,-0.217955,2658,1964,2287,2889,2641,3109
0.117134,-0.073286,0.745837,0.010708,0.113960,-0.228357,2658,1964,2287,2889,2642,3109
0.117134,-0.073286,0.745837,0.010708,0.113960,-0.228357,2658,1964,2287,2889,2648,3109
0.117134,-0.073286,0.745837,0.010708,0.113960,-0.228357,2658,1964,2287,2889,2662,3109
0.117110,-0.073049,0.743595,0.009163,0.113724,-0.226732,2658,1964,2287,2889,2673,3109
0.117134,-0.073286,0.745837,0.010708,0.113960,-0.228357,2658,1964,2287,2889,2676,3109
0.114455,-0.071510,0.725084,-0.005390,0.112185,-0.214988,2658,1964,2287,2889,2673,3109
0.117808,-0.073302,0.745984,0.011301,0.113977,-0.228005,2658,1964,2287,2890,2669,3109
0.117022,-0.072624,0.739431,0.006263,0.113299,-0.223743,2658,1964,2287,2890,2669,3109
0.114144,-0.072161,0.724822,-0.005796,0.112836,-0.215008,2659,1964,2287,2890,2668,3109
0.117929,-0.073215,0.744895,0.010649,0.113890,-0.227126,2660,1964,2287,2890,2668,3109
0.117589,-0.073044,0.743039,0.009135,0.113719,-0.225998,2661,1964,2287,2890,2668,3109
0.117022,-0.072624,0.739431,0.006263,0.113299,-0.223743,2662,1964,2287,2890,2667,3109
0.118364,-0.073287,0.745850,0.011618,0.113962,-0.227528,2662,1964,2287,2890,2667,3109
0.118364,-0.073287,0.745850,0.011618,0.113962,-0.227528,2663,1964,2287,2890,2667,3109
0.118364,-0.073287,0.745850,0.011618,0.113962,-0.227528,2663,1964,2287,2890,2666,3109
0.118364,-0.073287,0.745850,0.011618,0.113962,-0.227528,2663,1964,2287,2890,2665,3109
0.120146,-0.074128,0.757221,0.020668,0.114803,-0.234639,2664,1964,2287,2890,2651,3109
0.118364,-0.073287,0.745850,0.011618,0.113962,-0.227528,2664,1964,2287,2890,2631,3109
0.118957,-0.074327,0.753613,0.017339,0.115001,-0.232807,2664,1964,2287,2890,2615,3109
0.115123,-0.072140,0.731111,-0.000795,0.112814,-0.218945,2662,1964,2287,2889,2611,3109
0.114527,-0.072143,0.731144,-0.001210,0.112817,-0.219376,2661,1964,2287,2888,2612,3109
0.117542,-0.074148,0.750901,0.014456,0.114823,-0.231786,2660,1964,2287,2887,2613,3109
0.113243,-0.071498,0.724967,-0.006358,0.112173,-0.215728,2659,1964,2287,2885,2613,3109
0.111213,-0.070258,0.714768,-0.014791,0.110933,-0.209644,2658,1964,2287,2885,2616,3109
0.115879,-0.073045,0.743557,0.008236,0.113720,-0.227542,2658,1964,2287,2884,2628,3109
0.115879,-0.073045,0.743557,0.008236,0.113720,-0.227542,2658,1964,2287,2884,2642,3109
0.115904,-0.073284,0.745824,0.009799,0.113959,-0.229185,2658,1964,2287,2884,2652,3109
0.115904,-0.073284,0.745824,0.009799,0.113959,-0.229185,2658,1964,2287,2884,2654,3109
0.115904,-0.073284,0.745824,0.009799,0.113959,-0.229185,2658,1964,2287,2884,2651,3109
0.113342,-0.071932,0.729185,-0.003412,0.112606,-0.218749,2658,1964,2287,2884,2650,3109
0.115904,-0.073284,0.745824,0.009799,0.113959,-0.229185,2658,1964,2287,2884,2649,3109
0.115879,-0.073045,0.743557,0.008236,0.113720,-0.227542,2658,1964,2287,2885,2649,3109
0.115904,-0.073284,0.745824,0.009799,0.113959,-0.229185,2658,1964,2287,2885,2649,3109
0.112558,-0.071229,0.722310,-0.008668,0.111904,-0.214249,2658,1964,2287,2886,2647,3109
0.118539,-0.075067,0.760770,0.021909,0.115741,-0.238332,2658,1964,2287,2886,2646,3109
0.115904,-0.073284,0.745824,0.009799,0.113959,-0.229185,2659,1964,2287,2886,2646,3109
0.115005,-0.072332,0.736543,0.002818,0.113007,-0.223003,2659,1964,2287,2887,2645,3109
0.115786,-0.072612,0.739310,0.005275,0.113286,-0.224496,2659,1964,2287,2887,2645,3109
0.113560,-0.071772,0.727029,-0.004721,0.112446,-0.217021,2659,1964,2287,2887,2645,3109
0.117740,-0.074808,0.757787,0.019292,0.115483,-0.236692,2658,1964,2287,2887,2645,3109
0.113549,-0.072102,0.726954,-0.004780,0.112776,-0.216974,2658,1964,2287,2888,2645,3109
0.113874,-0.072690,0.730588,-0.002066,0.113365,-0.219413,2658,1964,2287,2888,2645,3109
0.113834,-0.072687,0.730566,-0.002111,0.113361,-0.219424,2658,1964,2287,2888,2645,3109
0.113874,-0.072690,0.730588,-0.002066,0.113365,-0.219413,2658,1964,2287,2888,2645,3109
0.115798,-0.073932,0.746023,0.009856,0.114607,-0.229402,2658,1964,2287,2889,2645,3109
0.112349,-0.071843,0.721539,-0.009347,0.112518,-0.213827,2658,1964,2287,2890,2645,3109
0.113638,-0.072421,0.727526,-0.004325,0.113095,-0.217332,2658,1964,2287,2890,2645,3109
0.116325,-0.073776,0.744595,0.009270,0.114451,-0.227998,2658,1964,2287,2890,2645,3109
0.115078,-0.072691,0.730594,-0.001180,0.113365,-0.218598,2658,1964,2287,2890,2645,3109
0.117152,-0.073724,0.743853,0.009369,0.114399,-0.226892,2658,1964,2287,2890,2645,3109
0.114695,-0.072667,0.730161,-0.001755,0.113342,-0.218541,2658,1964,2287,2890,2645,3109
0.114695,-0.072667,0.730161,-0.001755,0.113342,-0.218541,2658,1964,2287,2890,2645,3109
0.115078,-0.072691,0.730594,-0.001180,0.113365,-0.218598,2658,1964,2287,2890,2645,3109
0.116136,-0.073515,0.742177,0.007484,0.114190,-0.226357,2658,1964,2287,2890,2645,3109
0.117028,-0.073933,0.746037,0.010767,0.114608,-0.228575,2658,1964,2287,2890,2645,3109
0.117028,-0.073933,0.746037,0.010767,0.114608,-0.228575,2658,1964,2287,2890,2645,3109
0.114695,-0.072667,0.730161,-0.001755,0.113342,-0.218541,2658,1964,2287,2890,2645,3109
0.117028,-0.073933,0.746037,0.010767,0.114608,-0.228575,2658,1964,2287,2890,2645,3109
0.114695,-0.072667,0.730161,-0.001755,0.113342,-0.218541,2658,1964,2287,2890,2645,3109
0.117028,-0.073933,0.746037,0.010767,0.114608,-0.228575,2658,1964,2287,2890,2645,3109
0.117028,-0.073933,0.746037,0.010767,0.114608,-0.228575,2658,1964,2287,2890,2645,3109
0.117028,-0.073933,0.746037,0.010767,0.114608,-0.228575,2658,1964,2287,2890,2645,3109
0.117028,-0.073933,0.746037,0.010767,0.114608,-0.228575,2658,1964,2287,2890,2645,3109
0.112196,-0.070973,0.716121,-0.013149,0.111648,-0.209965,2658,1964,2287,2890,2645,3109
0.117028,-0.073933,0.746037,0.010767,0.114608,-0.228575,2658,1964,2287,2890,2645,3109
0.112617,-0.071026,0.716835,-0.012355,0.111701,-0.210200,2658,1964,2287,2890,2645,3109
0.117028,-0.073933,0.746037,0.010767,0.114608,-0.228575,2658,1964,2287,2890,2645,3109
0.118988,-0.074808,0.757783,0.020203,0.115483,-0.235840,2658,1964,2287,2890,2645,3109
0.116136,-0.073515,0.742177,0.007484,0.114190,-0.226357,2658,1964,2287,2890,2645,3109
0.118988,-0.074808,0.757783,0.020203,0.115483,-0.235840,2658,1964,2287,2890,2645,3109
0.117028,-0.073933,0.746037,0.010767,0.114608,-0.228575,2658,1964,2287,2890,2645,3109
0.110107,-0.069332,0.702686,-0.023831,0.110007,-0.201552,2658,1964,2287,2890,2645,3109
0.119172,-0.075071,0.760815,0.022403,0.115746,-0.237933,2658,1964,2287,2890,2645,3109
0.112196,-0.070973,0.716121,-0.013149,0.111648,-0.209965,2658,1964,2287,2890,2645,3109
0.117028,-0.073933,0.746037,0.010767,0.114608,-0.228575,2658,1964,2287,2890,2645,3109
0.117028,-0.073933,0.746037,0.010767,0.114608,-0.228575,2658,1964,2287,2890,2645,3109
0.118988,-0.074808,0.757783,0.020203,0.115483,-0.235840,2658,1964,2287,2890,2645,3109
0.114695,-0.072667,0.730161,-0.001755,0.113342,-0.218541,2658,1964,2287,2890,2645,3109
0.117028,-0.073933,0.746037,0.010767,0.114608,-0.228575,2658,1964,2287,2890,2645,3109
0.116136,-0.073515,0.742177,0.007484,0.114190,-0.226357,2658,1964,2287,2890,2645,3109
0.113638,-0.072421,0.727526,-0.004325,0.113095,-0.217332,2658,1964,2287,2890,2645,3109
0.117028,-0.073933,0.746037,0.010767,0.114608,-0.228575,2658,1964,2287,2890,2645,3109
0.118988,-0.074808,0.757783,0.020203,0.115483,-0.235840,2658,1964,2287,2890,2645,3109
0.118988,-0.074808,0.757783,0.020203,0.115483,-0.235840,2658,1964,2287,2890,2645,3109
0.117028,-0.073933,0.746037,0.010767,0.114608,-0.228575,2657,1964,2287,2890,2645,3109
0.118988,-0.074808,0.757783,0.020203,0.115483,-0.235840,2657,1964,2287,2890,2645,3109
0.113638,-0.072421,0.727526,-0.004325,0.113095,-0.217332,2657,1964,2287,2890,2645,3109
0.114569,-0.072149,0.731183,-0.001152,0.112823,-0.219375,2657,1964,2287,2890,2645,3109
0.114431,-0.072684,0.730539,-0.001692,0.113359,-0.218998,2656,1964,2287,2890,2645,3109
0.115798,-0.073932,0.746023,0.009856,0.114607,-0.229402,2655,1964,2287,2890,2645,3109
0.115798,-0.073932,0.746023,0.009856,0.114607,-0.229402,2648,1964,2287,2890,2645,3109
0.115904,-0.073284,0.745824,0.009799,0.113959,-0.229185,2641,1964,2287,2888,2644,3109
0.110256,-0.071025,0.716825,-0.014090,0.111700,-0.211802,2634,1964,2287,2888,2643,3109
0.113338,-0.073930,0.745992,0.008034,0.114604,-0.231056,2631,1964,2287,2888,2643,3109
0.109378,-0.072166,0.724871,-0.009252,0.112840,-0.218291,2625,1964,2287,2888,2636,3109
0.111306,-0.074418,0.744718,0.005679,0.115093,-0.231507,2618,1964,2287,2888,2612,3109
0.108460,-0.072689,0.730578,-0.006037,0.113363,-0.223094,2610,1964,2287,2888,2577,3109
0.106579,-0.072422,0.728104,-0.009099,0.113097,-0.222563,2601,1964,2287,2888,2544,3109
0.105093,-0.072676,0.730264,-0.008715,0.113351,-0.225157,2591,1964,2287,2890,2526,3109
0.103858,-0.073374,0.734869,-0.006483,0.114049,-0.229370,2580,1964,2287,2891,2515,3109
0.102623,-0.073356,0.734688,-0.007510,0.114030,-0.230079,2568,1964,2287,2891,2509,3109
0.097627,-0.072489,0.714018,-0.025248,0.113164,-0.218349,2558,1964,2287,2891,2507,3109
0.096515,-0.072812,0.716843,-0.024138,0.113487,-0.221175,2548,1964,2287,2891,2506,3109
0.096981,-0.073877,0.730467,-0.014516,0.114552,-0.230832,2537,1964,2287,2891,2505,3109
0.092178,-0.072195,0.705671,-0.034923,0.112870,-0.215950,2528,1964,2287,2891,2504,3109
0.093979,-0.075085,0.730512,-0.016683,0.115760,-0.232910,2518,1964,2287,2891,2495,3109
0.088769,-0.072035,0.701022,-0.040586,0.112710,-0.214869,2507,1964,2287,2891,2478,3109
0.088134,-0.072810,0.702745,-0.039877,0.113485,-0.216563,2495,1964,2287,2891,2459,3109
0.085818,-0.072808,0.702726,-0.041586,0.113483,-0.218127,2483,1964,2287,2891,2441,3109
0.083366,-0.072533,0.699694,-0.045446,0.113208,-0.217577,2472,1964,2287,2891,2429,3109
0.077321,-0.068074,0.657750,-0.078443,0.108749,-0.190988,2462,1964,2287,2891,2420,3109
0.078134,-0.070652,0.676600,-0.065008,0.111327,-0.204234,2450,1964,2287,2891,2412,3109
0.076043,-0.071036,0.675104,-0.067558,0.111710,-0.204563,2441,1964,2287,2891,2403,3109
0.076417,-0.072918,0.689892,-0.057211,0.113592,-0.215134,2431,1964,2287,2891,2392,3109
0.073742,-0.071330,0.671988,-0.071365,0.112005,-0.203849,2420,1964,2287,2891,2378,3109
0.073128,-0.071773,0.676664,-0.068629,0.112447,-0.207691,2408,1964,2287,2891,2362,3109
0.071782,-0.071818,0.676856,-0.069484,0.112492,-0.208748,2396,1964,2287,2891,2348,3109
0.071611,-0.073789,0.689584,-0.060939,0.114464,-0.218183,2383,1964,2287,2891,2334,3109
0.069054,-0.072425,0.680550,-0.068964,0.113100,-0.213311,2371,1964,2287,2891,2320,3109
0.067916,-0.074246,0.686225,-0.065932,0.114921,-0.218241,2359,1964,2287,2891,2308,3109
0.063617,-0.070866,0.652900,-0.091780,0.111541,-0.196772,2342,1964,2287,2891,2291,3109
0.064651,-0.074033,0.676689,-0.074818,0.114707,-0.213483,2336,1964,2287,2891,2284,3109
0.061569,-0.072556,0.660505,-0.088099,0.113230,-0.203735,2326,1964,2287,2891,2275,3109
0.060328,-0.071911,0.652673,-0.094342,0.112586,-0.198846,2315,1964,2287,2891,2264,3109
0.059330,-0.071627,0.650258,-0.096718,0.112302,-0.197758,2304,1964,2287,2891,2254,3109
0.059330,-0.073455,0.663900,-0.087425,0.114130,-0.207745,2293,1964,2287,2891,2244,3109
0.059454,-0.073971,0.663916,-0.087324,0.114645,-0.207673,2281,1964,2287,2891,2233,3109
0.057101,-0.072730,0.649919,-0.098581,0.113405,-0.199028,2270,1964,2287,2891,2221,3109
0.055245,-0.071786,0.639162,-0.107267,0.112460,-0.192417,2257,1964,2287,2891,2208,3109
0.054890,-0.072737,0.640255,-0.106782,0.113411,-0.193459,2244,1964,2287,2891,2196,3109
0.053407,-0.072130,0.630856,-0.114271,0.112804,-0.187589,2232,1964,2287,2891,2183,3109
0.052553,-0.071780,0.627559,-0.117142,0.112454,-0.185756,2219,1964,2286,2891,2170,3109
0.051944,-0.072169,0.626450,-0.118343,0.112844,-0.185359,2207,1964,2286,2891,2158,3109
0.051521,-0.072816,0.627571,-0.117890,0.113490,-0.186468,2195,1964,2286,2891,2146,3109
0.050914,-0.073203,0.626462,-0.119090,0.113878,-0.186069,2184,1964,2286,2891,2135,3109
0.048824,-0.071123,0.605094,-0.135175,0.111797,-0.171850,2173,1964,2286,2891,2125,3109
0.048824,-0.071123,0.605094,-0.135175,0.111797,-0.171850,2163,1964,2286,2891,2114,3109
0.049353,-0.073328,0.616666,-0.126905,0.114002,-0.179961,2152,1964,2286,2891,2102,3109
0.047757,-0.069951,0.586891,-0.148356,0.110625,-0.159249,2143,1964,2286,2891,2091,3109
0.047342,-0.070412,0.590532,-0.146179,0.111086,-0.162198,2133,1964,2286,2891,2081,3109
0.047641,-0.071284,0.596046,-0.142204,0.111958,-0.166031,2124,1964,2286,2891,2072,3109
0.046650,-0.069240,0.573456,-0.158318,0.109915,-0.150168,2116,1964,2286,2891,2064,3109
0.047281,-0.071359,0.590369,-0.146335,0.112034,-0.162120,2105,1964,2286,2891,2052,3109
0.048148,-0.072761,0.599635,-0.139389,0.113435,-0.168313,2101,1964,2286,2891,2048,3109
0.047281,-0.071359,0.590369,-0.146335,0.112034,-0.162120,2089,1964,2286,2891,2037,3109
0.047508,-0.071806,0.589816,-0.146545,0.112481,-0.161560,2085,1964,2286,2891,2033,3109
0.046606,-0.070450,0.577202,-0.155799,0.111125,-0.152940,2077,1964,2286,2891,2027,3109
0.047232,-0.071399,0.580817,-0.152877,0.112073,-0.155161,2070,1964,2286,2891,2021,3109
0.046041,-0.069202,0.560335,-0.167702,0.109877,-0.140977,2063,1964,2286,2891,2013,3109
0.046411,-0.070540,0.567623,-0.162466,0.111215,-0.146060,2055,1964,2286,2891,2005,3109
0.046728,-0.070453,0.567674,-0.162199,0.111128,-0.145882,2047,1964,2286,2891,1998,3109
0.047251,-0.071538,0.572357,-0.158627,0.112212,-0.148954,2040,1964,2286,2891,1991,3109
0.047367,-0.071290,0.570537,-0.159781,0.111965,-0.147542,2032,1964,2286,2891,1985,3109
0.047706,-0.070948,0.569997,-0.159901,0.111622,-0.146916,2024,1964,2286,2891,1980,3109
0.047907,-0.070640,0.563081,-0.164465,0.111314,-0.141716,2016,1964,2286,2891,1974,3109
0.048499,-0.071520,0.567981,-0.160694,0.112194,-0.144900,2008,1964,2286,2891,1968,3109
0.049066,-0.071585,0.563459,-0.163360,0.112260,-0.141204,1999,1964,2286,2891,1961,3109
0.048584,-0.070778,0.555305,-0.169266,0.111452,-0.135562,1991,1964,2286,2891,1953,3109
0.049995,-0.071589,0.563485,-0.162661,0.112264,-0.140590,1981,1964,2286,2891,1945,3109
0.049302,-0.070722,0.550826,-0.171792,0.111396,-0.131794,1973,1964,2286,2891,1940,3109
0.050141,-0.071156,0.554466,-0.168698,0.111830,-0.133888,1965,1964,2286,2891,1934,3109
0.050172,-0.070425,0.547096,-0.173696,0.111099,-0.128471,1956,1964,2286,2891,1928,3109
0.051296,-0.070863,0.547110,-0.172864,0.111538,-0.127715,1947,1964,2286,2891,1920,3109
0.052022,-0.071628,0.550815,-0.169808,0.112303,-0.129933,1938,1964,2286,2891,1912,3109
0.050965,-0.068868,0.525469,-0.187847,0.109543,-0.112097,1930,1964,2286,2891,1904,3109
0.052946,-0.070437,0.538693,-0.177389,0.111112,-0.120429,1921,1964,2286,2891,1896,3109
0.054402,-0.071773,0.547177,-0.170544,0.112448,-0.125649,1912,1964,2286,2891,1888,3109
0.054427,-0.070791,0.538185,-0.176651,0.111465,-0.119048,1904,1964,2286,2891,1881,3109
0.055325,-0.071298,0.538289,-0.175923,0.111973,-0.118513,1895,1964,2286,2891,1873,3109
0.056218,-0.070848,0.534647,-0.177750,0.111523,-0.115238,1886,1964,2286,2891,1865,3109
0.056201,-0.069753,0.523571,-0.185307,0.110427,-0.107141,1877,1964,2286,2891,1858,3109
0.056758,-0.069691,0.522906,-0.185352,0.110366,-0.106274,1868,1964,2287,2891,1850,3109
0.059718,-0.071263,0.534453,-0.175319,0.111937,-0.112712,1858,1964,2287,2891,1840,3109
0.059343,-0.070557,0.522932,-0.183442,0.111232,-0.104533,1843,1964,2287,2891,1826,3109
0.060175,-0.070112,0.519400,-0.185239,0.110787,-0.101380,1837,1964,2287,2891,1820,3109
0.060290,-0.068856,0.507128,-0.193514,0.109530,-0.092317,1826,1964,2287,2891,1809,3109
0.062739,-0.070967,0.519391,-0.183367,0.111642,-0.099627,1815,1964,2287,2891,1797,3109
0.064021,-0.070779,0.516916,-0.184116,0.111454,-0.096942,1805,1964,2287,2891,1786,3109
0.064804,-0.069849,0.508363,-0.189368,0.110524,-0.090146,1795,1964,2287,2891,1777,3109
0.066516,-0.070685,0.508710,-0.187878,0.111360,-0.089235,1786,1964,2287,2891,1770,3109
0.067236,-0.070248,0.504987,-0.189887,0.110923,-0.086018,1777,1964,2287,2891,1764,3109
0.067532,-0.069185,0.494624,-0.196729,0.109859,-0.078229,1769,1964,2287,2891,1758,3109
0.069136,-0.069322,0.495795,-0.194757,0.109997,-0.077995,1760,1964,2287,2891,1751,3109
0.071879,-0.070670,0.500801,-0.189340,0.111345,-0.079791,1751,1964,2287,2891,1743,3109
0.071158,-0.069320,0.488404,-0.198312,0.109994,-0.071206,1741,1964,2287,2891,1734,3109
0.073794,-0.070108,0.495721,-0.191398,0.110782,-0.074768,1732,1964,2287,2891,1726,3109
0.074191,-0.069779,0.489086,-0.195627,0.110453,-0.069639,1722,1964,2287,2891,1719,3109
0.076539,-0.069876,0.489638,-0.193532,0.110551,-0.068444,1711,1964,2287,2891,1711,3109
0.077230,-0.069331,0.481468,-0.198591,0.110006,-0.061992,1700,1964,2287,2891,1704,3109
0.079232,-0.069703,0.481382,-0.197184,0.110377,-0.060566,1692,1964,2287,2891,1698,3109
0.081186,-0.070120,0.481427,-0.195723,0.110794,-0.059267,1682,1964,2287,2891,1691,3109
0.082006,-0.069681,0.474929,-0.199549,0.110356,-0.053952,1672,1964,2287,2891,1685,3109
0.083442,-0.068905,0.470601,-0.201446,0.109580,-0.049805,1662,1964,2287,2891,1678,3109
0.086509,-0.069343,0.474754,-0.196372,0.110018,-0.050756,1652,1964,2287,2891,1671,3109
0.088463,-0.070518,0.474754,-0.194942,0.111192,-0.049425,1642,1964,2287,2891,1665,3109
0.088919,-0.069114,0.463785,-0.202080,0.109788,-0.041084,1626,1964,2287,2891,1656,3109
0.092209,-0.069963,0.469880,-0.195519,0.110638,-0.043305,1620,1964,2287,2891,1652,3109
0.092599,-0.069170,0.463626,-0.199494,0.109845,-0.038461,1610,1964,2287,2891,1644,3109
0.095701,-0.069319,0.461482,-0.198682,0.109994,-0.034778,1600,1964,2287,2891,1635,3109
0.096296,-0.068315,0.452502,-0.204364,0.108989,-0.027798,1591,1964,2287,2891,1624,3109
0.099604,-0.069140,0.457631,-0.198448,0.109814,-0.029300,1582,1964,2287,2891,1613,3109
0.102485,-0.069921,0.459532,-0.195045,0.110595,-0.028729,1573,1964,2287,2891,1602,3109
0.102149,-0.068538,0.448829,-0.202582,0.109213,-0.021122,1564,1964,2287,2891,1594,3109
0.104806,-0.069441,0.452938,-0.197837,0.110116,-0.022321,1554,1964,2287,2891,1585,3109
0.105752,-0.068651,0.446149,-0.201769,0.109326,-0.016706,1545,1964,2287,2891,1577,3109
0.107362,-0.067835,0.442152,-0.203313,0.108509,-0.012683,1534,1964,2287,2891,1568,3109
0.110845,-0.068255,0.445957,-0.198172,0.108930,-0.013096,1517,1964,2287,2891,1551,3109
0.112123,-0.067746,0.441490,-0.200279,0.108421,-0.008956,1512,1964,2287,2891,1545,3109
0.113807,-0.067545,0.436767,-0.202263,0.108219,-0.004350,1503,1964,2287,2891,1536,3109
0.117387,-0.068388,0.440881,-0.196840,0.109063,-0.004924,1493,1964,2287,2891,1526,3109
0.120980,-0.069344,0.444317,-0.191869,0.110018,-0.004991,1483,1964,2287,2891,1517,3109
0.121440,-0.068053,0.435245,-0.197712,0.108728,0.001964,1472,1964,2287,2891,1507,3109
0.122204,-0.067492,0.431074,-0.199993,0.108166,0.005537,1461,1964,2287,2891,1498,3109
0.126674,-0.068073,0.432952,-0.195442,0.108747,0.007207,1450,1964,2287,2891,1487,3109
0.127646,-0.067482,0.427258,-0.198609,0.108157,0.012038,1433,1964,2287,2891,1470,3109
0.130590,-0.067446,0.426985,-0.196640,0.108120,0.014244,1427,1964,2287,2891,1464,3109
0.132966,-0.067788,0.424520,-0.196579,0.108462,0.017667,1417,1964,2287,2891,1457,3109
0.135966,-0.068064,0.424069,-0.194690,0.108739,0.020041,1407,1964,2287,2891,1449,3109
0.139227,-0.068323,0.423437,-0.192734,0.108998,0.022725,1396,1964,2287,2891,1440,3109
0.141564,-0.068155,0.421530,-0.192321,0.108829,0.025713,1386,1964,2287,2891,1432,3109
0.143939,-0.067824,0.419330,-0.192081,0.108499,0.028942,1376,1964,2287,2891,1423,3109
0.146163,-0.067516,0.417318,-0.191824,0.108190,0.031929,1366,1964,2287,2891,1415,3109
0.150529,-0.068131,0.421372,-0.185865,0.108806,0.031936,1356,1964,2287,2891,1407,3109
0.151758,-0.067794,0.416090,-0.188564,0.108468,0.036639,1346,1964,2287,2891,1400,3109
0.155483,-0.068551,0.417388,-0.184952,0.109226,0.038226,1336,1964,2287,2891,1392,3109
0.155459,-0.066851,0.409139,-0.190589,0.107525,0.044250,1326,1964,2287,2892,1384,3109
0.161945,-0.068740,0.418585,-0.179406,0.109415,0.041752,1317,1964,2287,2892,1374,3109
0.161782,-0.067705,0.410257,-0.185199,0.108379,0.047738,1309,1964,2287,2892,1362,3109
0.163431,-0.067288,0.407615,-0.185791,0.107962,0.050795,1300,1964,2287,2892,1351,3109
0.164961,-0.067161,0.405988,-0.185779,0.107836,0.053029,1292,1964,2287,2892,1339,3109
0.168995,-0.067617,0.409733,-0.180275,0.108292,0.053035,1284,1964,2287,2892,1329,3109
0.171353,-0.067617,0.409727,-0.178552,0.108292,0.054646,1276,1964,2287,2892,1318,3109
0.172299,-0.066706,0.405207,-0.180939,0.107381,0.058599,1269,1964,2287,2892,1308,3109
0.174816,-0.067171,0.406045,-0.178525,0.107846,0.059700,1262,1964,2287,2892,1298,3109
0.175667,-0.066749,0.403378,-0.179719,0.107424,0.062232,1254,1964,2287,2892,1289,3109
0.188133,-0.066829,0.400921,-0.172266,0.107504,0.072523,1207,1964,2287,2892,1233,3109
0.190293,-0.067993,0.407031,-0.166523,0.108667,0.069521,1250,1964,2287,2892,1258,3109
0.183946,-0.068285,0.409671,-0.169371,0.108959,0.063264,1276,1964,2287,2892,1262,3109
0.173474,-0.067979,0.406932,-0.178904,0.108654,0.058137,1305,1964,2286,2892,1262,3109
0.171020,-0.068863,0.411163,-0.177818,0.109538,0.053367,1323,1964,2286,2892,1262,3109
0.168016,-0.069567,0.414267,-0.177903,0.110242,0.049049,1335,1964,2286,2892,1262,3109
0.159909,-0.068150,0.406678,-0.189008,0.108824,0.049082,1347,1964,2286,2892,1263,3109
0.159013,-0.069053,0.415330,-0.183770,0.109728,0.042137,1366,1964,2286,2892,1268,3109
0.152204,-0.067989,0.409218,-0.192918,0.108664,0.041974,1373,1964,2286,2892,1275,3109
0.148009,-0.067264,0.408891,-0.196212,0.107939,0.039355,1385,1964,2286,2892,1290,3109
0.145527,-0.067820,0.413598,-0.194823,0.108494,0.034219,1397,1964,2286,2892,1305,3109
0.141999,-0.067502,0.413449,-0.197508,0.108177,0.031925,1410,1964,2286,2892,1316,3109
0.141646,-0.069067,0.423268,-0.191078,0.109741,0.024496,1421,1964,2286,2892,1323,3109
0.137174,-0.068214,0.419597,-0.196852,0.108889,0.024137,1433,1964,2286,2892,1328,3109
0.135473,-0.068950,0.425237,-0.194255,0.109625,0.018849,1444,1964,2286,2892,1335,3109
0.131516,-0.067992,0.423081,-0.198621,0.108666,0.017733,1455,1964,2286,2892,1343,3109
0.127363,-0.067470,0.421100,-0.203011,0.108144,0.016354,1466,1964,2286,2892,1352,3109
0.126001,-0.068504,0.427415,-0.199706,0.109179,0.010803,1484,1964,2286,2892,1363,3109
0.124033,-0.068948,0.433266,-0.197162,0.109623,0.005179,1490,1964,2286,2892,1367,3109
0.121273,-0.069211,0.433348,-0.199126,0.109885,0.003238,1500,1964,2286,2892,1374,3109
0.117657,-0.068786,0.432065,-0.202648,0.109461,0.001714,1511,1964,2286,2892,1382,3109
0.115450,-0.068962,0.436487,-0.201251,0.109637,-0.003026,1524,1964,2286,2892,1391,3109
0.111343,-0.068069,0.432045,-0.207284,0.108743,-0.002572,1536,1964,2286,2892,1401,3109
0.104932,-0.067229,0.431720,-0.212198,0.107903,-0.006701,1562,1964,2286,2892,1421,3109
0.102740,-0.067205,0.435120,-0.211487,0.107880,-0.010683,1575,1964,2286,2892,1431,3109
0.101967,-0.069071,0.447416,-0.203677,0.109746,-0.020212,1587,1964,2286,2892,1442,3109
0.098483,-0.068519,0.445942,-0.207232,0.109194,-0.021506,1600,1964,2286,2892,1453,3109
0.095350,-0.068384,0.446790,-0.208948,0.109059,-0.024261,1612,1964,2286,2892,1464,3109
0.093572,-0.068923,0.451482,-0.207054,0.109598,-0.028907,1624,1964,2286,2892,1476,3109
0.091152,-0.068244,0.451618,-0.208733,0.108919,-0.030655,1636,1964,2286,2892,1488,3109
0.089290,-0.068668,0.455897,-0.207181,0.109342,-0.035057,1649,1964,2286,2892,1500,3109
0.086869,-0.069281,0.461204,-0.205338,0.109956,-0.040590,1660,1964,2286,2892,1512,3109
0.085527,-0.069822,0.466035,-0.203030,0.110497,-0.045042,1671,1964,2286,2892,1523,3109
0.082153,-0.068554,0.461010,-0.208923,0.109229,-0.043662,1682,1964,2286,2892,1533,3109
0.080692,-0.068672,0.466045,-0.206563,0.109346,-0.048343,1693,1964,2286,2892,1545,3109
0.080190,-0.069779,0.477184,-0.199343,0.110453,-0.056840,1704,1964,2286,2892,1556,3109
0.077663,-0.069475,0.475688,-0.202211,0.110150,-0.057465,1714,1964,2286,2892,1568,3109
0.077351,-0.070253,0.482760,-0.197623,0.110927,-0.062855,1732,1964,2286,2892,1585,3109
0.074060,-0.068911,0.476638,-0.204203,0.109585,-0.060615,1738,1964,2286,2892,1591,3109
0.072871,-0.069734,0.481490,-0.201768,0.110408,-0.064977,1749,1964,2286,2892,1601,3109
0.071176,-0.070140,0.488517,-0.198222,0.110815,-0.071277,1760,1964,2286,2892,1611,3109
0.069667,-0.069437,0.486977,-0.200376,0.110111,-0.071177,1772,1964,2286,2892,1622,3109
0.067213,-0.069482,0.487782,-0.201624,0.110157,-0.073439,1784,1964,2286,2892,1632,3109
0.066120,-0.070372,0.494303,-0.197982,0.111046,-0.078957,1795,1964,2286,2892,1641,3109
0.065183,-0.070933,0.502970,-0.192764,0.111607,-0.085940,1805,1964,2286,2892,1650,3109
0.062812,-0.069730,0.495975,-0.199265,0.110405,-0.082434,1817,1964,2286,2892,1662,3109
0.062388,-0.070924,0.506916,-0.192122,0.111598,-0.090734,1829,1964,2286,2892,1673,3109
0.060147,-0.069357,0.500788,-0.197937,0.110032,-0.087773,1841,1964,2286,2892,1685,3109
0.059068,-0.069918,0.505638,-0.195424,0.110593,-0.092059,1853,1964,2286,2892,1698,3109
0.057122,-0.068931,0.505345,-0.197048,0.109606,-0.093171,1863,1964,2286,2892,1712,3109
0.057474,-0.070188,0.515848,-0.189636,0.110862,-0.100619,1874,1964,2286,2892,1727,3109
0.055854,-0.070602,0.519855,-0.188092,0.111277,-0.104656,1885,1964,2286,2892,1741,3109
0.053740,-0.068496,0.508110,-0.197640,0.109171,-0.097498,1897,1964,2286,2892,1755,3109
0.054159,-0.070822,0.526231,-0.184990,0.111497,-0.110480,1908,1964,2286,2892,1767,3109
0.052691,-0.070126,0.522901,-0.188333,0.110800,-0.109041,1920,1964,2286,2892,1780,3109
0.052559,-0.071229,0.534157,-0.180762,0.111904,-0.117372,1933,1964,2286,2892,1792,3109
0.051509,-0.070119,0.533331,-0.182093,0.110794,-0.117482,1945,1964,2286,2892,1805,3109
0.050868,-0.070768,0.538023,-0.179366,0.111443,-0.121354,1957,1964,2286,2892,1817,3109
0.048995,-0.070284,0.533650,-0.183716,0.110959,-0.119428,1969,1964,2286,2892,1830,3109
0.048995,-0.071399,0.545381,-0.175726,0.112074,-0.128016,1982,1964,2286,2892,1841,3109
0.048163,-0.070972,0.549164,-0.173758,0.111647,-0.131353,1994,1964,2285,2892,1853,3109
0.047626,-0.071250,0.552936,-0.171581,0.111925,-0.134480,2006,1964,2284,2892,1865,3109
0.045848,-0.070316,0.545157,-0.178183,0.110990,-0.129996,2018,1964,2284,2892,1878,3109
0.045513,-0.071459,0.553674,-0.172626,0.112134,-0.136460,2030,1964,2283,2892,1890,3109
0.045971,-0.072493,0.565476,-0.164251,0.113167,-0.144788,2043,1964,2283,2892,1901,3109
0.043746,-0.069927,0.548040,-0.177757,0.110602,-0.133539,2055,1964,2283,2892,1910,3109
0.044856,-0.072479,0.569754,-0.162153,0.113154,-0.148680,2067,1964,2282,2892,1920,3109
0.043529,-0.071656,0.565234,-0.166204,0.112330,-0.146275,2079,1964,2281,2892,1930,3109
0.043606,-0.072221,0.570475,-0.162577,0.112896,-0.150059,2098,1964,2278,2892,1951,3109
0.043925,-0.073401,0.582790,-0.153954,0.114076,-0.158858,2104,1964,2278,2892,1957,3109
0.043778,-0.074340,0.590603,-0.148741,0.115014,-0.164678,2114,1964,2278,2891,1968,3109
0.041026,-0.069715,0.554780,-0.175158,0.110390,-0.140326,2125,1964,2278,2891,1981,3109
0.042956,-0.073385,0.587296,-0.151595,0.114059,-0.162816,2137,1964,2278,2890,1994,3109
0.042554,-0.073040,0.588402,-0.151136,0.113715,-0.163900,2149,1964,2278,2890,2007,3109
0.043376,-0.074302,0.601739,-0.141449,0.114977,-0.173104,2159,1964,2278,2890,2018,3109
0.043210,-0.073742,0.599562,-0.143053,0.114417,-0.171624,2170,1964,2278,2890,2029,3109
0.043284,-0.072832,0.595951,-0.145459,0.113507,-0.168929,2179,1964,2279,2890,2040,3109
0.043761,-0.072821,0.596552,-0.144700,0.113495,-0.169044,2189,1964,2280,2890,2051,3109
0.044361,-0.072311,0.601677,-0.140770,0.112986,-0.172388,2199,1964,2280,2890,2063,3109
0.045310,-0.072719,0.605213,-0.137666,0.113393,-0.174330,2209,1964,2280,2890,2075,3109
0.046377,-0.074244,0.622030,-0.125430,0.114919,-0.185915,2219,1964,2280,2890,2086,3109
0.046318,-0.072187,0.609670,-0.133893,0.112862,-0.176907,2228,1964,2280,2889,2097,3109
0.046766,-0.072749,0.616716,-0.128765,0.113424,-0.181760,2238,1964,2280,2889,2107,3109
0.047402,-0.073221,0.622048,-0.124667,0.113896,-0.185230,2254,1964,2280,2888,2122,3109
0.048422,-0.073853,0.627595,-0.120142,0.114528,-0.188597,2260,1964,2280,2888,2127,3109
0.048434,-0.073233,0.622152,-0.123841,0.113908,-0.184604,2269,1964,2280,2888,2136,3109
0.051121,-0.075271,0.648731,-0.103768,0.115945,-0.202232,2278,1964,2281,2888,2146,3109
0.049849,-0.073126,0.630436,-0.117162,0.113801,-0.189705,2288,1964,2282,2888,2155,3109
0.051468,-0.073548,0.640884,-0.108859,0.114223,-0.196250,2298,1964,2283,2888,2162,3109
0.051523,-0.072048,0.630388,-0.115969,0.112722,-0.188528,2308,1964,2284,2888,2170,3109
0.053892,-0.073804,0.649945,-0.100913,0.114479,-0.201232,2317,1964,2285,2888,2178,3109
0.055116,-0.073125,0.651969,-0.098638,0.113800,-0.201882,2328,1964,2285,2889,2186,3109
0.056031,-0.072731,0.649926,-0.099359,0.113406,-0.199761,2340,1964,2286,2890,2197,3109
0.057910,-0.073836,0.662259,-0.089583,0.114511,-0.207511,2350,1964,2286,2891,2208,3109
0.058249,-0.071948,0.652965,-0.095666,0.112623,-0.200476,2360,1964,2286,2891,2218,3109
0.060090,-0.072743,0.662244,-0.087997,0.113417,-0.206015,2370,1964,2286,2891,2227,3109
0.059813,-0.071166,0.650309,-0.096330,0.111840,-0.197466,2381,1964,2286,2891,2237,3109
0.063302,-0.073799,0.676626,-0.075849,0.114473,-0.214357,2392,1964,2286,2891,2249,3109
0.063367,-0.072432,0.664831,-0.083835,0.113106,-0.205677,2402,1964,2286,2891,2262,3109
0.065324,-0.072878,0.676596,-0.074389,0.113553,-0.212957,2413,1964,2286,2890,2274,3109
0.067902,-0.073892,0.688631,-0.064304,0.114566,-0.220012,2425,1964,2286,2890,2288,3109
0.067430,-0.072048,0.668258,-0.078527,0.112722,-0.205418,2437,1964,2286,2889,2300,3109
0.068070,-0.071592,0.669156,-0.077446,0.112266,-0.205640,2448,1964,2286,2887,2312,3109
0.071611,-0.073789,0.689584,-0.060939,0.114464,-0.218183,2457,1964,2286,2885,2322,3109
0.071323,-0.071791,0.676596,-0.069997,0.112466,-0.208871,2462,1964,2286,2884,2327,3109
0.069516,-0.069241,0.657059,-0.084628,0.109915,-0.195798,2464,1964,2286,2883,2330,3109
0.071683,-0.070385,0.671947,-0.072900,0.111060,-0.205222,2464,1964,2286,2883,2330,3109
0.074253,-0.072304,0.689694,-0.058930,0.112979,-0.216464,2459,1964,2285,2883,2325,3109
0.073362,-0.072556,0.689840,-0.059482,0.113231,-0.217178,2458,1964,2284,2883,2325,3109
0.074154,-0.073692,0.699745,-0.052156,0.114367,-0.223890,2455,1964,2284,2883,2323,3109
0.070942,-0.071489,0.674165,-0.071932,0.112164,-0.207350,2445,1964,2284,2883,2322,3109
0.071611,-0.073789,0.689584,-0.060939,0.114464,-0.218183,2435,1964,2283,2882,2321,3109
0.067323,-0.069953,0.650547,-0.090670,0.110628,-0.192524,2425,1964,2283,2882,2319,3109
0.068259,-0.072473,0.675860,-0.072742,0.113147,-0.210419,2415,1964,2283,2882,2307,3109
0.066318,-0.072036,0.668143,-0.079419,0.112710,-0.206091,2402,1964,2283,2882,2289,3109
0.066012,-0.073561,0.675631,-0.074543,0.114235,-0.211782,2387,1964,2281,2882,2268,3109
0.064651,-0.074033,0.676689,-0.074818,0.114707,-0.213483,2373,1964,2279,2882,2248,3109
0.062622,-0.074210,0.675286,-0.077259,0.114885,-0.213839,2360,1964,2278,2882,2234,3109
0.060553,-0.074907,0.674450,-0.079343,0.115581,-0.214636,2347,1964,2278,2882,2223,3109
0.059092,-0.075266,0.672577,-0.081689,0.115941,-0.214260,2332,1964,2278,2882,2214,3109
0.055534,-0.073139,0.650876,-0.099076,0.113814,-0.200796,2319,1964,2278,2882,2206,3109
0.056276,-0.076311,0.672013,-0.084134,0.116986,-0.215765,2306,1964,2278,2882,2197,3109
0.054022,-0.075023,0.661585,-0.092888,0.115697,-0.209666,2295,1964,2278,2882,2190,3109
0.052580,-0.074483,0.651355,-0.100913,0.115157,-0.203159,2283,1964,2278,2882,2180,3109
0.051453,-0.074945,0.650663,-0.102209,0.115620,-0.203421,2270,1964,2278,2882,2170,3109
0.050631,-0.073740,0.638426,-0.111146,0.114414,-0.195021,2258,1964,2277,2882,2160,3109
0.050053,-0.075272,0.648738,-0.104545,0.115946,-0.202964,2246,1964,2277,2882,2148,3109
0.047820,-0.073205,0.626481,-0.121341,0.113880,-0.188191,2234,1964,2277,2882,2135,3109
0.047653,-0.074939,0.639212,-0.112791,0.115613,-0.197625,2222,1964,2277,2882,2123,3109
0.046290,-0.073083,0.619388,-0.127293,0.113757,-0.184040,2211,1964,2277,2882,2111,3109
0.043358,-0.071266,0.602132,-0.141195,0.111940,-0.173404,2199,1964,2277,2882,2100,3109
0.045758,-0.074240,0.626499,-0.122838,0.114915,-0.189609,2187,1964,2277,2882,2089,3109
0.045174,-0.074485,0.626091,-0.123544,0.115160,-0.189708,2175,1964,2277,2882,2079,3109
0.044733,-0.073590,0.616436,-0.130444,0.114264,-0.182940,2163,1964,2277,2882,2068,3109
0.043733,-0.073566,0.608633,-0.136491,0.114241,-0.177909,2154,1964,2277,2882,2060,3109
0.042771,-0.072631,0.600206,-0.142936,0.113305,-0.172394,2140,1964,2277,2882,2048,3109
0.042051,-0.071708,0.590563,-0.150031,0.112382,-0.165825,2135,1964,2277,2882,2045,3109
0.042745,-0.073276,0.605726,-0.139195,0.113951,-0.176453,2127,1964,2277,2882,2042,3109
0.041689,-0.071814,0.589894,-0.150753,0.112488,-0.165582,2119,1965,2277,2881,2037,3109
0.042163,-0.072608,0.594833,-0.147041,0.113282,-0.168875,2111,1965,2277,2881,2031,3109
0.041972,-0.072120,0.591018,-0.149780,0.112795,-0.166212,2104,1965,2277,2881,2026,3109
0.041910,-0.072330,0.587609,-0.152148,0.113004,-0.163758,2097,1965,2277,2881,2019,3109
0.040855,-0.069960,0.568356,-0.166035,0.110634,-0.150382,2088,1965,2277,2881,2011,3109
0.042834,-0.072692,0.589376,-0.150267,0.113367,-0.164422,2080,1965,2277,2881,2005,3109
0.042820,-0.072372,0.586265,-0.152396,0.113047,-0.162155,2073,1965,2277,2881,1997,3109
0.042820,-0.072372,0.586265,-0.152396,0.113047,-0.162155,2064,1965,2278,2881,1989,3109
0.042874,-0.071808,0.581536,-0.155578,0.112483,-0.158656,2056,1965,2278,2881,1982,3109
0.042753,-0.071003,0.571640,-0.162408,0.111678,-0.151493,2048,1965,2278,2881,1974,3109
0.042753,-0.071003,0.571640,-0.162408,0.111678,-0.151493,2039,1965,2278,2881,1966,3109
0.043286,-0.071913,0.571339,-0.162223,0.112587,-0.150910,2030,1965,2278,2881,1957,3109
0.043286,-0.071913,0.571339,-0.162223,0.112587,-0.150910,2020,1965,2278,2881,1949,3109
0.043978,-0.072061,0.569228,-0.163154,0.112736,-0.148892,2009,1965,2278,2881,1942,3109
0.044240,-0.072874,0.571503,-0.161413,0.113549,-0.150380,2000,1965,2278,2881,1934,3109
0.042626,-0.069755,0.542301,-0.182487,0.110429,-0.130101,1989,1965,2278,2881,1926,3109
0.044282,-0.071149,0.554425,-0.173015,0.111824,-0.137849,1979,1965,2279,2881,1918,3109
0.045208,-0.072083,0.554583,-0.172230,0.112757,-0.137334,1968,1965,2281,2881,1908,3109
0.046123,-0.072086,0.554614,-0.171539,0.112761,-0.136733,1958,1965,2284,2881,1900,3109
0.046652,-0.070800,0.544219,-0.178233,0.111475,-0.128762,1948,1965,2286,2881,1891,3109
0.047798,-0.069547,0.541360,-0.179341,0.110221,-0.125888,1938,1965,2287,2882,1883,3109
0.049109,-0.068615,0.538136,-0.180578,0.109290,-0.122635,1928,1965,2287,2885,1874,3109
0.050708,-0.068631,0.538459,-0.179187,0.109306,-0.121783,1918,1965,2287,2887,1866,3109
0.052414,-0.069958,0.543144,-0.174746,0.110632,-0.124050,1909,1965,2287,2887,1858,3109
0.053380,-0.069537,0.538598,-0.177136,0.110212,-0.120064,1899,1965,2287,2887,1848,3109
0.054735,-0.070080,0.539352,-0.175631,0.110755,-0.119693,1889,1965,2287,2887,1838,3109
0.054371,-0.068802,0.527416,-0.184028,0.109476,-0.111203,1878,1965,2287,2886,1827,3109
0.055775,-0.069720,0.531468,-0.180240,0.110395,-0.113212,1867,1965,2287,2886,1819,3109
0.055890,-0.068820,0.522838,-0.186034,0.109495,-0.106816,1857,1965,2287,2886,1812,3109
0.057442,-0.069757,0.523586,-0.184388,0.110432,-0.106306,1847,1965,2287,2887,1806,3109
0.058445,-0.068806,0.519238,-0.186615,0.109480,-0.102440,1837,1965,2287,2887,1798,3109
0.060463,-0.069763,0.523615,-0.182156,0.110438,-0.104270,1827,1965,2287,2887,1788,3109
0.060614,-0.068165,0.508306,-0.192474,0.108839,-0.092959,1817,1965,2287,2887,1777,3109
0.061362,-0.068254,0.509168,-0.191339,0.108928,-0.093081,1806,1965,2287,2887,1768,3109
0.063359,-0.069467,0.513101,-0.187199,0.110142,-0.094599,1789,1965,2287,2887,1753,3109
0.064794,-0.069001,0.508283,-0.189429,0.109675,-0.090095,1783,1965,2287,2887,1747,3109
0.065686,-0.068823,0.502572,-0.192667,0.109497,-0.085306,1772,1965,2287,2887,1735,3109
0.067632,-0.069244,0.502739,-0.191129,0.109918,-0.084103,1760,1965,2287,2887,1722,3109
0.069424,-0.069671,0.502673,-0.189862,0.110346,-0.082834,1749,1965,2287,2888,1712,3109
0.069758,-0.068475,0.490522,-0.197895,0.109149,-0.073710,1739,1965,2287,2889,1704,3109
0.072399,-0.069168,0.494495,-0.193254,0.109843,-0.074820,1729,1965,2287,2890,1698,3109
0.072884,-0.067899,0.482772,-0.200885,0.108574,-0.065907,1719,1965,2287,2890,1690,3109
0.076021,-0.069017,0.489200,-0.194210,0.109691,-0.068477,1709,1965,2287,2890,1682,3109
0.077183,-0.068893,0.485189,-0.196091,0.109567,-0.064748,1699,1965,2287,2890,1672,3109
0.078739,-0.068657,0.482416,-0.196841,0.109331,-0.061658,1689,1965,2287,2890,1663,3109
0.079401,-0.068039,0.476950,-0.200080,0.108713,-0.057206,1678,1965,2287,2890,1654,3109
0.082707,-0.069451,0.482392,-0.193952,0.110125,-0.058938,1663,1965,2287,2891,1642,3109
0.084183,-0.068919,0.478420,-0.195578,0.109593,-0.055025,1658,1965,2287,2891,1637,3109
0.084864,-0.067909,0.468894,-0.201568,0.108583,-0.047587,1648,1965,2287,2891,1629,3109
0.086927,-0.068420,0.471807,-0.198073,0.109095,-0.048313,1638,1965,2287,2891,1619,3109
0.088503,-0.067718,0.464737,-0.201735,0.108393,-0.042064,1627,1965,2287,2891,1609,3109
0.090854,-0.068306,0.466165,-0.199042,0.108981,-0.041508,1616,1965,2287,2891,1598,3109
0.092234,-0.067680,0.460598,-0.201823,0.108354,-0.036493,1605,1965,2287,2891,1587,3109
0.095118,-0.068402,0.463602,-0.197666,0.109077,-0.036727,1594,1965,2287,2891,1577,3109
0.097056,-0.067582,0.459066,-0.199337,0.108257,-0.032086,1582,1965,2287,2891,1566,3109
0.098689,-0.067724,0.454519,-0.201238,0.108399,-0.027645,1571,1965,2287,2891,1555,3109
0.101681,-0.067723,0.454513,-0.199052,0.108398,-0.025602,1559,1965,2287,2891,1544,3109
0.102895,-0.066986,0.447380,-0.203023,0.107660,-0.019553,1547,1965,2287,2891,1532,3109
0.106096,-0.067405,0.448657,-0.199808,0.108079,-0.018308,1535,1965,2287,2891,1521,3109
0.108541,-0.067606,0.446518,-0.199476,0.108281,-0.015077,1523,1965,2287,2891,1510,3109
0.111467,-0.067598,0.446458,-0.197374,0.108273,-0.013039,1510,1965,2287,2891,1498,3109
0.119045,-0.067587,0.437857,-0.197686,0.108261,-0.001581,1474,1965,2287,2891,1463,3109
0.122288,-0.067225,0.437851,-0.195316,0.107900,0.000633,1465,1965,2287,2891,1454,3109
0.127570,-0.067291,0.434938,-0.193433,0.107966,0.006364,1442,1965,2287,2891,1434,3109
0.129169,-0.067079,0.430125,-0.195540,0.107753,0.010977,1437,1965,2288,2891,1430,3109
0.131524,-0.066925,0.429070,-0.194536,0.107599,0.013353,1430,1965,2288,2891,1425,3109
0.135226,-0.066724,0.426853,-0.193335,0.107398,0.017498,1416,1965,2288,2891,1413,3109
0.143736,-0.066665,0.420846,-0.191197,0.107339,0.027693,1382,1965,2288,2892,1385,3109
0.146897,-0.067438,0.424557,-0.186355,0.108113,0.027130,1375,1965,2288,2892,1380,3109
0.147868,-0.066654,0.420775,-0.188220,0.107329,0.030560,1370,1965,2288,2892,1375,3109
0.145411,-0.067290,0.425901,-0.186527,0.107965,0.025133,1415,1966,2288,2890,1381,3109
0.134873,-0.066806,0.427473,-0.193172,0.107481,0.016803,1454,1966,2288,2890,1383,3109
0.132222,-0.066966,0.432208,-0.191887,0.107640,0.011532,1466,1966,2288,2890,1389,3109
0.122442,-0.066787,0.436863,-0.195876,0.107462,0.001462,1508,1966,2288,2891,1435,3109
0.106348,-0.066742,0.448477,-0.199747,0.107416,-0.018004,1583,1966,2288,2891,1506,3109
0.099444,-0.066996,0.453805,-0.201172,0.107671,-0.026607,1615,1966,2288,2891,1537,3109
0.094191,-0.067552,0.462463,-0.199120,0.108227,-0.036525,1647,1966,2288,2891,1570,3109
0.085150,-0.067326,0.470539,-0.200238,0.108001,-0.048596,1696,1966,2288,2891,1618,3109
0.081667,-0.066877,0.473453,-0.200803,0.107551,-0.053102,1713,1966,2288,2891,1633,3109
0.078726,-0.067035,0.475036,-0.201878,0.107709,-0.056264,1729,1966,2288,2891,1649,3109
0.073401,-0.067031,0.482409,-0.200754,0.107705,-0.065289,1764,1966,2288,2891,1682,3109
0.071527,-0.067344,0.488755,-0.197803,0.108018,-0.071212,1780,1966,2288,2891,1696,3109
0.069678,-0.068000,0.496082,-0.194165,0.108675,-0.077835,1796,1966,2288,2891,1711,3109
0.066860,-0.067246,0.495716,-0.196477,0.107920,-0.079487,1811,1966,2288,2891,1727,3109
0.065992,-0.068755,0.509717,-0.187576,0.109430,-0.090329,1825,1966,2288,2891,1742,3109
0.061728,-0.067094,0.498589,-0.198278,0.107768,-0.085087,1839,1966,2288,2891,1757,3109
0.061531,-0.067789,0.509002,-0.191329,0.108464,-0.092844,1853,1966,2288,2891,1768,3109
0.061043,-0.068949,0.520338,-0.183964,0.109623,-0.101476,1866,1966,2288,2891,1778,3109
0.058057,-0.067049,0.509576,-0.193482,0.107724,-0.095630,1880,1966,2288,2891,1788,3109
0.057928,-0.068526,0.524061,-0.183709,0.109201,-0.106323,1894,1966,2288,2891,1799,3109
0.056637,-0.068831,0.531359,-0.179682,0.109505,-0.112546,1908,1966,2288,2891,1812,3109
0.055003,-0.068366,0.531223,-0.180972,0.109041,-0.113559,1922,1966,2288,2890,1824,3109
0.053421,-0.068569,0.534009,-0.180232,0.109244,-0.116676,1937,1966,2288,2889,1837,3109
0.052031,-0.068353,0.537337,-0.178983,0.109027,-0.120060,1952,1966,2288,2889,1849,3109
0.050715,-0.068265,0.539082,-0.178757,0.108940,-0.122233,1966,1966,2288,2889,1864,3109
0.049898,-0.068711,0.545450,-0.175017,0.109386,-0.127452,1982,1966,2288,2890,1880,3109
0.048158,-0.067143,0.537403,-0.181773,0.107818,-0.122746,1998,1966,2288,2891,1896,3109
0.048140,-0.068227,0.548920,-0.173941,0.108902,-0.131190,2025,1966,2288,2891,1918,3109
0.047893,-0.068005,0.554848,-0.170084,0.108680,-0.135698,2035,1966,2288,2891,1925,3109
0.048521,-0.069651,0.572122,-0.157857,0.110326,-0.147917,2052,1966,2288,2891,1938,3109
0.046631,-0.067909,0.563540,-0.165087,0.108584,-0.142921,2072,1966,2288,2891,1954,3109
0.046623,-0.068688,0.571942,-0.159369,0.109363,-0.149078,2093,1966,2288,2891,1973,3109
0.046319,-0.069153,0.579267,-0.154602,0.109828,-0.154647,2113,1966,2288,2891,1994,3109
0.044831,-0.067954,0.573030,-0.159939,0.108628,-0.151095,2133,1966,2288,2891,2015,3109
0.045302,-0.069093,0.587149,-0.149978,0.109768,-0.161111,2153,1966,2288,2891,2034,3109
0.046343,-0.069913,0.598018,-0.141811,0.110587,-0.168359,2174,1966,2288,2891,2053,3109
0.047305,-0.070153,0.609453,-0.133318,0.110828,-0.176075,2196,1966,2288,2891,2073,3109
0.047869,-0.070240,0.611711,-0.131367,0.110915,-0.177345,2218,1966,2288,2891,2092,3109
0.048026,-0.068785,0.605711,-0.135339,0.109460,-0.172844,2239,1966,2288,2891,2111,3109
0.049902,-0.069571,0.619903,-0.124298,0.110246,-0.181956,2258,1966,2288,2891,2128,3109
0.050016,-0.069710,0.622757,-0.122270,0.110385,-0.183969,2278,1966,2288,2891,2143,3109
0.051627,-0.069690,0.629408,-0.116560,0.110365,-0.187741,2296,1966,2288,2891,2158,3109
0.052451,-0.069502,0.630560,-0.115173,0.110177,-0.188023,2314,1966,2287,2891,2172,3109
0.052400,-0.067983,0.622087,-0.120982,0.108657,-0.181854,2332,1966,2287,2891,2187,3109
0.055507,-0.070585,0.644823,-0.103219,0.111260,-0.196383,2349,1966,2287,2891,2200,3109
0.057964,-0.070894,0.652974,-0.095868,0.111569,-0.200676,2367,1966,2287,2891,2213,3109
0.059153,-0.070357,0.652947,-0.095016,0.111032,-0.199847,2384,1966,2288,2891,2227,3109
0.061179,-0.070291,0.660389,-0.088463,0.110965,-0.203915,2402,1966,2288,2891,2244,3109
0.064801,-0.071019,0.674362,-0.076293,0.111693,-0.211678,2419,1966,2288,2891,2264,3109
0.068561,-0.072288,0.689553,-0.063193,0.112962,-0.220237,2440,1966,2288,2891,2286,3109
0.069708,-0.071517,0.687181,-0.063969,0.112191,-0.217720,2453,1966,2288,2891,2297,3109
0.071970,-0.071516,0.687168,-0.062321,0.112190,-0.216170,2468,1966,2288,2891,2311,3109
0.073995,-0.070629,0.690652,-0.058466,0.111304,-0.217341,2483,1966,2288,2891,2323,3109
0.075722,-0.071077,0.690861,-0.057059,0.111752,-0.216317,2497,1966,2288,2890,2337,3109
0.077454,-0.070585,0.689338,-0.056829,0.111260,-0.214022,2509,1966,2288,2889,2351,3109
0.080590,-0.071083,0.702874,-0.045312,0.111757,-0.221796,2522,1966,2288,2889,2365,3109
0.082712,-0.071307,0.704135,-0.042900,0.111981,-0.221274,2534,1966,2288,2888,2379,3109
0.082031,-0.068936,0.684713,-0.056629,0.109611,-0.207519,2547,1966,2288,2887,2392,3109
0.086450,-0.071117,0.703158,-0.040829,0.111791,-0.218012,2559,1966,2288,2887,2403,3109
0.090087,-0.072217,0.719270,-0.027190,0.112892,-0.227330,2572,1966,2288,2886,2415,3109
0.091878,-0.070983,0.716457,-0.027796,0.111657,-0.224051,2586,1966,2288,2885,2426,3109
0.095152,-0.071884,0.728165,-0.017423,0.112558,-0.230393,2602,1966,2288,2884,2437,3109
0.095296,-0.070422,0.716552,-0.025229,0.111097,-0.221793,2618,1966,2288,2883,2449,3109
0.100133,-0.071607,0.734310,-0.009591,0.112282,-0.231498,2634,1966,2288,2883,2462,3109
0.102467,-0.070679,0.728681,-0.011717,0.111354,-0.225788,2650,1966,2288,2883,2479,3109
0.105219,-0.070682,0.728217,-0.010018,0.111357,-0.223573,2666,1966,2288,2883,2499,3109
0.109425,-0.070854,0.735650,-0.001875,0.111528,-0.226150,2679,1966,2288,2883,2521,3109
0.115119,-0.072537,0.753535,0.014476,0.113212,-0.235365,2690,1966,2288,2883,2541,3109
0.114501,-0.069503,0.728921,-0.002743,0.110178,-0.217765,2697,1966,2288,2884,2555,3109
0.121480,-0.072308,0.757765,0.022015,0.112982,-0.234128,2704,1966,2288,2884,2562,3109
0.120557,-0.071159,0.743066,0.011326,0.111834,-0.223996,2708,1966,2288,2884,2565,3109
0.123241,-0.070808,0.745630,0.015038,0.111483,-0.224045,2709,1966,2288,2884,2566,3109
0.123001,-0.071158,0.743058,0.013110,0.111833,-0.222325,2709,1966,2288,2884,2561,3109
0.122341,-0.070235,0.739128,0.009950,0.110909,-0.219898,2706,1966,2288,2883,2560,3109
0.119252,-0.069134,0.725217,-0.001788,0.109809,-0.211817,2706,1966,2288,2883,2562,3109
0.121779,-0.071159,0.743062,0.012218,0.111833,-0.223161,2706,1966,2288,2883,2565,3109
0.119903,-0.069709,0.730893,0.002555,0.110384,-0.215530,2707,1966,2288,2883,2565,3109
0.121215,-0.070698,0.737539,0.008043,0.111373,-0.219502,2707,1966,2288,2882,2565,3109
0.122241,-0.071070,0.742173,0.011951,0.111744,-0.222195,2707,1966,2288,2882,2565,3109
0.119252,-0.069134,0.725217,-0.001788,0.109809,-0.211817,2705,1966,2288,2882,2565,3109
0.121916,-0.070201,0.739574,0.009943,0.110876,-0.220514,2703,1966,2288,2882,2565,3109
0.122011,-0.070807,0.745618,0.014130,0.111482,-0.224874,2701,1966,2287,2882,2565,3109
0.122609,-0.071743,0.751656,0.018680,0.112417,-0.228887,2701,1966,2287,2881,2565,3109
0.120674,-0.071453,0.745809,0.013281,0.112127,-0.225924,2700,1966,2287,2881,2565,3109
0.116828,-0.069112,0.724990,-0.003717,0.109787,-0.213303,2700,1966,2287,2881,2565,3109
0.121338,-0.071723,0.751449,0.017609,0.112398,-0.229601,2700,1966,2287,2881,2565,3109
0.121338,-0.071723,0.751449,0.017609,0.112398,-0.229601,2699,1967,2287,2881,2565,3109
0.121338,-0.071723,0.751449,0.017609,0.112398,-0.229601,2699,1970,2287,2881,2565,3109
0.120075,-0.070755,0.745030,0.012311,0.111430,-0.225762,2699,1976,2285,2881,2565,3109
0.120957,-0.071304,0.754466,0.019385,0.111979,-0.232070,2695,1984,2282,2881,2565,3109
0.119531,-0.069563,0.745462,0.012207,0.110237,-0.226449,2688,1992,2277,2881,2565,3109
0.118172,-0.068968,0.745515,0.011249,0.109643,-0.227414,2683,2001,2275,2880,2561,3109
0.115658,-0.067802,0.739170,0.005086,0.108476,-0.224481,2680,2007,2271,2880,2558,3109
0.115841,-0.067486,0.753499,0.014981,0.108160,-0.234847,2679,2011,2264,2880,2558,3109
0.114146,-0.068163,0.760693,0.018640,0.108838,-0.241268,2669,2013,2250,2880,2557,3109
0.109397,-0.067466,0.742308,0.002639,0.108141,-0.231043,2667,2013,2247,2880,2557,3109
0.108190,-0.068699,0.742411,0.001827,0.109374,-0.231941,2665,2013,2243,2880,2557,3109
0.108339,-0.069929,0.753089,0.009209,0.110604,-0.239657,2664,2014,2239,2880,2557,3109
0.107759,-0.071061,0.757798,0.011992,0.111736,-0.243499,2663,2014,2235,2880,2556,3109
0.105846,-0.071161,0.752996,0.007320,0.111836,-0.241287,2663,2014,2232,2880,2556,3109
0.105265,-0.072312,0.757813,0.010177,0.112987,-0.245209,2658,2014,2229,2880,2556,3109
0.102168,-0.070994,0.735268,-0.007448,0.111669,-0.230813,2654,2014,2225,2880,2556,3109
0.104019,-0.073562,0.757823,0.009271,0.114237,-0.246066,2653,2015,2221,2880,2556,3109
0.096858,-0.069934,0.713997,-0.025825,0.110608,-0.218858,2653,2015,2217,2880,2556,3109
0.100860,-0.073622,0.752795,0.003533,0.114297,-0.244536,2652,2015,2214,2880,2556,3109
0.100965,-0.075035,0.760484,0.008848,0.115710,-0.250094,2649,2015,2212,2880,2556,3109
0.098848,-0.075366,0.751644,0.001276,0.116040,-0.245064,2644,2016,2210,2880,2556,3109
0.094850,-0.072852,0.725853,-0.019220,0.113527,-0.228906,2643,2019,2209,2880,2556,3109
0.098473,-0.076298,0.760579,0.007088,0.116972,-0.251861,2641,2024,2209,2880,2555,3109
0.096339,-0.075338,0.751378,-0.000742,0.116013,-0.246578,2640,2031,2204,2880,2545,3109
0.095438,-0.073736,0.744237,-0.006266,0.114411,-0.241964,2638,2040,2195,2880,2530,3109
0.093991,-0.073153,0.745233,-0.006647,0.113828,-0.243678,2636,2051,2185,2880,2517,3109
0.094040,-0.073566,0.757861,0.001991,0.114241,-0.252890,2629,2061,2176,2880,2509,3109
0.092160,-0.073747,0.760147,0.002172,0.114422,-0.255845,2626,2068,2168,2881,2507,3109
0.090207,-0.074041,0.765786,0.004584,0.114716,-0.261304,2623,2073,2162,2881,2507,3109
0.085584,-0.071147,0.742408,-0.014726,0.111821,-0.247337,2622,2075,2157,2881,2511,3109
0.085747,-0.072495,0.759871,-0.002711,0.113170,-0.260011,2621,2076,2156,2881,2516,3109
0.083782,-0.071459,0.749688,-0.011086,0.112134,-0.253895,2620,2076,2156,2882,2521,3109
0.084935,-0.073409,0.760345,-0.002982,0.114084,-0.260912,2620,2076,2156,2882,2534,3109
0.084061,-0.073570,0.757904,-0.005285,0.114245,-0.259720,2619,2076,2156,2882,2549,3109
0.083035,-0.072338,0.746087,-0.014086,0.113013,-0.251768,2614,2076,2156,2882,2563,3109
0.084509,-0.073758,0.759981,-0.003543,0.114433,-0.260935,2611,2076,2156,2882,2568,3109
0.084061,-0.073570,0.757904,-0.005285,0.114245,-0.259720,2611,2076,2155,2882,2568,3109
0.082548,-0.072695,0.749688,-0.011989,0.113369,-0.254736,2611,2076,2155,2882,2568,3109
0.081908,-0.072460,0.743758,-0.016498,0.113134,-0.250830,2612,2075,2155,2882,2568,3109
0.081801,-0.073118,0.743908,-0.016474,0.113792,-0.251013,2614,2075,2155,2882,2569,3109
0.082561,-0.073943,0.749814,-0.011894,0.114617,-0.254818,2616,2075,2157,2882,2572,3109
0.081279,-0.071406,0.729852,-0.026431,0.112080,-0.241078,2617,2075,2160,2882,2574,3109
0.082484,-0.071409,0.729882,-0.025528,0.112083,-0.240279,2618,2075,2162,2882,2574,3109
0.086518,-0.073738,0.760057,-0.002019,0.114412,-0.259622,2619,2075,2162,2883,2575,3109
0.087563,-0.073304,0.764682,0.001896,0.113978,-0.262297,2619,2075,2162,2885,2575,3109
0.087757,-0.072474,0.759946,-0.001189,0.113149,-0.258697,2619,2075,2162,2886,2575,3109
0.084656,-0.070267,0.730273,-0.023671,0.110942,-0.239086,2619,2075,2163,2887,2575,3109
0.084460,-0.070049,0.728349,-0.025126,0.110724,-0.237810,2619,2074,2163,2888,2575,3109
0.084656,-0.070267,0.730273,-0.023671,0.110942,-0.239086,2619,2074,2164,2889,2575,3109
0.086737,-0.070992,0.740764,-0.015002,0.111667,-0.245349,2619,2074,2164,2890,2575,3109
0.085857,-0.070267,0.730263,-0.022800,0.110941,-0.238260,2619,2074,2164,2890,2575,3109
0.088304,-0.072245,0.751404,-0.006606,0.112919,-0.252070,2619,2074,2164,2890,2575,3109
0.087593,-0.071708,0.742444,-0.013230,0.112382,-0.245995,2619,2074,2164,2890,2575,3109
0.089012,-0.072478,0.759977,-0.000249,0.113152,-0.257865,2618,2074,2164,2889,2571,3109
0.082549,-0.067739,0.704919,-0.042485,0.108414,-0.221959,2616,2075,2163,2889,2568,3109
0.084145,-0.070221,0.729761,-0.024395,0.110896,-0.239059,2613,2075,2162,2886,2567,3109
0.084875,-0.071927,0.744317,-0.013945,0.112601,-0.249218,2610,2075,2162,2882,2566,3109
0.082043,-0.069758,0.725428,-0.028885,0.110432,-0.237319,2606,2075,2159,2882,2565,3109
0.080532,-0.070214,0.729673,-0.027100,0.110888,-0.241456,2597,2075,2158,2882,2554,3109
0.082507,-0.072882,0.757700,-0.006562,0.113557,-0.260629,2589,2075,2156,2882,2533,3109
0.078659,-0.071575,0.740482,-0.021108,0.112250,-0.250645,2582,2075,2156,2881,2511,3109
0.079071,-0.073572,0.757929,-0.008921,0.114247,-0.263137,2577,2075,2156,2881,2498,3109
0.072182,-0.069254,0.711617,-0.045512,0.109929,-0.233925,2569,2075,2156,2881,2490,3109
0.071070,-0.070124,0.713328,-0.045161,0.110798,-0.235935,2561,2075,2157,2881,2488,3109
0.074512,-0.074007,0.755993,-0.013578,0.114682,-0.264825,2553,2075,2158,2881,2487,3109
0.070436,-0.071374,0.729555,-0.034571,0.112049,-0.248246,2546,2075,2161,2882,2487,3109
0.069232,-0.071370,0.729519,-0.035478,0.112045,-0.249040,2538,2075,2162,2884,2487,3109
0.068130,-0.071238,0.727707,-0.037518,0.111913,-0.248465,2529,2075,2163,2886,2486,3109
0.068292,-0.073078,0.743472,-0.026660,0.113753,-0.259896,2518,2075,2163,2889,2477,3109
0.066826,-0.071603,0.725951,-0.039669,0.112278,-0.248067,2507,2075,2164,2889,2459,3109
0.064904,-0.072604,0.729497,-0.038661,0.113279,-0.251972,2494,2075,2164,2889,2438,3109
0.063700,-0.072601,0.729457,-0.039569,0.113275,-0.252763,2482,2075,2163,2889,2420,3109
0.060944,-0.072443,0.727759,-0.042744,0.113117,-0.253397,2469,2075,2162,2889,2404,3109
0.056425,-0.070229,0.700285,-0.064767,0.110904,-0.236362,2456,2075,2160,2889,2391,3109
0.056488,-0.073793,0.729344,-0.044927,0.114467,-0.257593,2444,2075,2159,2889,2382,3109
0.050975,-0.070539,0.691190,-0.074952,0.111213,-0.233416,2434,2075,2158,2889,2374,3109
0.050674,-0.073337,0.714045,-0.059605,0.114012,-0.250353,2423,2075,2158,2889,2366,3109
0.047662,-0.072554,0.699902,-0.071444,0.113229,-0.242051,2412,2075,2158,2889,2356,3109
0.045557,-0.071283,0.684869,-0.083224,0.111957,-0.232479,2402,2075,2158,2889,2346,3109
0.044687,-0.072791,0.699041,-0.074208,0.113466,-0.243447,2391,2075,2160,2889,2334,3109
0.043533,-0.072973,0.698388,-0.075497,0.113647,-0.243755,2381,2075,2160,2890,2324,3109
0.038967,-0.068239,0.652580,-0.110044,0.108914,-0.213328,2371,2075,2160,2890,2314,3109
0.040131,-0.070753,0.671234,-0.096485,0.111428,-0.226192,2362,2075,2160,2890,2304,3109
0.038499,-0.069829,0.660482,-0.105004,0.110504,-0.219433,2348,2075,2160,2888,2291,3109
0.037578,-0.071544,0.674085,-0.096412,0.112219,-0.230019,2342,2075,2160,2887,2286,3109
0.036469,-0.071545,0.674093,-0.097219,0.112220,-0.230780,2334,2075,2160,2887,2279,3109
0.034764,-0.071543,0.673507,-0.098866,0.112218,-0.231513,2323,2075,2161,2886,2269,3109
0.033155,-0.070528,0.662486,-0.107552,0.111202,-0.224540,2313,2075,2161,2886,2258,3109
0.031428,-0.069315,0.648728,-0.118187,0.109989,-0.215644,2303,2075,2161,2886,2247,3109
0.031939,-0.071897,0.672184,-0.101836,0.112571,-0.232468,2292,2075,2162,2886,2235,3109
0.030263,-0.071022,0.661495,-0.110344,0.111697,-0.225784,2282,2075,2163,2886,2224,3109
0.028693,-0.069936,0.648862,-0.120099,0.110611,-0.217605,2271,2075,2164,2886,2215,3109
0.028361,-0.070240,0.651970,-0.118224,0.110915,-0.220107,2261,2075,2164,2886,2206,3109
0.027141,-0.069164,0.639325,-0.127732,0.109839,-0.211680,2250,2075,2164,2886,2195,3109
0.026028,-0.068157,0.628706,-0.135780,0.108831,-0.204664,2238,2075,2164,2886,2183,3109
0.025631,-0.069535,0.637806,-0.129872,0.110210,-0.211596,2229,2075,2164,2886,2173,3109
0.024761,-0.069998,0.637894,-0.130449,0.110673,-0.212254,2219,2075,2164,2886,2162,3109
0.024009,-0.069268,0.628745,-0.137231,0.109943,-0.206068,2208,2075,2164,2886,2152,3109
0.023066,-0.069090,0.626631,-0.139362,0.109764,-0.205163,2198,2075,2164,2886,2140,3109
0.022104,-0.068154,0.616499,-0.146968,0.108828,-0.198400,2189,2075,2164,2886,2127,3109
0.022034,-0.070124,0.626640,-0.140111,0.110798,-0.205872,2179,2075,2164,2886,2114,3109
0.020808,-0.067891,0.606129,-0.154980,0.108565,-0.191691,2170,2075,2164,2886,2103,3109
0.020632,-0.069382,0.617803,-0.147158,0.110056,-0.200358,2159,2075,2164,2886,2092,3109
0.020485,-0.068620,0.609041,-0.153234,0.109295,-0.194044,2149,2076,2164,2886,2082,3109
0.019466,-0.067617,0.597715,-0.161695,0.108291,-0.186446,2139,2076,2165,2886,2072,3109
0.019346,-0.066905,0.589530,-0.167358,0.107580,-0.180535,2129,2076,2165,2886,2062,3109
0.019807,-0.069296,0.605858,-0.155898,0.109971,-0.192175,2109,2076,2165,2886,2044,3109
0.018855,-0.067501,0.586614,-0.169703,0.108176,-0.178735,2099,2076,2165,2886,2034,3109
0.019168,-0.069054,0.594806,-0.163894,0.109729,-0.184519,2090,2076,2165,2886,2025,3109
0.018934,-0.068579,0.588705,-0.168221,0.109254,-0.180212,2080,2076,2165,2886,2015,3109
0.018688,-0.068521,0.586402,-0.169970,0.109195,-0.178693,2070,2076,2165,2886,2005,3109
0.018883,-0.067203,0.568844,-0.181788,0.107878,-0.165706,2060,2076,2165,2886,1995,3109
0.019039,-0.068311,0.576128,-0.176712,0.108986,-0.170932,2049,2076,2165,2886,1984,3109
0.019339,-0.068866,0.579240,-0.174372,0.109540,-0.173007,2034,2076,2165,2887,1971,3109
0.019375,-0.067907,0.569726,-0.180827,0.108582,-0.166017,2029,2076,2165,2887,1967,3109
0.020445,-0.068729,0.568141,-0.181123,0.109403,-0.164127,2006,2076,2165,2887,1946,3109
0.020166,-0.067255,0.552824,-0.191762,0.107930,-0.153104,2001,2076,2165,2887,1942,3109
0.020560,-0.068498,0.560616,-0.186165,0.109172,-0.158540,1993,2076,2165,2887,1936,3109
0.021386,-0.068379,0.554262,-0.189889,0.109054,-0.153325,1984,2076,2165,2887,1928,3109
0.021717,-0.069213,0.558823,-0.186540,0.109888,-0.156439,1976,2076,2165,2887,1918,3109
0.021660,-0.066855,0.538331,-0.200541,0.107530,-0.141476,1967,2076,2165,2887,1907,3109
0.022383,-0.067877,0.542305,-0.197304,0.108552,-0.143892,1958,2076,2165,2887,1898,3109
0.022866,-0.067720,0.542409,-0.196880,0.108395,-0.143640,1950,2076,2165,2888,1888,3109
0.023572,-0.067560,0.537163,-0.199936,0.108235,-0.139319,1942,2076,2165,2889,1881,3109
0.024198,-0.068500,0.542239,-0.196019,0.109175,-0.142608,1934,2076,2165,2890,1872,3109
0.025080,-0.066929,0.530175,-0.203592,0.107604,-0.133174,1925,2076,2165,2890,1864,3109
0.026291,-0.068223,0.534808,-0.199549,0.108898,-0.135742,1914,2076,2166,2891,1853,3109
0.027172,-0.068223,0.534803,-0.198908,0.108897,-0.135138,1907,2076,2166,2891,1845,3109
0.027510,-0.067129,0.523181,-0.206577,0.107804,-0.126400,1898,2076,2166,2891,1836,3109
0.028663,-0.067302,0.526665,-0.203360,0.107976,-0.128164,1889,2076,2166,2891,1828,3109
0.029392,-0.067563,0.519560,-0.207666,0.108237,-0.122466,1878,2076,2166,2891,1821,3109
0.030555,-0.067927,0.522587,-0.204753,0.108602,-0.123891,1869,2076,2166,2891,1815,3109
0.030959,-0.067613,0.515535,-0.209261,0.108287,-0.118452,1859,2076,2166,2891,1809,3109
0.032813,-0.068417,0.519542,-0.205173,0.109092,-0.120123,1849,2076,2166,2891,1801,3109
0.033698,-0.067624,0.510013,-0.211017,0.108298,-0.112544,1840,2076,2166,2891,1793,3109
0.034871,-0.067322,0.508608,-0.211116,0.107997,-0.110716,1829,2076,2166,2891,1782,3109
0.035475,-0.067008,0.501528,-0.215496,0.107682,-0.105121,1818,2076,2166,2891,1770,3109
0.037701,-0.068223,0.508818,-0.208901,0.108897,-0.108942,1806,2076,2166,2891,1758,3109
0.038946,-0.067427,0.501327,-0.213092,0.108101,-0.102610,1796,2076,2166,2891,1748,3109
0.040074,-0.066793,0.495341,-0.216344,0.107468,-0.097459,1785,2076,2166,2891,1738,3109
0.041854,-0.067084,0.494252,-0.215783,0.107759,-0.095449,1772,2076,2166,2891,1728,3109
0.043421,-0.066908,0.490541,-0.217163,0.107582,-0.091665,1760,2076,2166,2891,1718,3109
0.116105,-0.068028,0.404417,-0.222617,0.108703,0.020899,1438,2050,2157,2893,1397,3109
0.116661,-0.072133,0.405723,-0.221320,0.112808,0.020321,1437,2036,2157,2893,1398,3109
0.119182,-0.076557,0.408041,-0.217896,0.117232,0.020342,1443,2021,2204,2894,1402,3109
0.120569,-0.075713,0.412343,-0.213950,0.116387,0.018137,1444,2022,2211,2894,1402,3109
0.119808,-0.072624,0.411212,-0.215278,0.113299,0.018447,1444,2022,2219,2894,1402,3109
0.118858,-0.069499,0.408068,-0.218115,0.110173,0.020101,1444,2022,2227,2894,1403,3109
0.118580,-0.066891,0.406466,-0.219409,0.107566,0.021085,1444,2021,2235,2894,1403,3109
0.122610,-0.067055,0.418072,-0.208553,0.107729,0.015333,1444,2019,2240,2894,1403,3109
0.121746,-0.066698,0.421083,-0.207135,0.107373,0.012540,1456,2013,2246,2894,1403,3109
0.121056,-0.066700,0.421095,-0.207632,0.107374,0.012061,1455,2012,2246,2895,1403,3109
0.121803,-0.067075,0.421282,-0.206958,0.107750,0.012433,1455,2012,2245,2895,1403,3109
0.120891,-0.067055,0.418078,-0.209808,0.107729,0.014158,1455,2012,2245,2896,1403,3109
0.122192,-0.067896,0.422152,-0.206079,0.108571,0.012061,1455,2012,2245,2902,1403,3109
0.120891,-0.067055,0.418078,-0.209808,0.107729,0.014158,1455,2012,2242,2911,1403,3109
0.121601,-0.066974,0.417477,-0.209698,0.107648,0.015081,1454,2011,2234,2940,1403,3109
0.122303,-0.067671,0.417528,-0.209148,0.108345,0.015522,1453,2011,2232,2952,1401,3109
0.125993,-0.069618,0.427372,-0.199741,0.110292,0.010829,1453,2011,2227,2962,1401,3109
0.122513,-0.067791,0.413022,-0.212064,0.108465,0.018964,1454,2012,2223,2967,1401,3109
0.124113,-0.068913,0.419022,-0.206806,0.109588,0.015661,1455,2012,2221,2967,1402,3109
0.124977,-0.069885,0.423847,-0.202887,0.110559,0.012717,1455,2012,2219,2967,1402,3109
0.124644,-0.070216,0.423762,-0.203188,0.110890,0.012552,1454,2012,2219,2967,1402,3109
0.120782,-0.068773,0.410563,-0.215006,0.109448,0.019584,1452,2012,2219,2967,1402,3109
0.124796,-0.072020,0.424133,-0.202824,0.112695,0.012385,1451,2012,2219,2966,1402,3109
0.127076,-0.072949,0.428681,-0.198057,0.113624,0.010608,1451,2012,2219,2963,1402,3109
0.124897,-0.071040,0.419343,-0.206013,0.111715,0.015960,1452,2012,2219,2960,1402,3109
0.125850,-0.072024,0.424161,-0.202033,0.112698,0.013082,1453,2012,2218,2959,1402,3109
0.125437,-0.072300,0.423551,-0.202751,0.112974,0.013247,1453,2012,2218,2959,1402,3109
0.124854,-0.072729,0.424221,-0.202722,0.113404,0.012359,1454,2012,2218,2959,1402,3109
0.122051,-0.071054,0.414302,-0.211531,0.111728,0.017712,1454,2012,2218,2959,1402,3109
0.124125,-0.072187,0.422808,-0.204218,0.112861,0.012897,1454,2012,2218,2959,1402,3109
0.122723,-0.071325,0.418998,-0.207839,0.112000,0.014732,1454,2012,2218,2959,1402,3109
0.124050,-0.072304,0.423579,-0.203747,0.112978,0.012282,1454,2012,2218,2959,1402,3109
0.124125,-0.072187,0.422808,-0.204218,0.112861,0.012897,1452,2012,2218,2959,1402,3109
0.123081,-0.071165,0.417839,-0.208367,0.111840,0.015824,1449,2012,2218,2959,1402,3109
0.123783,-0.071340,0.419083,-0.207006,0.112014,0.015392,1446,2012,2218,2959,1400,3109
0.124907,-0.071297,0.418733,-0.206422,0.111972,0.016414,1445,2012,2218,2959,1398,3109
0.125850,-0.071340,0.419073,-0.205499,0.112014,0.016807,1440,2012,2218,2959,1398,3109
0.126498,-0.071154,0.417763,-0.205917,0.111828,0.018208,1430,2012,2218,2959,1397,3109
0.128338,-0.071290,0.418681,-0.203945,0.111964,0.018789,1423,2012,2218,2959,1397,3109
0.130283,-0.071314,0.418906,-0.202367,0.111989,0.019949,1415,2012,2218,2959,1396,3109
0.134057,-0.071641,0.423870,-0.196223,0.112315,0.018885,1401,2012,2218,2959,1394,3109
0.134532,-0.071040,0.417079,-0.200501,0.111715,0.024181,1394,2012,2218,2959,1394,3109
0.135489,-0.070821,0.413254,-0.202406,0.111496,0.027633,1383,2012,2218,2959,1392,3109
0.139211,-0.070961,0.411565,-0.200832,0.111636,0.031405,1370,2012,2218,2961,1377,3109
0.145578,-0.072468,0.420248,-0.190256,0.113143,0.029386,1356,2012,2218,2964,1352,3109
0.145957,-0.070392,0.409507,-0.197295,0.111067,0.037507,1338,2012,2219,2966,1322,3109
0.151226,-0.071097,0.412432,-0.191445,0.111772,0.038955,1320,2012,2219,2967,1298,3109
0.150905,-0.068692,0.399446,-0.200526,0.109367,0.048243,1303,2012,2220,2967,1282,3109
0.161185,-0.070948,0.413681,-0.183303,0.111623,0.044824,1288,2012,2220,2967,1272,3109
0.164474,-0.070915,0.410046,-0.183372,0.111590,0.049726,1274,2012,2220,2967,1267,3109
0.174248,-0.070774,0.407604,-0.177879,0.111449,0.058172,1246,2012,2220,2967,1251,3109
0.175951,-0.069623,0.401841,-0.180557,0.110298,0.063551,1233,2012,2220,2967,1238,3109
0.179548,-0.069418,0.399873,-0.179265,0.110092,0.067442,1219,2012,2221,2967,1226,3109
0.188701,-0.069401,0.402563,-0.170732,0.110076,0.071708,1190,2012,2223,2967,1203,3109
0.179380,-0.069351,0.399501,-0.179642,0.110026,0.067600,1278,2021,2203,2957,1256,3109
0.172649,-0.068793,0.395416,-0.187353,0.109468,0.066005,1290,2021,2198,2957,1257,3109
0.171277,-0.071210,0.401453,-0.184244,0.111884,0.060652,1300,2022,2191,2957,1258,3109
0.167821,-0.073261,0.403795,-0.185179,0.113936,0.056582,1308,2022,2184,2957,1266,3109
0.163137,-0.073607,0.399312,-0.191662,0.114281,0.056674,1317,2023,2177,2957,1279,3109
0.159266,-0.074518,0.397009,-0.196065,0.115193,0.055723,1327,2023,2172,2957,1290,3109
0.157100,-0.075639,0.397785,-0.197122,0.116314,0.053680,1336,2024,2167,2957,1298,3109
0.152448,-0.076281,0.394188,-0.202978,0.116956,0.053144,1345,2024,2161,2957,1304,3109
0.133888,-0.076350,0.401789,-0.211389,0.117025,0.034936,1397,2025,2167,2961,1335,3109
0.132543,-0.075675,0.401725,-0.212416,0.116350,0.034067,1403,2025,2167,2961,1335,3109
0.126812,-0.075640,0.401511,-0.216758,0.116315,0.030320,1416,2026,2167,2960,1336,3109
0.128160,-0.076649,0.408477,-0.211026,0.117323,0.026138,1421,2027,2167,2960,1336,3109
0.125981,-0.075676,0.404187,-0.215543,0.116350,0.027795,1422,2030,2167,2960,1336,3109
0.125179,-0.075753,0.406714,-0.214409,0.116427,0.025399,1428,2037,2167,2962,1336,3109
0.125540,-0.075606,0.410320,-0.211688,0.116281,0.023004,1433,2040,2167,2962,1336,3109
0.124281,-0.074644,0.410619,-0.212406,0.115319,0.021928,1439,2046,2167,2962,1336,3109
0.122884,-0.073262,0.410469,-0.213532,0.113937,0.021086,1445,2053,2166,2962,1336,3109
0.120581,-0.071833,0.410222,-0.215386,0.112508,0.019698,1451,2059,2166,2962,1337,3109
0.117595,-0.069363,0.407855,-0.219185,0.110037,0.019397,1457,2064,2166,2959,1338,3109
0.114968,-0.067326,0.405818,-0.222495,0.108000,0.019099,1465,2070,2164,2958,1347,3109
0.099036,-0.068533,0.413105,-0.229195,0.109208,0.002911,1510,2089,2105,2956,1421,3109
0.097169,-0.070767,0.412469,-0.230995,0.111441,0.002105,1516,2090,2096,2956,1437,3109
0.094390,-0.073372,0.413812,-0.232115,0.114046,-0.000771,1521,2094,2090,2956,1448,3109
0.091333,-0.073477,0.408404,-0.238037,0.114152,0.001105,1527,2099,2086,2956,1456,3109
0.090741,-0.075580,0.414859,-0.234073,0.116255,-0.004024,1531,2105,2084,2957,1459,3109
0.089024,-0.075420,0.414221,-0.235765,0.116094,-0.004726,1536,2111,2083,2957,1459,3109
0.087342,-0.074407,0.414299,-0.236943,0.115082,-0.005929,1540,2116,2083,2957,1459,3109
0.085633,-0.072699,0.413932,-0.238444,0.113374,-0.006824,1544,2119,2083,2957,1460,3109
0.085303,-0.072039,0.419168,-0.235119,0.112713,-0.010882,1549,2120,2083,2957,1465,3109
0.083430,-0.070452,0.417683,-0.237502,0.111126,-0.011071,1552,2120,2083,2957,1476,3109
0.082470,-0.069899,0.418787,-0.237453,0.110573,-0.012534,1555,2120,2083,2957,1492,3109
0.081248,-0.069221,0.417062,-0.239522,0.109896,-0.012103,1558,2120,2083,2957,1509,3109
0.080580,-0.069900,0.418646,-0.238933,0.110575,-0.013718,1558,2120,2083,2957,1515,3109
0.080394,-0.069890,0.418752,-0.238996,0.110565,-0.013922,1560,2120,2083,2957,1518,3109
0.079893,-0.069902,0.418659,-0.239427,0.110576,-0.014195,1565,2120,2083,2957,1518,3109
0.079206,-0.069903,0.418672,-0.239921,0.110578,-0.014673,1571,2120,2083,2957,1518,3109
0.080116,-0.071056,0.427548,-0.233208,0.111730,-0.020551,1575,2121,2083,2957,1519,3109
0.078009,-0.070168,0.423572,-0.237460,0.110843,-0.019075,1580,2121,2083,2957,1520,3109
0.077258,-0.070387,0.428100,-0.234925,0.111062,-0.022902,1588,2121,2083,2957,1526,3109
0.075474,-0.070365,0.427982,-0.236311,0.111040,-0.024031,1597,2121,2083,2957,1540,3109
0.073341,-0.070343,0.427867,-0.237951,0.111018,-0.025400,1605,2121,2082,2957,1556,3109
0.071915,-0.070879,0.432613,-0.235763,0.111554,-0.029846,1615,2121,2082,2957,1570,3109
0.070476,-0.072047,0.437890,-0.233220,0.112722,-0.034689,1626,2121,2082,2957,1580,3109
0.066938,-0.070702,0.433134,-0.239051,0.111376,-0.033618,1636,2121,2082,2957,1587,3109
0.065620,-0.071022,0.438417,-0.236417,0.111697,-0.038383,1647,2121,2082,2957,1595,3109
0.063650,-0.071800,0.441801,-0.235554,0.112474,-0.042202,1658,2121,2082,2957,1606,3109
0.061668,-0.072129,0.447203,-0.233326,0.112803,-0.047507,1669,2121,2082,2957,1621,3109
0.059245,-0.071514,0.446282,-0.235727,0.112189,-0.048483,1682,2121,2082,2957,1637,3109
0.056913,-0.072542,0.453652,-0.232414,0.113216,-0.055468,1696,2121,2082,2957,1652,3109
0.055105,-0.072578,0.456897,-0.231527,0.113253,-0.059075,1710,2121,2082,2957,1664,3109
0.052037,-0.071749,0.456388,-0.234119,0.112424,-0.060792,1725,2121,2082,2957,1676,3109
0.048901,-0.070801,0.455918,-0.236735,0.111476,-0.062584,1742,2121,2082,2957,1692,3109
0.046917,-0.071748,0.465405,-0.231725,0.112423,-0.070881,1760,2121,2082,2957,1709,3109
0.044173,-0.072006,0.470863,-0.230016,0.112680,-0.076746,1777,2121,2082,2957,1727,3109
0.041246,-0.072861,0.478419,-0.227012,0.113536,-0.084272,1791,2121,2082,2957,1744,3109
0.037616,-0.072010,0.476998,-0.230638,0.112685,-0.085705,1807,2121,2082,2957,1761,3109
0.036106,-0.073405,0.489887,-0.222964,0.114080,-0.096169,1822,2120,2082,2957,1777,3109
0.033190,-0.073074,0.489454,-0.225393,0.113749,-0.097838,1838,2120,2082,2957,1793,3109
0.031445,-0.073435,0.495896,-0.222283,0.114109,-0.103743,1853,2120,2082,2957,1808,3109
0.029633,-0.073233,0.498389,-0.221911,0.113907,-0.106803,1867,2120,2082,2957,1820,3109
0.027892,-0.073024,0.502926,-0.220095,0.113699,-0.111310,1881,2120,2082,2957,1833,3109
0.026379,-0.073374,0.509690,-0.216596,0.114049,-0.117293,1904,2120,2082,2957,1849,3109
0.024985,-0.073643,0.516258,-0.213142,0.114318,-0.123051,1912,2120,2082,2957,1855,3109
0.023142,-0.073794,0.517031,-0.213965,0.114468,-0.124872,1924,2120,2082,2957,1863,3109
0.021309,-0.074075,0.523735,-0.210740,0.114750,-0.131029,1937,2120,2082,2957,1872,3109
0.019226,-0.071101,0.508705,-0.222503,0.111775,-0.121444,1951,2120,2082,2957,1881,3109
0.018569,-0.074127,0.531579,-0.207403,0.114802,-0.138638,1963,2120,2082,2957,1889,3109
0.017532,-0.075339,0.543205,-0.200242,0.116013,-0.147856,1975,2120,2082,2957,1898,3109
0.016637,-0.074866,0.543016,-0.201026,0.115541,-0.148327,1987,2120,2082,2957,1906,3109
0.015639,-0.074256,0.545748,-0.199896,0.114931,-0.151007,1999,2119,2082,2957,1915,3109
0.014739,-0.074248,0.545689,-0.200595,0.114922,-0.151577,2011,2118,2082,2957,1923,3109
0.013891,-0.074190,0.544691,-0.201896,0.114865,-0.151424,2024,2117,2082,2957,1931,3109
0.013373,-0.075178,0.554188,-0.195805,0.115853,-0.158730,2037,2115,2082,2957,1941,3109
0.012496,-0.075005,0.552316,-0.197722,0.115679,-0.157956,2051,2115,2082,2957,1952,3109
0.011421,-0.075890,0.578109,-0.180940,0.116565,-0.177573,2133,2114,2082,2957,2025,3109
0.012108,-0.076395,0.591555,-0.171278,0.117069,-0.186949,2170,2113,2082,2957,2051,3109
0.014413,-0.074777,0.595790,-0.166705,0.115452,-0.188478,2249,2113,2082,2957,2122,3109
0.053655,-0.073162,0.671963,-0.086088,0.113837,-0.217514,2566,2114,2084,2958,2433,3109
0.010883,-0.076005,0.651026,-0.131663,0.116679,-0.231322,2291,2157,2034,2958,2155,3109
0.011116,-0.073625,0.641700,-0.137846,0.114300,-0.224336,2295,2159,2034,2958,2155,3109
0.011486,-0.074039,0.652494,-0.130222,0.114713,-0.231985,2298,2161,2034,2958,2155,3109
0.012050,-0.076008,0.674254,-0.114987,0.116683,-0.247532,2299,2163,2035,2958,2155,3109
0.012099,-0.072377,0.648789,-0.132297,0.113052,-0.228856,2299,2163,2035,2958,2155,3109
0.012350,-0.071608,0.650090,-0.131227,0.112283,-0.229637,2300,2163,2035,2958,2156,3109
0.012567,-0.071015,0.648891,-0.131885,0.111690,-0.228611,2301,2164,2035,2958,2156,3109
0.012567,-0.071015,0.648891,-0.131885,0.111690,-0.228611,2301,2165,2035,2958,2156,3109
0.013240,-0.071920,0.660364,-0.123577,0.112594,-0.236552,2301,2165,2035,2958,2156,3109
0.012497,-0.071208,0.651286,-0.130305,0.111883,-0.230412,2301,2165,2035,2958,2156,3109
0.012480,-0.071149,0.650160,-0.131084,0.111824,-0.229600,2301,2165,2035,2958,2156,3109
0.011923,-0.070204,0.641239,-0.137569,0.110879,-0.223448,2300,2165,2035,2958,2156,3109
0.011498,-0.071010,0.648844,-0.132699,0.111685,-0.229305,2297,2165,2035,2958,2156,3109
0.011753,-0.072009,0.653409,-0.129403,0.112683,-0.232474,2294,2165,2034,2958,2155,3109
0.012050,-0.073784,0.674252,-0.114988,0.114459,-0.247531,2291,2164,2034,2958,2155,3109
0.010961,-0.071264,0.639775,-0.139271,0.111938,-0.223032,2282,2164,2034,2958,2149,3109
0.010679,-0.073098,0.653528,-0.130108,0.113773,-0.233292,2269,2164,2033,2958,2146,3109
0.010223,-0.073891,0.650755,-0.132331,0.114565,-0.231572,2258,2164,2033,2958,2145,3109
0.008928,-0.072608,0.637041,-0.142621,0.113283,-0.222415,2248,2164,2033,2958,2144,3109
0.008818,-0.075849,0.661374,-0.126126,0.116524,-0.240304,2235,2163,2033,2958,2143,3109
0.007721,-0.073211,0.631314,-0.147406,0.113886,-0.219044,2222,2163,2033,2958,2133,3109
0.007083,-0.073425,0.627847,-0.150234,0.114100,-0.216941,2209,2162,2034,2958,2112,3109
0.006683,-0.074265,0.631434,-0.148084,0.114940,-0.219839,2196,2161,2034,2958,2087,3109
0.006050,-0.074914,0.627827,-0.151005,0.115589,-0.217629,2182,2161,2034,2958,2064,3109
0.004876,-0.074035,0.618370,-0.158306,0.114709,-0.211506,2166,2161,2033,2958,2045,3109
0.003983,-0.075950,0.627830,-0.152516,0.116624,-0.219040,2150,2161,2033,2958,2031,3109
0.003007,-0.074217,0.609525,-0.165699,0.114892,-0.206303,2136,2161,2033,2958,2018,3109
0.002450,-0.075895,0.617499,-0.160676,0.116570,-0.212521,2111,2160,2033,2958,1997,3109
0.002061,-0.074359,0.596390,-0.175340,0.115033,-0.197332,2103,2160,2033,2958,1990,3109
0.001694,-0.073838,0.586371,-0.182433,0.114512,-0.190247,2088,2160,2033,2958,1977,3109
0.001270,-0.075500,0.597720,-0.175013,0.116174,-0.198844,2073,2160,2031,2958,1963,3109
0.001277,-0.074930,0.585166,-0.183559,0.115604,-0.189649,2059,2161,2028,2958,1950,3109
0.001226,-0.074540,0.578773,-0.187951,0.115215,-0.185003,2044,2161,2026,2958,1937,3109
0.001044,-0.075260,0.577632,-0.188862,0.115935,-0.184292,2029,2161,2026,2958,1925,3109
0.000971,-0.075440,0.569370,-0.194543,0.116115,-0.178293,2014,2161,2026,2958,1913,3109
0.001016,-0.074938,0.559849,-0.200996,0.115613,-0.171291,1999,2162,2026,2958,1901,3109
0.001650,-0.075539,0.561398,-0.199476,0.116214,-0.171994,1984,2162,2026,2958,1890,3109
0.002689,-0.074916,0.555394,-0.202805,0.115591,-0.166891,1970,2162,2027,2958,1880,3109
0.004128,-0.072870,0.536663,-0.214512,0.113544,-0.152197,1956,2162,2031,2958,1870,3109
0.004766,-0.071306,0.527389,-0.220362,0.111981,-0.144973,1942,2162,2033,2958,1859,3109
0.006606,-0.073172,0.539185,-0.210980,0.113847,-0.152355,1929,2163,2034,2959,1847,3109
0.008318,-0.072384,0.531769,-0.214777,0.113058,-0.145760,1915,2163,2034,2960,1834,3109
0.009881,-0.071174,0.524453,-0.218617,0.111848,-0.139339,1901,2163,2034,2962,1819,3109
0.011609,-0.072053,0.524557,-0.217281,0.112728,-0.138238,1887,2163,2034,2963,1804,3109
0.013478,-0.071773,0.522805,-0.217107,0.112448,-0.135682,1873,2163,2034,2964,1789,3109
0.014821,-0.071319,0.512432,-0.223189,0.111994,-0.127173,1858,2163,2034,2965,1776,3109
0.016803,-0.072837,0.516143,-0.219210,0.113511,-0.128540,1842,2163,2034,2965,1763,3109
0.018787,-0.071358,0.502900,-0.226778,0.112033,-0.117493,1827,2163,2034,2965,1753,3109
0.020411,-0.071350,0.495532,-0.230609,0.112025,-0.110992,1812,2162,2034,2965,1741,3109
0.022871,-0.072204,0.495806,-0.228621,0.112879,-0.109518,1797,2162,2034,2965,1731,3109
0.025004,-0.072515,0.492131,-0.229563,0.113190,-0.105375,1781,2162,2034,2965,1721,3109
0.027471,-0.072384,0.483430,-0.233684,0.113059,-0.097324,1764,2161,2034,2965,1713,3109
0.029725,-0.071830,0.475685,-0.237310,0.112504,-0.090119,1749,2161,2034,2965,1705,3109
0.032990,-0.072897,0.478656,-0.232895,0.113572,-0.090070,1725,2161,2034,2965,1693,3109
0.035828,-0.072552,0.471803,-0.235486,0.113227,-0.083119,1716,2161,2034,2965,1689,3109
0.038651,-0.072121,0.465252,-0.237882,0.112796,-0.076400,1697,2161,2034,2965,1680,3109
0.041889,-0.072129,0.458987,-0.239778,0.112804,-0.069608,1687,2161,2034,2965,1675,3109
0.044889,-0.072479,0.460623,-0.236468,0.113154,-0.068762,1674,2161,2034,2965,1669,3109
0.048562,-0.072249,0.454710,-0.237807,0.112924,-0.061931,1659,2161,2034,2965,1663,3109
0.051405,-0.071571,0.448468,-0.239977,0.112245,-0.055424,1646,2161,2034,2965,1655,3109
0.053330,-0.069781,0.434762,-0.247904,0.110455,-0.044078,1632,2162,2034,2965,1647,3109
0.058801,-0.072197,0.448560,-0.234500,0.112872,-0.050453,1616,2162,2034,2965,1636,3109
0.061285,-0.071012,0.438382,-0.239615,0.111687,-0.041311,1599,2162,2034,2963,1625,3109
0.064899,-0.071612,0.437366,-0.237661,0.112286,-0.038104,1583,2162,2034,2960,1613,3109
0.067417,-0.070036,0.426142,-0.243463,0.110710,-0.028172,1569,2162,2034,2960,1602,3109
0.071922,-0.071029,0.427458,-0.239269,0.111704,-0.026067,1555,2162,2034,2960,1592,3109
0.075018,-0.070535,0.418990,-0.242770,0.111210,-0.017758,1542,2162,2034,2960,1582,3109
0.079423,-0.071493,0.420647,-0.238416,0.112167,-0.015971,1532,2162,2034,2960,1573,3109
0.081942,-0.070636,0.412439,-0.242164,0.111310,-0.008246,1523,2162,2034,2960,1567,3109
0.084213,-0.069959,0.406728,-0.244391,0.110634,-0.002518,1516,2162,2034,2960,1562,3109
0.086584,-0.069748,0.405415,-0.243550,0.110423,0.000058,1513,2162,2034,2960,1559,3109
0.088594,-0.069267,0.403769,-0.243200,0.109941,0.002633,1513,2162,2034,2960,1559,3109
0.090526,-0.070060,0.407357,-0.239340,0.110735,0.001322,1514,2162,2034,2959,1559,3109
0.089989,-0.069291,0.401873,-0.243470,0.109965,0.004971,1518,2162,2034,2959,1560,3109
0.089332,-0.069294,0.401892,-0.243938,0.109969,0.004510,1523,2162,2034,2959,1563,3109
0.087341,-0.068482,0.400341,-0.246452,0.109156,0.004289,1531,2162,2034,2959,1566,3109
0.086812,-0.069507,0.408125,-0.241537,0.110182,-0.001770,1545,2163,2034,2959,1569,3109
0.084493,-0.069300,0.409038,-0.242613,0.109975,-0.004018,1557,2163,2034,2960,1570,3109
0.081676,-0.069186,0.411075,-0.243287,0.109860,-0.007429,1570,2163,2034,2962,1572,3109
0.078174,-0.069268,0.413901,-0.243926,0.109943,-0.011883,1587,2163,2034,2964,1584,3109
0.075117,-0.069506,0.421841,-0.240755,0.110180,-0.019778,1606,2163,2034,2964,1599,3109
0.069989,-0.068715,0.419276,-0.246257,0.109390,-0.021394,1626,2163,2034,2964,1618,3109
0.066596,-0.069334,0.426159,-0.244053,0.110008,-0.028744,1644,2163,2034,2964,1632,3109
0.061977,-0.069479,0.431920,-0.243510,0.110153,-0.036108,1664,2163,2034,2965,1646,3109
0.057922,-0.070521,0.443107,-0.238858,0.111196,-0.047060,1687,2163,2034,2965,1659,3109
0.053268,-0.070160,0.444862,-0.241070,0.110835,-0.051515,1710,2163,2034,2965,1674,3109
0.047408,-0.067576,0.435363,-0.251830,0.108251,-0.048553,1735,2163,2034,2965,1692,3109
0.043391,-0.069497,0.454815,-0.241521,0.110171,-0.065530,1761,2163,2034,2965,1713,3109
0.037877,-0.067828,0.450476,-0.248513,0.108502,-0.066109,1786,2163,2034,2964,1734,3109
0.034758,-0.071225,0.477044,-0.232699,0.111900,-0.087685,1809,2163,2034,2962,1754,3109
0.029752,-0.069367,0.477052,-0.236359,0.110041,-0.091101,1835,2163,2034,2960,1774,3109
0.025838,-0.070326,0.487516,-0.232096,0.111001,-0.101428,1860,2163,2034,2959,1792,3109
0.022249,-0.070775,0.498441,-0.227282,0.111449,-0.111871,1884,2163,2034,2959,1810,3109
0.018086,-0.070568,0.499978,-0.229282,0.111243,-0.115831,1910,2163,2034,2958,1828,3109
0.014655,-0.071447,0.515296,-0.221360,0.112121,-0.129383,1934,2163,2034,2958,1844,3109
0.012070,-0.071826,0.522680,-0.218223,0.112501,-0.136550,1956,2163,2034,2958,1858,3109
0.009514,-0.071615,0.529601,-0.215379,0.112289,-0.143358,1979,2163,2034,2958,1873,3109
0.007509,-0.072164,0.538121,-0.211044,0.112839,-0.150961,2002,2163,2034,2958,1890,3109
0.005642,-0.072295,0.545356,-0.207482,0.112969,-0.157530,2024,2163,2034,2960,1905,3109
0.004584,-0.072398,0.553325,-0.202828,0.113073,-0.164085,2047,2163,2034,2963,1923,3109
0.003400,-0.071250,0.551410,-0.205000,0.111925,-0.163490,2069,2163,2034,2964,1940,3109
0.003512,-0.072585,0.569003,-0.192933,0.113260,-0.176293,2092,2163,2034,2964,1960,3109
0.002658,-0.073201,0.579517,-0.186397,0.113876,-0.184572,2115,2163,2034,2963,1979,3109
0.002657,-0.072235,0.579428,-0.186458,0.112910,-0.184507,2137,2163,2034,2961,1998,3109
0.002177,-0.072454,0.586914,-0.181709,0.113128,-0.190315,2159,2163,2034,2959,2015,3109
0.002253,-0.073096,0.598186,-0.173976,0.113771,-0.198516,2179,2163,2034,2958,2032,3109
0.001995,-0.072388,0.600765,-0.172408,0.113063,-0.200579,2200,2163,2033,2958,2046,3109
0.003008,-0.073048,0.619111,-0.159169,0.113722,-0.213321,2222,2163,2032,2958,2059,3109
0.003146,-0.073936,0.628346,-0.152777,0.114611,-0.219988,2242,2163,2032,2958,2072,3109
0.003983,-0.072844,0.627830,-0.152516,0.113519,-0.219040,2263,2163,2032,2958,2083,3109
0.005938,-0.074952,0.650643,-0.135544,0.115626,-0.234410,2283,2163,2033,2958,2095,3109
0.007453,-0.074188,0.653650,-0.132387,0.114863,-0.235579,2304,2163,2034,2958,2108,3109
0.008979,-0.072110,0.642333,-0.138979,0.112784,-0.226254,2324,2163,2034,2958,2120,3109
0.011500,-0.072091,0.648948,-0.132627,0.112766,-0.229380,2344,2164,2034,2959,2132,3109
0.013690,-0.074645,0.677325,-0.111694,0.115320,-0.248663,2363,2164,2034,2960,2141,3109
0.016727,-0.073506,0.676966,-0.109715,0.114181,-0.246331,2382,2164,2034,2960,2147,3109
0.019013,-0.074534,0.689022,-0.099829,0.115209,-0.253601,2399,2164,2034,2960,2151,3109
0.021266,-0.073989,0.689255,-0.098021,0.114663,-0.252237,2417,2164,2034,2959,2156,3109
0.023737,-0.074582,0.702867,-0.086940,0.115257,-0.260519,2434,2164,2034,2959,2162,3109
0.028207,-0.073178,0.700904,-0.085004,0.113853,-0.256036,2465,2164,2034,2959,2178,3109
0.030582,-0.074346,0.714394,-0.074076,0.115021,-0.264295,2480,2164,2034,2959,2188,3109
0.033218,-0.073194,0.709599,-0.075412,0.113868,-0.258988,2495,2164,2034,2959,2199,3109
0.037506,-0.076388,0.746118,-0.047396,0.117063,-0.282804,2509,2164,2034,2959,2214,3109
0.040226,-0.076357,0.745620,-0.045744,0.117031,-0.280587,2523,2164,2034,2959,2232,3109
0.043926,-0.076532,0.756279,-0.035775,0.117207,-0.285870,2535,2164,2034,2959,2253,3109
0.046305,-0.075066,0.745026,-0.041698,0.115741,-0.276011,2546,2164,2034,2959,2276,3109
0.050026,-0.076149,0.758742,-0.029632,0.116824,-0.283518,2556,2164,2034,2959,2297,3109
0.051701,-0.075013,0.747129,-0.036316,0.115687,-0.273875,2563,2164,2034,2959,2314,3109
0.052360,-0.071174,0.715894,-0.057111,0.111849,-0.250558,2567,2164,2034,2959,2327,3109
0.056272,-0.073782,0.744757,-0.034586,0.114457,-0.269024,2568,2164,2034,2959,2331,3109
0.054732,-0.070865,0.714958,-0.056011,0.111540,-0.248257,2566,2164,2034,2959,2331,3109
0.057075,-0.073386,0.740922,-0.036609,0.114061,-0.265669,2561,2164,2034,2958,2328,3109
0.057074,-0.074555,0.748712,-0.031304,0.115229,-0.271373,2557,2164,2034,2958,2325,3109
0.055834,-0.074544,0.748603,-0.032286,0.115219,-0.272139,2544,2164,2034,2958,2324,3109
0.052607,-0.072901,0.726322,-0.049826,0.113575,-0.258024,2529,2164,2034,2958,2323,3109
0.052111,-0.074471,0.742895,-0.038900,0.115145,-0.270495,2516,2164,2034,2958,2323,3109
0.049389,-0.075017,0.744448,-0.039835,0.115691,-0.273487,2502,2164,2034,2958,2323,3109
0.046405,-0.074704,0.741227,-0.044213,0.115379,-0.273161,2484,2164,2034,2958,2322,3109
0.043907,-0.074437,0.729749,-0.053861,0.115111,-0.266460,2463,2164,2034,2959,2321,3109
0.042027,-0.076229,0.744285,-0.045335,0.116903,-0.278382,2446,2164,2034,2959,2321,3109
0.037519,-0.073487,0.711669,-0.070854,0.114162,-0.257575,2426,2164,2034,2959,2314,3109
0.035225,-0.074455,0.717959,-0.068248,0.115130,-0.263742,2404,2164,2034,2959,2295,3109
0.032840,-0.074363,0.715037,-0.071985,0.115038,-0.263228,2382,2164,2034,2959,2272,3109
0.028846,-0.074026,0.703192,-0.082978,0.114701,-0.257276,2360,2164,2034,2958,2244,3109
0.025043,-0.074159,0.698666,-0.088846,0.114834,-0.256554,2337,2164,2034,2958,2218,3109
0.021354,-0.075385,0.699400,-0.091046,0.116059,-0.259604,2312,2164,2034,2958,2195,3109
0.016306,-0.067874,0.628263,-0.143200,0.108548,-0.210963,2289,2164,2034,2958,2180,3109
0.015061,-0.074464,0.675424,-0.111986,0.115139,-0.246338,2264,2164,2034,2958,2170,3109
0.012099,-0.072377,0.648789,-0.132297,0.113052,-0.228856,2238,2164,2034,2958,2162,3109
0.010433,-0.073167,0.649005,-0.133369,0.113842,-0.230149,2214,2164,2034,2958,2154,3109
0.008943,-0.073834,0.650214,-0.133637,0.114508,-0.232048,2189,2164,2034,2958,2142,3109
0.007142,-0.073318,0.638743,-0.142769,0.113992,-0.224878,2164,2164,2034,2958,2127,3109
0.005892,-0.071980,0.618232,-0.157656,0.112655,-0.210713,2139,2164,2034,2958,2108,3109
0.005163,-0.071938,0.607701,-0.165363,0.112612,-0.203499,2116,2164,2034,2958,2087,3109
0.004541,-0.073011,0.607728,-0.165801,0.113685,-0.203943,2093,2164,2034,2958,2065,3109
0.003994,-0.072546,0.595292,-0.174672,0.113220,-0.195211,2071,2164,2033,2958,2043,3109
0.003530,-0.073303,0.596484,-0.174200,0.113977,-0.196399,2051,2164,2033,2958,2025,3109
0.003317,-0.071312,0.570141,-0.192300,0.111987,-0.177259,2017,2164,2033,2958,1999,3109
0.004093,-0.071711,0.567333,-0.193645,0.112386,-0.174675,2005,2164,2033,2958,1991,3109
0.004540,-0.072483,0.568200,-0.192728,0.113157,-0.175005,1987,2164,2034,2958,1979,3109
0.005637,-0.072173,0.558240,-0.198710,0.112847,-0.166966,1967,2164,2034,2958,1965,3109
0.006760,-0.071329,0.547187,-0.205415,0.112003,-0.158109,1947,2164,2034,2958,1952,3109
0.008894,-0.071473,0.544525,-0.205667,0.112148,-0.154707,1929,2164,2034,2958,1940,3109
0.010204,-0.071666,0.537609,-0.209420,0.112341,-0.148751,1912,2164,2034,2958,1927,3109
0.012067,-0.071919,0.536139,-0.209056,0.112593,-0.146406,1894,2164,2034,2958,1915,3109
0.013333,-0.071172,0.524429,-0.216107,0.111847,-0.136970,1876,2164,2034,2958,1901,3109
0.015060,-0.070735,0.516415,-0.220301,0.111410,-0.129927,1860,2164,2032,2958,1887,3109
0.017416,-0.071855,0.519628,-0.216388,0.112529,-0.130674,1845,2164,2031,2958,1874,3109
0.018827,-0.071675,0.509585,-0.222196,0.112350,-0.122360,1825,2164,2030,2958,1856,3109
0.020566,-0.072093,0.506319,-0.223147,0.112767,-0.118785,1813,2164,2030,2958,1847,3109
0.022766,-0.071243,0.494926,-0.229298,0.111918,-0.108945,1799,2164,2030,2958,1835,3109
0.024894,-0.070888,0.488137,-0.232364,0.111562,-0.102525,1784,2164,2033,2958,1825,3109
0.027101,-0.070724,0.484876,-0.232969,0.111399,-0.098635,1770,2164,2034,2958,1817,3109
0.029657,-0.069905,0.477941,-0.235822,0.110580,-0.091816,1758,2164,2034,2958,1810,3109
0.032602,-0.069273,0.474241,-0.236187,0.109948,-0.087102,1750,2164,2034,2958,1805,3109
0.035421,-0.070311,0.476135,-0.232832,0.110985,-0.086567,1744,2164,2034,2958,1800,3109
0.036816,-0.069715,0.470859,-0.235406,0.110389,-0.081754,1741,2164,2034,2958,1797,3109
0.038556,-0.071097,0.476132,-0.230540,0.111771,-0.084430,1742,2164,2034,2958,1797,3109
0.038434,-0.069750,0.464637,-0.238459,0.110425,-0.076098,1745,2164,2034,2958,1797,3109
0.037784,-0.069343,0.464673,-0.238910,0.110018,-0.076567,1749,2164,2034,2958,1802,3109
0.037287,-0.068983,0.464645,-0.239294,0.109658,-0.076884,1752,2164,2034,2958,1805,3109
0.036820,-0.070687,0.476322,-0.231681,0.111362,-0.085752,1761,2164,2034,2958,1806,3109
0.035268,-0.069717,0.470879,-0.236525,0.110392,-0.082824,1772,2164,2034,2958,1807,3109
0.034051,-0.069215,0.470121,-0.237933,0.109889,-0.083098,1782,2164,2034,2958,1808,3109
0.032881,-0.070614,0.479260,-0.232563,0.111288,-0.090586,1792,2164,2034,2958,1812,3109
0.031011,-0.070053,0.477272,-0.235287,0.110728,-0.090404,1806,2164,2034,2958,1826,3109
0.027306,-0.067259,0.458772,-0.250601,0.107933,-0.079384,1824,2164,2033,2958,1847,3109
0.027251,-0.071669,0.495035,-0.225940,0.112343,-0.105970,1841,2164,2033,2958,1871,3109
0.024352,-0.070191,0.489059,-0.232133,0.110866,-0.103569,1859,2164,2033,2958,1890,3109
0.022479,-0.071670,0.502178,-0.224567,0.112344,-0.114450,1892,2164,2033,2958,1910,3109
0.019802,-0.070713,0.503582,-0.225571,0.111388,-0.117301,1904,2164,2033,2958,1915,3109
0.017144,-0.070763,0.508981,-0.223839,0.111437,-0.123065,1922,2164,2034,2958,1924,3109
0.014970,-0.070724,0.513729,-0.222196,0.111399,-0.128022,1943,2164,2034,2958,1938,3109
0.012477,-0.071107,0.523844,-0.217132,0.111781,-0.137125,1966,2164,2034,2958,1958,3109
0.010765,-0.071604,0.537676,-0.208962,0.112279,-0.148417,1989,2164,2034,2958,1985,3109
0.008832,-0.071007,0.539581,-0.209080,0.111681,-0.151129,2012,2164,2034,2958,2014,3109
0.007430,-0.071819,0.552372,-0.201394,0.112494,-0.161448,2035,2164,2033,2958,2043,3109
0.006072,-0.071416,0.553359,-0.201716,0.112091,-0.163096,2058,2164,2031,2958,2065,3109
0.005281,-0.071632,0.563715,-0.195240,0.112307,-0.171216,2079,2164,2029,2958,2081,3109
0.004181,-0.071979,0.572021,-0.190388,0.112654,-0.178047,2102,2164,2026,2958,2094,3109
0.003130,-0.072624,0.578709,-0.186601,0.113298,-0.183659,2125,2164,2026,2958,2107,3109
0.002556,-0.073795,0.596493,-0.174907,0.114469,-0.197070,2148,2164,2026,2958,2122,3109
0.002653,-0.074312,0.600332,-0.172220,0.114987,-0.199814,2171,2164,2025,2957,2141,3109
0.002519,-0.072807,0.594756,-0.176118,0.113482,-0.195824,2194,2164,2025,2957,2161,3109
0.003036,-0.073363,0.607058,-0.167359,0.114037,-0.204478,2218,2164,2025,2957,2183,3109
0.004182,-0.074989,0.628494,-0.151918,0.115664,-0.219391,2240,2164,2025,2957,2204,3109
0.005358,-0.075354,0.638125,-0.144497,0.116029,-0.225640,2264,2164,2025,2957,2226,3109
0.007084,-0.072365,0.625555,-0.151795,0.113039,-0.215262,2287,2164,2025,2957,2248,3109
0.009165,-0.073082,0.641570,-0.139363,0.113756,-0.225569,2309,2164,2025,2957,2271,3109
0.011883,-0.074845,0.662069,-0.123409,0.115520,-0.238725,2331,2164,2025,2957,2296,3109
0.014029,-0.074793,0.673363,-0.114145,0.115467,-0.245531,2353,2164,2025,2957,2319,3109
0.017061,-0.075902,0.685838,-0.103427,0.116576,-0.252599,2374,2165,2026,2957,2341,3109
0.019363,-0.072014,0.661172,-0.118544,0.112688,-0.232973,2394,2165,2027,2957,2363,3109
0.022248,-0.072980,0.677397,-0.105379,0.113655,-0.242887,2413,2165,2027,2957,2382,3109
0.026650,-0.074782,0.699131,-0.087352,0.115456,-0.255799,2433,2165,2027,2957,2398,3109
0.028503,-0.071674,0.677660,-0.100621,0.112349,-0.238818,2452,2165,2027,2957,2411,3109
0.033390,-0.076064,0.727977,-0.062768,0.116739,-0.272327,2472,2165,2027,2957,2422,3109
0.036540,-0.074244,0.713353,-0.070423,0.114919,-0.259474,2492,2165,2027,2957,2432,3109
0.040215,-0.075156,0.731051,-0.055677,0.115830,-0.269928,2511,2165,2027,2957,2442,3109
0.043881,-0.074527,0.727255,-0.055579,0.115202,-0.264652,2532,2165,2028,2957,2453,3109
0.048270,-0.075528,0.739950,-0.043719,0.116203,-0.270956,2551,2165,2029,2957,2465,3109
0.057946,-0.075175,0.759245,-0.023491,0.115850,-0.278491,2590,2165,2031,2957,2494,3109
0.062664,-0.076185,0.775008,-0.009299,0.116860,-0.286817,2608,2165,2032,2957,2513,3109
0.067589,-0.075621,0.776193,-0.004886,0.116295,-0.284329,2626,2165,2034,2957,2535,3109
0.071314,-0.075027,0.776309,-0.002080,0.115701,-0.281878,2644,2165,2034,2957,2557,3109
0.076441,-0.075042,0.776471,0.001784,0.115716,-0.278504,2659,2165,2035,2957,2578,3109
0.081295,-0.073812,0.777237,0.005860,0.114487,-0.275758,2673,2165,2035,2957,2596,3109
0.087487,-0.074964,0.792567,0.020835,0.115639,-0.282764,2685,2165,2035,2957,2608,3109
0.090856,-0.074399,0.793520,0.023951,0.115073,-0.281166,2695,2165,2035,2957,2618,3109
0.092489,-0.073114,0.779378,0.015513,0.113789,-0.269700,2703,2165,2035,2957,2624,3109
0.095029,-0.072542,0.777190,0.015882,0.113216,-0.266368,2708,2165,2035,2957,2628,3109
0.096243,-0.072177,0.773659,0.014366,0.112852,-0.262955,2709,2165,2035,2957,2631,3109
0.099216,-0.073434,0.783863,0.023493,0.114109,-0.268401,2707,2165,2035,2957,2631,3109
0.098301,-0.072287,0.774792,0.016644,0.112962,-0.262384,2702,2165,2035,2957,2631,3109
0.100785,-0.074291,0.796563,0.033293,0.114965,-0.276630,2700,2165,2035,2957,2630,3109
0.093598,-0.070175,0.745239,-0.006930,0.110850,-0.243951,2689,2165,2035,2957,2625,3109
0.096604,-0.073410,0.783606,0.021406,0.114084,-0.269993,2675,2165,2035,2957,2622,3109
0.094184,-0.073135,0.776654,0.014898,0.113810,-0.266551,2663,2165,2035,2957,2622,3109
0.092263,-0.074804,0.790763,0.023103,0.115479,-0.278189,2647,2165,2035,2958,2621,3109
0.087359,-0.073828,0.777245,0.010304,0.114503,-0.271633,2630,2165,2035,2962,2621,3109
0.084885,-0.074603,0.782602,0.012142,0.115278,-0.277240,2612,2165,2035,2963,2618,3109
0.079789,-0.073222,0.761154,-0.006199,0.113897,-0.265009,2591,2165,2035,2964,2596,3109
0.076026,-0.073218,0.761119,-0.008978,0.113893,-0.267546,2569,2165,2035,2964,2560,3109
0.069836,-0.072542,0.744271,-0.024986,0.113217,-0.259430,2547,2165,2035,2962,2518,3109
0.067766,-0.076182,0.774979,-0.005583,0.116857,-0.283321,2520,2165,2035,2959,2480,3109
0.055125,-0.075658,0.760151,-0.024939,0.116333,-0.281076,2468,2165,2035,2958,2431,3109
0.046940,-0.073329,0.730788,-0.050933,0.114004,-0.265154,2441,2165,2035,2958,2414,3109
0.042875,-0.073821,0.729955,-0.054476,0.114496,-0.267314,2413,2165,2035,2958,2397,3109
0.038987,-0.074507,0.730604,-0.056880,0.115182,-0.270437,2385,2165,2035,2958,2376,3109
0.033835,-0.074593,0.716946,-0.069957,0.115267,-0.263948,2360,2165,2035,2958,2350,3109
0.028517,-0.072056,0.687459,-0.093935,0.112730,-0.245982,2329,2165,2035,2958,2322,3109
0.024330,-0.072677,0.687467,-0.096995,0.113351,-0.248840,2299,2165,2035,2958,2291,3109
0.020606,-0.072876,0.676276,-0.107345,0.113550,-0.243184,2269,2165,2033,2958,2261,3109
0.017062,-0.075377,0.686219,-0.103167,0.116051,-0.252877,2240,2165,2031,2958,2233,3109
0.012893,-0.072987,0.652376,-0.129272,0.113662,-0.230941,2211,2165,2030,2958,2208,3109
0.010452,-0.075365,0.661294,-0.124984,0.116039,-0.239132,2181,2165,2029,2958,2183,3109
0.007721,-0.073211,0.631314,-0.147406,0.113886,-0.219044,2153,2165,2028,2958,2161,3109
0.006311,-0.073198,0.620189,-0.156016,0.113872,-0.211860,2125,2165,2027,2958,2139,3109
0.004669,-0.074333,0.616562,-0.159689,0.115007,-0.210324,2096,2165,2027,2958,2114,3109
0.003844,-0.074298,0.605918,-0.167544,0.114972,-0.203093,2069,2165,2026,2958,2086,3109
0.003537,-0.073796,0.596501,-0.174184,0.114470,-0.196408,2042,2165,2026,2958,2057,3109
0.003237,-0.074328,0.586455,-0.181246,0.115003,-0.189257,2015,2165,2026,2958,2030,3109
0.004206,-0.074006,0.578923,-0.185668,0.114681,-0.183083,1988,2165,2026,2958,2003,3109
0.004540,-0.073419,0.568200,-0.192728,0.114094,-0.175005,1963,2165,2026,2958,1979,3109
0.006343,-0.073057,0.555163,-0.200288,0.113732,-0.164232,1936,2165,2027,2958,1955,3109
0.007579,-0.073473,0.551041,-0.202191,0.114148,-0.160372,1910,2165,2028,2958,1932,3109
0.009704,-0.070609,0.523386,-0.219474,0.111283,-0.138678,1885,2165,2028,2958,1910,3109
0.012156,-0.071172,0.520977,-0.219320,0.111847,-0.135245,1861,2165,2029,2958,1888,3109
0.014824,-0.071875,0.517943,-0.219433,0.112549,-0.131206,1837,2165,2029,2958,1867,3109
0.018183,-0.071722,0.514314,-0.219446,0.112396,-0.126261,1813,2165,2030,2958,1844,3109
0.021178,-0.070152,0.495860,-0.229824,0.110827,-0.110711,1791,2165,2031,2958,1822,3109
0.024629,-0.071382,0.497797,-0.225978,0.112057,-0.109778,1771,2165,2033,2958,1803,3109
0.027943,-0.069374,0.481804,-0.234446,0.110049,-0.095812,1752,2165,2034,2958,1787,3109
0.031556,-0.069104,0.476287,-0.235559,0.109779,-0.089312,1734,2165,2034,2958,1772,3109
0.035310,-0.068984,0.472142,-0.235634,0.109658,-0.083720,1717,2165,2034,2958,1760,3109
0.038628,-0.068179,0.464495,-0.238414,0.108853,-0.075862,1701,2165,2034,2958,1750,3109
0.041836,-0.069020,0.466682,-0.234576,0.109695,-0.075277,1690,2165,2034,2958,1742,3109
0.045344,-0.069111,0.459105,-0.237169,0.109786,-0.067340,1681,2165,2034,2958,1737,3109
0.047685,-0.068307,0.452440,-0.239995,0.108982,-0.060866,1676,2165,2034,2958,1735,3109
0.049092,-0.067975,0.446594,-0.242947,0.108650,-0.055628,1675,2165,2034,2958,1736,3109
0.050723,-0.068592,0.448406,-0.240518,0.109266,-0.055844,1676,2165,2034,2958,1741,3109
0.050905,-0.068497,0.445726,-0.242211,0.109172,-0.053758,1679,2165,2034,2958,1742,3109
0.051512,-0.069970,0.453746,-0.236303,0.110644,-0.059215,1684,2165,2033,2958,1743,3109
0.049824,-0.069076,0.446567,-0.242430,0.109751,-0.055109,1698,2165,2033,2958,1747,3109
0.048527,-0.069970,0.453762,-0.238478,0.110645,-0.061261,1712,2165,2033,2958,1764,3109
0.046005,-0.069432,0.452599,-0.241117,0.110107,-0.062127,1726,2165,2033,2958,1790,3109
0.043635,-0.070186,0.458874,-0.238577,0.110861,-0.068336,1742,2165,2034,2958,1818,3109
0.040603,-0.069409,0.458745,-0.240885,0.110084,-0.070306,1760,2165,2034,2958,1840,3109
0.038425,-0.068969,0.464534,-0.238536,0.109644,-0.076028,1779,2165,2034,2958,1859,3109
0.036442,-0.069537,0.476403,-0.231902,0.110211,-0.086069,1798,2165,2034,2958,1873,3109
0.032939,-0.070303,0.482827,-0.230092,0.110977,-0.093158,1819,2165,2034,2958,1883,3109
0.030076,-0.069992,0.487471,-0.229024,0.110667,-0.098507,1843,2165,2034,2958,1893,3109
0.026555,-0.071104,0.501126,-0.222300,0.111779,-0.110903,1867,2165,2034,2958,1907,3109
0.023457,-0.071543,0.508495,-0.219549,0.112217,-0.118408,1891,2165,2034,2958,1922,3109
0.020126,-0.071521,0.516026,-0.216858,0.112196,-0.126191,1918,2165,2034,2958,1941,3109
0.016754,-0.070348,0.516799,-0.218799,0.111023,-0.129054,1943,2165,2034,2958,1961,3109
0.014396,-0.070548,0.522871,-0.216389,0.111223,-0.135105,1967,2165,2034,2958,1982,3109
0.011556,-0.070542,0.530937,-0.212974,0.111216,-0.142946,1994,2165,2034,2958,2007,3109
0.010081,-0.071786,0.547193,-0.202981,0.112461,-0.155851,2022,2165,2035,2958,2031,3109
0.008168,-0.071199,0.554930,-0.199111,0.111873,-0.162818,2049,2165,2035,2958,2053,3109
0.006725,-0.070801,0.561120,-0.195951,0.111476,-0.168334,2074,2165,2035,2959,2072,3109
0.006134,-0.071330,0.570299,-0.190130,0.112005,-0.175456,2101,2165,2035,2959,2092,3109
0.005642,-0.070737,0.579468,-0.184245,0.111412,-0.182504,2128,2165,2035,2962,2111,3109
0.005487,-0.071144,0.588160,-0.178437,0.111819,-0.188972,2153,2165,2035,2962,2127,3109
0.006116,-0.071884,0.600678,-0.169450,0.112558,-0.197709,2179,2165,2035,2962,2143,3109
0.006353,-0.071466,0.604844,-0.166438,0.112140,-0.200598,2206,2165,2035,2962,2156,3109
0.006966,-0.071280,0.610352,-0.162238,0.111955,-0.204212,2233,2165,2035,2960,2170,3109
0.007995,-0.073873,0.638963,-0.141995,0.114547,-0.224458,2260,2165,2035,2958,2185,3109
0.008842,-0.071417,0.628983,-0.148173,0.112091,-0.216574,2286,2165,2035,2958,2202,3109
0.010427,-0.071248,0.639045,-0.140159,0.111923,-0.222861,2310,2165,2035,2958,2221,3109
0.013151,-0.074291,0.673808,-0.114484,0.114966,-0.246456,2334,2165,2035,2958,2244,3109
0.015338,-0.073238,0.671389,-0.114531,0.113912,-0.243195,2363,2165,2035,2958,2279,3109
0.018379,-0.072871,0.676234,-0.109004,0.113546,-0.244671,2384,2165,2035,2958,2304,3109
0.022185,-0.072737,0.687419,-0.098599,0.113411,-0.250266,2409,2165,2035,2960,2333,3109
0.026587,-0.072245,0.689130,-0.094210,0.112920,-0.248521,2434,2165,2036,2962,2360,3109
0.030292,-0.072225,0.702744,-0.082224,0.112900,-0.255964,2458,2165,2036,2963,2383,3109
0.036275,-0.073749,0.725430,-0.062391,0.114423,-0.268496,2482,2165,2036,2964,2402,3109
0.039574,-0.072810,0.716939,-0.065759,0.113484,-0.260033,2505,2165,2036,2964,2416,3109
0.045009,-0.073319,0.730729,-0.052386,0.113993,-0.266426,2527,2165,2036,2964,2427,3109
0.050537,-0.074521,0.745750,-0.038108,0.115196,-0.273658,2550,2165,2036,2965,2435,3109
0.053423,-0.073395,0.741009,-0.039224,0.114070,-0.268221,2573,2165,2036,2965,2442,3109
0.058354,-0.073276,0.745735,-0.032395,0.113950,-0.268323,2597,2165,2036,2964,2445,3109
0.063300,-0.072469,0.743902,-0.030022,0.113143,-0.263611,2619,2165,2036,2963,2452,3109
0.071439,-0.076119,0.790879,0.007936,0.116793,-0.292459,2638,2165,2036,2962,2462,3109
0.075007,-0.074096,0.777386,0.001357,0.114771,-0.280151,2655,2165,2036,2961,2478,3109
0.079602,-0.073836,0.781324,0.007404,0.114511,-0.279903,2671,2165,2036,2960,2502,3109
0.082574,-0.073812,0.777229,0.006790,0.114486,-0.274881,2682,2165,2036,2960,2523,3109
0.088237,-0.074393,0.793457,0.021991,0.115068,-0.282904,2692,2165,2036,2960,2546,3109
0.092166,-0.074401,0.793551,0.024931,0.115076,-0.280296,2700,2165,2036,2960,2565,3109
0.093266,-0.072330,0.774768,0.012941,0.113005,-0.265796,2706,2165,2036,2958,2579,3109
0.090918,-0.067706,0.732959,-0.017257,0.108381,-0.236786,2708,2165,2036,2958,2586,3109
0.094343,-0.070554,0.755250,0.000434,0.111228,-0.250773,2709,2165,2036,2958,2588,3109
0.096882,-0.071541,0.773672,0.014842,0.112215,-0.262531,2706,2165,2035,2958,2588,3109
0.100025,-0.074416,0.793722,0.030801,0.115091,-0.275068,2701,2165,2035,2958,2587,3109
0.099452,-0.074273,0.796383,0.032194,0.114948,-0.277406,2698,2165,2035,2958,2584,3109
0.096604,-0.073410,0.783606,0.021406,0.114084,-0.269993,2688,2165,2035,2958,2581,3109
0.094078,-0.073803,0.777149,0.015158,0.114478,-0.266986,2675,2165,2035,2958,2580,3109
0.092705,-0.074677,0.783363,0.018386,0.115352,-0.272471,2663,2165,2035,2958,2580,3109
0.090096,-0.074652,0.783108,0.016302,0.115327,-0.274060,2650,2165,2035,2958,2579,3109
0.087791,-0.075530,0.791535,0.020355,0.116204,-0.281800,2635,2165,2035,2958,2576,3109
0.084455,-0.076112,0.790808,0.017417,0.116787,-0.283540,2619,2165,2035,2958,2561,3109
0.080287,-0.075052,0.776586,0.004678,0.115727,-0.275968,2600,2165,2035,2958,2537,3109
0.075782,-0.074741,0.773236,-0.000902,0.115416,-0.276584,2580,2165,2035,2958,2510,3109
0.071335,-0.074507,0.765104,-0.009697,0.115181,-0.273660,2560,2164,2034,2958,2482,3109
0.067124,-0.075940,0.775374,-0.005785,0.116614,-0.284047,2539,2164,2034,2958,2460,3109
0.061442,-0.074923,0.759433,-0.020804,0.115598,-0.276247,2516,2164,2034,2958,2441,3109
0.055309,-0.075153,0.746054,-0.034406,0.115828,-0.270630,2493,2164,2034,2958,2425,3109
0.051706,-0.075046,0.744910,-0.037824,0.115720,-0.272247,2464,2164,2034,2958,2405,3109
0.047052,-0.075582,0.744384,-0.041589,0.116257,-0.275032,2442,2164,2034,2958,2388,3109
0.042897,-0.076627,0.742162,-0.046145,0.117302,-0.276236,2418,2164,2034,2958,2368,3109
0.037374,-0.074590,0.716916,-0.067386,0.115265,-0.261515,2395,2164,2034,2958,2345,3109
0.032382,-0.073932,0.702181,-0.081077,0.114606,-0.254128,2370,2164,2034,2958,2320,3109
0.028442,-0.074600,0.697398,-0.087221,0.115274,-0.253310,2343,2164,2033,2958,2297,3109
0.023753,-0.072394,0.671604,-0.108224,0.113068,-0.237620,2315,2164,2032,2958,2273,3109
0.021189,-0.075128,0.689392,-0.097984,0.115803,-0.252389,2287,2164,2030,2958,2248,3109
0.017061,-0.075902,0.685838,-0.103427,0.116576,-0.252599,2260,2164,2028,2958,2221,3109
0.013725,-0.074346,0.661391,-0.122523,0.115021,-0.236974,2232,2164,2027,2958,2195,3109
0.010128,-0.075427,0.661871,-0.124829,0.116102,-0.239776,2202,2164,2027,2958,2167,3109
0.007530,-0.075304,0.649615,-0.135079,0.115979,-0.232572,2174,2164,2026,2958,2142,3109
0.005358,-0.075354,0.638125,-0.144497,0.116029,-0.225640,2144,2164,2026,2958,2116,3109
0.003954,-0.073319,0.610586,-0.164284,0.113994,-0.206436,2114,2164,2026,2958,2090,3109
0.003149,-0.074771,0.616648,-0.160743,0.115445,-0.211421,2086,2164,2026,2958,2066,3109
0.001994,-0.073814,0.600302,-0.172724,0.114489,-0.200241,2059,2164,2026,2958,2040,3109
0.002271,-0.073361,0.586456,-0.181952,0.114036,-0.189916,2031,2164,2026,2958,2014,3109
0.002471,-0.073434,0.577519,-0.187894,0.114108,-0.183237,1996,2164,2026,2958,1984,3109
0.003441,-0.073605,0.569717,-0.192499,0.114279,-0.176864,1977,2164,2026,2958,1965,3109
0.004540,-0.074356,0.568200,-0.192728,0.115031,-0.175005,1952,2164,2026,2958,1944,3109
0.005823,-0.070441,0.527451,-0.219546,0.111115,-0.144298,1925,2164,2026,2958,1924,3109
0.007655,-0.071908,0.536668,-0.211927,0.112583,-0.149798,1901,2164,2027,2958,1905,3109
0.009734,-0.072752,0.536389,-0.210594,0.113426,-0.148178,1879,2165,2029,2958,1886,3109
0.012213,-0.071637,0.526672,-0.215399,0.112311,-0.139375,1857,2165,2030,2958,1867,3109
0.015063,-0.071197,0.514693,-0.221471,0.111872,-0.128664,1836,2165,2031,2958,1849,3109
0.018066,-0.070424,0.506327,-0.224972,0.111099,-0.120494,1816,2165,2032,2958,1830,3109
0.020840,-0.070274,0.500929,-0.226619,0.110949,-0.114652,1798,2165,2033,2958,1813,3109
0.024264,-0.070257,0.497686,-0.226321,0.110932,-0.109946,1782,2165,2034,2958,1800,3109
0.026298,-0.069114,0.484779,-0.233624,0.109788,-0.099110,1766,2165,2034,2958,1788,3109
0.029759,-0.069502,0.482807,-0.232433,0.110177,-0.095309,1754,2165,2034,2958,1778,3109
0.032157,-0.068139,0.470705,-0.238921,0.108813,-0.084815,1745,2165,2034,2958,1772,3109
0.035158,-0.069348,0.474802,-0.233933,0.110022,-0.085771,1740,2165,2034,2958,1771,3109
0.036250,-0.068666,0.469341,-0.236854,0.109341,-0.081030,1738,2165,2034,2958,1773,3109
0.037344,-0.068022,0.463128,-0.240285,0.108697,-0.075735,1740,2165,2034,2958,1777,3109
0.037125,-0.067541,0.458942,-0.243297,0.108216,-0.072819,1743,2165,2034,2958,1779,3109
0.037344,-0.068022,0.463128,-0.240285,0.108697,-0.075735,1748,2165,2034,2958,1780,3109
0.036240,-0.067786,0.464485,-0.240169,0.108461,-0.077481,1761,2165,2034,2958,1782,3109
0.035571,-0.068094,0.470317,-0.236687,0.108768,-0.082206,1775,2165,2034,2958,1794,3109
0.033700,-0.067738,0.470610,-0.237856,0.108413,-0.083696,1789,2165,2034,2958,1815,3109
0.031121,-0.068375,0.476390,-0.235807,0.109050,-0.089683,1802,2166,2034,2958,1841,3109
0.029243,-0.068483,0.485117,-0.231237,0.109158,-0.097352,1820,2166,2034,2958,1866,3109
0.027368,-0.068203,0.489377,-0.229709,0.108878,-0.101748,1839,2166,2034,2958,1885,3109
0.025265,-0.068067,0.492280,-0.229270,0.108742,-0.105305,1860,2166,2034,2958,1901,3109
0.022440,-0.068496,0.495737,-0.228984,0.109171,-0.109761,1882,2166,2034,2958,1913,3109
0.020065,-0.068841,0.502705,-0.225976,0.109515,-0.116480,1907,2166,2034,2958,1927,3109
0.016765,-0.069115,0.509320,-0.223886,0.109790,-0.123571,1931,2166,2034,2958,1944,3109
0.014395,-0.069658,0.522983,-0.216313,0.110333,-0.135188,1957,2166,2034,2958,1965,3109
0.011772,-0.070056,0.530879,-0.212855,0.110730,-0.142756,1983,2166,2034,2958,1989,3109
0.009029,-0.069656,0.535681,-0.211593,0.110331,-0.148139,2009,2166,2034,2958,2015,3109
0.007429,-0.070899,0.552291,-0.201449,0.111573,-0.161390,2038,2166,2034,2958,2041,3109
0.006544,-0.070723,0.559830,-0.196962,0.111397,-0.167512,2077,2166,2035,2958,2074,3109
0.005952,-0.070243,0.569028,-0.191129,0.110917,-0.174649,2102,2166,2035,2958,2093,3109
0.005014,-0.068899,0.569039,-0.191808,0.109574,-0.175296,2128,2166,2035,2958,2113,3109
0.005288,-0.070460,0.590854,-0.176748,0.111135,-0.191080,2157,2166,2035,2958,2135,3109
0.005003,-0.068730,0.588263,-0.178722,0.109404,-0.189378,2188,2166,2035,2958,2160,3109
0.005170,-0.070367,0.608374,-0.164900,0.111042,-0.203988,2218,2166,2035,2958,2181,3109
0.006523,-0.070398,0.617739,-0.157530,0.111073,-0.209922,2246,2166,2034,2958,2202,3109
0.007547,-0.069765,0.618580,-0.156208,0.110440,-0.209840,2274,2166,2034,2958,2221,3109
0.009376,-0.071253,0.639090,-0.140897,0.111927,-0.223610,2316,2166,2033,2958,2254,3109
0.011753,-0.072009,0.653409,-0.129403,0.112683,-0.232474,2331,2166,2033,2958,2267,3109
0.014270,-0.073784,0.674243,-0.113369,0.114458,-0.246011,2355,2166,2033,2958,2289,3109
0.016909,-0.072837,0.676233,-0.110081,0.113511,-0.245671,2382,2165,2034,2958,2312,3109
0.020986,-0.073244,0.684380,-0.101547,0.113919,-0.248859,2411,2165,2034,2958,2338,3109
0.025932,-0.073968,0.702644,-0.085484,0.114643,-0.258860,2436,2165,2035,2958,2361,3109
0.030126,-0.072282,0.699706,-0.084415,0.112956,-0.253853,2461,2165,2035,2958,2384,3109
0.034185,-0.072833,0.713185,-0.072262,0.113508,-0.260955,2485,2165,2035,2958,2406,3109
0.039573,-0.073876,0.730308,-0.056653,0.114550,-0.269821,2509,2165,2035,2958,2431,3109
0.044180,-0.072678,0.728049,-0.054819,0.113353,-0.265029,2531,2165,2035,2958,2453,3109
0.048357,-0.071681,0.726749,-0.052647,0.112356,-0.261232,2554,2165,2035,2958,2475,3109
0.054792,-0.074276,0.758740,-0.026144,0.114950,-0.280269,2575,2165,2035,2958,2499,3109
0.058402,-0.073320,0.745248,-0.032692,0.113994,-0.267933,2595,2165,2034,2957,2523,3109
0.063471,-0.074070,0.757231,-0.020818,0.114745,-0.273253,2615,2165,2033,2957,2547,3109
0.069515,-0.074734,0.773744,-0.005144,0.115409,-0.281225,2634,2165,2033,2957,2569,3109
0.073984,-0.074348,0.776250,-0.000165,0.115023,-0.280015,2653,2165,2033,2957,2591,3109
0.080486,-0.075402,0.790207,0.014103,0.116077,-0.285804,2671,2165,2034,2957,2610,3109
0.085634,-0.075709,0.793538,0.020140,0.116383,-0.284736,2687,2165,2034,2957,2627,3109
0.089557,-0.074475,0.787890,0.019164,0.115150,-0.277929,2702,2165,2034,2957,2642,3109
0.095860,-0.076045,0.807939,0.037436,0.116720,-0.288313,2716,2165,2034,2957,2654,3109
0.100557,-0.076387,0.811152,0.043063,0.117061,-0.287467,2730,2165,2034,2957,2666,3109
0.102093,-0.074111,0.790873,0.030374,0.114785,-0.271573,2743,2165,2033,2957,2678,3109
0.106018,-0.074124,0.791015,0.033344,0.114799,-0.269003,2754,2165,2032,2957,2691,3109
0.111969,-0.075657,0.810701,0.051111,0.116331,-0.279362,2761,2165,2032,2957,2699,3109
0.116607,-0.075066,0.811352,0.054950,0.115740,-0.276680,2762,2165,2032,2957,2703,3109
0.110359,-0.070029,0.760496,0.015733,0.110704,-0.243703,2757,2165,2032,2957,2698,3109
0.117132,-0.074713,0.807925,0.053000,0.115387,-0.273813,2753,2165,2032,2957,2696,3109
0.116417,-0.076282,0.816527,0.058336,0.116957,-0.280597,2741,2165,2031,2957,2694,3109
0.109685,-0.073533,0.784898,0.031862,0.114208,-0.262028,2726,2165,2030,2957,2694,3109
0.111271,-0.076408,0.811395,0.051073,0.117082,-0.280346,2713,2165,2029,2957,2692,3109
0.096515,-0.074456,0.777294,0.017041,0.115131,-0.265432,2665,2165,2027,2957,2629,3109
0.093463,-0.075928,0.789474,0.023103,0.116603,-0.276428,2645,2165,2026,2957,2601,3109
0.066572,-0.076288,0.760483,-0.016332,0.116962,-0.273521,2542,2165,2027,2957,2495,3109
0.059968,-0.074901,0.743267,-0.032895,0.115576,-0.265416,2506,2165,2028,2957,2466,3109
0.056958,-0.075680,0.745228,-0.033762,0.116355,-0.268902,2495,2165,2029,2957,2457,3109
0.047707,-0.076209,0.746752,-0.039497,0.116883,-0.276320,2449,2165,2031,2957,2424,3109
0.042621,-0.075155,0.731037,-0.053925,0.115829,-0.268279,2423,2165,2032,2957,2404,3109
0.037068,-0.073217,0.708978,-0.073017,0.113891,-0.255912,2398,2165,2033,2957,2382,3109
0.034199,-0.074055,0.712176,-0.072938,0.114729,-0.260207,2373,2165,2034,2957,2358,3109
0.030069,-0.073928,0.702142,-0.082797,0.114603,-0.255675,2348,2165,2034,2957,2333,3109
0.025371,-0.071553,0.674173,-0.105289,0.112228,-0.238399,2322,2165,2034,2957,2308,3109
0.022383,-0.073751,0.686886,-0.098817,0.114425,-0.249742,2295,2165,2034,2957,2278,3109
0.019708,-0.074375,0.687963,-0.100042,0.115050,-0.252352,2276,2165,2034,2957,2256,3109
0.016491,-0.073782,0.674232,-0.111750,0.114457,-0.244491,2254,2165,2034,2957,2231,3109
0.014084,-0.073310,0.663003,-0.121161,0.113985,-0.237910,2231,2165,2034,2957,2207,3109
0.011542,-0.074276,0.661306,-0.124178,0.114950,-0.238399,2208,2165,2034,2957,2186,3109
0.009473,-0.073784,0.649776,-0.133547,0.114459,-0.231367,2187,2165,2034,2957,2165,3109
0.008118,-0.071808,0.627821,-0.149494,0.112483,-0.216217,2164,2165,2034,2957,2145,3109
0.006891,-0.072888,0.628240,-0.150108,0.113563,-0.217359,2141,2165,2034,2957,2123,3109
0.005962,-0.071280,0.610352,-0.162973,0.111955,-0.204896,2118,2165,2034,2957,2100,3109
0.005178,-0.072742,0.616662,-0.159248,0.113416,-0.210050,2095,2165,2034,2957,2077,3109
0.004538,-0.071573,0.595365,-0.174224,0.112248,-0.194894,2072,2165,2034,2957,2052,3109
0.004316,-0.071448,0.590969,-0.177381,0.112122,-0.191827,2048,2165,2034,2957,2029,3109
0.004657,-0.070650,0.572690,-0.189583,0.111325,-0.178213,2026,2165,2034,2957,2008,3109
0.004374,-0.072483,0.577534,-0.186491,0.113158,-0.181952,2003,2165,2034,2957,1987,3109
0.005112,-0.071166,0.563690,-0.195380,0.111840,-0.171314,1981,2165,2034,2957,1966,3109
0.006071,-0.070494,0.553269,-0.201777,0.111168,-0.163031,1958,2165,2034,2957,1946,3109
0.007233,-0.069866,0.543185,-0.207796,0.110540,-0.154857,1934,2165,2034,2957,1928,3109
0.008831,-0.070103,0.539467,-0.209158,0.110778,-0.151047,1912,2165,2034,2957,1910,3109
0.010898,-0.070053,0.530858,-0.213510,0.110727,-0.143336,1891,2165,2034,2957,1893,3109
0.012856,-0.071041,0.531514,-0.211629,0.111716,-0.142482,1871,2165,2034,2957,1876,3109
0.015016,-0.070201,0.520800,-0.217346,0.110875,-0.133167,1850,2165,2034,2957,1860,3109
0.017416,-0.070998,0.519627,-0.216388,0.111673,-0.130673,1832,2165,2034,2957,1845,3109
0.019523,-0.068240,0.494168,-0.232189,0.108914,-0.110599,1814,2165,2034,2957,1830,3109
0.022445,-0.069328,0.495847,-0.228906,0.110003,-0.109838,1801,2165,2034,2957,1818,3109
0.025247,-0.069717,0.495651,-0.226987,0.110392,-0.107786,1789,2165,2034,2957,1807,3109
0.027290,-0.069242,0.487869,-0.230792,0.109917,-0.100697,1780,2165,2034,2957,1800,3109
0.028960,-0.068695,0.482726,-0.233073,0.109369,-0.095794,1773,2165,2034,2957,1795,3109
0.029870,-0.068169,0.475262,-0.237491,0.108844,-0.089710,1769,2165,2034,2957,1794,3109
0.031377,-0.067349,0.470608,-0.239559,0.108024,-0.085276,1768,2165,2035,2957,1794,3109
0.031616,-0.067120,0.469324,-0.240258,0.107795,-0.084173,1770,2165,2035,2957,1795,3109
0.032474,-0.067316,0.470307,-0.238960,0.107990,-0.084309,1775,2165,2035,2957,1798,3109
0.032926,-0.068684,0.482632,-0.230234,0.109358,-0.093023,1779,2165,2035,2957,1802,3109
0.031776,-0.067647,0.476938,-0.234955,0.108322,-0.089639,1797,2165,2035,2957,1803,3109
0.030541,-0.067881,0.482591,-0.232008,0.108556,-0.094618,1810,2165,2035,2957,1805,3109
0.028384,-0.067862,0.482669,-0.233534,0.108537,-0.096145,1827,2166,2035,2957,1817,3109
0.026150,-0.068179,0.489192,-0.230726,0.108854,-0.102442,1846,2166,2035,2957,1837,3109
0.023449,-0.068096,0.495931,-0.228113,0.108770,-0.109215,1868,2166,2035,2957,1860,3109
0.020743,-0.067595,0.499990,-0.227330,0.108270,-0.114031,1889,2166,2035,2958,1886,3109
0.018631,-0.068892,0.512737,-0.220192,0.109566,-0.124801,1913,2166,2035,2960,1909,3109
0.015894,-0.067862,0.509246,-0.224574,0.108537,-0.124110,1939,2166,2036,2961,1931,3109
0.014747,-0.069893,0.529751,-0.211446,0.110568,-0.139903,1967,2166,2036,2961,1952,3109
0.012164,-0.070859,0.543189,-0.204182,0.111534,-0.151501,1995,2166,2036,2961,1974,3109
0.010078,-0.069954,0.546966,-0.203138,0.110628,-0.155687,2022,2166,2036,2961,1999,3109
0.007892,-0.069585,0.553284,-0.200434,0.110260,-0.161801,2053,2165,2036,2961,2028,3109
0.006859,-0.069979,0.561915,-0.195311,0.110653,-0.168824,2084,2165,2036,2959,2058,3109
0.005980,-0.066906,0.537980,-0.212259,0.107580,-0.151900,2118,2165,2035,2958,2090,3109
0.004693,-0.071054,0.587367,-0.179559,0.111729,-0.188933,2152,2165,2035,2958,2119,3109
0.004628,-0.071303,0.599977,-0.171017,0.111978,-0.198209,2185,2165,2035,2958,2146,3109
0.004957,-0.071280,0.610352,-0.163709,0.111954,-0.205580,2218,2165,2035,2958,2174,3109
0.006050,-0.071809,0.627826,-0.151005,0.112483,-0.217629,2252,2165,2035,2958,2202,3109
0.007026,-0.069827,0.617202,-0.157528,0.110502,-0.209186,2285,2165,2035,2958,2232,3109
0.010147,-0.072600,0.653871,-0.130264,0.113274,-0.233906,2319,2165,2035,2958,2263,3109
0.013882,-0.072503,0.665315,-0.119735,0.113177,-0.239740,2352,2165,2035,2958,2296,3109
0.017366,-0.072615,0.673705,-0.111469,0.113290,-0.243509,2384,2165,2035,2958,2326,3109
0.021932,-0.072583,0.686543,-0.099381,0.113257,-0.249798,2415,2165,2035,2958,2354,3109
0.025833,-0.071736,0.689429,-0.094559,0.112411,-0.249253,2446,2165,2035,2958,2379,3109
0.031252,-0.073266,0.713362,-0.074289,0.113940,-0.263083,2482,2165,2035,2958,2406,3109
0.043807,-0.073319,0.730738,-0.053261,0.113994,-0.267252,2547,2165,2035,2958,2458,3109
0.049339,-0.072115,0.730691,-0.049242,0.112790,-0.263449,2578,2165,2035,2957,2486,3109
0.057623,-0.074400,0.760100,-0.023145,0.115075,-0.279336,2607,2165,2035,2957,2518,3109
0.064551,-0.073617,0.758792,-0.018964,0.114291,-0.273660,2632,2165,2035,2957,2548,3109
0.071010,-0.073213,0.761069,-0.012684,0.113888,-0.270927,2655,2165,2035,2957,2577,3109
0.078292,-0.074643,0.778312,0.004393,0.115318,-0.278591,2674,2165,2035,2957,2599,3109
0.083852,-0.073811,0.777220,0.007720,0.114485,-0.274004,2690,2165,2035,2957,2615,3109
0.093065,-0.075930,0.806147,0.034169,0.116604,-0.288905,2701,2165,2035,2957,2625,3109
0.094866,-0.074151,0.790748,0.024998,0.114826,-0.276405,2708,2165,2035,2957,2629,3109
0.095757,-0.072665,0.771400,0.012471,0.113339,-0.261633,2709,2165,2035,2957,2629,3109
0.100025,-0.074416,0.793722,0.030801,0.115091,-0.275068,2706,2165,2034,2957,2626,3109
0.098396,-0.073086,0.780223,0.020413,0.113761,-0.266294,2700,2165,2034,2957,2622,3109
0.095245,-0.071956,0.760820,0.004890,0.112631,-0.254236,2688,2165,2034,2957,2621,3109
0.097765,-0.074975,0.792745,0.028481,0.115650,-0.275892,2672,2165,2034,2957,2621,3109
0.092800,-0.073804,0.777158,0.014228,0.114479,-0.267863,2652,2165,2035,2957,2621,3109
0.091512,-0.074723,0.789896,0.021962,0.115397,-0.278066,2631,2165,2035,2957,2619,3109
0.087057,-0.074806,0.790787,0.019308,0.115481,-0.281753,2609,2165,2035,2957,2609,3109
0.082132,-0.075499,0.791262,0.016026,0.116173,-0.285455,2585,2165,2035,2957,2580,3109
0.076548,-0.074356,0.776326,0.001763,0.115030,-0.278325,2560,2165,2035,2957,2541,3109
0.067301,-0.072442,0.743181,-0.027585,0.113117,-0.260358,2534,2165,2034,2957,2503,3109
0.064054,-0.075017,0.760315,-0.018290,0.115692,-0.275113,2509,2165,2034,2957,2469,3109
0.057090,-0.074499,0.755283,-0.026816,0.115174,-0.276174,2483,2165,2034,2957,2442,3109
0.051140,-0.074895,0.743209,-0.039396,0.115570,-0.271387,2457,2165,2034,2957,2419,3109
0.040855,-0.074949,0.728867,-0.056697,0.115624,-0.267893,2403,2165,2034,2957,2370,3109
0.036464,-0.074487,0.716105,-0.068605,0.115162,-0.261541,2376,2165,2034,2957,2343,3109
0.031660,-0.074358,0.714988,-0.072882,0.115033,-0.263995,2348,2165,2034,2957,2314,3109
0.027088,-0.073968,0.702640,-0.084641,0.114643,-0.258069,2319,2165,2034,2957,2287,3109
0.022545,-0.074930,0.700585,-0.089367,0.115605,-0.259660,2290,2165,2034,2957,2264,3109
0.017786,-0.071889,0.664588,-0.117371,0.112563,-0.236548,2260,2165,2034,2957,2241,3109
0.015380,-0.073783,0.674237,-0.112559,0.114458,-0.245251,2230,2165,2034,2957,2221,3109
0.011674,-0.071183,0.639081,-0.139221,0.111857,-0.222037,2201,2165,2034,2957,2200,3109
0.010014,-0.072761,0.650210,-0.132856,0.113436,-0.231316,2172,2165,2034,2957,2178,3109
0.007995,-0.072819,0.638964,-0.141995,0.113494,-0.224458,2143,2165,2034,2957,2154,3109
0.006498,-0.070260,0.610234,-0.162661,0.110934,-0.204444,2114,2165,2035,2957,2126,3109
0.005537,-0.070914,0.607516,-0.165215,0.111589,-0.203109,2086,2165,2035,2957,2098,3109
0.005349,-0.071919,0.606924,-0.165757,0.112594,-0.202804,2059,2165,2035,2957,2070,3109
0.004654,-0.070696,0.586054,-0.180482,0.111371,-0.187998,2031,2165,2035,2957,2042,3109
0.004851,-0.069405,0.569910,-0.191335,0.110080,-0.176045,2003,2165,2035,2957,2016,3109
0.005530,-0.069691,0.562888,-0.195621,0.110365,-0.170442,1978,2165,2035,2957,1993,3109
0.006672,-0.070694,0.563662,-0.194257,0.111369,-0.170231,1952,2165,2035,2957,1970,3109
0.008044,-0.070390,0.551797,-0.201336,0.111065,-0.160609,1928,2165,2035,2957,1950,3109
0.009877,-0.069801,0.537437,-0.209775,0.110476,-0.148847,1904,2165,2035,2957,1931,3109
0.011924,-0.070463,0.538828,-0.207330,0.111138,-0.148472,1881,2165,2035,2957,1914,3109
0.014394,-0.069673,0.522766,-0.216462,0.110348,-0.135031,1858,2165,2035,2957,1898,3109
0.017173,-0.069470,0.516576,-0.218645,0.110144,-0.128605,1838,2165,2035,2957,1881,3109
0.019440,-0.069853,0.508401,-0.222554,0.110527,-0.121076,1818,2165,2035,2957,1863,3109
0.022230,-0.068436,0.495193,-0.229508,0.109111,-0.109506,1801,2165,2035,2957,1847,3109
0.024911,-0.069414,0.501109,-0.223515,0.110089,-0.112010,1783,2165,2035,2957,1831,3109
0.027882,-0.067703,0.484843,-0.232421,0.108377,-0.098078,1759,2165,2035,2957,1809,3109
0.031131,-0.068575,0.485801,-0.229389,0.109250,-0.096567,1752,2165,2035,2957,1802,3109
0.033719,-0.068681,0.482612,-0.229667,0.109356,-0.092469,1741,2165,2035,2957,1793,3109
0.035952,-0.067804,0.474975,-0.233234,0.108479,-0.085357,1732,2165,2035,2957,1787,3109
0.038055,-0.068252,0.472473,-0.233399,0.108927,-0.082092,1726,2165,2035,2957,1784,3109
0.040258,-0.067807,0.468214,-0.234687,0.108482,-0.077474,1724,2165,2035,2957,1784,3109
0.041137,-0.067230,0.462917,-0.237652,0.107904,-0.072997,1724,2166,2035,2957,1784,3109
0.040979,-0.066822,0.459115,-0.240358,0.107496,-0.070321,1728,2166,2035,2957,1784,3109
0.041137,-0.067230,0.462917,-0.237652,0.107904,-0.072997,1732,2166,2035,2957,1789,3109
0.032869,-0.066810,0.476616,-0.234373,0.107485,-0.088658,1806,2168,2035,2957,1843,3109
0.002949,-0.069739,0.627831,-0.153273,0.110414,-0.219745,2225,2184,2023,2957,2175,3109
0.003983,-0.070774,0.627830,-0.152516,0.111449,-0.219040,2245,2179,2023,2957,2192,3109
0.005691,-0.071741,0.638766,-0.143816,0.112415,-0.225883,2266,2172,2023,2957,2207,3109
0.007008,-0.073874,0.650597,-0.134792,0.114549,-0.233647,2284,2163,2023,2962,2222,3109
0.009720,-0.076599,0.663112,-0.124282,0.117273,-0.240962,2301,2149,2024,2966,2239,3109
0.068945,-0.074163,0.683728,-0.066880,0.114838,-0.215712,2575,2082,2115,2958,2517,3109
0.112566,-0.072820,0.720346,-0.010001,0.113494,-0.212806,2760,2083,2115,2957,2742,3109
0.124609,-0.074364,0.728382,0.004291,0.115038,-0.210486,2797,2083,2110,2956,2790,3109
0.061230,-0.076197,0.715232,-0.051068,0.116872,-0.244032,2482,2104,2115,2956,2472,3109
0.055585,-0.071804,0.674801,-0.082741,0.112479,-0.218277,2477,2113,2115,2956,2472,3109
0.059566,-0.074489,0.730299,-0.042022,0.115164,-0.256196,2474,2124,2114,2956,2472,3109
0.056323,-0.069915,0.702775,-0.063146,0.110590,-0.238254,2472,2134,2112,2955,2472,3109
0.057083,-0.069167,0.715957,-0.053610,0.109842,-0.247387,2472,2144,2110,2955,2471,3109
0.090259,-0.067564,0.413948,-0.235047,0.108239,-0.003685,1525,2095,2105,2945,1524,3109
0.093640,-0.072047,0.419186,-0.229003,0.112721,-0.005217,1515,2090,2104,2956,1523,3109
0.094589,-0.074550,0.414925,-0.231211,0.115225,-0.001451,1507,2090,2104,2964,1523,3109
0.100829,-0.076458,0.414606,-0.226860,0.117132,0.003033,1500,2090,2115,2972,1523,3109
0.101904,-0.073871,0.411441,-0.228229,0.114546,0.006083,1499,2092,2116,2975,1522,3109
0.103724,-0.071883,0.410436,-0.227582,0.112558,0.008059,1501,2092,2116,2978,1514,3109
0.103796,-0.070488,0.410094,-0.227761,0.111163,0.008357,1501,2091,2115,2978,1504,3109
0.105458,-0.071744,0.419397,-0.220207,0.112418,0.002679,1501,2090,2111,2978,1496,3109
0.104774,-0.073155,0.419551,-0.220603,0.113830,0.002100,1499,2090,2108,2978,1491,3109
0.104324,-0.074584,0.419920,-0.220681,0.115258,0.001523,1495,2090,2107,2978,1488,3109
0.104006,-0.075092,0.416584,-0.223186,0.115767,0.003750,1493,2090,2109,2978,1488,3109
0.105035,-0.075779,0.416583,-0.222434,0.116453,0.004451,1486,2089,2113,2978,1488,3109
0.108084,-0.076430,0.421114,-0.217115,0.117105,0.003211,1475,2089,2114,2979,1488,3109
0.107533,-0.073682,0.408885,-0.225849,0.114356,0.011789,1467,2089,2115,2979,1488,3109
0.111589,-0.074083,0.414018,-0.219383,0.114757,0.010794,1459,2089,2115,2979,1488,3109
0.113014,-0.073494,0.409812,-0.221205,0.114169,0.014843,1451,2089,2115,2979,1487,3109
0.115724,-0.074179,0.409855,-0.219192,0.114853,0.016658,1438,2089,2115,2979,1487,3109
0.117973,-0.073877,0.405409,-0.220574,0.114552,0.021445,1427,2089,2115,2979,1486,3109
0.121687,-0.074423,0.407287,-0.216575,0.115098,0.022600,1416,2089,2115,2979,1486,3109
0.123599,-0.073101,0.400880,-0.219540,0.113776,0.028593,1407,2089,2115,2979,1486,3109
0.126653,-0.071987,0.399488,-0.218252,0.112661,0.031692,1402,2089,2115,2979,1485,3109
0.130288,-0.072749,0.400082,-0.215187,0.113424,0.033733,1401,2089,2114,2979,1485,3109
0.133743,-0.073899,0.403577,-0.210276,0.114573,0.033529,1402,2089,2113,2978,1485,3109
0.131807,-0.072851,0.396184,-0.216730,0.113526,0.037622,1404,2090,2112,2977,1485,3109
0.131159,-0.072853,0.396196,-0.217196,0.113528,0.037172,1412,2092,2112,2970,1485,3109
0.129045,-0.072563,0.396742,-0.218371,0.113237,0.035332,1414,2093,2112,2970,1485,3109
0.128683,-0.072863,0.400764,-0.215897,0.113538,0.032141,1414,2094,2113,2970,1485,3109
0.126456,-0.071571,0.396366,-0.220523,0.112246,0.033844,1410,2095,2113,2970,1485,3109
0.127472,-0.071672,0.399576,-0.217593,0.112347,0.032187,1402,2095,2113,2970,1485,3109
0.128068,-0.070821,0.395764,-0.219753,0.111495,0.035383,1392,2095,2113,2975,1485,3109
0.130657,-0.070813,0.395713,-0.217892,0.111487,0.037184,1379,2091,2114,2977,1484,3109
0.135921,-0.072266,0.401174,-0.210319,0.112940,0.036771,1367,2090,2114,2978,1473,3109
0.139049,-0.072377,0.397862,-0.210285,0.113051,0.041327,1356,2089,2114,2978,1454,3109
0.142389,-0.073077,0.395652,-0.209345,0.113752,0.045220,1346,2089,2114,2978,1437,3109
0.145677,-0.073446,0.394001,-0.208063,0.114121,0.048669,1338,2089,2114,2978,1427,3109
0.148645,-0.073471,0.394133,-0.205800,0.114146,0.050594,1334,2089,2114,2978,1424,3109
0.150037,-0.072712,0.390983,-0.206926,0.113387,0.053849,1332,2089,2114,2978,1424,3109
0.149925,-0.072123,0.386951,-0.209755,0.112798,0.056724,1333,2089,2114,2977,1424,3109
0.151557,-0.072451,0.389523,-0.206808,0.113125,0.055952,1337,2090,2114,2977,1425,3109
0.150093,-0.071730,0.386564,-0.209895,0.112405,0.057121,1338,2090,2114,2977,1425,3109
0.149610,-0.071866,0.387362,-0.209706,0.112540,0.056208,1338,2090,2114,2976,1423,3109
0.148371,-0.071577,0.387492,-0.210524,0.112251,0.055269,1338,2090,2114,2977,1423,3109
0.148411,-0.071913,0.390129,-0.208698,0.112587,0.053365,1334,2090,2115,2977,1423,3109
0.149365,-0.071806,0.391352,-0.207167,0.112480,0.053120,1333,2090,2115,2977,1423,3109
0.150168,-0.071666,0.390522,-0.207144,0.112341,0.054275,1332,2091,2115,2977,1422,3109
0.150212,-0.071210,0.387268,-0.209329,0.111885,0.056687,1332,2092,2114,2974,1422,3109
0.150206,-0.070935,0.385638,-0.210444,0.111609,0.057876,1334,2094,2114,2970,1422,3109
0.149001,-0.070181,0.382497,-0.213466,0.110855,0.059355,1339,2094,2113,2969,1422,3109
0.151261,-0.070929,0.390028,-0.206680,0.111604,0.055381,1339,2094,2113,2969,1422,3109
0.149898,-0.071442,0.391104,-0.206946,0.112117,0.053664,1343,2094,2113,2969,1422,3109
0.146630,-0.071183,0.387104,-0.212063,0.111858,0.054366,1345,2094,2113,2969,1422,3109
0.144033,-0.069911,0.382713,-0.216955,0.110585,0.055813,1346,2095,2113,2969,1422,3109
0.144640,-0.070229,0.385226,-0.214799,0.110903,0.054387,1344,2094,2113,2972,1422,3109
0.145163,-0.070390,0.386182,-0.213765,0.111065,0.054043,1343,2093,2113,2975,1422,3109
0.147113,-0.071278,0.390134,-0.209646,0.111953,0.052477,1343,2093,2113,2976,1421,3109
0.147765,-0.071605,0.390160,-0.209151,0.112279,0.052903,1345,2093,2113,2976,1421,3109
0.147003,-0.071273,0.387656,-0.211414,0.111948,0.054217,1346,2093,2113,2976,1421,3109
0.146491,-0.071090,0.388437,-0.211257,0.111765,0.053296,1349,2093,2113,2976,1421,3109
0.146475,-0.071281,0.390147,-0.210103,0.111955,0.052034,1350,2093,2113,2975,1420,3109
0.146047,-0.071201,0.391599,-0.209427,0.111875,0.050679,1350,2093,2113,2974,1420,3109
0.144742,-0.071116,0.391088,-0.210731,0.111791,0.050164,1350,2093,2113,2974,1420,3109
0.146235,-0.072061,0.396089,-0.206232,0.112735,0.047520,1349,2092,2113,2973,1415,3109
0.144578,-0.071616,0.390227,-0.211437,0.112291,0.050683,1347,2093,2113,2973,1396,3109
0.143927,-0.071043,0.386276,-0.214606,0.111718,0.053132,1342,2094,2113,2973,1374,3109
0.144701,-0.071250,0.387513,-0.213197,0.111925,0.052754,1339,2096,2113,2976,1355,3109
0.144767,-0.070228,0.385221,-0.214710,0.110902,0.054477,1331,2096,2113,2976,1343,3109
0.147839,-0.069980,0.387470,-0.210928,0.110654,0.054922,1322,2096,2113,2975,1337,3109
0.149728,-0.070095,0.388252,-0.209013,0.110770,0.055637,1314,2096,2113,2974,1331,3109
0.149887,-0.069258,0.382579,-0.212761,0.109933,0.059898,1307,2097,2113,2973,1322,3109
0.150849,-0.068381,0.378580,-0.214780,0.109056,0.063481,1296,2097,2113,2973,1312,3109
0.157318,-0.069907,0.387733,-0.203810,0.110582,0.061187,1282,2097,2113,2973,1300,3109
0.160309,-0.069544,0.384933,-0.203527,0.110219,0.065274,1268,2097,2113,2974,1286,3109
0.162694,-0.068889,0.380397,-0.204871,0.109564,0.070220,1255,2097,2113,2974,1270,3109
0.166344,-0.068618,0.378811,-0.203279,0.109293,0.073867,1243,2097,2113,2971,1255,3109
0.173080,-0.069825,0.384720,-0.194322,0.110499,0.074129,1232,2098,2113,2969,1240,3109
0.173557,-0.068258,0.375434,-0.200299,0.108932,0.081253,1220,2099,2110,2969,1226,3109
0.173048,-0.067872,0.373109,-0.202256,0.108547,0.082608,1260,2114,2104,2966,1235,3109
0.169984,-0.067383,0.371418,-0.205650,0.108058,0.081759,1264,2118,2104,2966,1238,3109
0.170060,-0.067063,0.375666,-0.202702,0.107737,0.078701,1271,2124,2104,2966,1241,3109
0.140435,-0.066829,0.374243,-0.225359,0.107504,0.059563,1332,2140,2064,2966,1283,3109
0.140247,-0.067072,0.373816,-0.225788,0.107747,0.059747,1329,2140,2064,2966,1283,3109
0.140924,-0.067188,0.372703,-0.226051,0.107863,0.061023,1321,2140,2064,2966,1281,3109
0.143949,-0.067197,0.374565,-0.222567,0.107872,0.061721,1310,2140,2065,2968,1278,3109
0.146722,-0.067885,0.375003,-0.220239,0.108559,0.063289,1301,2140,2065,2972,1276,3109
0.148569,-0.067415,0.372209,-0.220790,0.108089,0.066593,1294,2140,2066,2975,1275,3109
0.153775,-0.068489,0.375568,-0.214690,0.109164,0.067680,1285,2139,2067,2976,1275,3109
0.155325,-0.067401,0.371513,-0.216318,0.108075,0.071704,1279,2137,2068,2976,1274,3109
0.158969,-0.067841,0.373618,-0.212216,0.108515,0.072645,1275,2136,2068,2976,1274,3109
0.160463,-0.067783,0.371981,-0.212237,0.108458,0.074861,1275,2136,2068,2976,1274,3109
0.161098,-0.067620,0.368606,-0.214072,0.108294,0.077765,1278,2137,2066,2976,1274,3109
0.161693,-0.068045,0.369924,-0.212738,0.108720,0.077206,1282,2138,2064,2974,1274,3109
0.161424,-0.068298,0.371424,-0.211913,0.108973,0.075924,1288,2138,2064,2971,1274,3109
0.157695,-0.067819,0.368024,-0.216959,0.108493,0.075873,1303,2139,2064,2968,1274,3109
0.155645,-0.068145,0.370476,-0.216790,0.108820,0.072682,1314,2139,2064,2968,1276,3109
0.153167,-0.067868,0.372516,-0.217214,0.108542,0.069500,1325,2139,2064,2967,1279,3109
0.151869,-0.069259,0.380243,-0.212901,0.109934,0.062959,1334,2139,2064,2967,1280,3109
0.145856,-0.067794,0.374443,-0.221254,0.108469,0.063109,1342,2139,2064,2967,1280,3109
0.141964,-0.068043,0.375951,-0.223076,0.108718,0.059353,1351,2139,2064,2967,1282,3109
0.140547,-0.068392,0.380566,-0.220970,0.109066,0.055010,1357,2139,2064,2967,1282,3109
0.138615,-0.069027,0.383065,-0.220682,0.109702,0.051864,1359,2139,2064,2967,1282,3109
0.135211,-0.068309,0.380031,-0.225241,0.108984,0.051766,1359,2139,2064,2967,1282,3109
0.132517,-0.067806,0.376379,-0.229701,0.108480,0.052605,1355,2139,2065,2967,1282,3109
0.133322,-0.067781,0.378699,-0.227532,0.108456,0.051455,1351,2139,2066,2967,1282,3109
0.134482,-0.067344,0.377943,-0.227197,0.108018,0.052798,1343,2139,2066,2967,1282,3109
0.138014,-0.067990,0.379991,-0.223216,0.108664,0.053705,1327,2139,2066,2967,1281,3109
0.140273,-0.067562,0.375552,-0.224586,0.108236,0.058494,1314,2139,2066,2967,1277,3109
0.150610,-0.068790,0.381633,-0.212876,0.109465,0.061083,1297,2139,2064,2967,1275,3109
0.151268,-0.067344,0.371794,-0.219096,0.108019,0.068735,1296,2138,2064,2967,1275,3109
0.152008,-0.067494,0.367837,-0.221250,0.108169,0.072136,1299,2137,2064,2967,1275,3109
0.156651,-0.070147,0.376205,-0.212151,0.110822,0.069172,1303,2138,2064,2967,1275,3109
0.155195,-0.069904,0.374171,-0.214602,0.110579,0.069670,1310,2139,2064,2967,1275,3109
0.152189,-0.069102,0.372487,-0.217951,0.109777,0.068855,1324,2139,2064,2967,1278,3109
0.150753,-0.068833,0.377052,-0.215892,0.109508,0.064535,1336,2139,2064,2967,1280,3109
0.144876,-0.067256,0.370672,-0.224541,0.107930,0.065202,1347,2139,2063,2967,1281,3109
0.142450,-0.068797,0.376797,-0.222144,0.109471,0.059065,1359,2139,2063,2967,1281,3109
0.138964,-0.069439,0.379277,-0.223007,0.110114,0.054875,1372,2139,2063,2967,1282,3109
0.134119,-0.069109,0.379763,-0.226223,0.109783,0.051219,1383,2139,2063,2967,1282,3109
0.123848,-0.066828,0.374965,-0.237011,0.107503,0.047736,1403,2139,2063,2967,1283,3109
0.122996,-0.068277,0.384616,-0.231060,0.108952,0.040090,1413,2139,2063,2967,1284,3109
0.119134,-0.068248,0.384105,-0.234236,0.108923,0.037833,1421,2139,2063,2967,1285,3109
0.115688,-0.068364,0.384963,-0.236175,0.109038,0.034857,1429,2139,2063,2967,1296,3109
0.112889,-0.067935,0.384498,-0.238540,0.108610,0.033291,1436,2139,2063,2967,1308,3109
0.110770,-0.068280,0.388916,-0.237081,0.108955,0.028613,1444,2139,2063,2967,1321,3109
0.108767,-0.068189,0.388926,-0.238542,0.108864,0.027241,1450,2139,2063,2967,1328,3109
0.107409,-0.068552,0.392613,-0.237024,0.109226,0.023617,1456,2139,2063,2967,1330,3109
0.106165,-0.068539,0.395769,-0.235785,0.109213,0.020459,1462,2139,2063,2967,1330,3109
0.102966,-0.067980,0.392064,-0.240651,0.108654,0.020993,1469,2139,2063,2967,1331,3109
0.101585,-0.068231,0.394590,-0.239941,0.108905,0.018202,1475,2139,2064,2967,1331,3109
0.100579,-0.068927,0.398846,-0.237779,0.109602,0.014401,1481,2140,2064,2967,1331,3109
0.098469,-0.068656,0.399209,-0.239077,0.109331,0.012698,1484,2140,2064,2967,1331,3109
0.095905,-0.067891,0.397289,-0.242261,0.108566,0.012357,1488,2140,2064,2967,1334,3109
0.094773,-0.067942,0.398857,-0.242022,0.108617,0.010438,1493,2140,2064,2967,1350,3109
0.092606,-0.067286,0.396107,-0.245481,0.107961,0.010975,1494,2140,2064,2967,1356,3109
0.093162,-0.068081,0.401428,-0.241450,0.108756,0.007458,1495,2140,2064,2967,1361,3109
0.092076,-0.068526,0.401170,-0.242420,0.109200,0.006908,1496,2140,2064,2967,1361,3109
0.091758,-0.068179,0.401212,-0.242625,0.108854,0.006660,1492,2140,2064,2967,1361,3109
0.092076,-0.068526,0.401170,-0.242420,0.109200,0.006908,1487,2140,2064,2967,1360,3109
0.093471,-0.068577,0.401486,-0.241184,0.109251,0.007626,1479,2140,2064,2967,1358,3109
0.095114,-0.067984,0.397840,-0.242465,0.108659,0.011415,1462,2140,2064,2967,1354,3109
0.098029,-0.068048,0.395468,-0.241947,0.108723,0.015138,1447,2140,2064,2967,1353,3109
0.102659,-0.068906,0.394719,-0.239067,0.109580,0.018839,1433,2140,2065,2967,1353,3109
0.105531,-0.067957,0.388264,-0.241362,0.108632,0.025521,1420,2140,2065,2967,1353,3109
0.108843,-0.066993,0.383208,-0.242381,0.107667,0.031480,1409,2139,2064,2967,1352,3109
0.114179,-0.068204,0.384102,-0.237866,0.108878,0.034459,1399,2139,2064,2967,1352,3109
0.120964,-0.070260,0.392381,-0.227259,0.110935,0.033020,1392,2139,2064,2967,1351,3109
0.122396,-0.069280,0.384082,-0.231863,0.109955,0.040072,1388,2139,2064,2967,1351,3109
0.125700,-0.070209,0.386925,-0.227508,0.110884,0.040241,1388,2139,2063,2967,1351,3109
0.126035,-0.069637,0.382918,-0.229992,0.110312,0.043403,1391,2139,2063,2967,1351,3109
0.127424,-0.070331,0.385789,-0.227020,0.111006,0.042246,1396,2139,2063,2967,1351,3109
0.125837,-0.069473,0.383820,-0.229523,0.110148,0.042607,1401,2139,2063,2966,1351,3109
0.124982,-0.069757,0.388125,-0.227216,0.110431,0.038873,1421,2139,2063,2966,1351,3109
0.120383,-0.068567,0.384159,-0.233285,0.109242,0.038644,1427,2139,2063,2966,1351,3109
0.116839,-0.067912,0.383496,-0.236331,0.108587,0.036715,1436,2139,2063,2966,1352,3109
0.113629,-0.068387,0.386282,-0.236783,0.109062,0.032488,1445,2139,2063,2966,1356,3109
0.108968,-0.068104,0.384634,-0.241318,0.108779,0.030521,1454,2140,2063,2966,1358,3109
0.107095,-0.067963,0.388556,-0.240017,0.108638,0.026373,1462,2140,2063,2966,1359,3109
0.105072,-0.069031,0.395488,-0.236777,0.109706,0.019920,1464,2140,2063,2966,1359,3109
0.103077,-0.068776,0.395196,-0.238436,0.109451,0.018775,1464,2140,2063,2966,1360,3109
0.101407,-0.067493,0.392767,-0.241313,0.108168,0.019416,1460,2140,2063,2966,1360,3109
0.101808,-0.067439,0.392312,-0.241330,0.108114,0.020022,1449,2140,2063,2966,1355,3109
0.104569,-0.068509,0.396255,-0.236623,0.109184,0.019016,1438,2140,2063,2966,1353,3109
0.106722,-0.068526,0.392463,-0.237630,0.109201,0.023259,1430,2140,2063,2966,1353,3109
0.108016,-0.067926,0.384350,-0.242208,0.108601,0.030080,1426,2140,2063,2966,1353,3109
0.111406,-0.068925,0.387461,-0.237607,0.109600,0.030111,1425,2140,2063,2967,1353,3109
0.114621,-0.069496,0.390999,-0.232844,0.110170,0.029711,1424,2140,2065,2967,1353,3109
0.114860,-0.068855,0.388485,-0.234381,0.109529,0.031715,1426,2140,2065,2967,1353,3109
0.112974,-0.067279,0.384024,-0.238801,0.107953,0.033696,1429,2140,2065,2967,1353,3109
0.114407,-0.068055,0.392085,-0.232261,0.108730,0.028771,1430,2140,2065,2967,1353,3109
0.111929,-0.067270,0.388656,-0.236410,0.107945,0.029593,1432,2140,2064,2967,1356,3109
0.111113,-0.067226,0.388533,-0.237092,0.107901,0.029127,1432,2140,2064,2967,1357,3109
0.111823,-0.067941,0.391348,-0.234654,0.108616,0.027550,1432,2140,2064,2967,1358,3109
0.111703,-0.067876,0.391658,-0.234531,0.108551,0.027241,1433,2140,2064,2967,1359,3109
0.110478,-0.067228,0.388542,-0.237550,0.107903,0.028687,1434,2140,2064,2967,1360,3109
0.110788,-0.067903,0.390666,-0.235877,0.108577,0.027344,1436,2140,2064,2967,1360,3109
0.110429,-0.068202,0.390986,-0.235922,0.108877,0.026866,1443,2140,2064,2967,1360,3109
0.109150,-0.068095,0.390312,-0.237317,0.108770,0.026487,1449,2140,2064,2967,1361,3109
0.108535,-0.068155,0.392802,-0.236071,0.108829,0.024245,1453,2140,2063,2967,1361,3109
0.107444,-0.068798,0.395867,-0.234782,0.109473,0.021258,1455,2140,2063,2966,1361,3109
0.104599,-0.067847,0.391380,-0.239922,0.108521,0.022605,1458,2140,2064,2966,1362,3109
0.103136,-0.067418,0.392471,-0.240249,0.108092,0.020810,1467,2140,2064,2966,1362,3109
0.102754,-0.067706,0.396864,-0.237537,0.108380,0.017334,1479,2140,2064,2966,1363,3109
0.100274,-0.066733,0.394566,-0.240917,0.107407,0.017327,1482,2140,2064,2966,1364,3109
0.098864,-0.068227,0.398570,-0.239222,0.108901,0.013435,1486,2140,2064,2966,1373,3109
0.096779,-0.068150,0.398091,-0.241075,0.108825,0.012365,1490,2140,2064,2966,1387,3109
0.095044,-0.067573,0.398613,-0.241989,0.108248,0.010802,1498,2141,2061,2964,1385,3111
0.093918,-0.067213,0.400830,-0.241304,0.107887,0.008411,1503,2141,2056,2957,1391,3111
0.091341,-0.067909,0.400731,-0.243258,0.108583,0.006728,1507,2141,2050,2949,1393,3111
0.088873,-0.069513,0.399964,-0.245587,0.110187,0.005609,1511,2141,2046,2944,1395,3111
0.087334,-0.070074,0.399093,-0.247307,0.110748,0.005198,1514,2141,2046,2944,1396,3111
0.086083,-0.072805,0.403008,-0.245556,0.113479,0.001479,1515,2141,2051,2944,1396,3111
0.083824,-0.071957,0.401492,-0.248243,0.112632,0.001051,1516,2141,2054,2944,1398,3111
0.083336,-0.070484,0.400767,-0.249093,0.111158,0.001249,1524,2142,2054,2944,1407,3111
0.082719,-0.068829,0.400669,-0.249612,0.109504,0.000901,1533,2142,2053,2944,1421,3111
0.081076,-0.068640,0.401520,-0.250235,0.109314,-0.000842,1542,2142,2052,2943,1443,3110
0.080381,-0.069544,0.406991,-0.247018,0.110219,-0.005320,1547,2142,2051,2943,1459,3110
0.078507,-0.070064,0.406087,-0.249005,0.110739,-0.005935,1553,2142,2050,2942,1480,3110
0.076700,-0.069642,0.407530,-0.249345,0.110317,-0.008223,1564,2142,2047,2942,1497,3110
0.075784,-0.070683,0.414813,-0.245055,0.111358,-0.014179,1575,2142,2045,2941,1508,3110
0.072960,-0.070599,0.414292,-0.247477,0.111274,-0.015721,1584,2142,2044,2941,1516,3110
0.070182,-0.071442,0.415280,-0.248838,0.112117,-0.018337,1591,2142,2044,2941,1524,3110
0.068253,-0.072046,0.419149,-0.247615,0.112721,-0.022484,1597,2142,2044,2941,1535,3110
0.066170,-0.071339,0.419066,-0.249197,0.112014,-0.023841,1607,2142,2044,2941,1547,3110
0.065284,-0.072445,0.427398,-0.244169,0.113119,-0.030545,1615,2142,2045,2941,1557,3110
0.063371,-0.072173,0.428128,-0.245073,0.112847,-0.032382,1623,2142,2048,2942,1566,3110
0.062166,-0.072360,0.432153,-0.243212,0.113034,-0.036149,1630,2142,2049,2944,1574,3110
0.060376,-0.071774,0.433175,-0.243827,0.112449,-0.038117,1637,2142,2049,2947,1579,3110
0.056765,-0.068464,0.416818,-0.257613,0.109139,-0.028602,1642,2142,2049,2950,1580,3110
0.057567,-0.070749,0.433480,-0.245676,0.111424,-0.040254,1644,2142,2049,2951,1580,3110
0.057013,-0.071655,0.437662,-0.243233,0.112330,-0.043693,1645,2142,2049,2951,1580,3110
0.055941,-0.071665,0.437728,-0.243973,0.112340,-0.044472,1648,2142,2049,2952,1580,3110
0.054127,-0.070490,0.429259,-0.251069,0.111165,-0.039507,1658,2142,2051,2952,1580,3110
0.054350,-0.071015,0.436465,-0.245998,0.111690,-0.044630,1666,2142,2052,2952,1581,3110
0.054160,-0.071951,0.446023,-0.239626,0.112626,-0.051758,1673,2142,2053,2952,1581,3110
0.051953,-0.070538,0.443399,-0.243029,0.111212,-0.051340,1679,2142,2053,2952,1582,3110
0.049844,-0.069603,0.442235,-0.245366,0.110278,-0.051925,1686,2142,2053,2952,1592,3110
0.049037,-0.070547,0.450709,-0.240185,0.111221,-0.058678,1694,2142,2052,2952,1609,3110
0.047220,-0.070453,0.448684,-0.242894,0.111128,-0.058433,1702,2142,2052,2952,1629,3110
0.045738,-0.070442,0.448624,-0.244020,0.111117,-0.059399,1712,2142,2052,2952,1647,3110
0.043844,-0.070761,0.451081,-0.243733,0.111435,-0.062487,1723,2142,2051,2952,1661,3110
0.042744,-0.071303,0.455904,-0.241253,0.111978,-0.066768,1733,2142,2051,2952,1670,3110
0.041413,-0.071463,0.459773,-0.239592,0.112137,-0.070507,1747,2142,2051,2952,1678,3110
0.039308,-0.072223,0.465869,-0.236980,0.112898,-0.076404,1761,2142,2053,2952,1690,3110
0.037220,-0.071871,0.467942,-0.237097,0.112545,-0.079344,1774,2142,2053,2952,1705,3110
0.034505,-0.071054,0.467639,-0.239291,0.111729,-0.080972,1788,2142,2054,2952,1725,3110
0.032481,-0.071080,0.475943,-0.235116,0.111755,-0.088430,1802,2142,2054,2952,1745,3110
0.030842,-0.071897,0.489606,-0.227008,0.112571,-0.099549,1816,2142,2054,2952,1764,3110
0.029242,-0.071371,0.489758,-0.228076,0.112046,-0.100750,1829,2142,2054,2952,1778,3110
0.026794,-0.071042,0.489241,-0.230221,0.111717,-0.102040,1843,2142,2054,2952,1790,3110
0.025264,-0.071810,0.496003,-0.226735,0.112484,-0.108032,1855,2142,2054,2951,1801,3110
0.023144,-0.071081,0.494175,-0.229532,0.111756,-0.108138,1867,2142,2053,2951,1813,3110
0.020990,-0.071465,0.500516,-0.226790,0.112140,-0.114248,1880,2142,2053,2950,1827,3110
0.019711,-0.072035,0.508999,-0.221948,0.112710,-0.121329,1891,2142,2053,2949,1840,3110
0.018059,-0.072340,0.515629,-0.218641,0.113015,-0.127308,1902,2142,2053,2949,1853,3110
0.017246,-0.072745,0.523123,-0.214131,0.113420,-0.133348,1913,2142,2053,2949,1865,3110
0.016152,-0.071514,0.520268,-0.216877,0.112189,-0.132004,1923,2142,2053,2947,1876,3110
0.014662,-0.070886,0.515525,-0.221198,0.111561,-0.129546,1934,2142,2053,2946,1887,3110
0.013752,-0.071448,0.523173,-0.216655,0.112122,-0.135765,1945,2142,2053,2946,1899,3110
0.012424,-0.071941,0.528836,-0.213770,0.112615,-0.140816,1958,2142,2053,2946,1912,3110
0.011685,-0.071590,0.528815,-0.214325,0.112265,-0.141304,1970,2142,2053,2946,1924,3110
0.011041,-0.072270,0.539061,-0.207817,0.112944,-0.149244,1984,2142,2053,2945,1935,3110
0.009916,-0.071454,0.535924,-0.210778,0.112128,-0.147714,1997,2142,2053,2945,1946,3110
0.009026,-0.072111,0.543261,-0.206431,0.112786,-0.153691,2011,2142,2053,2945,1961,3110
0.008327,-0.071985,0.545031,-0.205737,0.112660,-0.155463,2024,2142,2053,2945,1979,3110
0.007779,-0.073206,0.561248,-0.195092,0.113881,-0.167709,2038,2142,2053,2944,1997,3110
0.006971,-0.073053,0.563929,-0.193857,0.113728,-0.170222,2053,2142,2053,2943,2011,3110
0.006889,-0.073057,0.569027,-0.190444,0.113732,-0.174010,2066,2142,2053,2943,2020,3110
0.006122,-0.070348,0.551461,-0.202971,0.111022,-0.161672,2081,2142,2053,2943,2026,3110
0.005923,-0.073416,0.581500,-0.182655,0.114091,-0.183800,2095,2142,2053,2943,2029,3110
0.005122,-0.071980,0.572023,-0.189697,0.112655,-0.177408,2108,2142,2053,2943,2036,3110
0.005008,-0.074362,0.596416,-0.173165,0.115036,-0.195344,2122,2142,2053,2943,2046,3110
0.004798,-0.071963,0.581360,-0.183575,0.112638,-0.184464,2139,2142,2054,2943,2059,3110
0.005290,-0.072436,0.591086,-0.176589,0.113111,-0.191249,2164,2142,2054,2946,2084,3110
0.005684,-0.075350,0.616572,-0.158939,0.116025,-0.209639,2173,2142,2054,2946,2091,3110
0.006311,-0.072024,0.597465,-0.171496,0.112698,-0.195224,2187,2142,2054,2947,2102,3110
0.007216,-0.073914,0.617318,-0.157310,0.114589,-0.209141,2203,2142,2054,2945,2114,3110
0.008021,-0.072193,0.609406,-0.162109,0.112868,-0.202801,2219,2142,2054,2943,2124,3110
0.008511,-0.075358,0.638156,-0.142167,0.116032,-0.223516,2234,2142,2054,2943,2133,3110
0.008959,-0.073924,0.628233,-0.148599,0.114598,-0.215945,2249,2142,2053,2943,2142,3110
0.009149,-0.072829,0.626453,-0.149672,0.113503,-0.214513,2265,2142,2051,2943,2155,3110
0.009800,-0.073212,0.631312,-0.145885,0.113886,-0.217627,2280,2142,2051,2942,2170,3110
0.011542,-0.076456,0.661305,-0.124179,0.117131,-0.238398,2296,2142,2051,2942,2186,3110
0.013752,-0.073782,0.649754,-0.130429,0.114456,-0.228436,2329,2142,2053,2942,2223,3110
0.016491,-0.076006,0.674235,-0.111748,0.116681,-0.244493,2345,2142,2053,2942,2246,3110
0.018711,-0.074893,0.674222,-0.110132,0.115568,-0.242971,2360,2142,2052,2942,2268,3110
0.020728,-0.076155,0.688183,-0.099145,0.116829,-0.251818,2375,2142,2050,2942,2290,3110
0.023113,-0.075539,0.688230,-0.097366,0.116214,-0.250228,2390,2142,2048,2942,2309,3110
0.024063,-0.073818,0.675106,-0.105612,0.114493,-0.239973,2407,2142,2046,2942,2331,3110
0.027170,-0.076119,0.700914,-0.085756,0.116794,-0.256750,2415,2142,2046,2942,2343,3110
0.028329,-0.076380,0.697955,-0.086924,0.117055,-0.253794,2424,2142,2046,2942,2358,3110
0.029524,-0.074019,0.676557,-0.100625,0.114694,-0.237315,2430,2142,2046,2942,2369,3110
0.032492,-0.076098,0.701183,-0.081677,0.116772,-0.253322,2433,2142,2045,2942,2372,3110
0.033486,-0.076369,0.703409,-0.079433,0.117043,-0.254275,2433,2142,2045,2942,2370,3110
0.032534,-0.075123,0.689324,-0.089724,0.115798,-0.244612,2419,2142,2044,2941,2364,3110
0.029803,-0.074745,0.685582,-0.094273,0.115419,-0.243732,2386,2142,2043,2941,2361,3110
0.026009,-0.075923,0.683114,-0.098732,0.116598,-0.244510,2353,2141,2040,2941,2329,3110
0.020849,-0.076006,0.496783,-0.229436,0.116681,-0.111611,1800,2142,2027,2952,1823,3110
0.023990,-0.075968,0.489951,-0.231790,0.116642,-0.104469,1781,2142,2027,2952,1804,3110
0.038917,-0.076424,0.466504,-0.236834,0.117098,-0.077135,1717,2142,2028,2953,1755,3110
0.040626,-0.075262,0.457802,-0.241511,0.115936,-0.069600,1718,2142,2028,2953,1758,3110
0.042727,-0.075971,0.459440,-0.238857,0.116645,-0.069368,1733,2142,2028,2953,1762,3110
0.041215,-0.075591,0.459440,-0.239964,0.116266,-0.070398,1748,2142,2028,2953,1763,3110
0.038783,-0.074833,0.459573,-0.241653,0.115508,-0.072152,1764,2142,2028,2953,1767,3110
0.030628,-0.075982,0.477487,-0.235421,0.116656,-0.090823,1807,2144,2028,2953,1835,3110
0.028337,-0.075755,0.481952,-0.234056,0.116430,-0.095652,1822,2149,2028,2953,1859,3110
0.027148,-0.075914,0.489525,-0.229769,0.116589,-0.102006,1837,2155,2028,2953,1874,3110
0.025514,-0.075942,0.496492,-0.226219,0.116617,-0.108220,1853,2161,2028,2953,1881,3110
0.023255,-0.073775,0.495780,-0.228357,0.114449,-0.109237,1870,2165,2028,2953,1883,3110
0.021349,-0.073384,0.509776,-0.220219,0.114058,-0.120782,1889,2168,2028,2953,1883,3110
0.018562,-0.070976,0.507313,-0.223937,0.111650,-0.120877,1907,2171,2029,2954,1884,3110
0.016326,-0.070337,0.516696,-0.219183,0.111011,-0.129270,1924,2174,2029,2954,1887,3110
0.013472,-0.069152,0.522521,-0.217304,0.109827,-0.135478,1941,2177,2029,2954,1903,3110
0.011351,-0.067756,0.521093,-0.219830,0.108430,-0.135878,1958,2181,2029,2954,1925,3110
0.009760,-0.068569,0.537645,-0.209720,0.109244,-0.149080,1973,2183,2029,2954,1947,3110
0.008587,-0.067253,0.543748,-0.206421,0.107928,-0.154347,1987,2185,2028,2954,1967,3110
0.003255,-0.066987,0.563726,-0.196715,0.107662,-0.172605,2062,2186,2022,2953,2033,3110
0.002847,-0.068038,0.570270,-0.192557,0.108712,-0.177674,2076,2186,2020,2952,2045,3110
0.001908,-0.068032,0.570222,-0.193277,0.108707,-0.178278,2093,2186,2019,2952,2059,3110
0.001307,-0.070049,0.587059,-0.182248,0.110724,-0.191013,2110,2186,2018,2951,2075,3110
0.000341,-0.069638,0.587676,-0.182535,0.110313,-0.192124,2126,2186,2018,2950,2092,3110
0.000411,-0.070065,0.597572,-0.175743,0.110740,-0.199321,2143,2186,2018,2947,2107,3110
0.000038,-0.068427,0.588618,-0.182115,0.109101,-0.193020,2161,2186,2018,2945,2122,3110
0.000166,-0.069995,0.607639,-0.169064,0.110670,-0.206858,2178,2186,2018,2944,2135,3110
0.000100,-0.070853,0.617242,-0.162571,0.111527,-0.213934,2195,2186,2018,2944,2150,3110
0.000583,-0.069284,0.615621,-0.163322,0.109959,-0.212418,2214,2186,2018,2944,2168,3110
0.001209,-0.068008,0.607824,-0.168175,0.108683,-0.206283,2232,2186,2018,2944,2185,3110
0.002525,-0.070050,0.630961,-0.151450,0.110725,-0.222325,2249,2186,2018,2944,2204,3110
0.003589,-0.071691,0.650225,-0.137549,0.112365,-0.235703,2267,2186,2018,2944,2222,3110
0.005299,-0.070918,0.653294,-0.134206,0.111593,-0.236786,2284,2186,2018,2943,2240,3110
0.006649,-0.071642,0.662155,-0.127182,0.112316,-0.242353,2301,2186,2017,2943,2259,3110
0.008070,-0.069467,0.650092,-0.134359,0.110142,-0.232554,2316,2186,2017,2943,2276,3110
0.009921,-0.070554,0.662195,-0.124759,0.111229,-0.240154,2329,2186,2017,2942,2289,3110
0.011716,-0.071077,0.674959,-0.114750,0.111752,-0.248276,2338,2186,2017,2942,2294,3110
0.013128,-0.069920,0.671406,-0.116137,0.110594,-0.244713,2344,2186,2016,2942,2297,3110
0.014270,-0.070448,0.674239,-0.113371,0.111123,-0.246009,2348,2185,2016,2942,2297,3110
0.014464,-0.070328,0.673693,-0.113601,0.111003,-0.245477,2349,2185,2015,2942,2297,3110
0.015170,-0.072063,0.687545,-0.103649,0.112738,-0.255137,2349,2184,2015,2942,2297,3110
0.015187,-0.070810,0.675939,-0.111542,0.111484,-0.246629,2348,2184,2015,2942,2296,3110
0.015148,-0.071505,0.673707,-0.113091,0.112180,-0.245022,2344,2183,2015,2942,2292,3110
0.015036,-0.071738,0.676053,-0.111575,0.112413,-0.246816,2341,2183,2015,2942,2290,3110
0.014459,-0.073128,0.686354,-0.104980,0.113802,-0.254750,2330,2183,2015,2942,2289,3110
0.014242,-0.074886,0.700138,-0.095750,0.115561,-0.264989,2318,2183,2015,2942,2289,3110
0.012837,-0.070943,0.661336,-0.123210,0.111618,-0.237539,2306,2182,2015,2942,2287,3110
0.012050,-0.072673,0.674251,-0.114989,0.113347,-0.247530,2294,2182,2015,2942,2277,3110
0.010939,-0.072673,0.674256,-0.115798,0.113348,-0.248290,2279,2182,2015,2942,2253,3110
0.009320,-0.072263,0.659956,-0.126724,0.112937,-0.238924,2262,2182,2015,2942,2224,3110
0.007162,-0.070610,0.640112,-0.141822,0.111285,-0.225866,2236,2182,2015,2942,2182,3110
0.005765,-0.073201,0.661457,-0.128304,0.113876,-0.242444,2227,2182,2015,2942,2172,3110
0.004127,-0.072069,0.647386,-0.139090,0.112743,-0.233259,2211,2182,2015,2942,2159,3110
0.002526,-0.071103,0.631076,-0.151372,0.111777,-0.222409,2192,2182,2015,2942,2148,3110
0.001076,-0.071833,0.628059,-0.154488,0.112508,-0.221188,2172,2182,2016,2942,2135,3110
0.000419,-0.070745,0.616945,-0.162540,0.111419,-0.213499,2150,2183,2016,2942,2118,3110
-0.000489,-0.071648,0.620040,-0.161096,0.112322,-0.216384,2127,2183,2016,2942,2095,3110
-0.000834,-0.072160,0.620074,-0.161326,0.112835,-0.216642,2105,2184,2016,2942,2071,3110
-0.001333,-0.071424,0.607038,-0.170571,0.112099,-0.207439,2081,2184,2016,2942,2045,3110
-0.001861,-0.070924,0.596449,-0.178171,0.111598,-0.200046,2058,2184,2016,2942,2022,3110
-0.002078,-0.071055,0.587370,-0.184514,0.111729,-0.193547,2034,2184,2016,2942,2002,3110
-0.001827,-0.070048,0.576148,-0.191974,0.110723,-0.185161,2009,2183,2016,2942,1982,3110
-0.001246,-0.070783,0.569694,-0.195946,0.111458,-0.180040,1985,2183,2016,2942,1965,3110
-0.000200,-0.070847,0.560869,-0.201191,0.111522,-0.172867,1962,2183,2016,2942,1948,3110
0.001227,-0.070749,0.551048,-0.206837,0.111423,-0.164705,1937,2183,2016,2942,1931,3110
0.003064,-0.070505,0.544596,-0.209887,0.111179,-0.158729,1912,2183,2016,2942,1912,3110
0.005208,-0.069450,0.529628,-0.218513,0.110124,-0.146311,1890,2183,2016,2943,1893,3110
0.007712,-0.069769,0.523658,-0.220746,0.110444,-0.140235,1869,2184,2016,2943,1873,3110
0.010091,-0.069160,0.514003,-0.225582,0.109835,-0.131546,1847,2184,2016,2945,1851,3110
0.012749,-0.069023,0.508480,-0.227399,0.109698,-0.125692,1825,2184,2016,2947,1829,3110
0.015849,-0.069509,0.506430,-0.226525,0.110183,-0.122080,1804,2184,2016,2949,1806,3110
0.019284,-0.068792,0.495183,-0.231672,0.109467,-0.111506,1781,2184,2016,2950,1784,3110
0.022899,-0.069214,0.490018,-0.232544,0.109888,-0.105261,1757,2184,2016,2951,1762,3110
0.026580,-0.068701,0.482778,-0.234781,0.109375,-0.097454,1736,2184,2017,2951,1745,3110
0.030721,-0.068762,0.473315,-0.238195,0.109437,-0.087704,1716,2184,2017,2951,1728,3110
0.034183,-0.068293,0.466952,-0.239995,0.108968,-0.080688,1695,2183,2017,2951,1712,3110
0.038700,-0.068314,0.458988,-0.242113,0.108989,-0.071780,1674,2183,2017,2951,1697,3110
0.043321,-0.068502,0.454722,-0.241635,0.109177,-0.065510,1657,2183,2018,2951,1684,3110
0.047823,-0.068457,0.447331,-0.243374,0.109131,-0.057032,1638,2184,2018,2951,1671,3110
0.050605,-0.067327,0.437789,-0.247838,0.108001,-0.048151,1620,2184,2019,2951,1659,3110
0.039400,-0.066818,0.459090,-0.241530,0.107492,-0.071378,1757,2187,2018,2943,1766,3110
0.030541,-0.068536,0.481938,-0.232452,0.109211,-0.094141,1805,2187,2017,2943,1801,3110
0.025276,-0.066996,0.475857,-0.240450,0.107670,-0.093275,1828,2187,2017,2943,1819,3110
0.021879,-0.067729,0.488708,-0.234182,0.108403,-0.104997,1853,2186,2017,2943,1838,3110
0.017982,-0.067559,0.491570,-0.235085,0.108234,-0.109747,1875,2186,2018,2943,1856,3110
0.014767,-0.068714,0.506021,-0.227595,0.109389,-0.122516,1903,2186,2018,2943,1880,3110
0.011864,-0.067530,0.506518,-0.229383,0.108204,-0.124858,1923,2186,2018,2943,1896,3110
0.009042,-0.067242,0.513002,-0.227032,0.107916,-0.131527,1947,2186,2018,2945,1912,3110
0.006625,-0.067232,0.520330,-0.223809,0.107906,-0.138539,1971,2186,2018,2947,1929,3110
0.003504,-0.068296,0.539252,-0.213205,0.108970,-0.154518,2017,2186,2018,2951,1969,3110
0.002212,-0.067392,0.539137,-0.214229,0.108066,-0.155314,2039,2185,2019,2951,1993,3110
0.001771,-0.069384,0.560876,-0.199743,0.110058,-0.171529,2059,2185,2020,2951,2017,3110
0.001321,-0.068043,0.555294,-0.203875,0.108717,-0.167749,2081,2182,2023,2951,2040,3110
0.000748,-0.070293,0.579150,-0.188045,0.110967,-0.185604,2104,2180,2025,2951,2060,3110
0.000950,-0.069078,0.576880,-0.189443,0.109753,-0.183805,2128,2179,2025,2951,2079,3110
0.001827,-0.068782,0.579093,-0.187293,0.109457,-0.184828,2150,2178,2025,2951,2097,3110
0.002376,-0.070538,0.597983,-0.174023,0.111213,-0.198283,2173,2178,2024,2951,2115,3110
0.002351,-0.070919,0.606927,-0.167950,0.111594,-0.204849,2196,2177,2022,2951,2135,3110
0.002539,-0.070931,0.607655,-0.167316,0.111606,-0.205253,2220,2177,2022,2951,2156,3110
0.003171,-0.071454,0.615481,-0.161522,0.112128,-0.210553,2242,2176,2021,2951,2178,3110
0.004660,-0.074907,0.650223,-0.136766,0.115581,-0.234973,2265,2176,2021,2951,2201,3110
0.006526,-0.073087,0.641653,-0.141238,0.113762,-0.227427,2288,2176,2022,2951,2226,3110
0.008529,-0.074189,0.653649,-0.131600,0.114863,-0.234846,2311,2176,2024,2951,2248,3110
0.010745,-0.072983,0.652333,-0.130874,0.113657,-0.232373,2334,2175,2025,2951,2273,3110
0.014044,-0.074869,0.674005,-0.113696,0.115543,-0.245991,2359,2175,2025,2951,2296,3110
0.017201,-0.074110,0.677509,-0.108998,0.114785,-0.246406,2381,2175,2026,2951,2315,3110
0.020920,-0.074533,0.689296,-0.098246,0.115208,-0.252502,2406,2175,2026,2951,2335,3110
0.024053,-0.073508,0.690156,-0.095367,0.114183,-0.250998,2431,2175,2027,2951,2358,3110
0.028345,-0.074922,0.714250,-0.075812,0.115597,-0.265714,2456,2175,2027,2951,2385,3110
0.032158,-0.073955,0.716418,-0.071544,0.114630,-0.264704,2482,2175,2027,2951,2412,3110
0.037265,-0.073103,0.714245,-0.069285,0.113777,-0.259633,2504,2175,2027,2951,2434,3110
0.042356,-0.075665,0.745012,-0.044600,0.116340,-0.278690,2526,2176,2027,2951,2453,3110
0.047188,-0.074194,0.742261,-0.042936,0.114869,-0.273385,2551,2176,2027,2951,2471,3110
0.051756,-0.073280,0.745627,-0.037299,0.113955,-0.272737,2575,2176,2027,2950,2492,3110
0.057015,-0.072965,0.755833,-0.026496,0.113639,-0.276627,2597,2176,2027,2949,2515,3110
0.061939,-0.073265,0.761428,-0.019080,0.113940,-0.277369,2618,2176,2027,2948,2538,3110
0.068642,-0.074447,0.777014,-0.003555,0.115122,-0.284213,2640,2176,2027,2947,2565,3110
0.073863,-0.073741,0.776249,-0.000255,0.114416,-0.280097,2663,2176,2027,2947,2588,3110
0.078856,-0.073148,0.776809,0.003782,0.113823,-0.277106,2686,2176,2027,2947,2612,3110
0.086928,-0.074390,0.793425,0.021010,0.115065,-0.283772,2706,2176,2027,2947,2634,3110
0.092644,-0.074261,0.792056,0.024263,0.114935,-0.278876,2726,2176,2027,2947,2657,3110
0.098183,-0.073693,0.793196,0.029095,0.114368,-0.275937,2745,2176,2027,2947,2679,3110
0.105587,-0.075059,0.811463,0.046958,0.115733,-0.284268,2774,2176,2028,2948,2709,3110
0.108727,-0.073120,0.794056,0.037399,0.113795,-0.269385,2785,2176,2028,2949,2720,3110
0.118426,-0.074813,0.819231,0.061649,0.115488,-0.281208,2804,2176,2028,2949,2739,3110
0.122633,-0.073751,0.811644,0.059561,0.114426,-0.272789,2823,2176,2028,2949,2763,3110
0.130049,-0.074368,0.817689,0.069108,0.115042,-0.272162,2840,2176,2028,2949,2787,3110
0.137727,-0.074995,0.829039,0.082461,0.115670,-0.275241,2856,2176,2028,2947,2810,3110
0.136865,-0.071820,0.794109,0.058036,0.112495,-0.250256,2869,2176,2028,2944,2827,3110
0.147763,-0.074375,0.829933,0.090417,0.115050,-0.269059,2880,2176,2027,2943,2837,3110
0.151870,-0.074379,0.829973,0.093451,0.115054,-0.266291,2888,2176,2026,2942,2844,3110
0.156870,-0.074957,0.840619,0.104363,0.115632,-0.270679,2894,2176,2026,2942,2850,3110
0.159737,-0.075005,0.841143,0.106819,0.115680,-0.269110,2896,2176,2025,2942,2852,3110
0.151877,-0.071173,0.789845,0.066121,0.111847,-0.236908,2895,2176,2025,2942,2852,3110
0.159159,-0.073778,0.823580,0.094432,0.114452,-0.256646,2892,2176,2024,2942,2848,3110
0.154267,-0.071957,0.802124,0.076236,0.112631,-0.244270,2890,2176,2024,2942,2843,3110
0.157960,-0.074167,0.827769,0.096408,0.114841,-0.260529,2880,2176,2023,2942,2841,3110
0.158300,-0.075755,0.840971,0.105650,0.116430,-0.269963,2869,2176,2023,2942,2837,3110
0.150663,-0.072854,0.808936,0.078237,0.113529,-0.251712,2858,2176,2023,2942,2825,3110
0.148227,-0.072895,0.809821,0.077057,0.113570,-0.254019,2845,2176,2022,2942,2807,3110
0.144035,-0.073763,0.811788,0.075328,0.114437,-0.258315,2829,2176,2020,2942,2787,3110
0.143180,-0.074992,0.828995,0.086422,0.115666,-0.271495,2813,2176,2020,2942,2766,3110
0.140582,-0.076304,0.840204,0.092156,0.116979,-0.281471,2796,2176,2020,2942,2746,3110
0.134960,-0.076253,0.839654,0.087665,0.116927,-0.284898,2778,2176,2020,2942,2728,3110
0.127792,-0.076330,0.828923,0.075108,0.117005,-0.281924,2761,2176,2020,2942,2712,3110
0.119052,-0.074741,0.807685,0.054242,0.115416,-0.272330,2744,2176,2020,2942,2698,3110
0.117535,-0.076146,0.826546,0.065979,0.116820,-0.287171,2727,2176,2020,2942,2684,3110
0.112093,-0.076147,0.826563,0.062007,0.116822,-0.290891,2709,2177,2020,2942,2669,3110
0.102727,-0.073689,0.793156,0.032393,0.114363,-0.272813,2690,2177,2021,2942,2650,3110
0.099830,-0.074591,0.806599,0.039430,0.115265,-0.284628,2671,2177,2022,2942,2628,3110
0.094126,-0.074207,0.795684,0.027819,0.114882,-0.280523,2652,2178,2023,2942,2605,3110
0.088116,-0.074049,0.789645,0.019305,0.114723,-0.280195,2633,2178,2024,2942,2584,3110
0.083578,-0.074608,0.795043,0.019660,0.115283,-0.287239,2612,2179,2025,2942,2559,3110
0.079016,-0.073834,0.787976,0.011506,0.114508,-0.285172,2595,2179,2026,2942,2541,3110
0.072725,-0.072731,0.772803,-0.003436,0.113405,-0.278349,2576,2179,2026,2942,2522,3110
0.068846,-0.073039,0.775951,-0.004130,0.113714,-0.283297,2556,2180,2026,2942,2503,3110
0.063183,-0.071999,0.761310,-0.018250,0.112674,-0.276435,2536,2181,2026,2942,2485,3110
0.058856,-0.071873,0.759871,-0.022398,0.112548,-0.278329,2516,2182,2026,2942,2466,3110
0.053239,-0.070715,0.744688,-0.036853,0.111390,-0.271039,2495,2183,2026,2942,2445,3110
0.049288,-0.070803,0.745431,-0.039239,0.111478,-0.274275,2474,2183,2026,2942,2427,3110
0.044708,-0.070308,0.740646,-0.045852,0.110982,-0.273892,2452,2183,2026,2942,2409,3110
0.040621,-0.071623,0.740999,-0.048604,0.112298,-0.276934,2431,2184,2026,2942,2390,3110
0.036236,-0.072467,0.743429,-0.050158,0.113142,-0.281700,2409,2184,2026,2942,2368,3110
0.032191,-0.071262,0.727966,-0.063653,0.111937,-0.273136,2385,2184,2025,2942,2343,3110
0.027972,-0.072401,0.727349,-0.067162,0.113076,-0.275558,2363,2184,2025,2942,2319,3110
0.023301,-0.070147,0.698929,-0.089941,0.110822,-0.257932,2339,2184,2024,2942,2294,3110
0.019766,-0.070204,0.700049,-0.091766,0.110878,-0.261161,2314,2184,2024,2942,2269,3110
0.016143,-0.069489,0.675842,-0.110908,0.110163,-0.245907,2292,2184,2024,2942,2244,3110
0.013159,-0.069967,0.674357,-0.114104,0.110642,-0.246852,2268,2184,2025,2942,2219,3110
0.010123,-0.069661,0.664214,-0.123237,0.110335,-0.241494,2244,2184,2026,2942,2196,3110
0.008523,-0.068742,0.653067,-0.132001,0.109416,-0.234424,2221,2184,2027,2942,2174,3110
0.006154,-0.068828,0.648417,-0.136903,0.109502,-0.232633,2197,2184,2027,2944,2154,3110
0.004660,-0.069546,0.650223,-0.136767,0.110221,-0.234972,2173,2184,2027,2947,2131,3110
0.003563,-0.067947,0.630737,-0.150843,0.108621,-0.221454,2150,2184,2027,2950,2108,3110
0.002646,-0.067232,0.617354,-0.160631,0.107907,-0.212282,2126,2184,2028,2951,2084,3110
0.002368,-0.066879,0.605360,-0.169005,0.107553,-0.203690,2102,2184,2028,2951,2058,3110
0.002351,-0.067917,0.606927,-0.167950,0.108592,-0.204849,2076,2184,2028,2951,2033,3110
0.002276,-0.066731,0.587675,-0.181118,0.107406,-0.190805,2052,2184,2028,2951,2011,3110
0.002276,-0.067700,0.587675,-0.181118,0.108375,-0.190805,2015,2184,2028,2951,1980,3110
0.002771,-0.066823,0.572242,-0.191269,0.107498,-0.179169,2000,2184,2028,2951,1969,3110
0.004262,-0.067188,0.558867,-0.199288,0.107863,-0.168362,1957,2184,2029,2952,1933,3110
0.006071,-0.067761,0.552671,-0.202185,0.108435,-0.162593,1933,2184,2029,2952,1916,3110
0.012459,-0.066782,0.523883,-0.217118,0.107457,-0.137166,1863,2184,2029,2952,1858,3110
0.043950,-0.068473,0.488163,-0.218395,0.109147,-0.089564,1663,2184,2032,2953,1701,3110
0.142895,-0.068133,0.426898,-0.187690,0.108808,0.022689,1373,2074,2130,2952,1559,3110
0.144158,-0.072695,0.416769,-0.193665,0.113370,0.030965,1362,2058,2131,2952,1559,3110
0.146335,-0.076149,0.410307,-0.196473,0.116824,0.037179,1354,2043,2134,2953,1559,3110
0.155893,-0.075055,0.405286,-0.192896,0.115729,0.047366,1347,1978,2270,2942,1501,3110
0.160073,-0.072677,0.416638,-0.182103,0.113351,0.041903,1347,1974,2285,2942,1501,3110
0.158025,-0.068532,0.411282,-0.187250,0.109207,0.044428,1348,1971,2295,2942,1500,3110
0.160334,-0.066878,0.416882,-0.181746,0.107553,0.041901,1350,1967,2302,2942,1501,3110
0.159478,-0.067109,0.442170,-0.165146,0.107783,0.022804,1407,1935,2325,2941,1578,3110
0.155649,-0.067212,0.436977,-0.171487,0.107887,0.023998,1419,1931,2325,2941,1585,3110
0.152663,-0.068313,0.437173,-0.173540,0.108988,0.021821,1429,1929,2326,2941,1589,3110
0.149245,-0.068252,0.436664,-0.176388,0.108927,0.019865,1438,1927,2327,2941,1595,3110
0.146341,-0.068166,0.436052,-0.178931,0.108841,0.018335,1448,1924,2328,2942,1604,3110
0.146192,-0.069369,0.442682,-0.174524,0.110044,0.013380,1458,1922,2328,2942,1616,3110
0.144763,-0.070285,0.447290,-0.172432,0.110959,0.009033,1471,1921,2329,2942,1628,3110
0.142480,-0.070334,0.447659,-0.173851,0.111009,0.007207,1494,1921,2330,2942,1643,3110
0.138957,-0.070049,0.448178,-0.176077,0.110723,0.004428,1513,1921,2331,2941,1653,3110
0.136594,-0.070729,0.453802,-0.173976,0.111404,-0.001299,1534,1921,2332,2941,1667,3110
0.133603,-0.070692,0.459620,-0.172203,0.111367,-0.007596,1555,1921,2332,2941,1683,3110
0.127460,-0.069893,0.459343,-0.176890,0.110567,-0.011578,1588,1921,2328,2940,1710,3110
0.122888,-0.070193,0.465106,-0.176311,0.110867,-0.018912,1602,1921,2325,2940,1722,3110
0.119494,-0.071317,0.471245,-0.174614,0.111992,-0.025718,1623,1921,2323,2940,1741,3110
0.113816,-0.071285,0.470974,-0.178955,0.111960,-0.029388,1646,1921,2322,2940,1762,3110
0.112427,-0.074295,0.489504,-0.167350,0.114970,-0.043899,1671,1921,2321,2940,1782,3110
0.105274,-0.072420,0.477149,-0.181002,0.113095,-0.039727,1697,1921,2321,2940,1802,3110
0.103750,-0.074976,0.495318,-0.169742,0.115651,-0.054066,1727,1921,2321,2940,1821,3110
0.095518,-0.072752,0.483395,-0.183890,0.113427,-0.050945,1756,1921,2321,2940,1842,3110
0.092368,-0.073486,0.496415,-0.177327,0.114161,-0.062623,1785,1922,2321,2940,1864,3110
0.089694,-0.074744,0.510455,-0.169720,0.115418,-0.074723,1814,1922,2321,2940,1887,3110
0.084761,-0.073365,0.509781,-0.173791,0.114040,-0.077590,1845,1922,2322,2940,1911,3110
0.081023,-0.073394,0.517336,-0.171381,0.114068,-0.085667,1876,1922,2323,2940,1933,3110
0.079608,-0.074573,0.531702,-0.162631,0.115247,-0.097149,1911,1922,2325,2940,1959,3110
0.075521,-0.073291,0.532080,-0.165366,0.113965,-0.100210,1947,1922,2326,2940,1988,3110
0.072788,-0.072744,0.539417,-0.162370,0.113419,-0.107443,1982,1922,2325,2940,2021,3110
0.072137,-0.073822,0.558794,-0.149646,0.114497,-0.122072,2018,1922,2323,2940,2054,3110
0.067919,-0.072680,0.555785,-0.154785,0.113355,-0.122743,2053,1922,2322,2940,2086,3110
0.067166,-0.074470,0.573063,-0.143566,0.115145,-0.135905,2089,1922,2322,2940,2117,3110
0.066547,-0.076309,0.590758,-0.131966,0.116983,-0.149281,2123,1922,2322,2940,2148,3110
0.065566,-0.075325,0.590680,-0.132737,0.115999,-0.149892,2159,1922,2322,2940,2179,3110
0.063401,-0.072967,0.581628,-0.140488,0.113641,-0.144740,2193,1922,2322,2940,2208,3110
0.064289,-0.074087,0.598758,-0.128169,0.114762,-0.156676,2223,1922,2322,2940,2233,3110
0.065781,-0.074318,0.610435,-0.119122,0.114992,-0.164208,2255,1922,2322,2940,2261,3110
0.067175,-0.074589,0.618764,-0.112428,0.115264,-0.169356,2286,1922,2322,2940,2287,3110
0.070943,-0.076262,0.641543,-0.094153,0.116936,-0.183467,2314,1922,2322,2940,2311,3110
0.073331,-0.074197,0.637153,-0.095395,0.114872,-0.178626,2371,1922,2322,2940,2353,3110
0.077552,-0.073560,0.640947,-0.089720,0.114235,-0.178529,2434,1923,2322,2940,2394,3110
0.084069,-0.076309,0.677101,-0.060322,0.116984,-0.200558,2465,1923,2322,2940,2415,3110
0.086651,-0.075817,0.677877,-0.057903,0.116492,-0.199367,2491,1923,2321,2940,2435,3110
0.090590,-0.075748,0.684358,-0.050604,0.116423,-0.201428,2513,1923,2321,2940,2452,3110
0.093156,-0.076313,0.689981,-0.044895,0.116988,-0.203797,2533,1923,2320,2940,2464,3110
0.096481,-0.076144,0.692725,-0.040592,0.116818,-0.203542,2553,1923,2320,2940,2476,3110
0.100140,-0.076623,0.700166,-0.032843,0.117297,-0.206497,2569,1923,2320,2940,2487,3110
0.107086,-0.075391,0.699468,-0.028234,0.116065,-0.201254,2601,1923,2320,2940,2515,3110
0.112307,-0.076603,0.713986,-0.014522,0.117277,-0.208326,2605,1923,2320,2940,2519,3110
0.110230,-0.074623,0.698323,-0.026713,0.115298,-0.198274,2602,1923,2320,2940,2517,3110
0.110726,-0.075178,0.703179,-0.023042,0.115853,-0.201491,2600,1923,2320,2940,2513,3110
0.110253,-0.075020,0.701867,-0.024282,0.115694,-0.200853,2597,1923,2320,2940,2511,3110
0.109717,-0.075088,0.702135,-0.024491,0.115762,-0.201414,2586,1923,2320,2940,2510,3110
0.110103,-0.076370,0.711189,-0.018041,0.117045,-0.207780,2573,1923,2320,2940,2510,3110
0.108914,-0.076358,0.711068,-0.018994,0.117032,-0.208501,2560,1924,2319,2940,2510,3110
0.106238,-0.075617,0.702067,-0.027085,0.116292,-0.203735,2547,1924,2319,2940,2509,3110
0.102057,-0.074685,0.690540,-0.037998,0.115360,-0.198143,2536,1923,2319,2940,2504,3110
0.100140,-0.076623,0.700166,-0.032843,0.117297,-0.206497,2510,1924,2317,2938,2457,3110
0.073233,-0.076009,0.674831,-0.069801,0.116684,-0.206277,2371,1934,2299,2891,2322,3110
0.070644,-0.076255,0.679708,-0.068374,0.116929,-0.211611,2352,1934,2300,2886,2300,3110
0.067270,-0.076362,0.672504,-0.075752,0.117036,-0.208635,2332,1934,2301,2882,2277,3110
0.060770,-0.074485,0.651673,-0.094700,0.115159,-0.197812,2291,1934,2308,2881,2230,3110
0.059766,-0.074519,0.651936,-0.095256,0.115194,-0.198690,2268,1934,2310,2881,2212,3110
0.055549,-0.069753,0.617141,-0.122046,0.110428,-0.176088,2243,1934,2312,2882,2196,3110
0.057929,-0.072999,0.640996,-0.104053,0.113673,-0.191932,2218,1934,2314,2887,2182,3110
0.057120,-0.072097,0.630541,-0.111767,0.112771,-0.184828,2194,1934,2317,2890,2166,3110
0.057087,-0.071671,0.620368,-0.118721,0.112346,-0.177403,2168,1934,2322,2891,2149,3110
0.057157,-0.071242,0.609906,-0.125797,0.111916,-0.169696,2144,1934,2327,2891,2131,3110
0.056977,-0.069844,0.600064,-0.132633,0.110518,-0.162613,2118,1934,2333,2891,2109,3110
0.056492,-0.067223,0.584320,-0.143712,0.107898,-0.151417,2093,1934,2339,2891,2082,3110
0.059672,-0.068838,0.600134,-0.130612,0.109513,-0.160829,2069,1934,2344,2891,2057,3110
0.065020,-0.066767,0.546704,-0.163093,0.107442,-0.118069,1852,1934,2339,2880,1882,3110
0.069573,-0.067390,0.530376,-0.170882,0.108065,-0.103014,1799,1934,2339,2880,1849,3110
0.072714,-0.067097,0.522868,-0.173696,0.107771,-0.095378,1774,1934,2339,2880,1832,3110
0.077798,-0.068131,0.525544,-0.168151,0.108805,-0.093874,1749,1934,2339,2880,1814,3110
0.080653,-0.067726,0.517488,-0.171549,0.108401,-0.086031,1725,1934,2339,2880,1797,3110
0.090758,-0.067151,0.499075,-0.176694,0.107826,-0.065667,1664,1934,2339,2880,1743,3110
-0.032335,-0.070891,0.566700,-0.220745,0.111565,-0.199026,2008,2289,1841,2979,1934,3110
-0.030450,-0.073593,0.560847,-0.223353,0.114267,-0.193457,2007,2282,1837,3007,1934,3110
-0.027188,-0.075998,0.558643,-0.222466,0.116672,-0.189621,2005,2276,1833,3038,1934,3110
-0.021458,-0.076193,0.550996,-0.223480,0.116868,-0.180119,1996,2359,1721,3142,1931,3110
-0.022067,-0.075444,0.547532,-0.226285,0.116119,-0.177998,1994,2357,1718,3142,1931,3110
-0.030350,-0.075410,0.543721,-0.234945,0.116085,-0.180850,1984,2394,1667,3141,1930,3110
-0.030405,-0.073235,0.539536,-0.237836,0.113909,-0.177824,1985,2394,1667,3141,1930,3110
-0.030400,-0.072320,0.535785,-0.240388,0.112995,-0.175074,1985,2394,1667,3141,1930,3110
-0.030407,-0.072793,0.539570,-0.237815,0.113468,-0.177850,1985,2394,1667,3141,1930,3110
-0.030470,-0.073215,0.539337,-0.238020,0.113889,-0.177723,1984,2392,1667,3141,1930,3110
-0.030350,-0.074514,0.543720,-0.234946,0.115188,-0.180850,1982,2386,1667,3141,1928,3110
-0.030334,-0.075809,0.543354,-0.235183,0.116484,-0.180571,1981,2383,1666,3141,1927,3110
-0.027857,-0.076015,0.524986,-0.245882,0.116689,-0.165436,1965,2384,1666,3142,1931,3110
-0.028470,-0.076435,0.532426,-0.241263,0.117109,-0.171300,1965,2384,1666,3142,1931,3110
-0.028363,-0.076291,0.535740,-0.238927,0.116966,-0.173654,1965,2384,1666,3142,1931,3110
-0.027851,-0.075134,0.524875,-0.245954,0.115809,-0.165351,1965,2384,1666,3141,1931,3110
-0.027851,-0.075134,0.524875,-0.245954,0.115809,-0.165351,1965,2385,1666,3141,1931,3110
-0.028010,-0.075034,0.524443,-0.246364,0.115709,-0.165143,1965,2386,1666,3141,1931,3110
-0.028080,-0.075048,0.531872,-0.241355,0.115723,-0.170629,1964,2386,1666,3141,1931,3110
-0.028279,-0.074162,0.532073,-0.241363,0.114837,-0.170912,1964,2386,1666,3141,1931,3110
-0.028535,-0.074479,0.532149,-0.241499,0.115154,-0.171142,1964,2386,1666,3141,1931,3110
-0.028259,-0.073340,0.524415,-0.246566,0.114014,-0.165292,1963,2386,1666,3141,1931,3110
-0.028496,-0.071872,0.513393,-0.254247,0.112547,-0.157384,1963,2386,1666,3140,1931,3110
-0.028703,-0.073371,0.524638,-0.246739,0.114046,-0.165758,1963,2386,1667,3134,1931,3110
-0.028703,-0.073371,0.524638,-0.246739,0.114046,-0.165758,1963,2386,1669,3126,1931,3110
-0.029245,-0.074524,0.535732,-0.239578,0.115198,-0.174248,1963,2386,1672,3116,1931,3110
-0.029900,-0.073117,0.528522,-0.244969,0.113792,-0.169416,1964,2386,1675,3105,1931,3110
-0.031144,-0.072649,0.527736,-0.246416,0.113324,-0.169689,1964,2386,1677,3096,1931,3110
-0.032612,-0.072752,0.531377,-0.245010,0.113426,-0.173354,1965,2386,1678,3089,1931,3110
-0.033412,-0.071124,0.523978,-0.250635,0.111799,-0.168482,1965,2386,1678,3089,1931,3110
-0.033837,-0.070638,0.523679,-0.251151,0.111313,-0.168553,1965,2386,1678,3089,1931,3110
-0.034754,-0.071274,0.527198,-0.249425,0.111948,-0.171754,1965,2386,1678,3090,1931,3110
-0.034728,-0.072323,0.531437,-0.246518,0.112998,-0.174840,1965,2386,1678,3092,1931,3110
-0.034476,-0.072627,0.534774,-0.244061,0.113302,-0.177111,1965,2386,1678,3096,1931,3110
-0.033851,-0.072318,0.531405,-0.245898,0.112993,-0.174219,1965,2386,1678,3099,1931,3110
-0.033221,-0.072337,0.531296,-0.245511,0.113011,-0.173710,1965,2386,1678,3099,1932,3110
-0.031723,-0.071160,0.524322,-0.249165,0.111834,-0.167584,1965,2386,1678,3099,1932,3110
-0.031940,-0.071966,0.531807,-0.244225,0.112640,-0.173211,1965,2386,1678,3099,1932,3110
-0.031902,-0.072322,0.531174,-0.244628,0.112997,-0.172722,1965,2386,1678,3099,1932,3110
-0.031766,-0.071815,0.527973,-0.246709,0.112490,-0.170286,1965,2386,1678,3099,1932,3110
-0.032321,-0.073075,0.536211,-0.241504,0.113749,-0.176695,1965,2386,1678,3098,1932,3110
-0.032163,-0.071850,0.531197,-0.244804,0.112524,-0.172917,1965,2386,1678,3098,1932,3110
-0.031713,-0.069904,0.516818,-0.254270,0.110579,-0.162083,1965,2386,1678,3098,1932,3110
-0.031491,-0.068466,0.503716,-0.263032,0.109140,-0.152339,1965,2386,1678,3098,1932,3110
-0.032495,-0.071436,0.527591,-0.247503,0.112110,-0.170503,1964,2386,1678,3098,1932,3110
-0.031723,-0.071160,0.524322,-0.249165,0.111834,-0.167584,1964,2386,1678,3098,1932,3110
-0.031723,-0.071160,0.524322,-0.249165,0.111834,-0.167584,1964,2386,1678,3098,1932,3110
-0.031723,-0.071160,0.524322,-0.249165,0.111834,-0.167584,1964,2386,1678,3098,1932,3110
-0.032184,-0.071122,0.523967,-0.249745,0.111796,-0.167638,1964,2386,1678,3098,1932,3110
-0.031869,-0.071088,0.523975,-0.249508,0.111762,-0.167429,1964,2386,1678,3096,1932,3110
-0.031723,-0.071160,0.524322,-0.249165,0.111834,-0.167584,1964,2386,1678,3094,1932,3110
-0.032605,-0.071862,0.531274,-0.245075,0.112537,-0.173274,1964,2386,1678,3092,1932,3110
-0.033199,-0.072281,0.535473,-0.242650,0.112955,-0.176752,1965,2386,1678,3091,1932,3110
-0.033478,-0.071860,0.531255,-0.245727,0.112534,-0.173855,1966,2386,1678,3091,1932,3110
-0.033733,-0.071908,0.531372,-0.245835,0.112583,-0.174114,1967,2386,1678,3090,1932,3110
-0.033826,-0.071587,0.528296,-0.247997,0.112262,-0.171925,1968,2386,1678,3090,1933,3110
-0.034515,-0.071426,0.531008,-0.246654,0.112100,-0.174380,1969,2386,1678,3090,1933,3110
-0.034344,-0.070968,0.531135,-0.246443,0.111643,-0.174357,1970,2386,1678,3090,1934,3110
-0.034601,-0.071020,0.531284,-0.246530,0.111695,-0.174641,1974,2386,1678,3090,1938,3110
-0.034344,-0.070968,0.531135,-0.246443,0.111643,-0.174357,1980,2386,1678,3090,1951,3110
-0.036113,-0.072601,0.542803,-0.239790,0.113275,-0.184104,1984,2386,1678,3090,1972,3110
-0.035650,-0.071356,0.535150,-0.244663,0.112031,-0.178186,1988,2386,1678,3090,1994,3110
-0.035740,-0.071327,0.538557,-0.242409,0.112002,-0.180742,1994,2386,1678,3090,2007,3110
-0.035706,-0.070959,0.539102,-0.242013,0.111634,-0.181117,2005,2386,1676,3090,2014,3110
-0.035417,-0.071299,0.538566,-0.242167,0.111974,-0.180528,2014,2386,1673,3090,2018,3110
-0.036898,-0.073841,0.551864,-0.234193,0.114515,-0.191272,2022,2386,1670,3090,2021,3110
-0.037059,-0.073491,0.544221,-0.239517,0.114166,-0.185786,2031,2386,1669,3090,2024,3110
-0.038784,-0.074859,0.555054,-0.233400,0.115534,-0.194892,2043,2386,1669,3090,2029,3110
-0.038729,-0.074321,0.552053,-0.235404,0.114995,-0.192657,2053,2386,1669,3090,2035,3110
-0.039786,-0.075181,0.562323,-0.229182,0.115856,-0.200896,2063,2386,1669,3090,2041,3110
-0.040122,-0.075178,0.567298,-0.226039,0.115852,-0.204768,2072,2386,1671,3090,2044,3110
-0.040400,-0.074749,0.569180,-0.224960,0.115424,-0.206335,2082,2386,1672,3090,2050,3110
-0.040805,-0.075354,0.577651,-0.219487,0.116029,-0.212813,2093,2386,1672,3090,2058,3110
-0.039253,-0.071694,0.557432,-0.232123,0.112369,-0.196953,2103,2386,1672,3090,2068,3110
-0.040625,-0.075727,0.590058,-0.210903,0.116401,-0.221773,2119,2386,1673,3090,2081,3110
-0.040510,-0.074816,0.586458,-0.213272,0.115491,-0.219060,2126,2386,1673,3090,2086,3110
-0.039885,-0.073757,0.586478,-0.212800,0.114432,-0.218648,2136,2386,1674,3090,2093,3110
-0.037752,-0.069832,0.562800,-0.227368,0.110507,-0.199861,2146,2386,1674,3090,2101,3110
-0.040067,-0.074270,0.599860,-0.203818,0.114945,-0.228569,2157,2386,1674,3090,2109,3110
-0.039477,-0.073776,0.599887,-0.203368,0.114451,-0.228187,2167,2386,1674,3090,2114,3110
-0.039998,-0.075695,0.619866,-0.190140,0.116369,-0.243168,2179,2386,1672,3090,2121,3110
-0.039461,-0.075294,0.616760,-0.191862,0.115968,-0.240529,2191,2386,1672,3090,2128,3110
-0.039431,-0.075930,0.627662,-0.184414,0.116605,-0.248490,2203,2386,1672,3090,2136,3110
-0.038816,-0.075593,0.629646,-0.182612,0.116268,-0.249523,2216,2386,1672,3090,2146,3110
-0.038157,-0.075289,0.631197,-0.181073,0.115964,-0.250210,2231,2386,1674,3090,2159,3110
-0.037455,-0.075720,0.641431,-0.173588,0.116395,-0.257224,2242,2386,1676,3090,2168,3110
-0.035072,-0.074258,0.638366,-0.173931,0.114932,-0.253357,2255,2386,1677,3090,2179,3110
-0.034311,-0.075048,0.651532,-0.164405,0.115723,-0.262478,2269,2386,1677,3090,2188,3110
-0.032495,-0.073920,0.651504,-0.163095,0.114594,-0.261220,2283,2386,1678,3090,2197,3110
-0.031250,-0.075996,0.674147,-0.146759,0.116671,-0.276949,2297,2386,1678,3090,2204,3110
-0.029065,-0.074573,0.664046,-0.152040,0.115247,-0.268066,2311,2386,1678,3090,2211,3110
-0.027872,-0.075327,0.673740,-0.144564,0.116002,-0.274350,2326,2386,1677,3090,2219,3110
-0.026118,-0.075028,0.675523,-0.142065,0.115703,-0.274461,2340,2386,1676,3090,2228,3110
-0.024966,-0.076380,0.690397,-0.131089,0.117055,-0.284565,2355,2386,1676,3090,2238,3110
-0.013344,-0.075071,0.700063,-0.115997,0.115746,-0.283725,2416,2385,1671,3090,2290,3110
-0.010927,-0.076538,0.713397,-0.105144,0.117213,-0.291840,2423,2385,1669,3090,2291,3110
-0.010672,-0.076370,0.703426,-0.111749,0.117045,-0.284367,2390,2385,1669,3090,2281,3110
-0.038164,-0.076343,0.631310,-0.181001,0.117018,-0.250297,2169,2385,1668,3089,2066,3110
-0.039276,-0.075757,0.620136,-0.189427,0.116432,-0.242875,2151,2385,1668,3089,2049,3110
-0.042213,-0.075581,0.579477,-0.219274,0.116256,-0.215109,2047,2385,1669,3089,1978,3110
-0.041014,-0.075166,0.561213,-0.230837,0.115841,-0.200920,2016,2385,1669,3089,1961,3110
-0.040388,-0.074844,0.554693,-0.234820,0.115519,-0.195720,2001,2385,1669,3089,1951,3110
-0.040047,-0.075819,0.555201,-0.234225,0.116494,-0.195860,1988,2385,1669,3089,1942,3110
-0.037895,-0.074905,0.538710,-0.243883,0.115579,-0.182322,1962,2385,1669,3089,1924,3110
-0.036260,-0.072699,0.516010,-0.258149,0.113374,-0.164589,1952,2385,1669,3089,1915,3110
-0.035468,-0.074777,0.526639,-0.250328,0.115452,-0.171831,1941,2385,1671,3089,1907,3110
-0.034559,-0.075743,0.530628,-0.246946,0.116417,-0.174132,1931,2385,1673,3089,1901,3110
-0.033067,-0.074415,0.519558,-0.253395,0.115090,-0.165012,1921,2385,1675,3089,1895,3110
-0.032221,-0.074774,0.520364,-0.252226,0.115449,-0.165025,1911,2385,1677,3090,1888,3110
-0.030175,-0.073137,0.510055,-0.257750,0.113812,-0.156084,1903,2385,1677,3090,1882,3110
-0.029120,-0.072478,0.509237,-0.257535,0.113152,-0.154767,1895,2385,1677,3090,1875,3110
-0.026134,-0.072458,0.502912,-0.259657,0.113132,-0.148102,1878,2385,1677,3090,1860,3110
-0.025156,-0.072055,0.495875,-0.263735,0.112730,-0.142284,1871,2385,1677,3090,1853,3110
-0.024331,-0.072593,0.495715,-0.263240,0.113267,-0.141605,1864,2385,1677,3090,1847,3110
-0.023421,-0.072286,0.489490,-0.266814,0.112961,-0.136428,1854,2385,1677,3090,1839,3110
-0.022383,-0.072843,0.491606,-0.264613,0.113517,-0.137270,1850,2385,1677,3090,1836,3110
-0.021265,-0.071930,0.483075,-0.269606,0.112604,-0.130262,1845,2385,1677,3090,1832,3110
-0.020121,-0.072688,0.482782,-0.268968,0.113363,-0.129269,1839,2385,1677,3090,1827,3110
-0.019037,-0.072117,0.478718,-0.270943,0.112791,-0.125555,1834,2385,1677,3090,1821,3110
-0.018082,-0.071890,0.476178,-0.271973,0.112565,-0.123045,1829,2385,1677,3090,1817,3110
-0.017278,-0.072071,0.475725,-0.271693,0.112745,-0.122166,1823,2385,1677,3090,1816,3110
-0.016662,-0.071848,0.472848,-0.273202,0.112523,-0.119640,1818,2385,1677,3090,1816,3110
-0.015822,-0.071620,0.469976,-0.274544,0.112295,-0.116965,1812,2385,1677,3090,1816,3110
-0.014440,-0.070800,0.461174,-0.279528,0.111475,-0.109580,1807,2385,1677,3090,1816,3110
-0.013896,-0.072124,0.468685,-0.274013,0.112798,-0.114708,1802,2385,1677,3090,1815,3110
-0.012748,-0.071998,0.466235,-0.274842,0.112673,-0.112132,1797,2385,1677,3090,1808,3110
-0.011892,-0.071964,0.463981,-0.275750,0.112639,-0.109899,1791,2385,1677,3090,1799,3110
-0.011230,-0.072273,0.463973,-0.275271,0.112948,-0.109442,1786,2385,1676,3090,1790,3110
-0.009925,-0.072280,0.461727,-0.275846,0.112955,-0.106909,1780,2385,1676,3090,1784,3110
-0.008897,-0.071885,0.457370,-0.278061,0.112560,-0.103018,1774,2385,1676,3090,1780,3110
-0.008499,-0.072881,0.459073,-0.276610,0.113556,-0.103994,1767,2385,1676,3090,1780,3110
-0.006737,-0.072150,0.451651,-0.280376,0.112824,-0.097360,1759,2385,1676,3090,1780,3110
-0.005401,-0.071889,0.448222,-0.281733,0.112563,-0.093939,1751,2385,1676,3090,1780,3110
-0.003507,-0.072937,0.450961,-0.278481,0.113611,-0.094654,1742,2385,1676,3090,1779,3110
-0.001476,-0.072266,0.445720,-0.280564,0.112940,-0.089435,1734,2385,1676,3090,1776,3110
0.000723,-0.072612,0.445585,-0.279046,0.113287,-0.087837,1725,2385,1676,3090,1766,3110
0.002122,-0.071938,0.437523,-0.283513,0.112613,-0.080982,1716,2385,1676,3090,1756,3110
0.004296,-0.073009,0.440241,-0.280071,0.113683,-0.081492,1706,2385,1676,3090,1745,3110
0.006076,-0.072303,0.434878,-0.282420,0.112978,-0.076353,1696,2385,1676,3090,1735,3110
0.008442,-0.072161,0.429524,-0.284335,0.112835,-0.070822,1684,2385,1676,3090,1727,3110
0.010211,-0.072484,0.429286,-0.283202,0.113158,-0.069442,1671,2385,1676,3090,1719,3110
0.013738,-0.072080,0.423832,-0.284335,0.112754,-0.063046,1658,2385,1676,3092,1712,3110
0.016324,-0.071455,0.417546,-0.286724,0.112129,-0.056683,1644,2385,1676,3095,1704,3110
0.020293,-0.072227,0.418813,-0.282956,0.112902,-0.054907,1629,2385,1677,3098,1694,3110
0.024326,-0.070211,0.404996,-0.289415,0.110886,-0.042044,1614,2385,1677,3099,1684,3110
0.028638,-0.070878,0.405128,-0.286168,0.111552,-0.039204,1598,2385,1677,3100,1674,3110
0.033658,-0.071110,0.403279,-0.283752,0.111785,-0.034430,1582,2385,1677,3100,1664,3110
0.038564,-0.071139,0.400380,-0.282136,0.111814,-0.028966,1566,2385,1677,3100,1654,3110
0.042557,-0.070788,0.394350,-0.283320,0.111462,-0.021831,1550,2385,1677,3100,1643,3110
0.046933,-0.070323,0.386451,-0.285497,0.110997,-0.013068,1533,2385,1677,3100,1631,3110
0.051411,-0.069901,0.382665,-0.284797,0.110575,-0.007245,1516,2385,1677,3100,1619,3110
0.057140,-0.070004,0.378996,-0.283102,0.110678,-0.000657,1500,2385,1677,3100,1607,3110
0.061847,-0.069481,0.373560,-0.283359,0.110156,0.006530,1484,2385,1677,3100,1598,3110
0.072770,-0.069678,0.368215,-0.279004,0.110353,0.017883,1459,2385,1679,3101,1574,3110
0.078847,-0.070575,0.368183,-0.274576,0.111249,0.022046,1451,2385,1678,3101,1557,3110
0.081664,-0.069176,0.359204,-0.278630,0.109850,0.030539,1444,2385,1678,3100,1543,3110
0.083683,-0.068338,0.354007,-0.280692,0.109013,0.035719,1437,2385,1678,3100,1533,3110
0.085407,-0.067353,0.348986,-0.282850,0.108027,0.040569,1432,2385,1678,3100,1526,3110
0.088047,-0.068178,0.350379,-0.279969,0.108853,0.041348,1429,2385,1678,3100,1520,3110
0.091182,-0.068571,0.353104,-0.275817,0.109246,0.041488,1427,2385,1678,3100,1513,3110
0.091385,-0.067784,0.347695,-0.279354,0.108458,0.045586,1426,2385,1678,3100,1507,3110
0.093101,-0.068101,0.349939,-0.276569,0.108776,0.045113,1426,2385,1678,3100,1505,3110
0.093072,-0.067785,0.347651,-0.278148,0.108459,0.046768,1423,2385,1679,3100,1505,3110
0.093783,-0.067993,0.349335,-0.276481,0.108668,0.046019,1418,2385,1679,3100,1505,3110
0.093532,-0.066828,0.345037,-0.279592,0.107502,0.048995,1415,2385,1679,3101,1505,3110
0.095939,-0.067497,0.349786,-0.274595,0.108172,0.047158,1413,2385,1679,3101,1505,3110
0.098379,-0.068048,0.353438,-0.270320,0.108723,0.046146,1411,2385,1679,3101,1505,3110
0.099209,-0.068226,0.350643,-0.271617,0.108901,0.048758,1405,2385,1679,3101,1504,3110
0.099668,-0.068166,0.348189,-0.272952,0.108841,0.050867,1399,2385,1679,3101,1504,3110
0.100521,-0.067810,0.346233,-0.273661,0.108485,0.052880,1395,2385,1679,3101,1503,3110
0.103937,-0.068132,0.350109,-0.268519,0.108807,0.052369,1388,2385,1679,3101,1494,3110
0.106346,-0.067014,0.342870,-0.271687,0.107689,0.059310,1371,2385,1679,3101,1462,3110
0.108484,-0.067036,0.339403,-0.272483,0.107711,0.063305,1363,2385,1679,3101,1451,3110
0.111040,-0.066781,0.337476,-0.271925,0.107455,0.066457,1356,2385,1679,3101,1442,3110
0.114488,-0.066833,0.337767,-0.269203,0.107508,0.068592,1348,2385,1679,3101,1435,3110
0.116679,-0.066668,0.335355,-0.269242,0.107342,0.071850,1341,2385,1680,3101,1429,3110
0.123390,-0.066774,0.335955,-0.263920,0.107449,0.075983,1327,2385,1680,3101,1415,3110
0.126660,-0.066953,0.335434,-0.261880,0.107628,0.078592,1320,2385,1680,3101,1407,3110
0.144868,-0.067381,0.332824,-0.250328,0.108056,0.092906,1277,2385,1680,3101,1364,3110
0.146940,-0.067085,0.330725,-0.250241,0.107760,0.095853,1271,2385,1680,3101,1354,3110
0.121892,-0.066862,0.339512,-0.262594,0.107537,0.072358,1366,2386,1680,3101,1320,3110
0.039771,-0.066786,0.390165,-0.288210,0.107460,-0.020665,1575,2394,1668,3102,1503,3110
0.040013,-0.067979,0.384480,-0.291906,0.108653,-0.016338,1573,2382,1668,3102,1503,3110
0.041005,-0.071769,0.388613,-0.288364,0.112444,-0.018688,1573,2373,1668,3102,1503,3110
0.043022,-0.075772,0.389476,-0.286299,0.116447,-0.017946,1572,2364,1668,3102,1503,3110
0.034593,-0.076525,0.389597,-0.292387,0.117200,-0.023777,1609,2365,1678,3101,1510,3110
0.031697,-0.076349,0.393827,-0.291627,0.117023,-0.028846,1619,2366,1679,3101,1511,3110
0.025794,-0.076549,0.404187,-0.288891,0.117224,-0.040452,1629,2366,1679,3101,1511,3110
0.025545,-0.076217,0.401007,-0.291239,0.116892,-0.038293,1629,2366,1679,3101,1511,3110
0.024468,-0.076581,0.405363,-0.289061,0.117255,-0.042216,1630,2366,1678,3097,1511,3110
0.024143,-0.076282,0.401734,-0.291771,0.116957,-0.039780,1630,2366,1678,3096,1511,3110
0.023624,-0.076010,0.399835,-0.293445,0.116684,-0.038744,1630,2366,1678,3095,1511,3110
0.023624,-0.076010,0.399835,-0.293445,0.116684,-0.038744,1630,2366,1678,3094,1511,3110
0.023555,-0.076184,0.400812,-0.292829,0.116858,-0.039507,1630,2367,1678,3093,1511,3110
0.023520,-0.075891,0.399842,-0.293516,0.116566,-0.038820,1631,2367,1678,3093,1511,3110
0.022885,-0.075493,0.400644,-0.293434,0.116167,-0.039840,1634,2367,1678,3092,1511,3110
0.022244,-0.075427,0.400926,-0.293711,0.116102,-0.040483,1638,2367,1678,3092,1511,3110
0.022452,-0.075853,0.405051,-0.290749,0.116528,-0.043360,1640,2367,1678,3092,1511,3110
0.020629,-0.075990,0.404791,-0.292261,0.116665,-0.044413,1643,2367,1678,3091,1511,3110
0.019607,-0.075877,0.405402,-0.292593,0.116552,-0.045556,1650,2367,1678,3091,1511,3110
0.018620,-0.076267,0.408261,-0.291368,0.116942,-0.048321,1655,2367,1678,3091,1511,3110
0.017766,-0.075068,0.404437,-0.294598,0.115743,-0.046103,1659,2367,1678,3091,1511,3110
0.016448,-0.074870,0.403398,-0.296271,0.115545,-0.046240,1662,2367,1678,3091,1512,3110
0.015276,-0.076535,0.413099,-0.290521,0.117209,-0.054141,1670,2368,1678,3091,1522,3110
0.013727,-0.075627,0.412912,-0.291782,0.116302,-0.055060,1677,2368,1678,3091,1543,3110
0.012334,-0.075051,0.412412,-0.293142,0.115726,-0.055642,1683,2368,1678,3091,1570,3110
0.010932,-0.075739,0.417127,-0.290957,0.116414,-0.060049,1691,2368,1678,3091,1593,3110
0.010201,-0.075632,0.421253,-0.288682,0.116307,-0.063567,1699,2368,1678,3091,1610,3110
0.008642,-0.075403,0.421206,-0.289855,0.116077,-0.064596,1708,2368,1678,3091,1619,3110
0.007504,-0.075991,0.425450,-0.287797,0.116665,-0.068477,1718,2368,1678,3093,1621,3110
0.003630,-0.075978,0.427460,-0.289264,0.116653,-0.072588,1737,2368,1678,3094,1622,3110
-0.041073,-0.076119,0.608590,-0.198608,0.116793,-0.235646,2144,2400,1678,3091,2015,3110
-0.042970,-0.075276,0.626521,-0.187782,0.115950,-0.250066,2143,2408,1677,3090,2015,3110
-0.042035,-0.070034,0.608004,-0.199712,0.110708,-0.235872,2139,2414,1673,3090,2015,3110
-0.042904,-0.067732,0.609999,-0.198989,0.108407,-0.237925,2138,2416,1669,3090,2015,3110
-0.044375,-0.067177,0.609500,-0.200405,0.107851,-0.238561,2134,2416,1667,3090,2015,3110
-0.045601,-0.068761,0.616711,-0.196390,0.109436,-0.244676,2128,2416,1667,3089,2015,3110
-0.044959,-0.068163,0.609319,-0.200956,0.108838,-0.238827,2122,2416,1667,3089,2015,3110
-0.044566,-0.067188,0.598285,-0.208185,0.107863,-0.230481,2119,2416,1667,3089,2015,3110
-0.044448,-0.067258,0.599071,-0.207563,0.107933,-0.230976,2116,2416,1667,3089,2015,3110
-0.044197,-0.067031,0.592298,-0.211993,0.107705,-0.225846,2116,2416,1667,3089,2014,3110
-0.045607,-0.068893,0.606695,-0.203218,0.109567,-0.237347,2108,2415,1666,3089,2013,3110
-0.044419,-0.067465,0.590068,-0.213674,0.108139,-0.224365,2101,2415,1666,3089,1987,3110
-0.044507,-0.067737,0.585511,-0.216843,0.108412,-0.221089,2095,2414,1666,3089,1972,3110
-0.044886,-0.068410,0.589837,-0.214174,0.109085,-0.224514,2086,2414,1666,3089,1961,3110
-0.044601,-0.067465,0.579500,-0.221007,0.108140,-0.216752,2079,2414,1666,3089,1956,3110
-0.044035,-0.066802,0.571956,-0.225731,0.107477,-0.210844,2070,2413,1667,3090,1956,3110
-0.045003,-0.069425,0.590202,-0.214010,0.110099,-0.224861,2060,2411,1667,3091,1956,3110
-0.043760,-0.068545,0.577188,-0.221966,0.109220,-0.214486,2050,2409,1667,3095,1955,3110
-0.042392,-0.068673,0.568428,-0.226931,0.109348,-0.207141,2040,2407,1667,3097,1955,3110
-0.041718,-0.069832,0.567238,-0.227249,0.110506,-0.205811,2028,2407,1667,3099,1954,3110
-0.040706,-0.071066,0.567267,-0.226488,0.111740,-0.205143,2017,2406,1667,3099,1954,3110
-0.039953,-0.073038,0.568868,-0.224846,0.113712,-0.205802,2006,2406,1667,3099,1954,3110
-0.038586,-0.072506,0.560097,-0.229820,0.113181,-0.198449,1996,2406,1667,3099,1954,3110
-0.037382,-0.072192,0.551659,-0.234686,0.112867,-0.191452,1981,2406,1668,3099,1953,3110
-0.035061,-0.070373,0.535173,-0.244217,0.111048,-0.177802,1975,2406,1670,3099,1953,3110
-0.034980,-0.070447,0.536393,-0.243327,0.111121,-0.178639,1966,2406,1671,3099,1948,3110
-0.032421,-0.069723,0.531379,-0.244869,0.110398,-0.173226,1942,2406,1672,3099,1908,3110
-0.031522,-0.068429,0.520423,-0.251674,0.109104,-0.164592,1929,2407,1672,3099,1888,3110
-0.031305,-0.069360,0.523695,-0.249286,0.110035,-0.166840,1916,2407,1672,3099,1874,3110
-0.030289,-0.068566,0.517316,-0.252888,0.109240,-0.161477,1902,2407,1673,3099,1863,3110
-0.028710,-0.067878,0.509363,-0.257149,0.108552,-0.154579,1888,2407,1674,3099,1853,3110
-0.027123,-0.067185,0.502822,-0.260443,0.107859,-0.148709,1874,2408,1674,3099,1842,3110
-0.024959,-0.067440,0.499366,-0.261212,0.108115,-0.144705,1860,2408,1674,3099,1827,3110
-0.023328,-0.067534,0.498779,-0.260419,0.108208,-0.143165,1846,2409,1674,3099,1812,3110
-0.039741,-0.067362,0.538776,-0.245190,0.108036,-0.183627,2011,2415,1667,3091,1887,3110
-0.040905,-0.068536,0.546327,-0.240898,0.109210,-0.189948,2021,2415,1667,3091,1890,3110
-0.040768,-0.068580,0.546934,-0.240384,0.109254,-0.190300,2030,2415,1667,3091,1890,3110
-0.041086,-0.067966,0.545269,-0.241751,0.108641,-0.189297,2040,2415,1667,3091,1890,3110
-0.042510,-0.068953,0.555297,-0.235962,0.109628,-0.197608,2050,2415,1667,3091,1890,3110
-0.042845,-0.068332,0.553656,-0.237325,0.109006,-0.196635,2059,2414,1667,3091,1890,3110
-0.044483,-0.070599,0.572139,-0.225934,0.111274,-0.211283,2067,2412,1666,3091,1891,3110
-0.045020,-0.071456,0.581045,-0.220261,0.112131,-0.218169,2076,2407,1666,3091,1891,3110
-0.044692,-0.070486,0.571140,-0.226768,0.111160,-0.210693,2085,2403,1666,3091,1891,3110
-0.044770,-0.070739,0.569258,-0.228107,0.111414,-0.209369,2097,2400,1666,3091,1891,3110
-0.045449,-0.072894,0.581042,-0.220577,0.113568,-0.218458,2109,2399,1666,3090,1891,3110
-0.045731,-0.074483,0.587696,-0.216251,0.115158,-0.223523,2120,2399,1666,3090,1892,3110
-0.045989,-0.075371,0.591095,-0.214124,0.116046,-0.226187,2128,2399,1666,3090,1900,3110
-0.046136,-0.074232,0.589673,-0.215201,0.114907,-0.225245,2134,2399,1666,3090,1920,3110
-0.047176,-0.075848,0.606321,-0.204621,0.116522,-0.238142,2139,2399,1666,3090,1947,3110
-0.047001,-0.076353,0.610611,-0.201571,0.117027,-0.241163,2142,2398,1666,3090,1970,3110
-0.046072,-0.076103,0.608454,-0.202360,0.116777,-0.238951,2146,2398,1666,3090,1995,3110
-0.043253,-0.076460,0.607803,-0.200739,0.117134,-0.236555,2152,2394,1666,3090,2018,3110
-0.041764,-0.075816,0.600544,-0.204594,0.116491,-0.230226,2153,2390,1666,3091,2018,3110
-0.041488,-0.076543,0.603829,-0.202154,0.117218,-0.232443,2153,2389,1666,3091,2017,3110
-0.039618,-0.075758,0.586959,-0.212277,0.116433,-0.218819,2152,2389,1667,3093,2020,3110
-0.040056,-0.075643,0.589674,-0.210749,0.116317,-0.221104,2152,2389,1667,3091,2017,3110
-0.040495,-0.075718,0.592451,-0.209179,0.116392,-0.223437,2150,2389,1667,3091,2017,3110
-0.040943,-0.075271,0.585781,-0.214050,0.115945,-0.218859,2148,2389,1667,3091,2016,3110
-0.041025,-0.076126,0.589654,-0.211471,0.116801,-0.221750,2145,2388,1666,3091,2016,3110
-0.040913,-0.075498,0.581426,-0.216994,0.116173,-0.215650,2145,2388,1666,3091,2016,3110
-0.041136,-0.076366,0.591267,-0.210454,0.117041,-0.223007,2145,2388,1666,3091,2016,3110
-0.040918,-0.075016,0.588618,-0.212099,0.115691,-0.220919,2145,2389,1666,3091,2015,3110
-0.042275,-0.076234,0.600019,-0.205326,0.116908,-0.230189,2145,2390,1667,3091,2015,3110
-0.043436,-0.076335,0.610446,-0.199073,0.117010,-0.238615,2145,2395,1667,3090,2015,3110
-0.043429,-0.075315,0.610338,-0.199142,0.115990,-0.238530,2145,2395,1667,3090,2015,3110
-0.043335,-0.074778,0.605718,-0.202220,0.115452,-0.235084,2145,2395,1667,3090,2015,3110
-0.042530,-0.074328,0.600413,-0.205244,0.115003,-0.230652,2145,2395,1667,3090,2015,3110
-0.042085,-0.073400,0.590913,-0.211390,0.114074,-0.223393,2145,2395,1667,3090,2015,3110
-0.042924,-0.074752,0.599754,-0.205982,0.115427,-0.230438,2144,2395,1667,3090,2015,3110
-0.044030,-0.076306,0.616057,-0.195686,0.116980,-0.243127,2144,2396,1667,3090,2015,3110
-0.043335,-0.074778,0.605718,-0.202220,0.115452,-0.235084,2144,2396,1667,3090,2015,3110
-0.042978,-0.073790,0.600012,-0.205845,0.114464,-0.230664,2144,2396,1667,3090,2015,3110
-0.042245,-0.072272,0.589543,-0.212440,0.112947,-0.222500,2142,2397,1667,3090,2015,3110
-0.043421,-0.074297,0.610230,-0.199210,0.114971,-0.238446,2141,2398,1667,3090,2015,3110
-0.043421,-0.074297,0.610230,-0.199210,0.114971,-0.238446,2141,2398,1668,3090,2015,3110
-0.042070,-0.071425,0.590691,-0.211530,0.112100,-0.223221,2140,2399,1668,3090,2015,3110
-0.043414,-0.073278,0.610124,-0.199277,0.113953,-0.238363,2140,2399,1668,3090,2015,3110
-0.042846,-0.072525,0.608366,-0.200058,0.113199,-0.236690,2140,2399,1668,3090,2015,3110
-0.042624,-0.071179,0.598683,-0.206492,0.111854,-0.229450,2140,2399,1668,3090,2015,3110
-0.042062,-0.070439,0.590582,-0.211598,0.111114,-0.223136,2140,2399,1668,3090,2015,3110
-0.043646,-0.072310,0.607823,-0.201014,0.112984,-0.236837,2140,2399,1668,3090,2015,3110
-0.043407,-0.072260,0.610019,-0.199343,0.112935,-0.238282,2140,2399,1668,3090,2015,3110
-0.043407,-0.072260,0.610019,-0.199343,0.112935,-0.238282,2140,2400,1668,3090,2015,3110
-0.042890,-0.070882,0.596049,-0.208481,0.111557,-0.227702,2140,2400,1668,3090,2015,3110
-0.043324,-0.071764,0.605557,-0.202321,0.112438,-0.234959,2140,2400,1668,3090,2015,3110
-0.043611,-0.071897,0.606722,-0.201738,0.112571,-0.236007,2140,2400,1668,3090,2015,3110
-0.042890,-0.070882,0.596049,-0.208481,0.111557,-0.227702,2139,2400,1668,3090,2015,3110
-0.043611,-0.071897,0.606722,-0.201738,0.112571,-0.236007,2139,2400,1668,3090,2015,3110
-0.044029,-0.073257,0.616040,-0.195697,0.113931,-0.243114,2139,2400,1668,3090,2015,3110
-0.043611,-0.071897,0.606722,-0.201738,0.112571,-0.236007,2139,2400,1668,3090,2015,3110
-0.043611,-0.071897,0.606722,-0.201738,0.112571,-0.236007,2138,2400,1668,3090,2015,3110
-0.043611,-0.071897,0.606722,-0.201738,0.112571,-0.236007,2138,2400,1668,3090,2015,3110
-0.043324,-0.071764,0.605557,-0.202321,0.112438,-0.234959,2137,2400,1668,3090,2015,3110
-0.043611,-0.071897,0.606722,-0.201738,0.112571,-0.236007,2135,2400,1668,3090,2015,3110
-0.043007,-0.071271,0.599581,-0.206160,0.111945,-0.230368,2130,2400,1668,3090,2015,3110
-0.042890,-0.070882,0.596049,-0.208481,0.111557,-0.227702,2128,2400,1668,3090,2015,3110
-0.043445,-0.071336,0.600127,-0.206109,0.112010,-0.231066,2125,2400,1668,3090,2015,3110
-0.042564,-0.070443,0.590651,-0.211919,0.111118,-0.223528,2120,2400,1668,3090,2015,3110
-0.042499,-0.070420,0.590395,-0.212046,0.111095,-0.223297,2116,2400,1668,3090,2015,3110
-0.043222,-0.071228,0.599483,-0.206384,0.111903,-0.230443,2113,2400,1669,3090,2015,3110
-0.042730,-0.070479,0.588351,-0.213607,0.111153,-0.221958,2108,2400,1669,3090,2014,3110
-0.043006,-0.071501,0.594750,-0.209450,0.112176,-0.226830,2103,2400,1669,3090,2014,3110
-0.042422,-0.070916,0.586178,-0.214862,0.111591,-0.220157,2098,2400,1668,3090,2012,3110
-0.043075,-0.071393,0.590390,-0.212471,0.112068,-0.223685,2093,2400,1668,3090,1998,3110
-0.042712,-0.071229,0.585575,-0.215485,0.111903,-0.219913,2087,2400,1668,3090,1979,3110
-0.043484,-0.072390,0.590582,-0.212640,0.113064,-0.224104,2081,2400,1668,3090,1960,3110
-0.042966,-0.071028,0.577274,-0.221326,0.111703,-0.214009,2074,2400,1668,3090,1948,3110
-0.043125,-0.070625,0.572383,-0.224774,0.111299,-0.210536,2065,2400,1668,3090,1945,3110
-0.043551,-0.071731,0.575205,-0.223163,0.112405,-0.212892,2056,2400,1668,3090,1945,3110
-0.044197,-0.072881,0.581164,-0.219578,0.113555,-0.217695,2047,2400,1668,3090,1945,3110
-0.043567,-0.072829,0.577225,-0.221799,0.113503,-0.214382,2039,2400,1668,3090,1945,3110
-0.040428,-0.068527,0.539796,-0.244997,0.109201,-0.184842,2030,2400,1668,3090,1945,3110
-0.042157,-0.072035,0.563083,-0.230400,0.112709,-0.203069,2021,2400,1668,3090,1945,3110
-0.040882,-0.071708,0.555194,-0.234840,0.112383,-0.196424,2012,2400,1669,3090,1945,3110
-0.040106,-0.071280,0.551640,-0.236694,0.111955,-0.193293,2004,2400,1671,3090,1945,3110
-0.039397,-0.070791,0.546627,-0.239589,0.111465,-0.189140,1996,2400,1675,3090,1945,3110
-0.039198,-0.071281,0.551645,-0.236025,0.111956,-0.192679,1987,2400,1676,3090,1945,3110
-0.037981,-0.070359,0.546751,-0.238468,0.111033,-0.188267,1977,2400,1676,3090,1945,3110
-0.035866,-0.068685,0.536443,-0.243941,0.109359,-0.179279,1968,2400,1676,3090,1945,3110
-0.035126,-0.068388,0.532537,-0.246060,0.109062,-0.175916,1958,2400,1677,3090,1945,3110
-0.033945,-0.067571,0.524489,-0.250678,0.108245,-0.169219,1949,2400,1677,3090,1944,3110
-0.033392,-0.068789,0.528742,-0.247376,0.109464,-0.171956,1938,2400,1677,3091,1939,3110
-0.031726,-0.068058,0.519615,-0.252373,0.108733,-0.164140,1928,2400,1677,3091,1922,3110
-0.030692,-0.068092,0.516963,-0.253423,0.108766,-0.161494,1917,2400,1677,3091,1899,3110
-0.029792,-0.068575,0.516170,-0.253304,0.109250,-0.160299,1906,2400,1677,3091,1878,3110
-0.028858,-0.067436,0.505760,-0.259712,0.108110,-0.152042,1895,2400,1677,3091,1863,3110
-0.028014,-0.068167,0.506306,-0.258723,0.108842,-0.151867,1884,2400,1677,3091,1853,3110
-0.026915,-0.067953,0.502159,-0.260742,0.108628,-0.148083,1873,2400,1677,3091,1847,3110
-0.025740,-0.067822,0.498707,-0.262233,0.108496,-0.144755,1862,2400,1677,3091,1839,3110
-0.023911,-0.068079,0.495537,-0.263053,0.108754,-0.141188,1852,2400,1677,3091,1827,3110
-0.022694,-0.067715,0.488840,-0.266724,0.108390,-0.135456,1841,2400,1677,3091,1812,3110
-0.020871,-0.067552,0.483086,-0.269310,0.108227,-0.130002,1832,2400,1677,3091,1796,3110
-0.019806,-0.067779,0.482163,-0.269159,0.108453,-0.128601,1823,2400,1677,3091,1782,3110
-0.017011,-0.067906,0.476137,-0.271217,0.108581,-0.122286,1805,2400,1677,3091,1761,3110
-0.015320,-0.067243,0.469729,-0.274344,0.107918,-0.116442,1797,2400,1677,3091,1751,3110
-0.013604,-0.067090,0.464948,-0.276345,0.107764,-0.111773,1787,2400,1677,3091,1741,3110
-0.012418,-0.068035,0.466954,-0.274110,0.108709,-0.112434,1778,2400,1677,3091,1732,3110
-0.010880,-0.066876,0.456493,-0.280110,0.107550,-0.103727,1768,2400,1677,3091,1722,3110
-0.009017,-0.067360,0.457868,-0.277810,0.108034,-0.103465,1758,2400,1677,3091,1713,3110
-0.007100,-0.067748,0.453841,-0.279149,0.108423,-0.099211,1748,2400,1677,3091,1704,3110
-0.005068,-0.067665,0.448937,-0.281002,0.108340,-0.094237,1738,2400,1677,3091,1695,3110
-0.003287,-0.067516,0.446518,-0.281346,0.108191,-0.091252,1728,2400,1677,3091,1687,3110
-0.000774,-0.067344,0.441168,-0.283151,0.108019,-0.085624,1718,2400,1677,3091,1680,3110
0.001039,-0.067235,0.437397,-0.284392,0.107910,-0.081627,1707,2400,1677,3091,1672,3110
0.006328,-0.067133,0.430474,-0.285236,0.107807,-0.072956,1685,2400,1677,3091,1657,3110
0.011942,-0.067564,0.427887,-0.282888,0.108239,-0.067239,1661,2400,1677,3092,1641,3110
0.014875,-0.066720,0.417520,-0.287802,0.107395,-0.057651,1650,2400,1677,3094,1632,3110
0.017861,-0.067750,0.418129,-0.285202,0.108425,-0.056063,1637,2400,1677,3095,1621,3110
0.030808,-0.067334,0.400926,-0.287442,0.108009,-0.034649,1590,2397,1671,3099,1578,3110
0.034746,-0.068050,0.395462,-0.288281,0.108725,-0.027966,1579,2395,1670,3099,1569,3110
0.036897,-0.068520,0.389000,-0.291108,0.109195,-0.021770,1567,2393,1669,3099,1560,3110
0.040723,-0.069960,0.387385,-0.289407,0.110635,-0.017981,1558,2391,1669,3099,1553,3110
0.044123,-0.071088,0.385556,-0.288164,0.111763,-0.014326,1548,2391,1669,3100,1545,3110
0.047568,-0.073071,0.386887,-0.284734,0.113745,-0.012954,1537,2391,1669,3100,1534,3110
0.051007,-0.072974,0.382834,-0.284978,0.113648,-0.007644,1530,2391,1669,3100,1527,3110
0.052790,-0.071856,0.375346,-0.288773,0.112530,-0.000948,1523,2391,1671,3100,1518,3110
0.055837,-0.071688,0.373797,-0.287598,0.112363,0.002262,1515,2391,1672,3100,1509,3110
0.058807,-0.071777,0.374285,-0.285091,0.112451,0.003928,1508,2391,1673,3100,1503,3110
0.060991,-0.071165,0.370915,-0.285788,0.111839,0.007883,1501,2391,1674,3100,1496,3110
0.063293,-0.070724,0.368944,-0.285445,0.111398,0.010894,1487,2391,1674,3100,1486,3110
0.065944,-0.070333,0.368487,-0.283816,0.111008,0.013035,1483,2391,1674,3100,1483,3110
0.067963,-0.069844,0.365615,-0.284293,0.110519,0.016512,1475,2391,1674,3100,1478,3110
0.071167,-0.069690,0.362037,-0.284385,0.110365,0.021315,1467,2391,1672,3100,1472,3110
0.074732,-0.070289,0.362591,-0.281398,0.110964,0.023337,1459,2391,1669,3100,1465,3110
0.077154,-0.071022,0.360117,-0.281310,0.111697,0.026798,1452,2390,1669,3100,1459,3110
0.079162,-0.071680,0.358358,-0.281039,0.112355,0.029454,1446,2390,1669,3100,1455,3110
0.081420,-0.071523,0.353270,-0.282851,0.112198,0.034716,1442,2390,1669,3100,1452,3110
0.083339,-0.071491,0.349061,-0.284313,0.112165,0.039106,1441,2390,1669,3100,1450,3110
0.084993,-0.071803,0.351186,-0.281655,0.112478,0.038677,1443,2390,1669,3100,1450,3110
0.085566,-0.071799,0.351165,-0.281249,0.112474,0.039082,1447,2390,1669,3100,1450,3110
0.085608,-0.071648,0.353967,-0.279310,0.112322,0.037059,1451,2390,1669,3100,1450,3110
0.083300,-0.071099,0.352056,-0.282302,0.111774,0.036886,1457,2390,1669,3100,1450,3110
0.081623,-0.071290,0.355162,-0.281414,0.111964,0.033469,1468,2390,1669,3100,1451,3110
0.078853,-0.070933,0.354874,-0.283637,0.111607,0.031794,1478,2390,1669,3100,1453,3110
0.076003,-0.070924,0.354368,-0.286069,0.111598,0.030223,1487,2390,1669,3100,1454,3110
0.073049,-0.071692,0.359501,-0.284734,0.112367,0.024453,1499,2390,1669,3100,1456,3110
0.067827,-0.069907,0.354985,-0.291635,0.110581,0.024202,1513,2391,1669,3100,1457,3110
0.064731,-0.071179,0.367049,-0.285683,0.111854,0.013261,1528,2391,1669,3100,1457,3110
0.059785,-0.070153,0.363705,-0.291581,0.110828,0.012340,1542,2391,1669,3100,1458,3110
0.054291,-0.070085,0.365775,-0.294194,0.110760,0.007082,1557,2391,1669,3100,1458,3110
0.050200,-0.070545,0.372584,-0.292551,0.111220,-0.000690,1573,2391,1669,3098,1458,3110
0.045496,-0.070804,0.377793,-0.292446,0.111479,-0.007708,1587,2391,1669,3094,1458,3110
0.040244,-0.070455,0.378612,-0.295734,0.111130,-0.011885,1603,2392,1668,3091,1458,3110
0.033820,-0.068703,0.373276,-0.304072,0.109377,-0.012355,1621,2392,1668,3091,1459,3110
0.029516,-0.070042,0.384835,-0.299348,0.110717,-0.023749,1633,2393,1668,3091,1460,3110
0.024496,-0.069877,0.387228,-0.301394,0.110552,-0.028921,1648,2393,1668,3091,1466,3110
0.020366,-0.069811,0.391354,-0.301607,0.110486,-0.034754,1662,2394,1668,3091,1483,3110
0.016246,-0.071315,0.403612,-0.296273,0.111990,-0.046534,1678,2395,1668,3090,1506,3110
0.012074,-0.070028,0.403865,-0.299155,0.110703,-0.049562,1694,2396,1668,3090,1527,3110
0.008808,-0.069809,0.407426,-0.299120,0.110484,-0.054393,1708,2397,1668,3090,1545,3110
0.004951,-0.069978,0.419817,-0.293504,0.110653,-0.066093,1723,2398,1668,3090,1559,3110
0.001905,-0.069593,0.425754,-0.291689,0.110267,-0.072514,1739,2398,1668,3090,1573,3110
-0.002033,-0.069249,0.430385,-0.291418,0.109923,-0.078587,1757,2398,1668,3090,1589,3110
-0.005116,-0.069779,0.440257,-0.286950,0.110453,-0.087914,1776,2398,1668,3090,1607,3110
-0.009141,-0.069926,0.441416,-0.289108,0.110601,-0.091505,1795,2397,1668,3090,1626,3110
-0.012591,-0.070566,0.447548,-0.287456,0.111241,-0.098344,1815,2397,1668,3090,1647,3110
-0.016247,-0.071268,0.458261,-0.282835,0.111942,-0.108677,1835,2397,1668,3090,1668,3110
-0.020009,-0.070843,0.461478,-0.283398,0.111518,-0.113596,1857,2397,1668,3090,1690,3110
-0.023035,-0.072036,0.478162,-0.274248,0.112710,-0.127872,1878,2397,1668,3090,1715,3110
-0.026532,-0.071492,0.484706,-0.272351,0.112166,-0.135045,1899,2397,1668,3090,1740,3110
-0.029755,-0.072083,0.494900,-0.267766,0.112757,-0.144702,1920,2397,1668,3090,1766,3110
-0.032074,-0.071658,0.495934,-0.268759,0.112333,-0.147040,1941,2396,1668,3090,1788,3110
-0.034125,-0.071640,0.501831,-0.266244,0.112315,-0.152753,1962,2396,1668,3090,1808,3110
-0.037506,-0.074424,0.527195,-0.251441,0.115099,-0.173627,1982,2396,1668,3090,1826,3110
-0.037306,-0.070986,0.508650,-0.263928,0.111661,-0.159912,2001,2396,1668,3090,1843,3110
-0.039899,-0.073003,0.529627,-0.251536,0.113678,-0.177037,2020,2396,1668,3090,1861,3110
-0.041520,-0.073808,0.545229,-0.242096,0.114482,-0.189563,2038,2396,1668,3090,1878,3110
-0.042722,-0.073560,0.555355,-0.236078,0.114235,-0.197795,2053,2396,1668,3091,1894,3110
-0.042383,-0.072429,0.553584,-0.237036,0.113104,-0.196268,2067,2396,1668,3093,1908,3110
-0.043572,-0.074425,0.572562,-0.224979,0.115100,-0.210972,2079,2395,1668,3098,1920,3110
-0.042821,-0.072418,0.562353,-0.231384,0.113093,-0.202986,2089,2393,1670,3100,1928,3110
-0.041897,-0.073354,0.571497,-0.224478,0.114029,-0.209051,2097,2391,1674,3100,1933,3110
-0.039970,-0.071388,0.555116,-0.234226,0.112063,-0.195746,2102,2390,1675,3101,1934,3110
-0.041045,-0.075647,0.589776,-0.211403,0.116322,-0.221852,2107,2390,1676,3101,1939,3110
-0.039889,-0.075214,0.580348,-0.216979,0.115889,-0.214162,2110,2389,1676,3101,1946,3110
-0.035295,-0.072099,0.560432,-0.227182,0.112773,-0.196453,2121,2388,1677,3102,1993,3110
-0.038192,-0.075905,0.591456,-0.208170,0.116580,-0.221140,2121,2388,1677,3102,1992,3110
-0.038192,-0.075905,0.591456,-0.208170,0.116580,-0.221140,2121,2388,1678,3102,1992,3110
-0.036539,-0.072501,0.569044,-0.222226,0.113176,-0.203606,2121,2388,1678,3102,1992,3110
-0.037868,-0.075712,0.589827,-0.209043,0.116387,-0.219727,2121,2388,1678,3102,1992,3110
-0.037684,-0.076350,0.591118,-0.208028,0.117025,-0.220546,2121,2387,1678,3102,1992,3110
-0.035422,-0.073118,0.558456,-0.228622,0.113793,-0.195093,2121,2383,1679,3102,1992,3110
-0.022388,-0.075889,0.587309,-0.199425,0.116564,-0.207338,2100,2292,1824,3038,2049,3109
-0.022789,-0.075333,0.581581,-0.203620,0.116007,-0.203418,2100,2291,1824,3038,2045,3109
-0.023522,-0.075710,0.578278,-0.206407,0.116384,-0.201498,2098,2290,1824,3038,2045,3109
-0.020368,-0.076448,0.577879,-0.204370,0.117123,-0.199058,2096,2291,1824,3048,2044,3109
-0.020807,-0.076253,0.581010,-0.202558,0.116927,-0.201649,2096,2291,1824,3048,2044,3109
-0.023123,-0.076629,0.589452,-0.198503,0.117304,-0.209407,2096,2292,1824,3039,2051,3109
-0.023123,-0.076629,0.589452,-0.198503,0.117304,-0.209407,2096,2292,1824,3039,2053,3109
-0.023015,-0.075245,0.580642,-0.204425,0.115919,-0.202884,2096,2292,1824,3039,2056,3109
-0.022412,-0.074779,0.577589,-0.206063,0.115454,-0.200238,2096,2293,1824,3039,2069,3109
-0.023164,-0.075882,0.587255,-0.200029,0.116556,-0.207827,2095,2293,1824,3038,2086,3109
-0.022784,-0.074360,0.581466,-0.203695,0.115034,-0.203330,2095,2294,1824,3038,2099,3109
-0.023095,-0.075388,0.591246,-0.197261,0.116062,-0.210701,2095,2294,1824,3038,2100,3109
-0.022748,-0.074611,0.589224,-0.198384,0.115285,-0.208985,2095,2294,1824,3038,2099,3109
-0.022081,-0.073679,0.581154,-0.203393,0.114353,-0.202623,2095,2294,1824,3038,2099,3109
-0.022748,-0.074611,0.589224,-0.198384,0.115285,-0.208985,2095,2294,1824,3038,2099,3109
-0.022547,-0.074826,0.587263,-0.199573,0.115501,-0.207412,2095,2294,1824,3038,2099,3109
-0.022748,-0.074611,0.589224,-0.198384,0.115285,-0.208985,2095,2295,1824,3038,2098,3109
-0.022048,-0.073297,0.580364,-0.203907,0.113971,-0.202021,2095,2297,1824,3038,2098,3109
-0.022941,-0.073763,0.596249,-0.193740,0.114438,-0.214260,2096,2302,1824,3038,2098,3109
-0.022732,-0.071937,0.578112,-0.205942,0.112612,-0.200839,2096,2306,1823,3038,2098,3109
-0.023531,-0.072795,0.589959,-0.198456,0.113469,-0.210057,2097,2307,1823,3038,2098,3109
-0.023475,-0.072905,0.596572,-0.193911,0.113579,-0.214860,2098,2307,1823,3038,2097,3109
-0.023300,-0.070788,0.586853,-0.200403,0.111463,-0.207625,2098,2307,1823,3038,2097,3109
-0.023355,-0.071046,0.587295,-0.200143,0.111721,-0.207986,2098,2307,1822,3038,2095,3109
-0.023355,-0.072014,0.587297,-0.200141,0.112689,-0.207988,2098,2307,1822,3038,2088,3109
-0.023355,-0.072014,0.587297,-0.200141,0.112689,-0.207988,2098,2307,1822,3038,2080,3109
-0.023472,-0.070398,0.580149,-0.205095,0.111072,-0.202834,2097,2307,1823,3038,2075,3109
-0.023612,-0.071308,0.589606,-0.198756,0.111982,-0.209854,2096,2307,1823,3038,2072,3109
-0.023743,-0.070057,0.581546,-0.204342,0.110732,-0.204041,2096,2307,1823,3038,2072,3109
-0.023484,-0.069964,0.580472,-0.204884,0.110638,-0.203079,2096,2307,1823,3038,2073,3109
-0.024222,-0.071265,0.589659,-0.199166,0.111939,-0.210308,2096,2307,1823,3038,2075,3109
-0.023484,-0.069964,0.580472,-0.204884,0.110638,-0.203079,2095,2307,1823,3038,2077,3109
-0.023612,-0.071308,0.589606,-0.198756,0.111982,-0.209854,2095,2307,1823,3038,2077,3109
-0.023654,-0.070573,0.587387,-0.200299,0.111248,-0.208257,2095,2307,1823,3038,2077,3109
-0.023645,-0.069456,0.580211,-0.205180,0.110131,-0.202998,2094,2307,1822,3038,2077,3109
-0.023533,-0.070378,0.581574,-0.204169,0.111053,-0.203920,2092,2307,1821,3038,2077,3109
-0.024268,-0.071276,0.586896,-0.201083,0.111951,-0.208316,2086,2307,1820,3038,2073,3109
-0.024322,-0.071045,0.587289,-0.200854,0.111720,-0.208641,2081,2307,1820,3038,2072,3109
-0.023775,-0.069679,0.572379,-0.210610,0.110354,-0.197352,2077,2307,1821,3038,2072,3109
-0.023775,-0.069679,0.572379,-0.210610,0.110354,-0.197352,2071,2307,1822,3038,2071,3109
-0.024322,-0.072014,0.587291,-0.200853,0.112688,-0.208642,2060,2307,1823,3038,2070,3109
-0.023004,-0.070472,0.571451,-0.210678,0.111147,-0.196147,2053,2307,1823,3038,2061,3109
-0.022410,-0.070516,0.571397,-0.210280,0.111190,-0.195704,2045,2307,1823,3038,2042,3109
-0.022158,-0.070236,0.568965,-0.211752,0.110910,-0.193752,2039,2307,1823,3041,2021,3109
-0.021167,-0.070267,0.564003,-0.214407,0.110941,-0.189443,2029,2307,1823,3042,2002,3109
-0.020957,-0.069585,0.552689,-0.221960,0.110260,-0.181018,2018,2307,1823,3042,1994,3109
-0.021091,-0.070680,0.560230,-0.216921,0.111354,-0.186630,2008,2307,1823,3040,1989,3109
-0.021107,-0.071178,0.560507,-0.216744,0.111853,-0.186843,2000,2307,1823,3039,1988,3109
-0.020419,-0.069839,0.546305,-0.225914,0.110513,-0.175977,1990,2307,1822,3038,1988,3109
-0.020014,-0.069910,0.543540,-0.227502,0.110585,-0.173677,1980,2307,1821,3038,1988,3109
-0.019917,-0.069742,0.538943,-0.230562,0.110416,-0.170246,1970,2307,1819,3038,1988,3109
-0.019742,-0.070089,0.539295,-0.230194,0.110764,-0.170384,1959,2307,1817,3038,1987,3109
-0.019141,-0.071314,0.543249,-0.227061,0.111988,-0.172869,1949,2307,1816,3038,1986,3109
-0.018553,-0.071188,0.537812,-0.230334,0.111863,-0.168488,1939,2307,1816,3038,1982,3109
-0.017510,-0.071551,0.529930,-0.234939,0.112226,-0.162007,1930,2307,1816,3038,1968,3109
-0.016193,-0.071386,0.522662,-0.238926,0.112061,-0.155789,1920,2307,1817,3038,1950,3109
-0.015342,-0.070488,0.515745,-0.243015,0.111162,-0.150145,1912,2307,1819,3038,1934,3109
-0.014491,-0.070478,0.515674,-0.242440,0.111153,-0.149514,1904,2307,1820,3038,1924,3109
-0.013238,-0.069419,0.508290,-0.246553,0.110094,-0.143255,1896,2307,1821,3038,1918,3109
-0.012405,-0.069451,0.508481,-0.245813,0.110126,-0.142827,1888,2307,1821,3038,1918,3109
-0.011138,-0.069802,0.507990,-0.245220,0.110476,-0.141605,1880,2307,1821,3038,1917,3109
-0.010422,-0.070186,0.508190,-0.244559,0.110861,-0.141263,1871,2307,1821,3038,1917,3109
-0.008722,-0.069503,0.501294,-0.248013,0.110178,-0.135057,1863,2307,1821,3038,1916,3109
-0.007729,-0.068997,0.493180,-0.252813,0.109671,-0.128440,1856,2307,1821,3038,1915,3109
-0.006732,-0.069325,0.495803,-0.250296,0.110000,-0.129681,1848,2307,1821,3038,1905,3109
-0.005026,-0.069053,0.489627,-0.253254,0.109728,-0.123997,1840,2307,1822,3038,1888,3109
-0.003861,-0.069050,0.489602,-0.252418,0.109725,-0.123186,1833,2307,1823,3038,1872,3109
-0.003225,-0.069469,0.489639,-0.251927,0.110143,-0.122779,1824,2307,1823,3038,1859,3109
-0.001393,-0.068247,0.482336,-0.255560,0.108922,-0.116185,1814,2307,1823,3038,1850,3109
-0.000806,-0.068348,0.480045,-0.256691,0.109022,-0.114108,1804,2307,1823,3038,1845,3109
0.000810,-0.068379,0.480924,-0.254909,0.109054,-0.113650,1794,2307,1823,3038,1841,3109
0.003134,-0.068413,0.476574,-0.256171,0.109088,-0.108883,1782,2307,1823,3038,1831,3109
0.005025,-0.068959,0.474752,-0.256028,0.109633,-0.106261,1769,2307,1823,3038,1816,3109
0.007262,-0.067837,0.464563,-0.261331,0.108511,-0.097277,1756,2307,1823,3038,1801,3109
0.009287,-0.067757,0.461195,-0.262143,0.108431,-0.093432,1744,2307,1823,3038,1785,3109
0.011366,-0.068316,0.462440,-0.259773,0.108991,-0.092927,1731,2307,1823,3038,1772,3109
0.013488,-0.067887,0.455686,-0.262820,0.108562,-0.086537,1717,2307,1823,3038,1761,3109
0.018672,-0.067283,0.445068,-0.266257,0.107957,-0.075233,1691,2308,1824,3038,1738,3109
0.022190,-0.067466,0.442046,-0.265740,0.108141,-0.070624,1675,2308,1824,3038,1723,3109
0.025464,-0.067653,0.439196,-0.265285,0.108328,-0.066307,1660,2308,1824,3038,1709,3109
0.028914,-0.067875,0.436464,-0.264620,0.108550,-0.061957,1644,2308,1824,3038,1695,3109
0.032039,-0.067493,0.431131,-0.265965,0.108168,-0.055923,1630,2308,1824,3038,1684,3109
0.039911,-0.066823,0.419621,-0.268042,0.107497,-0.042135,1601,2308,1824,3038,1662,3109
0.047360,-0.066809,0.411043,-0.268432,0.107483,-0.030780,1572,2308,1824,3038,1633,3109
0.034326,-0.067708,0.423388,-0.269566,0.108382,-0.048697,1678,2308,1823,3042,1623,3109
0.010681,-0.067771,0.458120,-0.263217,0.108446,-0.090232,1790,2308,1824,3039,1735,3109
0.007288,-0.067324,0.460771,-0.263895,0.107998,-0.094483,1808,2308,1823,3039,1762,3109
0.000352,-0.067732,0.470471,-0.262365,0.108407,-0.106309,1849,2308,1816,3039,1809,3109
-0.003138,-0.067981,0.474461,-0.262202,0.108656,-0.111608,1868,2307,1814,3038,1825,3109
-0.006604,-0.070901,0.492192,-0.252662,0.111575,-0.126950,1888,2305,1814,3038,1842,3109
-0.010000,-0.071819,0.496091,-0.252492,0.112494,-0.132117,1909,2302,1814,3038,1858,3109
-0.012475,-0.073754,0.506260,-0.247377,0.114429,-0.141248,1928,2300,1814,3038,1875,3109
-0.014888,-0.074230,0.509802,-0.246731,0.114905,-0.145485,1948,2298,1814,3038,1892,3109
-0.016669,-0.074605,0.513537,-0.245490,0.115279,-0.149433,1967,2298,1814,3039,1906,3109
-0.018325,-0.075899,0.524201,-0.239439,0.116574,-0.158369,1986,2297,1814,3042,1919,3109
-0.019418,-0.075640,0.527389,-0.238067,0.116315,-0.161447,2002,2297,1814,3046,1928,3109
-0.019957,-0.075455,0.531905,-0.235386,0.116129,-0.165120,2017,2296,1816,3048,1934,3109
-0.020769,-0.075497,0.541933,-0.229149,0.116172,-0.173015,2047,2296,1816,3048,1949,3109
-0.022377,-0.076212,0.554596,-0.221700,0.116886,-0.183380,2081,2297,1816,3041,1979,3109
-0.025308,-0.074765,0.572977,-0.211325,0.115439,-0.198834,2129,2297,1814,3038,2027,3109
-0.020692,-0.076338,0.620915,-0.175291,0.117012,-0.230786,2248,2296,1815,3047,2075,3110
-0.008653,-0.075697,0.702415,-0.110960,0.116371,-0.282252,2391,2306,1816,3038,2115,3110
-0.006437,-0.072540,0.680641,-0.124170,0.113214,-0.264801,2406,2306,1817,3038,2115,3110
-0.004356,-0.074669,0.703812,-0.106863,0.115343,-0.280347,2420,2306,1816,3038,2115,3110
-0.001756,-0.074605,0.703112,-0.105435,0.115280,-0.278064,2432,2306,1815,3038,2118,3110
0.002875,-0.075780,0.703272,-0.101937,0.116455,-0.275026,2435,2300,1814,3038,2123,3110
-0.023943,-0.076474,0.553640,-0.223499,0.117148,-0.183748,2012,2292,1816,3038,1933,3110
-0.023609,-0.076623,0.546124,-0.228374,0.117298,-0.178018,2002,2292,1816,3038,1932,3110
-0.022878,-0.076640,0.543644,-0.229528,0.117314,-0.175704,1997,2292,1819,3038,1932,3110
-0.021955,-0.075856,0.539212,-0.231871,0.116530,-0.171831,1989,2292,1822,3038,1931,3110
-0.020457,-0.076143,0.543306,-0.227986,0.116817,-0.173807,1979,2292,1822,3039,1931,3110
-0.020029,-0.076201,0.542954,-0.227912,0.116875,-0.173258,1974,2292,1823,3040,1931,3110
-0.019437,-0.076307,0.543748,-0.226938,0.116982,-0.173436,1967,2292,1823,3041,1930,3110
-0.018569,-0.075695,0.538361,-0.229972,0.116369,-0.168901,1961,2292,1823,3043,1929,3110
-0.018154,-0.076538,0.545917,-0.224521,0.117213,-0.174150,1955,2292,1823,3044,1920,3110
-0.017186,-0.075928,0.536330,-0.230343,0.116602,-0.166472,1948,2292,1823,3045,1903,3110
-0.016023,-0.075477,0.532025,-0.232424,0.116151,-0.162528,1940,2292,1824,3046,1886,3110
-0.015323,-0.074684,0.524787,-0.236842,0.115359,-0.156753,1933,2292,1824,3046,1873,3110
-0.014646,-0.073847,0.519835,-0.239719,0.114522,-0.152666,1924,2292,1824,3046,1864,3110
-0.014558,-0.074215,0.521214,-0.238716,0.114890,-0.153616,1916,2293,1824,3046,1862,3110
-0.013651,-0.073653,0.515908,-0.241665,0.114327,-0.149113,1904,2293,1824,3045,1861,3110
-0.012949,-0.072800,0.508930,-0.245906,0.113474,-0.143526,1899,2293,1824,3045,1861,3110
-0.011964,-0.073041,0.510321,-0.244236,0.113716,-0.143874,1892,2293,1824,3045,1861,3110
-0.010697,-0.072517,0.507066,-0.245526,0.113191,-0.140628,1883,2293,1824,3044,1854,3110
-0.009854,-0.073384,0.509778,-0.243062,0.114058,-0.142039,1873,2293,1824,3042,1843,3110
-0.008870,-0.073285,0.505850,-0.245017,0.113960,-0.138493,1862,2293,1824,3039,1830,3110
-0.007904,-0.072851,0.501594,-0.247210,0.113526,-0.134719,1854,2293,1824,3039,1821,3110
-0.007183,-0.072442,0.494576,-0.251462,0.113116,-0.129089,1843,2294,1824,3038,1810,3110
-0.006285,-0.072338,0.490037,-0.253896,0.113013,-0.125155,1832,2294,1824,3038,1798,3110
-0.005242,-0.072765,0.490122,-0.253075,0.113440,-0.124507,1819,2294,1824,3038,1788,3110
-0.003388,-0.073238,0.488208,-0.253021,0.113913,-0.121843,1807,2294,1825,3039,1780,3110
-0.001048,-0.072496,0.481388,-0.255954,0.113171,-0.115256,1794,2294,1825,3045,1773,3110
0.001295,-0.071040,0.469174,-0.262558,0.111715,-0.104718,1780,2294,1826,3047,1765,3110
0.004260,-0.070891,0.468793,-0.260648,0.111566,-0.102419,1766,2294,1826,3048,1754,3110
0.008167,-0.070180,0.462885,-0.261812,0.110855,-0.095432,1750,2297,1826,3047,1737,3110
0.010553,-0.071363,0.468682,-0.256116,0.112038,-0.098051,1733,2302,1826,3047,1719,3110
0.013010,-0.069712,0.455287,-0.263441,0.110387,-0.086571,1715,2309,1825,3046,1700,3110
0.016218,-0.069647,0.454017,-0.261958,0.110322,-0.083456,1697,2315,1825,3043,1684,3110
0.019373,-0.067305,0.444388,-0.266208,0.107979,-0.074257,1680,2320,1825,3041,1671,3110
0.036522,-0.066843,0.420485,-0.269935,0.107517,-0.045076,1680,2323,1814,3048,1636,3110
0.018131,-0.067384,0.441433,-0.269130,0.108058,-0.072940,1760,2323,1813,3047,1697,3110
0.013971,-0.068200,0.448186,-0.267576,0.108874,-0.080717,1770,2322,1813,3046,1706,3110
0.010444,-0.068028,0.453442,-0.266577,0.108702,-0.086968,1785,2322,1813,3044,1721,3110
0.006911,-0.068489,0.457904,-0.266125,0.109164,-0.092641,1800,2320,1813,3041,1738,3110
0.003965,-0.068310,0.458777,-0.267687,0.108985,-0.095287,1816,2314,1813,3039,1755,3110
0.000791,-0.069870,0.469066,-0.263001,0.110545,-0.104982,1829,2309,1813,3040,1767,3110
-0.002225,-0.070748,0.471979,-0.263225,0.111423,-0.109170,1842,2302,1813,3045,1779,3110
-0.004059,-0.072911,0.478755,-0.259951,0.113586,-0.115379,1855,2295,1814,3048,1792,3110
-0.005391,-0.075604,0.487297,-0.255108,0.116279,-0.122540,1869,2289,1814,3048,1803,3110
-0.012833,-0.076330,0.670720,-0.135611,0.117005,-0.261895,2306,2304,1819,3037,2245,3110
-0.012098,-0.074972,0.662709,-0.140530,0.115647,-0.255530,2306,2314,1817,3037,2244,3110
-0.012312,-0.074817,0.686278,-0.124631,0.115491,-0.272930,2304,2326,1815,3037,2245,3110
-0.012925,-0.071045,0.672962,-0.134151,0.111719,-0.263599,2304,2336,1814,3037,2245,3110
-0.014026,-0.069211,0.686761,-0.125557,0.109885,-0.274452,2304,2342,1813,3037,2245,3110
-0.019744,-0.068464,0.676843,-0.136499,0.109139,-0.271085,2282,2345,1775,3036,2238,3110
-0.020992,-0.069192,0.672772,-0.140186,0.109866,-0.268955,2279,2346,1771,3036,2238,3110
-0.023296,-0.071708,0.683504,-0.134562,0.112383,-0.278381,2270,2346,1770,3036,2237,3110
-0.023306,-0.069386,0.661485,-0.149569,0.110061,-0.262268,2264,2346,1770,3036,2237,3110
-0.023834,-0.067527,0.640954,-0.163940,0.108202,-0.247597,2257,2346,1770,3036,2236,3110
-0.024960,-0.068734,0.652925,-0.156611,0.109408,-0.257128,2252,2346,1772,3037,2231,3110
-0.025466,-0.069864,0.660800,-0.151617,0.110538,-0.263237,2244,2346,1773,3037,2215,3110
-0.025318,-0.068464,0.650119,-0.158784,0.109139,-0.255318,2235,2346,1773,3037,2198,3110
-0.026039,-0.069821,0.653024,-0.157333,0.110495,-0.257935,2228,2346,1773,3037,2182,3110
-0.027641,-0.070951,0.660780,-0.153223,0.111626,-0.264705,2218,2346,1772,3037,2172,3110
-0.028529,-0.069534,0.650100,-0.161148,0.110209,-0.257491,2209,2346,1772,3037,2168,3110
-0.029600,-0.070605,0.650096,-0.161934,0.111280,-0.258217,2200,2346,1774,3037,2167,3110
-0.029324,-0.069590,0.638340,-0.169741,0.110264,-0.249422,2190,2346,1777,3037,2167,3110
-0.029118,-0.068315,0.628445,-0.176330,0.108990,-0.242038,2181,2346,1778,3037,2167,3110
-0.029097,-0.067656,0.627701,-0.176822,0.108330,-0.241479,2172,2346,1779,3037,2163,3110
-0.029789,-0.068410,0.637789,-0.170456,0.109085,-0.249336,2163,2346,1779,3037,2148,3109
-0.030130,-0.068690,0.627697,-0.177581,0.109365,-0.242180,2153,2346,1777,3037,2126,3109
-0.030593,-0.069084,0.626580,-0.178680,0.109759,-0.241678,2144,2346,1774,3037,2104,3109
-0.031624,-0.070117,0.626577,-0.179438,0.110792,-0.242378,2134,2346,1773,3037,2087,3109
-0.032035,-0.069047,0.608152,-0.192289,0.109722,-0.229169,2126,2346,1773,3037,2076,3109
-0.033342,-0.069646,0.616245,-0.187733,0.110320,-0.235983,2118,2346,1775,3037,2069,3109
-0.033100,-0.068231,0.598872,-0.199390,0.108906,-0.223100,2109,2346,1778,3037,2065,3109
-0.033623,-0.068901,0.606776,-0.194389,0.109576,-0.229243,2100,2346,1779,3037,2059,3109
-0.031806,-0.066823,0.588656,-0.205402,0.107498,-0.214739,2089,2346,1779,3037,2049,3109
-0.032056,-0.067166,0.587228,-0.206558,0.107840,-0.213864,2066,2346,1780,3038,2021,3109
-0.032056,-0.067166,0.587228,-0.206558,0.107840,-0.213864,2053,2346,1780,3040,2008,3109
-0.031432,-0.066681,0.577496,-0.212730,0.107356,-0.206314,2040,2346,1780,3042,1999,3109
-0.030867,-0.066738,0.571328,-0.216519,0.107412,-0.201414,2026,2346,1780,3043,1988,3109
-0.029932,-0.067688,0.571402,-0.215783,0.108363,-0.200831,2011,2346,1780,3043,1976,3109
-0.032917,-0.068423,0.559865,-0.225827,0.109097,-0.194418,2050,2346,1772,3039,1921,3109
-0.033557,-0.068014,0.554936,-0.229654,0.108689,-0.191245,2063,2346,1772,3039,1928,3109
-0.035025,-0.069983,0.577268,-0.215516,0.110658,-0.208595,2078,2346,1774,3040,1940,3109
-0.034732,-0.068959,0.570131,-0.220163,0.109634,-0.203170,2092,2346,1778,3039,1956,3109
-0.034740,-0.069785,0.589109,-0.207241,0.110459,-0.217070,2106,2346,1780,3039,1972,3109
-0.034782,-0.068980,0.596626,-0.202152,0.109655,-0.222602,2118,2347,1781,3039,1989,3109
-0.033612,-0.066792,0.599225,-0.199525,0.107466,-0.223708,2131,2347,1782,3039,2007,3109
-0.032469,-0.067063,0.626956,-0.179798,0.107738,-0.243230,2200,2347,1776,3038,2076,3109
-0.031886,-0.066883,0.630415,-0.177015,0.107558,-0.245366,2210,2347,1774,3038,2086,3109
-0.031420,-0.066778,0.629299,-0.177434,0.107452,-0.244232,2221,2347,1772,3038,2098,3109
-0.031656,-0.067805,0.641579,-0.169242,0.108480,-0.253383,2231,2347,1772,3038,2110,3109
-0.030614,-0.068161,0.640278,-0.169365,0.108836,-0.251720,2241,2347,1772,3038,2121,3110
-0.029811,-0.066885,0.630436,-0.175482,0.107560,-0.243968,2251,2347,1772,3038,2130,3110
-0.029242,-0.067039,0.636156,-0.171168,0.107714,-0.247768,2262,2347,1772,3038,2138,3110
-0.027105,-0.067645,0.652800,-0.158266,0.108320,-0.258497,2280,2347,1772,3038,2151,3110
-0.026774,-0.069396,0.673081,-0.144209,0.110070,-0.273120,2289,2347,1772,3038,2155,3110
-0.024632,-0.068998,0.663499,-0.149168,0.109673,-0.264646,2297,2347,1772,3038,2155,3110
-0.024398,-0.070497,0.675229,-0.141007,0.111171,-0.273074,2305,2346,1772,3038,2156,3110
-0.023092,-0.070716,0.677041,-0.138816,0.111391,-0.273511,2311,2345,1772,3038,2156,3110
-0.022488,-0.071009,0.685960,-0.132298,0.111683,-0.279629,2315,2344,1772,3038,2156,3110
-0.022061,-0.073677,0.699623,-0.122678,0.114352,-0.289341,2318,2341,1772,3038,2156,3110
-0.020089,-0.069758,0.660459,-0.147913,0.110433,-0.259325,2319,2339,1771,3038,2156,3110
-0.020095,-0.072170,0.671736,-0.140235,0.112844,-0.267585,2320,2338,1770,3038,2156,3110
-0.020523,-0.074109,0.684899,-0.131582,0.114783,-0.277513,2322,2338,1770,3038,2156,3110
-0.020559,-0.073916,0.675541,-0.137983,0.114591,-0.270687,2322,2337,1770,3038,2156,3110
-0.020116,-0.073375,0.670380,-0.141175,0.114049,-0.266607,2321,2337,1770,3038,2156,3110
-0.020118,-0.074489,0.670462,-0.141120,0.115163,-0.266668,2318,2336,1770,3038,2156,3110
-0.019536,-0.071653,0.648403,-0.155720,0.112328,-0.250123,2318,2336,1770,3038,2156,3110
-0.020055,-0.075055,0.674080,-0.138610,0.115730,-0.269275,2316,2336,1770,3038,2156,3110
-0.020494,-0.074580,0.664425,-0.145508,0.115254,-0.262505,2310,2336,1770,3038,2156,3110
-0.020565,-0.076167,0.675759,-0.137839,0.116842,-0.270851,2305,2336,1770,3038,2156,3110
-0.021677,-0.076165,0.675733,-0.138671,0.116839,-0.271589,2299,2336,1770,3043,2156,3110
-0.021677,-0.076165,0.675733,-0.138671,0.116839,-0.271589,2294,2336,1770,3045,2156,3110
-0.021251,-0.074183,0.653552,-0.153468,0.114858,-0.255061,2286,2336,1771,3046,2156,3110
-0.020789,-0.075332,0.661638,-0.147622,0.116007,-0.260665,2278,2336,1771,3046,2155,3110
-0.022002,-0.074847,0.661507,-0.148600,0.115521,-0.261396,2270,2336,1771,3046,2149,3110
-0.021891,-0.073601,0.650189,-0.156228,0.114275,-0.253035,2262,2336,1771,3046,2147,3110
-0.021615,-0.069572,0.618067,-0.177907,0.110247,-0.229329,2254,2336,1771,3046,2147,3110
-0.024248,-0.073826,0.650141,-0.157986,0.114500,-0.254605,2246,2336,1771,3046,2146,3110
-0.024494,-0.073806,0.638404,-0.166161,0.114480,-0.246180,2238,2336,1771,3044,2145,3110
-0.025739,-0.075071,0.651739,-0.157989,0.115745,-0.256790,2230,2336,1771,3044,2145,3110
-0.026389,-0.074897,0.650131,-0.159560,0.115571,-0.256056,2222,2336,1771,3043,2145,3110
-0.026725,-0.073197,0.631120,-0.172757,0.113872,-0.242367,2213,2336,1771,3042,2145,3110
-0.028272,-0.075860,0.649172,-0.161592,0.116534,-0.256636,2204,2336,1771,3042,2145,3110
-0.028272,-0.074852,0.638340,-0.168971,0.115527,-0.248706,2195,2336,1771,3042,2145,3110
-0.027515,-0.069554,0.596198,-0.197124,0.110229,-0.217338,2187,2336,1771,3044,2145,3110
-0.029098,-0.073867,0.627721,-0.176809,0.114542,-0.241494,2176,2336,1771,3046,2144,3110
-0.029467,-0.074495,0.629164,-0.176096,0.115170,-0.242802,2167,2336,1771,3047,2144,3110
-0.028399,-0.072832,0.606167,-0.190980,0.113507,-0.225238,2158,2336,1771,3047,2144,3110
-0.029541,-0.075748,0.626152,-0.178202,0.116422,-0.240648,2148,2336,1772,3047,2144,3110
-0.028192,-0.073213,0.599255,-0.195537,0.113888,-0.220037,2139,2336,1772,3047,2143,3110
-0.028582,-0.073673,0.606646,-0.190787,0.114348,-0.225713,2130,2336,1773,3047,2137,3110
-0.027851,-0.071414,0.587033,-0.203613,0.112089,-0.210857,2121,2336,1773,3047,2115,3110
-0.028848,-0.073320,0.596614,-0.197816,0.113994,-0.218550,2111,2336,1773,3047,2087,3110
-0.028919,-0.073402,0.590933,-0.201737,0.114077,-0.214440,2102,2336,1772,3047,2060,3110
-0.029120,-0.073746,0.587313,-0.204350,0.114421,-0.211927,2092,2336,1772,3047,2045,3110
-0.029896,-0.074388,0.591030,-0.202387,0.115063,-0.215177,2082,2336,1773,3048,2036,3110
-0.029829,-0.073780,0.580770,-0.209326,0.114455,-0.207619,2073,2336,1774,3048,2030,3110
-0.029013,-0.071934,0.566761,-0.218272,0.112609,-0.196807,2062,2336,1775,3048,2029,3110
-0.030124,-0.074915,0.587265,-0.205118,0.115590,-0.212575,2052,2336,1776,3048,2029,3110
-0.028915,-0.073928,0.577673,-0.210768,0.114603,-0.204729,2042,2336,1777,3048,2028,3110
-0.028518,-0.073014,0.568678,-0.216604,0.113688,-0.197873,2030,2336,1778,3048,2027,3110
-0.027683,-0.070820,0.555465,-0.224993,0.111494,-0.187632,2017,2336,1779,3048,2020,3110
-0.027526,-0.071980,0.562983,-0.219757,0.112655,-0.193029,2002,2337,1779,3047,1996,3110
-0.026688,-0.071168,0.554576,-0.224870,0.111842,-0.186303,1987,2338,1778,3045,1966,3110
-0.026483,-0.071290,0.551720,-0.226666,0.111965,-0.184072,1970,2339,1776,3043,1940,3110
-0.026264,-0.070687,0.543323,-0.232225,0.111362,-0.177776,1950,2341,1773,3042,1921,3110
-0.026358,-0.070429,0.538466,-0.235603,0.111104,-0.174284,1936,2342,1773,3041,1911,3110
-0.025621,-0.070301,0.534629,-0.237677,0.110976,-0.170973,1919,2342,1773,3040,1903,3110
-0.024326,-0.069737,0.523308,-0.244440,0.110412,-0.161803,1900,2342,1775,3040,1893,3110
-0.022250,-0.069242,0.512712,-0.250138,0.109917,-0.152631,1881,2342,1776,3040,1880,3110
-0.019513,-0.069012,0.508385,-0.251082,0.109687,-0.147598,1864,2342,1776,3040,1862,3110
-0.016964,-0.067654,0.495501,-0.257992,0.108328,-0.136430,1846,2343,1775,3040,1844,3110
-0.014884,-0.068481,0.495568,-0.256424,0.109156,-0.135062,1829,2343,1772,3040,1823,3110
-0.012498,-0.068423,0.487754,-0.260000,0.109097,-0.127716,1811,2343,1772,3039,1804,3110
-0.010366,-0.068174,0.478743,-0.264577,0.108848,-0.119667,1795,2343,1772,3039,1787,3110
-0.007864,-0.068794,0.474720,-0.265486,0.109469,-0.115017,1780,2342,1772,3039,1774,3110
-0.004973,-0.069765,0.472155,-0.265116,0.110440,-0.111170,1765,2342,1772,3039,1760,3110
-0.001958,-0.069530,0.462981,-0.269159,0.110205,-0.102400,1751,2342,1772,3039,1747,3110
0.000561,-0.069428,0.458802,-0.270162,0.110103,-0.097624,1738,2343,1772,3039,1733,3110
0.003346,-0.069075,0.452785,-0.272221,0.109750,-0.091322,1725,2343,1772,3039,1719,3110
0.006833,-0.066981,0.439667,-0.278604,0.107656,-0.079343,1711,2343,1772,3039,1705,3110
0.009016,-0.066866,0.437195,-0.278690,0.107541,-0.076047,1699,2343,1773,3039,1692,3110
0.011769,-0.067781,0.439981,-0.274777,0.108456,-0.076211,1687,2343,1773,3039,1682,3110
0.014861,-0.067094,0.432122,-0.277866,0.107768,-0.068350,1675,2343,1774,3039,1673,3110
0.017934,-0.067381,0.432310,-0.275488,0.108056,-0.066395,1663,2343,1776,3039,1666,3110
0.072991,-0.069091,0.381067,-0.270087,0.109765,0.008624,1499,2320,1780,3050,1485,3110
0.072833,-0.071086,0.377534,-0.272609,0.111761,0.011104,1497,2314,1780,3050,1485,3110
0.074079,-0.074411,0.380845,-0.269442,0.115086,0.009528,1497,2310,1780,3050,1485,3110
0.073771,-0.075345,0.376878,-0.272369,0.116020,0.012223,1497,2309,1780,3050,1485,3110
0.073430,-0.076476,0.374134,-0.274489,0.117151,0.013999,1497,2308,1781,3050,1485,3110
0.072689,-0.076513,0.369543,-0.278158,0.117188,0.016855,1498,2309,1782,3051,1485,3110
0.072259,-0.074925,0.370323,-0.277941,0.115599,0.015992,1499,2309,1783,3051,1485,3110
0.073214,-0.075852,0.376249,-0.273206,0.116526,0.012304,1499,2309,1783,3051,1485,3110
0.072459,-0.075194,0.373884,-0.275369,0.115868,0.013521,1500,2309,1783,3051,1485,3110
0.072050,-0.074967,0.372625,-0.276527,0.115642,0.014164,1500,2310,1783,3051,1485,3110
0.072539,-0.075354,0.376929,-0.273236,0.116029,0.011346,1501,2312,1783,3051,1485,3110
0.072119,-0.075142,0.378020,-0.272801,0.115817,0.010261,1501,2314,1783,3051,1485,3110
0.070910,-0.073947,0.373826,-0.276543,0.114622,0.012508,1501,2316,1783,3051,1485,3110
0.069964,-0.072954,0.373749,-0.277288,0.113628,0.011920,1501,2317,1783,3051,1485,3110
0.070536,-0.072031,0.373468,-0.277060,0.112706,0.012516,1499,2318,1784,3051,1485,3110
0.071614,-0.071938,0.376939,-0.273907,0.112613,0.010709,1494,2318,1784,3051,1485,3110
0.072650,-0.071365,0.377255,-0.272933,0.112040,0.011183,1490,2319,1784,3051,1485,3110
0.074411,-0.071158,0.376017,-0.272487,0.111833,0.013289,1484,2319,1787,3051,1485,3110
0.075649,-0.070200,0.370001,-0.275679,0.110875,0.018537,1475,2319,1792,3051,1484,3110
0.077609,-0.070505,0.370652,-0.273801,0.111180,0.019395,1466,2319,1797,3050,1484,3110
0.080783,-0.069859,0.369801,-0.272056,0.110534,0.022180,1460,2319,1801,3050,1484,3110
0.083674,-0.067519,0.366232,-0.272371,0.108193,0.026762,1458,2319,1804,3049,1483,3110
0.068413,-0.066678,0.384418,-0.271156,0.107353,0.003052,1526,2320,1804,3048,1491,3110
0.053354,-0.066718,0.399478,-0.271922,0.107393,-0.018231,1568,2330,1797,3048,1548,3109
0.052920,-0.066788,0.395023,-0.275274,0.107462,-0.015265,1568,2329,1797,3049,1548,3109
0.053004,-0.067351,0.396685,-0.274080,0.108026,-0.016425,1569,2329,1798,3049,1548,3109
0.052647,-0.067179,0.395409,-0.275211,0.107854,-0.015733,1572,2328,1798,3049,1548,3109
0.052033,-0.066826,0.392662,-0.277532,0.107500,-0.014141,1572,2328,1796,3049,1548,3109
0.052043,-0.068026,0.396833,-0.274683,0.108701,-0.017187,1572,2328,1795,3049,1548,3109
0.051048,-0.067774,0.392554,-0.278327,0.108449,-0.014732,1572,2328,1795,3049,1548,3109
0.051356,-0.068709,0.395499,-0.276094,0.109384,-0.016679,1570,2328,1795,3049,1548,3109
0.051207,-0.067761,0.392366,-0.278338,0.108436,-0.014486,1566,2328,1797,3049,1548,3109
0.052407,-0.068012,0.394516,-0.275996,0.108687,-0.015243,1562,2328,1800,3049,1548,3109
0.053575,-0.068280,0.396543,-0.273759,0.108955,-0.015931,1557,2328,1801,3049,1548,3109
0.055211,-0.067114,0.390224,-0.276866,0.107789,-0.010191,1549,2328,1802,3049,1547,3109
0.058482,-0.067804,0.395229,-0.271062,0.108479,-0.011626,1547,2328,1802,3049,1547,3109
0.060986,-0.067112,0.392376,-0.271172,0.107786,-0.007832,1550,2328,1800,3049,1547,3109
0.059572,-0.067215,0.396079,-0.269686,0.107889,-0.011506,1569,2329,1795,3048,1547,3109
0.056367,-0.067544,0.396053,-0.272049,0.108218,-0.013671,1578,2329,1794,3045,1547,3109
0.052457,-0.067773,0.395074,-0.275579,0.108448,-0.015617,1586,2329,1794,3044,1547,3109
0.049370,-0.067615,0.396357,-0.276964,0.108290,-0.018660,1591,2329,1794,3044,1547,3109
0.046687,-0.067801,0.398712,-0.277325,0.108476,-0.022212,1593,2329,1794,3047,1548,3109
0.044799,-0.067519,0.400671,-0.277373,0.108194,-0.024932,1591,2329,1797,3048,1548,3109
0.044165,-0.067623,0.399684,-0.278509,0.108298,-0.024641,1587,2329,1801,3048,1548,3109
0.051729,-0.068536,0.400730,-0.272259,0.109210,-0.020254,1558,2315,1795,3048,1547,3109
0.053581,-0.070617,0.396555,-0.273747,0.111291,-0.015936,1554,2310,1797,3048,1547,3109
0.055996,-0.072609,0.392298,-0.274879,0.113284,-0.011175,1550,2306,1802,3048,1547,3109
0.057470,-0.073566,0.390324,-0.275144,0.114240,-0.008725,1550,2304,1803,3048,1547,3109
0.059569,-0.074580,0.392446,-0.272162,0.115254,-0.008849,1553,2304,1803,3048,1547,3109
0.060118,-0.074686,0.393104,-0.271312,0.115361,-0.008957,1558,2304,1803,3048,1547,3109
0.058786,-0.073791,0.389289,-0.274886,0.114466,-0.007071,1561,2304,1803,3048,1547,3109
0.057191,-0.074015,0.393003,-0.273524,0.114690,-0.010876,1573,2304,1803,3048,1547,3109
0.054682,-0.074039,0.393185,-0.275236,0.114713,-0.012719,1585,2304,1801,3048,1547,3109
0.053262,-0.075114,0.401907,-0.270334,0.115788,-0.020072,1593,2304,1799,3048,1547,3109
0.049259,-0.074230,0.397394,-0.276339,0.114904,-0.019494,1601,2305,1798,3048,1547,3109
0.045556,-0.074761,0.400942,-0.276634,0.115436,-0.024615,1607,2306,1797,3048,1547,3109
0.043303,-0.074195,0.401461,-0.277930,0.114870,-0.026529,1612,2308,1797,3048,1548,3109
0.041515,-0.074216,0.405725,-0.276334,0.114891,-0.030869,1614,2309,1799,3048,1549,3109
0.039298,-0.073238,0.405688,-0.277983,0.113913,-0.032352,1615,2310,1802,3048,1550,3109
0.038601,-0.072317,0.405564,-0.278577,0.112992,-0.032736,1613,2311,1804,3048,1549,3109
0.039013,-0.070835,0.405344,-0.278425,0.111510,-0.032294,1608,2312,1805,3048,1548,3109
0.040035,-0.069870,0.405536,-0.277546,0.110544,-0.031739,1606,2312,1805,3048,1548,3109
0.041639,-0.069887,0.408348,-0.274456,0.110562,-0.032705,1599,2312,1805,3048,1548,3109
0.042779,-0.069352,0.404736,-0.276082,0.110027,-0.029284,1584,2312,1805,3048,1548,3109
0.045429,-0.070002,0.404663,-0.274192,0.110677,-0.027426,1571,2312,1805,3048,1548,3109
0.047723,-0.069146,0.395003,-0.279093,0.109821,-0.018790,1557,2312,1805,3048,1547,3109
0.052944,-0.069955,0.399839,-0.271976,0.110630,-0.018775,1540,2312,1805,3048,1547,3109
0.056270,-0.068934,0.389971,-0.276263,0.109608,-0.009285,1522,2309,1805,3048,1546,3109
0.062014,-0.070417,0.392768,-0.270153,0.111092,-0.007419,1506,2306,1805,3048,1546,3109
0.068062,-0.072436,0.394516,-0.264534,0.113111,-0.004580,1492,2304,1805,3048,1545,3109
0.073340,-0.072835,0.385085,-0.267095,0.113509,0.005921,1482,2304,1804,3048,1542,3109
0.077057,-0.072912,0.377270,-0.269697,0.113586,0.014175,1476,2304,1804,3048,1529,3109
0.080737,-0.073562,0.373468,-0.269592,0.114237,0.019464,1474,2304,1804,3048,1515,3109
0.082443,-0.073381,0.370772,-0.270180,0.114056,0.022600,1476,2304,1804,3048,1506,3109
0.083104,-0.072886,0.369747,-0.270394,0.113560,0.023800,1480,2304,1804,3048,1502,3109
0.082471,-0.073388,0.372443,-0.269021,0.114062,0.021396,1486,2304,1804,3048,1504,3109
0.080129,-0.072637,0.371679,-0.271256,0.113311,0.020360,1500,2304,1804,3048,1507,3109
0.077589,-0.072289,0.373235,-0.272055,0.112963,0.017490,1515,2304,1804,3048,1508,3109
0.074775,-0.072263,0.377303,-0.271344,0.112937,0.012595,1529,2304,1804,3048,1509,3109
0.070830,-0.074012,0.384490,-0.269337,0.114687,0.004647,1546,2304,1804,3049,1509,3109
0.065759,-0.073308,0.384490,-0.273050,0.113982,0.001192,1566,2304,1804,3049,1509,3109
0.058489,-0.071294,0.375013,-0.284828,0.111969,0.003178,1588,2304,1804,3049,1510,3109
0.053496,-0.072875,0.386203,-0.280861,0.113550,-0.008416,1610,2304,1804,3049,1510,3109
0.047563,-0.073423,0.395309,-0.279002,0.114098,-0.019123,1635,2304,1804,3049,1510,3109
0.039809,-0.071438,0.389650,-0.288533,0.112113,-0.020262,1661,2304,1804,3049,1510,3109
0.033507,-0.072900,0.405903,-0.282076,0.113575,-0.036454,1682,2304,1804,3049,1510,3109
0.027973,-0.075309,0.426396,-0.272167,0.115984,-0.055227,1702,2306,1804,3049,1510,3109
0.021505,-0.074269,0.426453,-0.276864,0.114944,-0.059675,1717,2309,1805,3049,1510,3109
0.016620,-0.072867,0.431678,-0.276881,0.113542,-0.066827,1728,2311,1805,3049,1511,3109
0.013077,-0.071664,0.431767,-0.279414,0.112339,-0.069306,1733,2312,1805,3049,1513,3109
0.010013,-0.069586,0.432642,-0.281061,0.110261,-0.072033,1734,2312,1805,3049,1523,3109
0.008990,-0.070289,0.445562,-0.273009,0.110964,-0.082190,1734,2312,1805,3049,1540,3109
0.008501,-0.069888,0.443696,-0.274638,0.110563,-0.081156,1727,2312,1804,3049,1554,3109
0.009702,-0.071120,0.447850,-0.270929,0.111795,-0.083380,1714,2310,1804,3049,1563,3109
0.011556,-0.072438,0.446785,-0.270297,0.113113,-0.081337,1699,2308,1804,3049,1561,3109
0.014141,-0.073211,0.441467,-0.272027,0.113886,-0.075683,1684,2306,1803,3049,1556,3109
0.017549,-0.072581,0.432100,-0.275913,0.113255,-0.066504,1667,2305,1799,3049,1556,3109
0.020965,-0.074683,0.433280,-0.272608,0.115358,-0.065041,1649,2305,1795,3048,1555,3109
0.024740,-0.075025,0.423839,-0.276276,0.115699,-0.055558,1629,2304,1795,3048,1555,3109
0.028119,-0.075339,0.413737,-0.280684,0.116014,-0.045860,1611,2304,1795,3048,1555,3109
0.033532,-0.076627,0.409858,-0.279364,0.117302,-0.039333,1593,2304,1795,3048,1555,3109
0.049626,-0.076639,0.401746,-0.273106,0.117313,-0.022430,1551,2304,1795,3048,1525,3109
0.054088,-0.076431,0.398568,-0.272005,0.117105,-0.017064,1539,2304,1796,3048,1508,3109
0.057658,-0.076168,0.393716,-0.272696,0.116842,-0.011080,1532,2304,1796,3048,1498,3109
0.060395,-0.075459,0.386650,-0.275506,0.116133,-0.004043,1529,2304,1797,3048,1495,3109
0.062540,-0.075854,0.385371,-0.274806,0.116528,-0.001646,1528,2304,1799,3048,1496,3109
0.064283,-0.076029,0.385111,-0.273707,0.116704,-0.000268,1532,2304,1802,3048,1499,3109
0.064900,-0.075374,0.385002,-0.273330,0.116048,0.000232,1537,2304,1804,3049,1500,3109
0.063545,-0.074125,0.385293,-0.274124,0.114799,-0.000904,1550,2304,1804,3049,1500,3109
0.062565,-0.074402,0.393504,-0.269248,0.115077,-0.007583,1566,2304,1804,3049,1501,3109
0.057787,-0.072037,0.388155,-0.276389,0.112711,-0.006922,1581,2304,1804,3049,1503,3109
0.052693,-0.071009,0.386343,-0.281353,0.111684,-0.009065,1595,2304,1804,3049,1518,3109
0.048430,-0.071667,0.390128,-0.281896,0.112342,-0.014740,1612,2306,1802,3049,1544,3109
0.044888,-0.072339,0.398463,-0.278811,0.113014,-0.023254,1630,2309,1800,3049,1582,3109
0.040299,-0.071710,0.401420,-0.280157,0.112385,-0.028545,1645,2311,1800,3048,1614,3109
0.036087,-0.070764,0.404799,-0.280939,0.111438,-0.033889,1661,2312,1802,3048,1634,3109
0.032191,-0.070323,0.412836,-0.278316,0.110997,-0.042426,1677,2312,1803,3048,1647,3109
0.029239,-0.071106,0.423386,-0.273291,0.111781,-0.052161,1691,2313,1803,3048,1654,3109
0.025134,-0.070242,0.427646,-0.273394,0.110916,-0.058076,1702,2313,1803,3048,1656,3109
0.021633,-0.069973,0.431402,-0.273399,0.110648,-0.063211,1710,2313,1803,3048,1657,3109
0.019173,-0.069994,0.436184,-0.271943,0.110669,-0.068387,1715,2313,1803,3048,1657,3109
0.017476,-0.070228,0.438053,-0.271912,0.110903,-0.070911,1716,2313,1803,3048,1657,3109
0.016308,-0.070359,0.442400,-0.269806,0.111033,-0.074889,1713,2313,1803,3048,1657,3109
0.015491,-0.070794,0.442352,-0.270436,0.111469,-0.075411,1709,2313,1803,3048,1657,3109
0.016607,-0.070286,0.438270,-0.272400,0.110961,-0.071663,1700,2313,1804,3048,1656,3109
0.018028,-0.070425,0.437602,-0.271815,0.111100,-0.070205,1685,2312,1804,3048,1650,3109
0.020657,-0.071304,0.438527,-0.269260,0.111978,-0.069091,1672,2312,1804,3048,1648,3109
0.022789,-0.070414,0.429627,-0.273762,0.111089,-0.061124,1655,2312,1804,3048,1647,3109
0.027069,-0.071083,0.427750,-0.271907,0.111757,-0.056834,1642,2312,1804,3048,1645,3109
0.030844,-0.071219,0.424085,-0.271639,0.111894,-0.051580,1621,2312,1804,3048,1630,3109
0.033619,-0.069522,0.413183,-0.277035,0.110197,-0.041708,1604,2312,1804,3048,1606,3109
0.039204,-0.070818,0.412826,-0.273189,0.111493,-0.037642,1586,2312,1804,3048,1581,3109
0.043687,-0.069714,0.403990,-0.275925,0.110389,-0.028119,1567,2312,1804,3048,1562,3109
0.049305,-0.070778,0.404944,-0.271163,0.111452,-0.024990,1549,2312,1804,3048,1549,3109
0.053179,-0.069872,0.395460,-0.274787,0.110547,-0.015408,1535,2312,1804,3048,1544,3109
0.057385,-0.070185,0.391295,-0.274545,0.110859,-0.009494,1521,2312,1804,3049,1540,3109
0.062945,-0.070535,0.389129,-0.271950,0.111210,-0.004121,1508,2312,1805,3049,1532,3109
0.067493,-0.069677,0.383160,-0.272686,0.110352,0.003347,1497,2312,1805,3049,1523,3109
0.072410,-0.070541,0.385173,-0.267715,0.111216,0.005223,1489,2311,1805,3049,1515,3109
0.075951,-0.069957,0.380569,-0.268259,0.110631,0.011006,1483,2310,1806,3050,1510,3109
0.079613,-0.070239,0.380956,-0.265315,0.110914,0.013217,1482,2309,1806,3050,1508,3109
0.081176,-0.070399,0.379422,-0.265216,0.111074,0.015404,1487,2309,1806,3050,1512,3109
0.080803,-0.069993,0.374686,-0.268714,0.110668,0.018617,1493,2308,1806,3050,1514,3109
0.080515,-0.071144,0.380126,-0.265220,0.111819,0.014439,1509,2307,1806,3050,1515,3109
0.077492,-0.071192,0.380449,-0.267213,0.111866,0.012143,1530,2307,1806,3050,1517,3109
0.072843,-0.070414,0.380022,-0.270907,0.111089,0.009289,1550,2307,1806,3050,1531,3109
0.069104,-0.073366,0.397399,-0.261807,0.114041,-0.005980,1572,2307,1806,3050,1557,3109
0.063478,-0.073721,0.404934,-0.260793,0.114395,-0.015329,1595,2307,1806,3050,1584,3109
0.055494,-0.072712,0.402503,-0.268294,0.113386,-0.018988,1617,2307,1806,3050,1608,3109
0.047931,-0.071177,0.399271,-0.276033,0.111852,-0.021773,1639,2307,1805,3050,1627,3109
0.042351,-0.072707,0.414693,-0.269613,0.113382,-0.036865,1662,2307,1805,3050,1641,3109
0.036981,-0.072915,0.421508,-0.268902,0.113589,-0.045512,1685,2306,1805,3050,1651,3109
0.030540,-0.071447,0.416984,-0.276699,0.112121,-0.046588,1707,2306,1805,3050,1662,3109
0.024894,-0.072189,0.426814,-0.274137,0.112864,-0.057630,1727,2306,1805,3050,1674,3109
0.020012,-0.073487,0.435531,-0.271773,0.114161,-0.067338,1747,2307,1805,3050,1689,3109
0.016151,-0.072996,0.442111,-0.270118,0.113670,-0.074785,1766,2310,1805,3050,1703,3109
0.011396,-0.071616,0.441487,-0.274024,0.112291,-0.077568,1781,2312,1805,3049,1715,3109
0.007895,-0.070059,0.446738,-0.273010,0.110734,-0.083796,1795,2314,1805,3049,1725,3109
0.004586,-0.070921,0.465052,-0.262957,0.111596,-0.099458,1799,2314,1805,3049,1728,3109
0.001499,-0.069056,0.462266,-0.267115,0.109731,-0.099522,1801,2314,1805,3048,1729,3109
-0.000037,-0.067966,0.458980,-0.270478,0.108640,-0.098162,1798,2314,1804,3048,1727,3109
-0.000586,-0.070198,0.471578,-0.262297,0.110873,-0.107759,1789,2313,1804,3048,1723,3109
0.000019,-0.070646,0.469077,-0.263558,0.111320,-0.105516,1777,2312,1804,3048,1721,3109
0.001566,-0.072157,0.468869,-0.262568,0.112832,-0.104310,1762,2310,1804,3048,1720,3109
0.003747,-0.071847,0.459642,-0.267257,0.112521,-0.096069,1746,2309,1804,3048,1719,3109
0.006900,-0.073784,0.466056,-0.260579,0.114458,-0.098617,1729,2308,1804,3048,1705,3109
0.010943,-0.072962,0.451831,-0.267308,0.113637,-0.085449,1709,2307,1804,3048,1684,3109
0.014487,-0.074188,0.448097,-0.267258,0.114863,-0.080300,1689,2306,1804,3048,1661,3109
0.018887,-0.074511,0.443634,-0.267077,0.115186,-0.074036,1668,2306,1804,3048,1643,3109
0.023102,-0.074607,0.438058,-0.267790,0.115281,-0.067083,1647,2306,1804,3048,1629,3109
0.027534,-0.073992,0.428326,-0.271174,0.114667,-0.056939,1626,2306,1804,3048,1620,3109
0.032136,-0.071940,0.411786,-0.279072,0.112615,-0.041695,1605,2308,1804,3048,1605,3109
0.037971,-0.072643,0.414249,-0.273122,0.113317,-0.039523,1583,2309,1805,3048,1588,3109
0.049710,-0.071090,0.402689,-0.272402,0.111764,-0.023064,1539,2310,1805,3048,1546,3109
0.067392,-0.070541,0.386960,-0.270172,0.111215,0.000496,1485,2305,1805,3049,1507,3109
0.075227,-0.073119,0.389638,-0.262611,0.113793,0.003873,1473,2304,1805,3049,1502,3109
0.078615,-0.072052,0.374728,-0.270287,0.112727,0.017096,1468,2304,1805,3049,1502,3109
0.082821,-0.072880,0.374218,-0.267556,0.113555,0.020335,1467,2304,1805,3049,1503,3109
0.085027,-0.073112,0.370924,-0.268184,0.113786,0.024249,1474,2304,1805,3049,1507,3109
0.085514,-0.073370,0.372343,-0.266862,0.114044,0.023542,1487,2304,1805,3049,1509,3109
0.083624,-0.072952,0.373527,-0.267439,0.113626,0.021388,1508,2304,1805,3049,1511,3109
0.078481,-0.071955,0.373095,-0.271498,0.112629,0.018201,1529,2304,1805,3049,1515,3109
0.073337,-0.071809,0.377705,-0.272124,0.112484,0.011322,1550,2304,1805,3049,1532,3109
0.066822,-0.071536,0.382007,-0.273963,0.112210,0.003734,1572,2305,1805,3049,1556,3109
0.059935,-0.071974,0.389450,-0.273935,0.112649,-0.006406,1596,2306,1805,3049,1584,3109
0.052502,-0.070760,0.389432,-0.279389,0.111435,-0.011456,1617,2306,1805,3049,1607,3109
0.048690,-0.073548,0.411542,-0.267119,0.114222,-0.030240,1640,2307,1805,3049,1624,3109
0.041380,-0.071456,0.406422,-0.275958,0.112131,-0.031471,1663,2307,1805,3049,1636,3109
0.036485,-0.073318,0.424077,-0.267515,0.113993,-0.047731,1684,2305,1805,3049,1647,3109
0.030408,-0.071813,0.419186,-0.275296,0.112487,-0.048290,1705,2304,1805,3050,1661,3109
0.025802,-0.073665,0.432196,-0.269806,0.114340,-0.060952,1726,2304,1805,3050,1674,3109
0.016971,-0.076155,0.449401,-0.264551,0.116830,-0.079564,1773,2303,1805,3050,1700,3109
0.010946,-0.075000,0.446712,-0.270794,0.115674,-0.081699,1796,2304,1805,3050,1716,3109
0.006701,-0.074644,0.455659,-0.267807,0.115318,-0.091141,1819,2305,1805,3049,1732,3109
0.001902,-0.073329,0.461201,-0.267545,0.114004,-0.098467,1839,2307,1805,3049,1747,3109
-0.002556,-0.072436,0.465520,-0.267867,0.113111,-0.104666,1854,2308,1804,3048,1758,3109
-0.006161,-0.073388,0.482530,-0.258919,0.114063,-0.119574,1863,2308,1803,3048,1765,3109
-0.008592,-0.073361,0.486791,-0.257797,0.114036,-0.124350,1869,2308,1803,3048,1767,3109
-0.010691,-0.073438,0.489043,-0.257799,0.114112,-0.127428,1870,2307,1803,3048,1767,3109
-0.011351,-0.074346,0.493584,-0.255189,0.115020,-0.131203,1870,2306,1803,3048,1767,3109
-0.011630,-0.074243,0.493614,-0.255373,0.114918,-0.131415,1868,2305,1803,3048,1766,3109
-0.011352,-0.075168,0.493646,-0.255148,0.115843,-0.131249,1857,2305,1804,3048,1761,3109
-0.010187,-0.075641,0.494131,-0.253964,0.116315,-0.130811,1845,2305,1804,3048,1759,3109
-0.009086,-0.075090,0.489318,-0.256437,0.115765,-0.126536,1833,2305,1804,3048,1758,3109
-0.007665,-0.075239,0.490448,-0.254626,0.115914,-0.126396,1820,2305,1804,3048,1757,3109
-0.005505,-0.075198,0.485446,-0.256453,0.115873,-0.121263,1802,2305,1804,3048,1756,3109
-0.002985,-0.076047,0.484037,-0.255567,0.116721,-0.118515,1786,2305,1804,3048,1745,3109
0.000525,-0.074757,0.469160,-0.263131,0.115432,-0.105232,1770,2305,1804,3048,1726,3109
0.003115,-0.075310,0.469258,-0.261169,0.115984,-0.103540,1751,2305,1804,3048,1704,3109
0.006640,-0.073189,0.454254,-0.268809,0.113863,-0.090153,1732,2306,1804,3048,1687,3109
0.009627,-0.073773,0.454871,-0.266201,0.114448,-0.088571,1711,2306,1804,3048,1672,3109
0.013383,-0.073678,0.447713,-0.268328,0.114353,-0.080771,1690,2306,1804,3048,1661,3109
0.017770,-0.073132,0.438657,-0.271285,0.113807,-0.071153,1666,2306,1804,3048,1648,3109
0.023120,-0.073984,0.438765,-0.267295,0.114658,-0.067588,1644,2305,1804,3048,1632,3109
0.028935,-0.075447,0.438876,-0.262962,0.116121,-0.063708,1620,2305,1804,3048,1612,3109
0.033523,-0.073024,0.419478,-0.272817,0.113698,-0.046382,1599,2304,1804,3048,1589,3109
0.045670,-0.073914,0.406302,-0.272899,0.114589,-0.028461,1556,2304,1805,3049,1544,3109
0.050963,-0.073435,0.399786,-0.273463,0.114110,-0.020085,1534,2304,1805,3050,1525,3109
0.057797,-0.072996,0.392662,-0.273312,0.113671,-0.010214,1513,2304,1806,3050,1509,3109
0.063416,-0.072353,0.386409,-0.273458,0.113028,-0.001809,1494,2304,1806,3050,1496,3109
0.072490,-0.074741,0.397678,-0.259139,0.115416,-0.003878,1477,2303,1806,3050,1486,3109
0.077549,-0.074059,0.385301,-0.263866,0.114734,0.008630,1460,2303,1806,3050,1478,3109
0.084097,-0.075084,0.381654,-0.261556,0.115758,0.015761,1445,2303,1806,3050,1471,3109
0.091047,-0.072887,0.362714,-0.269370,0.113561,0.034361,1423,2303,1806,3050,1453,3109
0.096496,-0.072657,0.364676,-0.264044,0.113332,0.036636,1414,2303,1805,3050,1445,3109
0.099576,-0.072824,0.363525,-0.262574,0.113499,0.039577,1406,2303,1805,3050,1438,3109
0.103473,-0.073731,0.363577,-0.259685,0.114406,0.042193,1400,2303,1805,3050,1433,3109
0.105279,-0.072656,0.356694,-0.263051,0.113331,0.048463,1394,2303,1804,3050,1431,3109
0.107797,-0.073159,0.356287,-0.261484,0.113833,0.050476,1390,2303,1804,3049,1431,3109
0.108987,-0.072343,0.353012,-0.262845,0.113017,0.053684,1388,2303,1804,3049,1431,3109
0.110640,-0.072452,0.353585,-0.261244,0.113126,0.054390,1388,2304,1804,3049,1431,3109
0.110512,-0.071851,0.349951,-0.263813,0.112525,0.056963,1388,2306,1804,3049,1431,3109
0.111853,-0.072028,0.352888,-0.260831,0.112702,0.055727,1392,2310,1802,3047,1432,3109
0.111287,-0.071236,0.353377,-0.260912,0.111910,0.054984,1397,2312,1802,3041,1436,3109
0.109476,-0.070381,0.355075,-0.261081,0.111055,0.052507,1404,2315,1802,3039,1438,3109
0.106881,-0.068554,0.354753,-0.263201,0.109228,0.050975,1417,2316,1802,3039,1439,3109
0.103209,-0.066870,0.355298,-0.265517,0.107545,0.048075,1430,2316,1802,3038,1440,3109
0.096239,-0.067340,0.365054,-0.263975,0.108015,0.036184,1458,2316,1803,3038,1443,3109
0.085672,-0.066904,0.366973,-0.270404,0.107579,0.027581,1490,2316,1804,3045,1483,3109
0.075467,-0.066705,0.371629,-0.274703,0.107379,0.017221,1527,2315,1805,3048,1542,3109
0.071154,-0.066920,0.376846,-0.274307,0.107594,0.010464,1559,2315,1806,3049,1568,3109
0.066903,-0.067441,0.385703,-0.271386,0.108116,0.001083,1570,2315,1806,3049,1574,3109
0.061923,-0.068460,0.394050,-0.269346,0.109134,-0.008419,1588,2314,1806,3049,1584,3109
0.055119,-0.068220,0.396165,-0.272886,0.108894,-0.014603,1605,2312,1805,3049,1594,3109
0.044606,-0.070783,0.411264,-0.270298,0.111458,-0.032818,1633,2310,1805,3049,1608,3109
0.039523,-0.071638,0.413698,-0.272361,0.112313,-0.038063,1640,2310,1805,3049,1610,3109
0.036602,-0.071489,0.414423,-0.274006,0.112163,-0.040583,1642,2310,1805,3049,1610,3109
0.034248,-0.071224,0.413930,-0.276065,0.111899,-0.041826,1642,2311,1805,3049,1607,3109
0.034022,-0.071193,0.418020,-0.273444,0.111867,-0.044974,1635,2311,1805,3049,1604,3109
0.034752,-0.070913,0.418096,-0.272858,0.111588,-0.044533,1619,2310,1805,3049,1602,3109
0.036879,-0.071258,0.418755,-0.270852,0.111933,-0.043566,1602,2310,1805,3049,1601,3109
0.040691,-0.071380,0.412832,-0.272096,0.112054,-0.036633,1586,2308,1805,3049,1595,3109
0.044818,-0.071444,0.409920,-0.271058,0.112118,-0.031690,1551,2306,1805,3049,1564,3109
0.049899,-0.072709,0.408886,-0.268043,0.113384,-0.027471,1538,2305,1805,3049,1550,3109
0.057567,-0.074892,0.410133,-0.261579,0.115567,-0.023161,1516,2305,1805,3049,1525,3109
0.060549,-0.071132,0.381823,-0.278680,0.111806,-0.000404,1492,2305,1805,3049,1502,3109
0.077641,-0.074372,0.387129,-0.262553,0.115047,0.007354,1441,2305,1805,3049,1465,3109
0.120234,-0.068597,0.341977,-0.262127,0.109272,0.069424,1331,2309,1804,3049,1397,3109
0.127980,-0.070006,0.347786,-0.252500,0.110680,0.070448,1326,2309,1804,3049,1395,3109
0.130883,-0.069217,0.342546,-0.253944,0.109892,0.076261,1325,2309,1803,3048,1395,3109
0.134290,-0.070168,0.345147,-0.249678,0.110843,0.076678,1328,2309,1803,3048,1395,3109
0.131490,-0.068596,0.336797,-0.257415,0.109270,0.080884,1336,2310,1803,3048,1398,3109
0.132405,-0.069615,0.343193,-0.252389,0.110290,0.076825,1355,2312,1804,3048,1403,3109
0.130804,-0.069966,0.349186,-0.249479,0.110640,0.071347,1374,2313,1804,3048,1404,3109
0.125634,-0.069361,0.352359,-0.251102,0.110036,0.065501,1399,2314,1805,3048,1405,3109
0.058963,-0.067429,0.392290,-0.272712,0.108103,-0.009148,1595,2315,1805,3039,1567,3109
0.045323,-0.068895,0.406320,-0.273140,0.109569,-0.028711,1635,2315,1805,3039,1581,3109
0.040648,-0.069843,0.416580,-0.269575,0.110518,-0.039406,1652,2315,1805,3040,1590,3109
0.033659,-0.067439,0.407881,-0.280616,0.108114,-0.037798,1664,2315,1805,3041,1599,3109
0.029357,-0.068396,0.413326,-0.280057,0.109071,-0.044715,1674,2315,1805,3042,1605,3109
0.026550,-0.069071,0.421549,-0.276511,0.109746,-0.052647,1678,2315,1805,3045,1605,3109
0.024017,-0.069514,0.426672,-0.274876,0.110189,-0.058124,1678,2315,1805,3047,1605,3109
0.023204,-0.069687,0.427859,-0.274662,0.110361,-0.059546,1676,2315,1805,3048,1604,3109
0.022982,-0.069219,0.427021,-0.275396,0.109893,-0.059084,1672,2315,1805,3048,1600,3109
0.023941,-0.068595,0.423837,-0.276862,0.109270,-0.056100,1660,2315,1805,3048,1599,3109
0.026436,-0.069698,0.427950,-0.272234,0.110372,-0.057411,1644,2315,1805,3048,1598,3109
0.029050,-0.069586,0.422588,-0.273973,0.110261,-0.051705,1628,2315,1805,3048,1597,3109
0.032285,-0.068256,0.414208,-0.277313,0.108931,-0.043366,1612,2315,1805,3048,1596,3109
0.036689,-0.068803,0.413709,-0.274428,0.109478,-0.040002,1593,2314,1805,3048,1594,3109
0.041332,-0.068403,0.406151,-0.276178,0.109078,-0.031305,1572,2314,1805,3048,1580,3109
0.046987,-0.070039,0.409419,-0.269811,0.110714,-0.029846,1554,2314,1805,3048,1553,3109
0.051612,-0.069470,0.399715,-0.273035,0.110145,-0.019591,1534,2314,1804,3048,1526,3109
0.058700,-0.070824,0.400430,-0.267360,0.111499,-0.015286,1514,2314,1804,3048,1503,3109
0.063102,-0.070378,0.392753,-0.269367,0.111052,-0.006667,1493,2314,1804,3048,1485,3109
0.067279,-0.068297,0.375158,-0.278294,0.108972,0.009059,1473,2314,1803,3048,1471,3109
0.076020,-0.070684,0.381667,-0.267461,0.111358,0.010249,1452,2314,1801,3048,1460,3109
0.081861,-0.069807,0.373095,-0.269024,0.110482,0.020503,1433,2313,1801,3048,1450,3109
0.088561,-0.070334,0.370755,-0.265713,0.111008,0.026780,1416,2311,1800,3048,1440,3109
0.102199,-0.072411,0.366548,-0.258594,0.113085,0.039151,1391,2307,1798,3048,1426,3109
0.106655,-0.072570,0.360196,-0.259658,0.113245,0.046836,1388,2305,1796,3048,1424,3109
0.111101,-0.073875,0.358984,-0.257229,0.114549,0.050752,1390,2305,1795,3048,1426,3109
0.110320,-0.073717,0.352633,-0.262127,0.114391,0.054870,1402,2304,1795,3048,1431,3109
0.111244,-0.075784,0.358169,-0.257679,0.116458,0.051446,1418,2304,1795,3048,1432,3109
0.106983,-0.075193,0.356162,-0.262166,0.115868,0.050012,1438,2306,1795,3048,1435,3109
0.104375,-0.076508,0.369013,-0.255322,0.117183,0.038828,1461,2308,1795,3047,1449,3109
0.097177,-0.075821,0.374200,-0.257058,0.116496,0.030127,1483,2309,1795,3044,1472,3109
0.071058,-0.072030,0.375073,-0.275585,0.112705,0.011696,1551,2310,1795,3040,1539,3109
0.065527,-0.073144,0.387801,-0.270964,0.113819,-0.001390,1576,2310,1795,3040,1551,3109
0.044516,-0.073498,0.405858,-0.274046,0.114173,-0.028922,1641,2311,1796,3043,1581,3109
0.037385,-0.070793,0.398658,-0.284172,0.111467,-0.028508,1661,2311,1796,3044,1595,3109
0.028106,-0.072532,0.423181,-0.274260,0.113207,-0.052783,1691,2312,1797,3044,1619,3109
0.022903,-0.070133,0.412039,-0.285659,0.110808,-0.048170,1702,2312,1796,3045,1626,3109
0.020152,-0.072039,0.427870,-0.276889,0.112714,-0.061634,1710,2311,1796,3045,1630,3109
0.017001,-0.072723,0.432203,-0.276244,0.113397,-0.066952,1715,2310,1796,3046,1630,3109
0.014875,-0.073616,0.436333,-0.274987,0.114290,-0.071424,1716,2309,1796,3048,1630,3109
0.014043,-0.073980,0.438731,-0.273963,0.114654,-0.073747,1715,2307,1800,3048,1630,3109
0.013753,-0.075137,0.443015,-0.271257,0.115812,-0.077081,1711,2306,1804,3048,1630,3109
0.014764,-0.073977,0.438711,-0.273449,0.114652,-0.073241,1708,2306,1805,3049,1630,3109
0.017066,-0.074536,0.443785,-0.268307,0.115211,-0.075387,1698,2307,1805,3049,1626,3109
0.019086,-0.073218,0.438466,-0.270452,0.113893,-0.070117,1683,2307,1805,3049,1622,3109
0.021103,-0.073208,0.438601,-0.268883,0.113883,-0.068842,1670,2305,1805,3049,1621,3109
0.024193,-0.073620,0.438212,-0.266886,0.114295,-0.066453,1657,2304,1804,3049,1620,3109
0.027398,-0.074617,0.432857,-0.268187,0.115292,-0.060349,1639,2303,1802,3049,1614,3109
0.030971,-0.076000,0.433053,-0.265438,0.116675,-0.058059,1618,2303,1798,3049,1597,3109
0.043958,-0.076365,0.401138,-0.277671,0.117039,-0.025847,1555,2303,1795,3049,1539,3109
0.048630,-0.076225,0.393597,-0.279386,0.116899,-0.017144,1518,2303,1795,3049,1515,3109
0.062054,-0.075470,0.382791,-0.276919,0.116144,-0.000088,1486,2303,1797,3049,1494,3109
0.090626,-0.075745,0.373615,-0.262253,0.116419,0.026093,1431,2303,1802,3049,1464,3109
0.093713,-0.073558,0.362515,-0.267554,0.114233,0.036322,1429,2303,1802,3049,1464,3109
0.097283,-0.073986,0.364759,-0.263412,0.114660,0.037111,1435,2303,1802,3049,1469,3109
0.097005,-0.073773,0.361563,-0.265792,0.114448,0.039262,1446,2303,1801,3049,1471,3109
0.096289,-0.074279,0.366390,-0.263028,0.114953,0.035240,1463,2304,1800,3049,1473,3109
0.094295,-0.075023,0.373063,-0.259943,0.115697,0.028997,1482,2304,1799,3048,1476,3109
0.080706,-0.073873,0.376189,-0.267762,0.114548,0.017451,1531,2306,1796,3046,1513,3109
0.064421,-0.072644,0.379032,-0.277747,0.113319,0.004277,1583,2307,1796,3040,1561,3109
0.058586,-0.076532,0.405320,-0.264112,0.117207,-0.018944,1611,2309,1795,3039,1583,3109
0.047222,-0.072558,0.388787,-0.283694,0.113233,-0.014580,1636,2309,1795,3039,1599,3109
0.039600,-0.071449,0.391274,-0.287580,0.112123,-0.021594,1663,2310,1795,3039,1613,3109
0.026708,-0.072129,0.412925,-0.282270,0.112804,-0.046226,1711,2311,1795,3039,1635,3109
0.019860,-0.073065,0.427658,-0.277247,0.113739,-0.061677,1732,2312,1795,3039,1648,3109
0.014441,-0.071965,0.426863,-0.281755,0.112639,-0.064787,1752,2312,1796,3039,1660,3109
0.009292,-0.071918,0.437878,-0.278022,0.112592,-0.076358,1769,2313,1797,3039,1672,3109
0.005498,-0.071798,0.444632,-0.276199,0.112473,-0.083887,1783,2313,1797,3039,1684,3109
0.001914,-0.070224,0.444337,-0.279024,0.110899,-0.086113,1793,2313,1797,3039,1694,3109
-0.000568,-0.071302,0.458920,-0.270908,0.111977,-0.098480,1799,2313,1796,3039,1701,3109
-0.002681,-0.072512,0.465215,-0.268166,0.113186,-0.104527,1802,2313,1796,3039,1702,3109
-0.003717,-0.073151,0.468470,-0.266707,0.113825,-0.107617,1802,2313,1796,3039,1702,3109
-0.004219,-0.073248,0.468388,-0.267131,0.113922,-0.107899,1801,2313,1796,3039,1700,3109
-0.004441,-0.073095,0.467365,-0.267991,0.113770,-0.107300,1796,2313,1796,3040,1697,3109
-0.003449,-0.074038,0.468505,-0.266487,0.114712,-0.107460,1783,2311,1796,3042,1695,3109
-0.002078,-0.073269,0.463093,-0.269171,0.113944,-0.102563,1770,2310,1796,3044,1694,3109
-0.000169,-0.074429,0.462549,-0.268143,0.115103,-0.100865,1757,2308,1796,3045,1693,3109
0.002261,-0.075059,0.461697,-0.266945,0.115734,-0.098586,1738,2306,1795,3046,1692,3109
0.005748,-0.076210,0.460295,-0.265347,0.116884,-0.095183,1715,2304,1795,3046,1686,3109
0.039074,-0.075053,0.396811,-0.284193,0.115727,-0.026006,1556,2303,1801,3049,1545,3109
0.078619,-0.075291,0.378460,-0.267743,0.115966,0.014367,1457,2303,1798,3049,1482,3109
0.083153,-0.074703,0.370894,-0.269577,0.115377,0.022995,1450,2303,1796,3049,1477,3109
0.086899,-0.074792,0.366728,-0.269672,0.115467,0.028596,1447,2303,1795,3049,1474,3109
0.090031,-0.075830,0.367057,-0.267155,0.116505,0.030489,1450,2303,1795,3048,1475,3109
0.090357,-0.075768,0.364686,-0.268531,0.116443,0.032447,1460,2303,1795,3048,1478,3109
0.090286,-0.076373,0.368300,-0.266122,0.117048,0.029753,1474,2303,1795,3048,1481,3109
0.087149,-0.076126,0.369160,-0.267833,0.116801,0.026986,1492,2303,1795,3048,1482,3109
0.076526,-0.075844,0.375609,-0.271216,0.116519,0.015029,1536,2303,1795,3045,1498,3109
0.060060,-0.073543,0.370363,-0.286845,0.114218,0.007653,1586,2303,1795,3040,1550,3109
0.047187,-0.075343,0.394382,-0.279908,0.116018,-0.018700,1637,2305,1795,3039,1598,3109
0.039971,-0.074180,0.396367,-0.283839,0.114855,-0.025070,1662,2306,1795,3039,1615,3109
0.032073,-0.072559,0.398351,-0.288270,0.113233,-0.031902,1687,2307,1795,3039,1627,3109
0.026468,-0.073311,0.408033,-0.285777,0.113986,-0.042808,1711,2307,1795,3039,1640,3109
0.020235,-0.073914,0.421436,-0.281211,0.114589,-0.056867,1731,2307,1795,3039,1652,3109
0.016098,-0.074657,0.435895,-0.274391,0.115331,-0.070270,1750,2307,1795,3039,1666,3109
0.010762,-0.073242,0.430569,-0.281925,0.113917,-0.070006,1769,2307,1795,3042,1681,3109
0.006619,-0.074683,0.445639,-0.274693,0.115358,-0.083861,1784,2307,1795,3044,1696,3109
0.003226,-0.075303,0.453704,-0.271683,0.115977,-0.092077,1796,2307,1795,3045,1711,3109
0.000926,-0.076327,0.464988,-0.265680,0.117002,-0.101904,1805,2307,1795,3045,1724,3109
-0.001134,-0.076411,0.468866,-0.264547,0.117086,-0.106147,1810,2307,1796,3045,1735,3109
-0.002678,-0.075610,0.468685,-0.265800,0.116285,-0.107065,1812,2307,1797,3045,1739,3109
-0.003685,-0.075914,0.474186,-0.262790,0.116589,-0.111779,1811,2307,1797,3045,1738,3109
-0.003799,-0.075077,0.472182,-0.264239,0.115752,-0.110390,1807,2307,1797,3045,1736,3109
-0.003685,-0.075914,0.474186,-0.262790,0.116589,-0.111779,1804,2306,1797,3046,1735,3109
-0.003299,-0.076089,0.471954,-0.264028,0.116763,-0.109882,1797,2305,1797,3046,1734,3109
0.061016,-0.073673,0.377918,-0.280999,0.114348,0.002772,1488,2303,1798,3048,1498,3109
0.071331,-0.076642,0.389127,-0.265812,0.117316,0.001593,1465,2303,1800,3048,1483,3109
0.090831,-0.074595,0.374541,-0.261472,0.115270,0.025555,1434,2304,1803,3048,1463,3109
0.093675,-0.072777,0.364738,-0.266067,0.113452,0.034669,1434,2304,1803,3048,1463,3109
0.095197,-0.072478,0.363126,-0.266051,0.113152,0.036886,1443,2304,1803,3048,1466,3109
0.094430,-0.072030,0.361846,-0.267485,0.112705,0.037300,1458,2305,1803,3048,1468,3109
0.093497,-0.072506,0.367099,-0.264590,0.113180,0.032819,1475,2307,1801,3048,1471,3109
0.091016,-0.073876,0.377493,-0.259325,0.114551,0.023519,1497,2309,1798,3047,1488,3109
0.083646,-0.073324,0.378327,-0.264153,0.113998,0.017889,1523,2310,1797,3042,1516,3109
0.069359,-0.073890,0.393619,-0.264195,0.114565,-0.003039,1572,2311,1795,3039,1581,3109
0.059372,-0.072583,0.388426,-0.275044,0.113257,-0.006040,1598,2311,1795,3039,1605,3109
0.051603,-0.071546,0.390530,-0.279299,0.112221,-0.012873,1624,2311,1795,3039,1623,3109
0.044894,-0.071999,0.401184,-0.276954,0.112674,-0.025243,1648,2311,1795,3039,1636,3109
0.038551,-0.073802,0.415843,-0.271612,0.114476,-0.040295,1671,2311,1795,3039,1649,3109
0.032212,-0.074798,0.426784,-0.268800,0.115473,-0.052624,1695,2311,1795,3040,1663,3109
0.024485,-0.071051,0.410555,-0.285511,0.111726,-0.046006,1719,2311,1795,3046,1679,3109
0.018903,-0.072529,0.425309,-0.279548,0.113203,-0.060609,1740,2309,1799,3047,1698,3109
0.015407,-0.073311,0.436440,-0.274525,0.113985,-0.071141,1762,2308,1803,3048,1717,3109
0.011187,-0.073270,0.443670,-0.272690,0.113945,-0.079308,1784,2308,1804,3048,1736,3109
0.007793,-0.073310,0.451912,-0.269560,0.113985,-0.087654,1805,2308,1804,3048,1754,3109
0.004549,-0.072831,0.460464,-0.266109,0.113506,-0.096124,1825,2307,1805,3049,1767,3109
0.000791,-0.073118,0.468543,-0.263358,0.113792,-0.104599,1847,2307,1805,3049,1781,3109
-0.002973,-0.073576,0.476928,-0.260401,0.114251,-0.113302,1868,2306,1804,3049,1793,3109
-0.006192,-0.074783,0.487176,-0.255777,0.115458,-0.122997,1890,2306,1801,3048,1807,3109
-0.009729,-0.075184,0.493752,-0.253887,0.115858,-0.130221,1905,2306,1798,3048,1816,3109
-0.013299,-0.076618,0.505862,-0.248251,0.117293,-0.141518,1923,2306,1797,3043,1828,3109
-0.023191,-0.076018,0.519601,-0.246134,0.116692,-0.158315,1992,2306,1796,3040,1879,3109
-0.027673,-0.075834,0.555345,-0.225067,0.116509,-0.187536,2074,2306,1800,3040,1936,3109
-0.029130,-0.076583,0.585146,-0.205834,0.117258,-0.210347,2142,2306,1801,3040,1981,3109
-0.028440,-0.076299,0.600461,-0.194896,0.116973,-0.221089,2175,2307,1803,3040,2001,3109
-0.026008,-0.073774,0.595624,-0.196410,0.114448,-0.215891,2224,2307,1803,3040,2031,3109
-0.026133,-0.076538,0.628437,-0.174151,0.117212,-0.239999,2240,2307,1803,3040,2041,3109
-0.005111,-0.076398,0.690604,-0.116413,0.117073,-0.271192,2400,2312,1796,3038,2168,3109
-0.004882,-0.076372,0.703451,-0.107494,0.117046,-0.280442,2399,2312,1795,3038,2168,3109
-0.004882,-0.076372,0.703451,-0.107494,0.117046,-0.280442,2396,2312,1794,3037,2168,3109
-0.006039,-0.075941,0.699212,-0.111228,0.116616,-0.278126,2389,2313,1794,3037,2167,3109
-0.007909,-0.074835,0.686427,-0.121306,0.115510,-0.270040,2365,2314,1794,3037,2162,3109
-0.008983,-0.074595,0.684134,-0.123655,0.115269,-0.269092,2354,2314,1794,3037,2161,3109
-0.014045,-0.074472,0.670324,-0.136768,0.115147,-0.262431,2314,2314,1794,3037,2159,3109
0.000732,-0.074834,0.710205,-0.098783,0.115509,-0.281562,2456,2346,1734,3037,2429,3109
0.001617,-0.076497,0.726397,-0.087105,0.117172,-0.292813,2461,2347,1733,3037,2433,3109
0.003174,-0.075942,0.727381,-0.085295,0.116617,-0.292473,2477,2347,1733,3037,2453,3109
0.004367,-0.075692,0.728157,-0.083893,0.116367,-0.292228,2488,2347,1735,3037,2473,3109
0.023707,-0.076479,0.755792,-0.050909,0.117154,-0.299286,2545,2347,1735,3037,2530,3109
0.024402,-0.076082,0.758059,-0.048857,0.116757,-0.300472,2537,2347,1737,3043,2528,3109
0.023691,-0.076385,0.755418,-0.051176,0.117059,-0.299023,2533,2346,1740,3048,2521,3109
0.017808,-0.075556,0.728282,-0.073967,0.116230,-0.283164,2484,2336,1781,3048,2451,3109
0.017499,-0.076126,0.743238,-0.064005,0.116801,-0.294324,2480,2335,1788,3048,2450,3109
0.017093,-0.074584,0.739993,-0.066514,0.115259,-0.292225,2475,2333,1795,3048,2450,3109
0.016972,-0.073071,0.728589,-0.074371,0.113745,-0.283958,2469,2327,1803,3048,2449,3109
0.017497,-0.074890,0.743127,-0.064084,0.115565,-0.294244,2463,2320,1810,3048,2448,3109
0.017113,-0.073023,0.725557,-0.076333,0.113698,-0.281643,2456,2312,1819,3048,2438,3109
0.017616,-0.075455,0.743187,-0.063955,0.116129,-0.294207,2450,2305,1829,3043,2422,3109
0.016818,-0.074723,0.727178,-0.075445,0.115397,-0.283030,2445,2296,1839,3039,2406,3109
0.015896,-0.074216,0.711240,-0.086976,0.114891,-0.271990,2438,2290,1848,3038,2396,3109
0.015618,-0.074776,0.713427,-0.085690,0.115451,-0.273781,2434,2284,1856,3038,2391,3109
0.015388,-0.075198,0.717178,-0.083303,0.115873,-0.276683,2430,2281,1863,3038,2390,3109
0.015755,-0.074348,0.701045,-0.094024,0.115022,-0.264622,2424,2278,1870,3038,2390,3109
0.016793,-0.075956,0.713470,-0.084800,0.116631,-0.273011,2418,2276,1877,3038,2390,3109
0.016827,-0.076317,0.716399,-0.082780,0.116991,-0.275133,2415,2273,1883,3038,2390,3109
0.017481,-0.073747,0.700808,-0.092922,0.114421,-0.263273,2407,2265,1895,3037,2390,3109
0.018497,-0.075796,0.717172,-0.081031,0.116470,-0.274560,2402,2259,1899,3037,2389,3109
0.017864,-0.074668,0.703775,-0.090620,0.115342,-0.265184,2398,2255,1901,3037,2389,3109
0.017806,-0.074085,0.690225,-0.099893,0.114759,-0.255304,2397,2253,1901,3037,2389,3109
0.018335,-0.074649,0.673109,-0.111165,0.115323,-0.242412,2422,2253,1900,3039,2367,3109
0.021717,-0.075551,0.699206,-0.090912,0.116226,-0.259214,2414,2253,1903,3047,2351,3109
0.021906,-0.076364,0.703356,-0.087947,0.117039,-0.262124,2394,2252,1903,3048,2322,3109
0.016503,-0.076633,0.685729,-0.103909,0.117308,-0.252899,2363,2240,1913,3049,2316,3109
0.035189,-0.075675,0.630070,-0.128143,0.116349,-0.199423,2253,2110,2108,3023,2237,3109
0.036225,-0.075673,0.630054,-0.127396,0.116348,-0.198705,2241,2106,2118,3008,2228,3109
0.035484,-0.074449,0.631277,-0.127106,0.115124,-0.200105,2222,2099,2147,2959,2209,3109
0.034697,-0.073483,0.640619,-0.121318,0.114158,-0.207481,2218,2096,2162,2940,2202,3109
0.032814,-0.069891,0.629718,-0.130122,0.110566,-0.200783,2209,2088,2180,2922,2196,3109
0.032700,-0.069085,0.639136,-0.123790,0.109759,-0.207755,2197,2076,2200,2907,2190,3109
0.073219,-0.066791,0.442641,-0.227977,0.107466,-0.036299,1612,2095,2150,2897,1564,3109
0.050985,-0.067827,0.505554,-0.201399,0.108501,-0.097504,1849,2034,2212,2944,1777,3109
0.051078,-0.069537,0.509172,-0.198866,0.110212,-0.100089,1872,2012,2231,2938,1803,3109
0.051531,-0.071398,0.519391,-0.191573,0.112073,-0.107261,1885,2004,2239,2938,1817,3109
0.051531,-0.071398,0.519391,-0.191573,0.112073,-0.107261,1896,1998,2247,2938,1829,3109
0.052365,-0.072041,0.524530,-0.187463,0.112716,-0.110456,1907,1992,2254,2938,1840,3109
0.052175,-0.071338,0.519782,-0.190835,0.112012,-0.107109,1921,1987,2262,2938,1855,3109
0.053217,-0.071162,0.524416,-0.186916,0.111837,-0.109792,1938,1982,2271,2938,1872,3109
0.054970,-0.071382,0.535348,-0.178186,0.112057,-0.116602,1957,1977,2277,2938,1891,3109
0.056238,-0.072275,0.547509,-0.168973,0.112949,-0.124641,1976,1971,2280,2938,1908,3109
0.055802,-0.071385,0.547645,-0.169200,0.112060,-0.125038,1994,1967,2281,2938,1924,3109
0.055079,-0.071599,0.550542,-0.167756,0.112273,-0.127651,2011,1964,2281,2938,1941,3109
0.054585,-0.072234,0.555908,-0.164462,0.112908,-0.131916,2027,1964,2281,2938,1958,3109
0.052704,-0.071393,0.547700,-0.171431,0.112068,-0.127188,2044,1964,2280,2938,1977,3109
0.053211,-0.073594,0.564455,-0.159646,0.114269,-0.139109,2061,1964,2277,2938,1996,3109
0.052952,-0.074441,0.572901,-0.154082,0.115116,-0.145469,2079,1964,2273,2938,2012,3109
0.053063,-0.075928,0.579987,-0.149175,0.116603,-0.150581,2097,1963,2271,2938,2028,3109
0.051639,-0.075771,0.579933,-0.150254,0.116446,-0.151511,2116,1963,2271,2938,2046,3109
0.050189,-0.075412,0.573083,-0.155981,0.116086,-0.147484,2138,1963,2271,2938,2068,3109
0.051014,-0.076344,0.591068,-0.143126,0.117019,-0.160089,2184,1963,2271,2938,2116,3109
0.077110,-0.075453,0.767457,-0.003867,0.116128,-0.271448,2634,2119,2091,2841,2577,3109
0.074546,-0.073343,0.755799,-0.013685,0.114017,-0.264660,2632,2123,2086,2847,2577,3109
0.073986,-0.074220,0.767804,-0.005918,0.114894,-0.273831,2631,2124,2087,2848,2576,3109
0.067950,-0.069109,0.711613,-0.048613,0.109784,-0.236804,2626,2124,2088,2848,2576,3109
0.073357,-0.073725,0.773515,-0.002488,0.114399,-0.278440,2621,2124,2088,2848,2576,3109
0.072680,-0.073831,0.773368,-0.003083,0.114506,-0.278793,2621,2124,2090,2849,2576,3109
0.071226,-0.072154,0.760307,-0.013045,0.112828,-0.270222,2620,2124,2092,2850,2575,3109
0.072688,-0.074190,0.777217,-0.000456,0.114865,-0.281606,2615,2124,2094,2851,2575,3109
0.071046,-0.073150,0.763038,-0.011317,0.113824,-0.272344,2606,2123,2095,2852,2572,3109
0.070779,-0.072762,0.756006,-0.016302,0.113437,-0.267378,2599,2121,2096,2852,2557,3109
0.069110,-0.071257,0.743972,-0.025722,0.111932,-0.259704,2593,2118,2099,2853,2537,3109
0.069368,-0.072470,0.753605,-0.018970,0.113144,-0.266581,2584,2114,2105,2853,2518,3109
0.064045,-0.069889,0.716416,-0.048201,0.110564,-0.242981,2573,2113,2112,2853,2504,3109
0.065048,-0.072683,0.743338,-0.029127,0.113357,-0.262007,2560,2112,2116,2853,2495,3109
0.065262,-0.075519,0.761526,-0.016581,0.116193,-0.275177,2550,2111,2120,2853,2487,3109
0.061972,-0.073490,0.741478,-0.032646,0.114164,-0.262741,2539,2106,2126,2853,2476,3109
0.061100,-0.073280,0.739847,-0.034396,0.113955,-0.262141,2527,2096,2134,2853,2464,3109
0.061328,-0.074730,0.754762,-0.024069,0.115404,-0.272905,2516,2086,2142,2853,2452,3109
0.058485,-0.074283,0.743247,-0.033994,0.114957,-0.266411,2505,2074,2150,2853,2442,3109
0.056617,-0.074069,0.726059,-0.047070,0.114744,-0.255101,2492,2061,2161,2853,2430,3109
0.055922,-0.076404,0.724953,-0.048332,0.117078,-0.254764,2478,2048,2173,2853,2417,3109
0.051778,-0.071792,0.665475,-0.091881,0.112467,-0.214043,2465,2036,2185,2853,2402,3109
0.051950,-0.073337,0.678484,-0.082894,0.114011,-0.223450,2452,2025,2197,2853,2387,3109
0.051000,-0.074952,0.661995,-0.094822,0.115626,-0.212024,2395,1990,2243,2853,2324,3109
0.053512,-0.076612,0.675150,-0.084021,0.117286,-0.219944,2381,1983,2253,2853,2309,3109
0.051991,-0.074239,0.651170,-0.101470,0.114914,-0.203425,2366,1975,2264,2853,2295,3109
0.054542,-0.075157,0.661554,-0.092529,0.115831,-0.209289,2317,1956,2297,2853,2250,3109
0.054719,-0.073403,0.651302,-0.099383,0.114077,-0.201663,2299,1950,2307,2853,2233,3109
0.056737,-0.074088,0.661751,-0.090788,0.114763,-0.207939,2279,1943,2316,2853,2215,3109
0.055802,-0.071919,0.640795,-0.105747,0.112594,-0.193233,2258,1937,2323,2853,2197,3109
0.056812,-0.072362,0.646633,-0.101031,0.113037,-0.196819,2237,1932,2329,2853,2178,3109
0.058080,-0.072809,0.649164,-0.098378,0.113484,-0.197808,2217,1927,2336,2853,2160,3109
0.057243,-0.072555,0.636647,-0.107518,0.113230,-0.189214,2185,1922,2345,2853,2130,3109
0.056370,-0.070575,0.619473,-0.119856,0.111250,-0.177236,2174,1922,2348,2853,2118,3109
0.058130,-0.071132,0.626408,-0.113843,0.111806,-0.181114,2156,1922,2351,2853,2097,3109
0.056133,-0.068243,0.599275,-0.133788,0.108917,-0.162611,2131,1922,2354,2853,2072,3109
0.057548,-0.068595,0.608729,-0.126312,0.109269,-0.168568,2108,1922,2355,2853,2047,3109
0.058246,-0.068539,0.608469,-0.125978,0.109214,-0.167903,2086,1922,2355,2853,2025,3109
0.057846,-0.066840,0.589091,-0.139471,0.107514,-0.153988,2036,1925,2355,2853,1977,3109
0.058245,-0.066770,0.579325,-0.145831,0.107444,-0.146566,1984,1930,2354,2853,1929,3109
0.040521,-0.069188,0.572161,-0.163687,0.109863,-0.153395,2071,2033,2221,2931,2037,3109
0.039987,-0.069219,0.572441,-0.163887,0.109893,-0.153963,2086,2032,2221,2933,2052,3109
0.040470,-0.071034,0.587188,-0.153488,0.111708,-0.164431,2107,2032,2221,2934,2077,3109
0.040363,-0.070916,0.590442,-0.151350,0.111590,-0.166886,2127,2032,2221,2935,2102,3109
0.040559,-0.069960,0.590824,-0.150946,0.110635,-0.167033,2148,2032,2221,2935,2125,3109
0.040779,-0.069976,0.590771,-0.150821,0.110651,-0.166843,2169,2032,2221,2934,2145,3109
0.042197,-0.071746,0.609884,-0.136763,0.112421,-0.179871,2192,2032,2221,2928,2167,3109
0.041103,-0.068888,0.592489,-0.149414,0.109563,-0.167880,2213,2032,2219,2925,2188,3109
0.042564,-0.071698,0.620376,-0.129348,0.112372,-0.187302,2234,2032,2214,2924,2209,3109
0.041195,-0.070737,0.616905,-0.132715,0.111411,-0.185693,2253,2032,2211,2924,2230,3109
0.040863,-0.071170,0.620434,-0.130554,0.111845,-0.188503,2273,2032,2209,2924,2253,3109
0.041999,-0.073195,0.631103,-0.122455,0.113870,-0.195539,2294,2032,2209,2924,2276,3109
0.043541,-0.075147,0.652448,-0.106786,0.115822,-0.210116,2312,2032,2208,2924,2295,3109
0.045603,-0.076628,0.662882,-0.098169,0.117302,-0.216351,2332,2031,2208,2924,2314,3109
0.045256,-0.072940,0.640131,-0.113920,0.113615,-0.199931,2353,2031,2208,2924,2333,3109
0.049410,-0.075152,0.664453,-0.094311,0.115827,-0.214907,2373,2031,2207,2924,2353,3109
0.051275,-0.076247,0.676512,-0.084732,0.116922,-0.222466,2391,2031,2205,2923,2372,3109
0.052064,-0.073605,0.660132,-0.095311,0.114280,-0.209936,2409,2031,2199,2923,2391,3109
0.054825,-0.075167,0.677096,-0.081735,0.115842,-0.220475,2427,2032,2191,2923,2407,3109
0.056222,-0.075217,0.677351,-0.080538,0.115891,-0.219710,2446,2034,2183,2923,2419,3109
0.059371,-0.076155,0.701415,-0.061840,0.116829,-0.235182,2559,2131,2058,2923,2527,3109
0.060284,-0.076242,0.724569,-0.045400,0.116917,-0.251512,2564,2139,2046,2923,2528,3109
0.054529,-0.074623,0.713881,-0.056894,0.115298,-0.247607,2556,2147,2036,2923,2518,3109
0.054479,-0.074821,0.716922,-0.054859,0.115496,-0.249867,2552,2147,2039,2925,2511,3109
0.054193,-0.074146,0.713026,-0.057722,0.114821,-0.247210,2528,2142,2041,2935,2457,3109
0.050211,-0.076340,0.728637,-0.050003,0.117015,-0.261351,2454,2111,2098,2935,2392,3109
0.046768,-0.074639,0.690056,-0.078805,0.115313,-0.235451,2430,2087,2120,2926,2370,3109
0.045723,-0.076272,0.689306,-0.080081,0.116947,-0.235614,2415,2078,2132,2924,2360,3109
0.044279,-0.076249,0.674833,-0.090997,0.116924,-0.226002,2319,2053,2189,2924,2251,3109
0.043704,-0.074677,0.667099,-0.096686,0.115351,-0.220732,2305,2053,2197,2924,2236,3109
0.043018,-0.072484,0.652680,-0.107011,0.113159,-0.210643,2290,2053,2204,2924,2225,3109
0.044322,-0.071906,0.663003,-0.099024,0.112581,-0.217312,2276,2052,2211,2924,2215,3109
0.043164,-0.068776,0.641044,-0.114830,0.109451,-0.202024,2253,2050,2219,2924,2197,3109
0.044068,-0.069222,0.652345,-0.106470,0.109897,-0.209682,2244,2050,2222,2924,2189,3109
0.043686,-0.066903,0.638443,-0.116220,0.107577,-0.199764,2209,2050,2228,2924,2151,3109
0.031417,-0.067643,0.463280,-0.244521,0.108318,-0.079884,1751,2172,2041,2930,1736,3109
0.031242,-0.067241,0.463390,-0.244574,0.107915,-0.080084,1756,2173,2042,2933,1736,3109
0.031411,-0.066775,0.469509,-0.240283,0.107450,-0.084448,1763,2174,2043,2934,1737,3109
0.015038,-0.066661,0.536549,-0.206602,0.107336,-0.144682,1964,2133,2088,2925,1915,3109
0.014159,-0.068447,0.536682,-0.207155,0.109121,-0.145378,1975,2132,2089,2926,1926,3109
0.013695,-0.069561,0.538708,-0.206115,0.110236,-0.147178,1987,2132,2090,2928,1939,3109
0.013354,-0.069988,0.544039,-0.202733,0.110663,-0.151312,1998,2134,2090,2930,1952,3109
0.013220,-0.070035,0.552688,-0.196939,0.110710,-0.157736,2009,2136,2090,2931,1965,3109
0.013023,-0.068020,0.551022,-0.198218,0.108695,-0.156650,2022,2136,2091,2931,1978,3109
0.012599,-0.066755,0.546637,-0.201516,0.107430,-0.153729,2035,2136,2091,2930,1990,3109
0.012285,-0.067117,0.555170,-0.195933,0.107792,-0.160190,2048,2136,2091,2926,2001,3109
0.011765,-0.068513,0.570332,-0.185985,0.109187,-0.171644,2061,2134,2091,2925,2014,3109
0.010826,-0.068507,0.570281,-0.186708,0.109182,-0.172247,2074,2133,2090,2924,2024,3109
0.010062,-0.067413,0.560350,-0.194032,0.108088,-0.165496,2087,2133,2089,2924,2034,3109
0.009032,-0.070459,0.586444,-0.177011,0.111134,-0.185302,2099,2133,2089,2924,2043,3109
0.008859,-0.070496,0.587386,-0.176496,0.111170,-0.186109,2110,2132,2088,2924,2053,3109
0.008253,-0.070558,0.587322,-0.176983,0.111233,-0.186476,2121,2132,2088,2924,2064,3109
0.008427,-0.071751,0.595150,-0.171524,0.112425,-0.192087,2130,2132,2088,2924,2074,3109
0.008394,-0.072153,0.598830,-0.169041,0.112827,-0.194804,2140,2132,2088,2924,2084,3109
0.009029,-0.073398,0.606796,-0.163150,0.114073,-0.200204,2150,2131,2088,2924,2096,3109
0.009217,-0.073658,0.615173,-0.157306,0.114333,-0.206208,2163,2131,2088,2924,2111,3109
0.009830,-0.072298,0.605905,-0.163170,0.112973,-0.199005,2173,2131,2088,2924,2123,3109
0.010467,-0.072688,0.609513,-0.160246,0.113363,-0.201213,2186,2130,2088,2924,2137,3109
0.010741,-0.072691,0.614419,-0.156704,0.113365,-0.204619,2198,2130,2087,2924,2150,3109
0.011716,-0.074263,0.626696,-0.147627,0.114937,-0.212942,2212,2130,2083,2924,2163,3109
0.010967,-0.069728,0.595358,-0.169522,0.110403,-0.190509,2224,2130,2078,2924,2172,3109
0.011716,-0.074263,0.626696,-0.147627,0.114937,-0.212942,2238,2130,2076,2924,2181,3109
0.011325,-0.075746,0.637592,-0.140492,0.116420,-0.221185,2252,2130,2075,2923,2191,3109
0.011850,-0.075793,0.637424,-0.140221,0.116467,-0.220705,2279,2131,2065,2923,2217,3109
0.011967,-0.075196,0.637394,-0.140156,0.115871,-0.220603,2292,2131,2059,2923,2234,3109
0.013017,-0.075203,0.637451,-0.139348,0.115878,-0.219929,2322,2131,2053,2923,2271,3109
0.014066,-0.075088,0.630542,-0.143287,0.115763,-0.214157,2350,2131,2052,2923,2305,3109
0.041402,-0.076606,0.703351,-0.073677,0.117281,-0.248840,2538,2169,1993,2923,2492,3109
0.040361,-0.074184,0.599468,-0.145203,0.114859,-0.173496,2120,2007,2235,2924,2056,3109
0.039816,-0.072811,0.587588,-0.153695,0.113486,-0.165170,2105,2007,2235,2924,2041,3109
0.040470,-0.072971,0.587196,-0.153483,0.113645,-0.164437,2089,2007,2235,2924,2025,3109
0.040844,-0.073338,0.590357,-0.151056,0.114012,-0.166496,2072,2007,2235,2924,2007,3109
0.040190,-0.072902,0.581303,-0.157702,0.113576,-0.160313,2052,2007,2234,2923,1987,3109
0.040538,-0.073308,0.580808,-0.157784,0.113983,-0.159714,2033,2007,2232,2923,1968,3109
0.039966,-0.073310,0.577270,-0.160614,0.113985,-0.157513,2013,2007,2230,2923,1949,3109
0.039712,-0.073416,0.572334,-0.164162,0.114091,-0.154073,1994,2007,2229,2923,1932,3109
0.039667,-0.072994,0.563338,-0.170323,0.113669,-0.147517,1975,2007,2228,2923,1915,3109
0.040374,-0.073003,0.554833,-0.175598,0.113677,-0.140809,1954,2007,2227,2923,1898,3109
0.041143,-0.073453,0.550884,-0.177726,0.114128,-0.137394,1935,2007,2226,2923,1881,3109
0.042494,-0.074863,0.554864,-0.174025,0.115537,-0.139388,1918,2008,2225,2923,1865,3109
0.043045,-0.074348,0.543917,-0.181079,0.115023,-0.130998,1900,2008,2224,2922,1849,3109
0.044047,-0.074019,0.538978,-0.183710,0.114694,-0.126700,1880,2010,2223,2922,1833,3109
0.044871,-0.073550,0.528522,-0.190229,0.114225,-0.118483,1861,2014,2218,2922,1812,3109
0.046483,-0.073221,0.523526,-0.192452,0.113895,-0.113728,1841,2017,2211,2922,1789,3109
0.047682,-0.072971,0.518421,-0.195051,0.113646,-0.109173,1821,2019,2202,2922,1766,3109
0.048125,-0.073093,0.511799,-0.199238,0.113767,-0.104024,1803,2020,2194,2922,1745,3109
0.048705,-0.073665,0.508918,-0.200776,0.114339,-0.101519,1784,2021,2188,2922,1728,3109
0.050405,-0.075383,0.509181,-0.199352,0.116058,-0.100554,1765,2021,2182,2922,1716,3109
0.051026,-0.076482,0.499335,-0.205605,0.117157,-0.092923,1751,2025,2179,2922,1707,3109
0.052662,-0.076541,0.489335,-0.211219,0.117216,-0.084487,1741,2033,2179,2922,1702,3109
0.053546,-0.075701,0.481946,-0.215605,0.116376,-0.078476,1735,2046,2179,2922,1702,3109
0.055632,-0.074655,0.482888,-0.213436,0.115329,-0.077744,1733,2067,2177,2922,1702,3109
0.057178,-0.072220,0.482555,-0.212531,0.112895,-0.076447,1733,2074,2175,2922,1703,3109
0.056917,-0.068420,0.477698,-0.216031,0.109095,-0.073069,1734,2080,2169,2922,1707,3109
0.051900,-0.069526,0.478037,-0.219473,0.110201,-0.076735,1761,2076,2150,2925,1731,3109
0.050718,-0.072950,0.481866,-0.217731,0.113625,-0.080343,1771,2076,2153,2925,1755,3109
0.049378,-0.073063,0.482774,-0.218092,0.113738,-0.081920,1785,2076,2155,2925,1781,3109
0.047587,-0.071317,0.481915,-0.219989,0.111991,-0.082512,1800,2074,2152,2926,1802,3109
0.047594,-0.072862,0.494753,-0.211239,0.113537,-0.091906,1813,2065,2149,2926,1814,3109
0.046181,-0.074692,0.497188,-0.210614,0.115366,-0.094651,1829,2047,2150,2925,1824,3109
0.049696,-0.074492,0.742748,-0.040768,0.115167,-0.272033,2528,2057,2188,2752,2469,3109
0.049282,-0.071217,0.725011,-0.053153,0.111892,-0.259330,2536,2061,2179,2752,2477,3109
0.051456,-0.072360,0.745742,-0.037440,0.113034,-0.273026,2543,2065,2172,2752,2483,3109
0.053720,-0.072855,0.760781,-0.025538,0.113530,-0.282494,2547,2067,2167,2756,2485,3109
0.053029,-0.072102,0.742792,-0.038298,0.112777,-0.269795,2548,2068,2164,2759,2486,3109
0.054986,-0.074128,0.760973,-0.024480,0.114803,-0.281772,2547,2068,2163,2761,2486,3109
0.052186,-0.071673,0.726988,-0.049680,0.112347,-0.258799,2544,2066,2165,2763,2483,3109
0.054047,-0.074500,0.748424,-0.033717,0.115174,-0.273224,2542,2061,2171,2763,2480,3109
0.055214,-0.076613,0.760200,-0.024840,0.117288,-0.281051,2534,2058,2174,2765,2480,3109
0.054357,-0.074927,0.744405,-0.036227,0.115601,-0.270071,2523,2058,2175,2770,2479,3109
0.052106,-0.073620,0.718433,-0.055567,0.114295,-0.252590,2513,2057,2175,2781,2475,3109
0.053065,-0.075601,0.732103,-0.045553,0.116276,-0.261945,2506,2056,2175,2795,2459,3109
0.051520,-0.074447,0.712432,-0.060084,0.115121,-0.248596,2494,2055,2174,2821,2419,3109
0.050854,-0.072771,0.692107,-0.074417,0.113445,-0.234170,2488,2055,2174,2828,2407,3109
0.050542,-0.075307,0.703677,-0.066763,0.115981,-0.242853,2466,2049,2174,2846,2374,3109
0.027215,-0.072101,0.498494,-0.223610,0.112775,-0.108526,1910,2029,2187,2861,1883,3109
0.029597,-0.075248,0.516024,-0.209925,0.115923,-0.119738,1915,2031,2188,2861,1886,3109
0.029717,-0.075367,0.528055,-0.201642,0.116042,-0.128465,1922,2031,2190,2863,1887,3109
0.030179,-0.075120,0.531307,-0.199088,0.115794,-0.130530,1931,2030,2190,2864,1887,3109
0.030749,-0.075654,0.534702,-0.196358,0.116328,-0.132627,1939,2026,2191,2864,1887,3109
0.029553,-0.074931,0.528168,-0.201684,0.115606,-0.128659,1947,2023,2194,2864,1887,3109
0.031329,-0.075282,0.551164,-0.184720,0.115957,-0.144284,1995,2007,2235,2864,1909,3109
0.031881,-0.074151,0.552900,-0.183133,0.114826,-0.145179,2005,2001,2241,2863,1934,3109
0.032975,-0.073065,0.548691,-0.185199,0.113740,-0.141353,2013,1994,2246,2863,1963,3109
0.034960,-0.073953,0.560394,-0.175774,0.114628,-0.148568,2021,1988,2250,2862,1991,3109
0.035886,-0.073961,0.560447,-0.175060,0.114636,-0.147976,2028,1982,2253,2862,2012,3109
0.037073,-0.075200,0.568052,-0.169011,0.115875,-0.152735,2034,1978,2254,2862,2023,3109
0.037882,-0.076320,0.569180,-0.167650,0.116995,-0.153010,2037,1976,2254,2862,2026,3109
0.038227,-0.076475,0.572503,-0.165133,0.117150,-0.155208,2041,1976,2255,2862,2026,3109
0.038363,-0.076268,0.568728,-0.167605,0.116942,-0.152351,2044,1976,2255,2862,2026,3109
0.038818,-0.076319,0.569168,-0.166972,0.116994,-0.152364,2047,1976,2258,2863,2026,3109
0.038739,-0.075643,0.567987,-0.167835,0.116318,-0.151553,2048,1976,2259,2863,2026,3109
0.038354,-0.075314,0.568599,-0.167700,0.115988,-0.152263,2055,1976,2262,2862,2026,3109
0.038494,-0.075759,0.569796,-0.166783,0.116434,-0.153044,2062,1976,2263,2862,2026,3109
0.037868,-0.074414,0.568949,-0.167818,0.115089,-0.152851,2072,1976,2263,2862,2026,3109
0.038320,-0.075364,0.577901,-0.161389,0.116039,-0.159097,2074,1976,2263,2862,2026,3109
0.037725,-0.074292,0.572299,-0.165640,0.114967,-0.155400,2076,1976,2262,2862,2026,3109
0.037761,-0.075774,0.582697,-0.158530,0.116449,-0.162989,2084,1976,2262,2862,2026,3109
0.037761,-0.075774,0.582697,-0.158530,0.116449,-0.162989,2095,1976,2263,2862,2026,3109
0.037320,-0.074968,0.578622,-0.161629,0.115642,-0.160305,2105,1976,2263,2862,2028,3109
0.037609,-0.075308,0.586861,-0.155806,0.115983,-0.166140,2119,1976,2263,2862,2033,3109
0.037767,-0.074959,0.587786,-0.155060,0.115634,-0.166710,2136,1976,2263,2862,2033,3109
0.037644,-0.074826,0.593005,-0.151595,0.115500,-0.170614,2153,1976,2263,2862,2033,3109
0.038153,-0.075569,0.604095,-0.143667,0.116244,-0.178387,2173,1976,2263,2862,2033,3109
0.037595,-0.075874,0.608339,-0.141185,0.116549,-0.181874,2193,1976,2263,2862,2033,3109
0.037591,-0.074863,0.608267,-0.141237,0.115538,-0.181825,2216,1976,2263,2862,2034,3109
0.037182,-0.073899,0.607224,-0.142248,0.114573,-0.181339,2238,1976,2263,2862,2034,3109
0.037924,-0.075448,0.625505,-0.129251,0.116123,-0.194218,2259,1976,2263,2862,2034,3109
0.037913,-0.074021,0.618405,-0.134096,0.114695,-0.189027,2279,1976,2263,2862,2035,3109
0.038912,-0.074185,0.626046,-0.128159,0.114859,-0.193940,2299,1976,2263,2861,2035,3109
0.041174,-0.075890,0.649635,-0.110435,0.116565,-0.209669,2318,1976,2263,2859,2042,3109
0.041539,-0.075138,0.648245,-0.111114,0.115813,-0.208403,2335,1976,2263,2853,2066,3109
0.041617,-0.073985,0.640259,-0.116497,0.114660,-0.202503,2349,1979,2262,2851,2102,3109
0.044896,-0.074970,0.667115,-0.095803,0.115645,-0.219931,2376,1986,2255,2850,2193,3109
0.047661,-0.075524,0.682898,-0.083027,0.116198,-0.229603,2387,1987,2254,2850,2233,3109
0.048890,-0.074776,0.685984,-0.080025,0.115451,-0.231025,2398,1987,2254,2850,2264,3109
0.050023,-0.074781,0.686035,-0.079161,0.115456,-0.230290,2409,1987,2254,2850,2290,3109
0.051772,-0.074602,0.686633,-0.077473,0.115277,-0.229536,2421,1987,2254,2850,2316,3109
0.052958,-0.072972,0.675301,-0.084324,0.113646,-0.220432,2427,1987,2254,2850,2330,3109
0.055637,-0.073358,0.683679,-0.076656,0.114033,-0.224741,2431,1987,2257,2850,2340,3109
0.057690,-0.074418,0.695746,-0.066933,0.115092,-0.232177,2428,1987,2261,2850,2344,3109
0.059197,-0.074609,0.697658,-0.064527,0.115284,-0.232550,2427,1987,2262,2850,2344,3109
0.059187,-0.073058,0.686174,-0.072357,0.113733,-0.224150,2424,1987,2262,2854,2341,3109
0.059065,-0.072530,0.686152,-0.072462,0.113205,-0.224216,2413,1986,2262,2858,2337,3109
0.059426,-0.073282,0.690220,-0.069426,0.113957,-0.226949,2397,1986,2262,2859,2336,3109
0.056137,-0.069829,0.652375,-0.097614,0.110503,-0.201482,2381,1985,2262,2859,2335,3109
0.058147,-0.073475,0.684309,-0.074389,0.114149,-0.223492,2366,1985,2262,2859,2334,3109
0.055773,-0.072907,0.671921,-0.084566,0.113582,-0.216040,2349,1985,2263,2859,2325,3109
0.054812,-0.073700,0.673727,-0.084039,0.114375,-0.218017,2330,1985,2263,2859,2297,3109
0.053170,-0.073561,0.672324,-0.086197,0.114236,-0.218108,2310,1986,2263,2859,2255,3109
0.050210,-0.071638,0.650001,-0.103570,0.112313,-0.203782,2289,1986,2263,2859,2210,3109
0.048981,-0.072822,0.658663,-0.098570,0.113497,-0.210961,2264,1986,2263,2859,2171,3109
0.045604,-0.072623,0.651116,-0.106183,0.113298,-0.207737,2237,1987,2263,2859,2140,3109
0.043281,-0.072564,0.648558,-0.109625,0.113239,-0.207446,2209,1987,2263,2859,2117,3109
0.040832,-0.071417,0.635836,-0.120085,0.112091,-0.199800,2179,1987,2263,2859,2095,3109
0.036570,-0.068452,0.595819,-0.150464,0.109127,-0.173407,2146,1987,2263,2859,2070,3109
0.037984,-0.071279,0.614008,-0.137039,0.111954,-0.185760,2114,1987,2263,2859,2041,3109
0.036785,-0.070487,0.597458,-0.149190,0.111161,-0.174460,2081,1987,2263,2859,2009,3109
0.036099,-0.070967,0.592691,-0.152940,0.111642,-0.171437,2048,1987,2262,2853,1972,3109
0.035490,-0.070744,0.584793,-0.158766,0.111418,-0.166070,2014,1987,2258,2851,1937,3109
0.035046,-0.071058,0.574437,-0.166145,0.111733,-0.158791,1981,1987,2254,2851,1906,3109
0.034275,-0.072047,0.564782,-0.173286,0.112722,-0.152247,1946,1987,2254,2851,1880,3109
0.034831,-0.072354,0.555790,-0.179005,0.113029,-0.145286,1910,1987,2254,2851,1857,3109
0.036773,-0.073469,0.546940,-0.183612,0.114143,-0.137484,1881,1987,2254,2851,1839,3109
0.039455,-0.073624,0.536119,-0.189019,0.114299,-0.127735,1854,1987,2254,2851,1823,3109
0.042872,-0.073108,0.525328,-0.193868,0.113782,-0.117507,1831,1987,2255,2851,1807,3109
0.046271,-0.072884,0.521145,-0.194230,0.113559,-0.112129,1811,1987,2255,2851,1792,3109
0.049111,-0.072069,0.508762,-0.200586,0.112743,-0.101129,1790,1988,2254,2851,1775,3109
0.051898,-0.072188,0.507369,-0.199494,0.112863,-0.098210,1784,1988,2254,2850,1770,3109
0.053442,-0.071310,0.499785,-0.203529,0.111985,-0.091606,1776,1988,2254,2850,1765,3109
0.054300,-0.070660,0.490697,-0.209092,0.111335,-0.084368,1770,1988,2254,2850,1761,3109
0.054793,-0.070327,0.486260,-0.211753,0.111002,-0.080785,1766,1988,2259,2850,1762,3109
0.057388,-0.071567,0.491445,-0.206322,0.112242,-0.082812,1766,1988,2261,2850,1762,3109
0.058499,-0.070644,0.487614,-0.208118,0.111319,-0.079252,1768,1988,2263,2852,1764,3109
0.058793,-0.069151,0.484894,-0.209755,0.109825,-0.077060,1771,1989,2263,2854,1768,3109
0.059987,-0.068930,0.492843,-0.203467,0.109605,-0.082066,1777,1989,2263,2857,1770,3109
0.059168,-0.068109,0.492782,-0.204108,0.108784,-0.082578,1792,1989,2263,2859,1771,3109
0.058667,-0.068187,0.493550,-0.203951,0.108861,-0.083482,1808,1989,2264,2860,1772,3109
0.057627,-0.068586,0.500873,-0.199725,0.109260,-0.089552,1824,1989,2265,2861,1777,3109
0.055612,-0.067742,0.500780,-0.201263,0.108416,-0.090857,1844,1989,2265,2861,1796,3109
0.053766,-0.067501,0.506898,-0.198447,0.108175,-0.096593,1869,1989,2265,2861,1826,3109
0.051947,-0.068692,0.518381,-0.191956,0.109367,-0.106239,1894,1989,2265,2861,1857,3109
0.048923,-0.067924,0.514793,-0.196615,0.108599,-0.105672,1918,1989,2265,2861,1887,3109
0.047590,-0.068926,0.528634,-0.188162,0.109601,-0.116713,1945,1989,2265,2861,1909,3109
0.044869,-0.068617,0.535124,-0.185733,0.109292,-0.123318,1974,1989,2265,2861,1926,3109
0.043714,-0.070513,0.553005,-0.174398,0.111188,-0.137196,2001,1988,2265,2861,1943,3109
0.040966,-0.069574,0.552769,-0.176571,0.110249,-0.138895,2029,1988,2265,2861,1964,3109
0.039578,-0.070319,0.561964,-0.171324,0.110994,-0.146572,2056,1988,2265,2861,1990,3109
0.036501,-0.066937,0.545213,-0.184987,0.107612,-0.136404,2085,1988,2265,2861,2021,3109
0.037485,-0.069414,0.570222,-0.167231,0.110089,-0.154044,2114,1988,2265,2861,2050,3109
0.036541,-0.068463,0.570126,-0.167988,0.109137,-0.154616,2145,1988,2265,2861,2074,3109
0.037771,-0.070493,0.597506,-0.148436,0.111167,-0.173823,2178,1988,2265,2859,2099,3109
0.038064,-0.070525,0.607985,-0.141083,0.111200,-0.181296,2210,1988,2265,2856,2123,3109
0.038507,-0.070276,0.617187,-0.134490,0.110950,-0.187730,2242,1988,2265,2852,2148,3109
0.038939,-0.070420,0.624682,-0.129068,0.111095,-0.192923,2275,1988,2264,2851,2173,3109
0.040234,-0.070635,0.638364,-0.118800,0.111310,-0.202058,2308,1988,2263,2850,2197,3109
0.041806,-0.071176,0.650525,-0.109366,0.111851,-0.209891,2340,1989,2263,2850,2220,3109
0.043619,-0.070138,0.651185,-0.107589,0.110812,-0.209139,2373,1989,2263,2850,2248,3109
0.047019,-0.071064,0.669531,-0.092602,0.111739,-0.220254,2408,1989,2263,2850,2280,3109
0.051125,-0.071354,0.685694,-0.078586,0.112029,-0.229289,2441,1989,2264,2850,2316,3109
0.055870,-0.071691,0.695297,-0.068571,0.112365,-0.233088,2472,1989,2264,2850,2350,3109
0.062162,-0.072226,0.710888,-0.053344,0.112901,-0.240216,2503,1989,2264,2850,2382,3109
0.066842,-0.071052,0.710862,-0.049935,0.111727,-0.237009,2534,1989,2264,2850,2409,3109
0.073344,-0.071664,0.725944,-0.034902,0.112339,-0.243622,2564,1989,2264,2850,2431,3109
0.078421,-0.071498,0.724251,-0.032338,0.112173,-0.238924,2592,1989,2263,2850,2449,3109
0.083396,-0.071120,0.730453,-0.024471,0.111795,-0.240076,2616,1989,2263,2850,2464,3109
0.089569,-0.071609,0.741297,-0.012565,0.112284,-0.243810,2638,1989,2262,2850,2477,3109
0.094067,-0.071907,0.744092,-0.007368,0.112582,-0.242792,2659,1988,2262,2850,2492,3109
0.097039,-0.071644,0.741233,-0.007140,0.112319,-0.238674,2677,1988,2262,2850,2510,3109
0.103572,-0.073530,0.757603,0.008794,0.114204,-0.246209,2691,1988,2262,2850,2529,3109
0.107929,-0.073001,0.758668,0.012709,0.113676,-0.244020,2701,1988,2262,2850,2547,3109
0.111301,-0.072955,0.758397,0.014993,0.113630,-0.241525,2710,1988,2263,2851,2560,3109
0.114731,-0.072526,0.760436,0.018894,0.113201,-0.240681,2716,1988,2263,2853,2569,3109
0.117241,-0.072530,0.760472,0.020755,0.113205,-0.238998,2717,1987,2263,2854,2570,3109
0.117645,-0.071799,0.753155,0.016067,0.112473,-0.233366,2716,1986,2263,2854,2569,3109
0.119153,-0.073362,0.763253,0.024050,0.114036,-0.239732,2714,1986,2263,2854,2566,3109
0.117369,-0.072843,0.750233,0.013874,0.113518,-0.231414,2709,1986,2263,2853,2563,3109
0.118759,-0.074785,0.766999,0.026313,0.115459,-0.242743,2700,1986,2263,2852,2562,3109
0.115150,-0.073030,0.753058,0.014175,0.113704,-0.234994,2685,1986,2263,2852,2561,3109
0.115612,-0.073829,0.764593,0.022370,0.114503,-0.243125,2667,1986,2263,2854,2559,3109
0.111373,-0.072991,0.752666,0.011143,0.113665,-0.237281,2648,1986,2263,2856,2542,3109
0.109169,-0.074469,0.763664,0.017021,0.115144,-0.246833,2625,1986,2263,2858,2509,3109
0.102495,-0.072485,0.740039,-0.003959,0.113159,-0.234083,2599,1986,2263,2859,2465,3109
0.097445,-0.072260,0.734847,-0.011193,0.112934,-0.233723,2567,1986,2263,2859,2418,3109
0.094210,-0.073733,0.744209,-0.007184,0.114408,-0.242781,2533,1986,2263,2860,2375,3109
0.086568,-0.073082,0.728545,-0.023449,0.113756,-0.236518,2495,1985,2263,2860,2335,3109
0.081102,-0.074251,0.728281,-0.027631,0.114926,-0.240048,2457,1984,2263,2860,2298,3109
0.075060,-0.075178,0.725198,-0.034154,0.115852,-0.241906,2417,1983,2263,2860,2263,3109
0.068289,-0.075600,0.717637,-0.044261,0.116275,-0.240984,2358,1983,2263,2860,2206,3109
0.061123,-0.075127,0.697001,-0.063564,0.115802,-0.230757,2341,1983,2263,2860,2187,3109
0.056556,-0.076644,0.700492,-0.064530,0.117318,-0.236425,2306,1983,2263,2860,2157,3109
0.050585,-0.074380,0.674735,-0.086447,0.115055,-0.221635,2268,1983,2263,2860,2127,3109
0.046814,-0.073909,0.658683,-0.100142,0.114584,-0.212452,2231,1984,2263,2860,2099,3109
0.042568,-0.072560,0.636691,-0.118232,0.113235,-0.199244,2193,1984,2263,2860,2071,3109
0.039883,-0.072413,0.628713,-0.125631,0.113088,-0.195231,2137,1984,2262,2860,2023,3109
0.038455,-0.073413,0.628796,-0.126621,0.114088,-0.196265,2117,1985,2262,2859,2005,3109
0.036576,-0.073669,0.615269,-0.137210,0.114344,-0.187642,2083,1985,2262,2857,1972,3109
0.034426,-0.071369,0.586577,-0.158329,0.112044,-0.168101,2048,1986,2262,2856,1937,3109
0.034719,-0.072874,0.593018,-0.153728,0.113549,-0.172616,2013,1987,2262,2854,1907,3109
0.034583,-0.071967,0.578927,-0.163426,0.112642,-0.162393,1976,1987,2262,2854,1881,3109
0.034962,-0.070395,0.557234,-0.177925,0.111069,-0.146254,1943,1987,2262,2853,1854,3109
0.036681,-0.071671,0.560211,-0.174639,0.112345,-0.147262,1910,1987,2262,2853,1826,3109
0.038757,-0.070948,0.544095,-0.184097,0.111623,-0.134049,1877,1987,2262,2852,1796,3109
0.042476,-0.072298,0.544431,-0.181145,0.112973,-0.131762,1846,1988,2262,2851,1764,3109
0.043843,-0.069866,0.518938,-0.197510,0.110540,-0.112167,1813,1988,2261,2851,1734,3109
0.046753,-0.070472,0.514563,-0.198360,0.111147,-0.106981,1782,1988,2260,2851,1707,3109
0.050675,-0.070472,0.507081,-0.200585,0.111146,-0.098832,1751,1988,2258,2851,1684,3109
0.054248,-0.070841,0.498537,-0.203789,0.111516,-0.090143,1722,1988,2257,2851,1664,3109
0.059027,-0.071146,0.489457,-0.206477,0.111820,-0.080241,1696,1988,2258,2851,1645,3109
0.063500,-0.070972,0.480190,-0.209514,0.111646,-0.070410,1668,1988,2259,2852,1625,3109
0.067666,-0.069827,0.464243,-0.217327,0.110501,-0.055897,1638,1988,2260,2855,1604,3109
0.075088,-0.071019,0.469245,-0.208486,0.111694,-0.054502,1608,1988,2262,2856,1584,3109
0.081770,-0.070783,0.463908,-0.207229,0.111458,-0.046044,1582,1988,2262,2858,1563,3109
0.088214,-0.070173,0.458644,-0.206097,0.110847,-0.037800,1556,1988,2262,2858,1541,3109
0.093365,-0.069181,0.447816,-0.209702,0.109856,-0.026364,1531,1988,2262,2858,1520,3109
0.104326,-0.069367,0.441155,-0.206215,0.110041,-0.014021,1491,1988,2262,2853,1484,3109
0.108909,-0.069516,0.432693,-0.208624,0.110190,-0.004704,1472,1988,2262,2851,1468,3109
0.113864,-0.069511,0.429840,-0.206940,0.110186,0.000760,1453,1988,2262,2851,1454,3109
0.115876,-0.068031,0.418073,-0.213482,0.108706,0.010745,1435,1988,2262,2851,1444,3109
0.123338,-0.069353,0.423405,-0.204387,0.110028,0.011924,1419,1988,2262,2851,1438,3109
0.127039,-0.068839,0.417912,-0.205420,0.109514,0.018466,1405,1988,2262,2852,1437,3109
0.130590,-0.068675,0.414926,-0.204854,0.109350,0.023072,1397,1988,2262,2856,1437,3109
0.133094,-0.067602,0.406285,-0.208907,0.108277,0.031104,1394,1988,2262,2858,1437,3109
0.137369,-0.068504,0.410781,-0.202714,0.109179,0.030725,1394,1988,2262,2859,1437,3109
0.138661,-0.068147,0.408852,-0.203082,0.108822,0.033017,1401,1988,2262,2859,1441,3109
0.138624,-0.068021,0.410217,-0.202179,0.108696,0.031992,1415,1988,2263,2860,1445,3109
0.138152,-0.068793,0.415958,-0.198614,0.109468,0.027467,1433,1988,2263,2860,1446,3109
0.134354,-0.068176,0.416441,-0.201067,0.108850,0.024527,1453,1988,2263,2860,1448,3109
0.131153,-0.069695,0.426093,-0.196835,0.110370,0.015280,1475,1988,2263,2860,1463,3109
0.125579,-0.069408,0.427783,-0.199764,0.110082,0.010246,1503,1988,2263,2860,1485,3109
0.120308,-0.069010,0.431301,-0.201227,0.109685,0.004080,1533,1988,2263,2860,1512,3109
0.112087,-0.067968,0.431533,-0.207087,0.108642,-0.001691,1566,1988,2263,2860,1536,3109
0.098691,-0.068405,0.445467,-0.207403,0.109079,-0.021017,1633,1988,2264,2860,1579,3109
0.093931,-0.069668,0.461944,-0.199664,0.110342,-0.036322,1669,1988,2264,2860,1604,3109
0.083106,-0.067256,0.450955,-0.215074,0.107930,-0.035651,1705,1988,2264,2860,1630,3109
0.076685,-0.067997,0.464001,-0.210889,0.108671,-0.049575,1742,1988,2264,2860,1657,3109
0.071105,-0.068430,0.474574,-0.207772,0.109104,-0.061118,1779,1988,2264,2860,1683,3109
0.063321,-0.067348,0.478102,-0.211067,0.108023,-0.069003,1815,1988,2264,2860,1711,3109
0.058545,-0.068408,0.492512,-0.204748,0.109083,-0.082806,1854,1988,2264,2860,1742,3109
0.053791,-0.069205,0.507148,-0.198258,0.109880,-0.096759,1890,1988,2264,2860,1774,3109
0.047843,-0.067823,0.503726,-0.204944,0.108498,-0.098305,1922,1988,2264,2860,1803,3109
0.045230,-0.070334,0.530666,-0.188506,0.111009,-0.119809,1954,1988,2264,2860,1832,3109
0.042011,-0.069809,0.537095,-0.186483,0.110483,-0.126707,1987,1988,2264,2860,1857,3109
0.039503,-0.068970,0.539732,-0.186523,0.109645,-0.130346,2019,1988,2264,2860,1880,3109
0.037420,-0.070467,0.554015,-0.178318,0.111142,-0.142223,2049,1988,2264,2860,1903,3109
0.035439,-0.070195,0.559345,-0.176138,0.110870,-0.147474,2079,1988,2263,2859,1923,3109
0.034432,-0.070284,0.569856,-0.169715,0.110958,-0.155856,2110,1988,2263,2859,1945,3109
0.033265,-0.070143,0.577971,-0.165042,0.110817,-0.162591,2137,1988,2263,2859,1970,3109
0.033241,-0.070373,0.586415,-0.159307,0.111047,-0.168789,2168,1988,2263,2859,2000,3109
0.033823,-0.070537,0.599202,-0.150171,0.111212,-0.177755,2207,1988,2264,2860,2041,3109
0.035344,-0.071856,0.617233,-0.136775,0.112530,-0.189918,2223,1988,2264,2860,2056,3109
0.036883,-0.071452,0.624701,-0.130561,0.112127,-0.194338,2249,1988,2264,2860,2081,3109
0.038440,-0.071313,0.628550,-0.126799,0.111988,-0.196095,2275,1988,2264,2860,2106,3109
0.039867,-0.070314,0.628468,-0.125810,0.110989,-0.195063,2302,1988,2264,2860,2127,3109
0.041387,-0.069396,0.629670,-0.123879,0.110070,-0.194908,2326,1988,2264,2860,2147,3109
0.044461,-0.071321,0.651991,-0.106424,0.111995,-0.209155,2354,1988,2264,2860,2170,3109
0.045977,-0.069991,0.649915,-0.106728,0.110665,-0.206602,2380,1988,2264,2860,2196,3109
0.049977,-0.072260,0.675825,-0.086150,0.112934,-0.222847,2407,1988,2264,2860,2222,3109
0.052214,-0.071602,0.674779,-0.085224,0.112277,-0.220557,2435,1988,2264,2859,2248,3109
0.057326,-0.072963,0.698293,-0.065464,0.113638,-0.234289,2460,1988,2264,2855,2276,3109
0.061446,-0.073250,0.710032,-0.054452,0.113925,-0.240078,2487,1988,2264,2853,2303,3109
0.064506,-0.072040,0.700731,-0.058547,0.112714,-0.231184,2513,1988,2264,2852,2328,3109
0.068753,-0.072266,0.711869,-0.047851,0.112941,-0.236445,2536,1988,2263,2852,2348,3109
0.072142,-0.072041,0.714980,-0.043251,0.112716,-0.236414,2552,1988,2263,2852,2363,3109
0.077479,-0.073025,0.728032,-0.030453,0.113700,-0.242334,2564,1988,2263,2852,2373,3109
0.080563,-0.072646,0.729949,-0.026889,0.113320,-0.241637,2572,1988,2263,2852,2377,3109
0.082500,-0.072325,0.727167,-0.027366,0.113000,-0.238280,2573,1988,2263,2852,2377,3109
0.078422,-0.068073,0.680426,-0.062191,0.108748,-0.206839,2571,1988,2263,2852,2377,3109
0.084082,-0.071836,0.728121,-0.025558,0.112510,-0.237901,2568,1988,2263,2854,2374,3109
0.084097,-0.071659,0.725891,-0.027066,0.112334,-0.236258,2556,1988,2263,2855,2369,3109
0.082342,-0.071679,0.720880,-0.031764,0.112354,-0.233785,2540,1988,2263,2855,2368,3109
0.082289,-0.073040,0.728172,-0.026836,0.113715,-0.239160,2525,1988,2263,2855,2366,3109
0.079884,-0.073033,0.728103,-0.028643,0.113707,-0.240748,2505,1988,2263,2855,2353,3109
0.075057,-0.071771,0.712164,-0.043034,0.112445,-0.232367,2482,1988,2263,2855,2324,3109
0.073886,-0.074227,0.728061,-0.033063,0.114902,-0.244803,2451,1988,2263,2855,2276,3109
0.069460,-0.073225,0.717543,-0.043468,0.113899,-0.240117,2427,1988,2263,2855,2241,3109
0.065767,-0.073753,0.714722,-0.048093,0.114428,-0.240568,2397,1988,2263,2855,2200,3109
0.059799,-0.073358,0.704621,-0.059343,0.114033,-0.237238,2365,1988,2263,2854,2163,3109
0.054120,-0.071824,0.684660,-0.077098,0.112499,-0.226492,2332,1988,2263,2854,2131,3109
0.050363,-0.072610,0.687149,-0.078153,0.113284,-0.230874,2296,1988,2263,2854,2100,3109
0.046055,-0.072583,0.673471,-0.090625,0.113258,-0.223795,2260,1988,2263,2855,2069,3109
0.042315,-0.071322,0.652007,-0.107984,0.111996,-0.210629,2221,1988,2263,2857,2036,3109
0.040302,-0.073547,0.659666,-0.104240,0.114222,-0.217608,2182,1988,2263,2858,2004,3109
0.036823,-0.071037,0.625578,-0.130008,0.111712,-0.195020,2142,1988,2263,2859,1971,3109
0.034489,-0.069150,0.598497,-0.150164,0.109824,-0.176785,2101,1988,2263,2859,1940,3109
0.034681,-0.071478,0.607971,-0.143570,0.112153,-0.183590,2061,1988,2263,2857,1911,3109
0.033530,-0.070426,0.586193,-0.159247,0.111101,-0.168430,2019,1988,2263,2852,1883,3109
0.033863,-0.071986,0.587217,-0.158306,0.112661,-0.168952,1976,1988,2261,2851,1852,3109
0.034589,-0.071901,0.577253,-0.164561,0.112576,-0.161163,1934,1989,2260,2850,1821,3109
0.034588,-0.070465,0.552582,-0.181368,0.111140,-0.143102,1892,1989,2258,2850,1788,3109
0.036492,-0.070989,0.544452,-0.185512,0.111664,-0.135853,1851,1989,2257,2850,1757,3109
0.039823,-0.070912,0.528434,-0.193985,0.111586,-0.121857,1809,1989,2255,2850,1725,3109
0.043723,-0.070413,0.510289,-0.203490,0.111088,-0.105917,1766,1989,2255,2850,1694,3109
0.050526,-0.073189,0.516943,-0.193976,0.113864,-0.106154,1728,1989,2254,2850,1663,3109
0.055408,-0.072182,0.498067,-0.203260,0.112856,-0.089010,1685,1989,2254,2850,1630,3109
0.061072,-0.071259,0.482268,-0.209876,0.111934,-0.073584,1657,1989,2254,2850,1605,3109
0.065249,-0.068528,0.456484,-0.224381,0.109203,-0.051863,1607,1989,2253,2850,1556,3109
0.072538,-0.071012,0.460831,-0.216085,0.111687,-0.050080,1592,1989,2253,2850,1539,3109
0.076091,-0.068258,0.434610,-0.231345,0.108933,-0.028463,1566,1989,2253,2850,1514,3109
0.083838,-0.070115,0.438591,-0.222961,0.110790,-0.026100,1542,1989,2253,2850,1492,3109
0.094467,-0.073126,0.455647,-0.203561,0.113800,-0.031346,1521,1989,2257,2850,1478,3109
0.100426,-0.072565,0.448652,-0.203963,0.113240,-0.022166,1506,1989,2262,2851,1471,3109
0.104761,-0.071456,0.439683,-0.206899,0.112131,-0.012648,1496,1989,2263,2858,1468,3109
0.105822,-0.067570,0.421800,-0.218304,0.108245,0.001168,1491,1989,2263,2859,1466,3109
0.112223,-0.066931,0.423549,-0.212427,0.107606,0.004247,1493,1989,2263,2860,1469,3109
0.113057,-0.067050,0.426746,-0.209639,0.107724,0.002475,1506,1989,2263,2860,1471,3109
0.112752,-0.067899,0.431825,-0.206402,0.108573,-0.001451,1525,1989,2263,2859,1472,3109
0.109758,-0.067541,0.431275,-0.208968,0.108216,-0.003087,1544,1989,2263,2856,1474,3109
0.104582,-0.067308,0.431962,-0.212289,0.107982,-0.007116,1565,1989,2263,2854,1482,3109
0.098330,-0.066803,0.431641,-0.217086,0.107477,-0.011140,1592,1989,2263,2852,1504,3109
0.086627,-0.071758,0.476282,-0.195245,0.112432,-0.051794,1677,1989,2263,2851,1591,3109
0.078065,-0.069356,0.465550,-0.208823,0.110030,-0.049770,1708,1989,2263,2851,1622,3109
0.071922,-0.068100,0.468592,-0.211248,0.108775,-0.056181,1742,1989,2263,2852,1651,3109
0.065849,-0.066890,0.465591,-0.217739,0.107564,-0.058121,1778,1989,2263,2853,1681,3109
0.060605,-0.066902,0.470779,-0.218044,0.107577,-0.065492,1815,1989,2263,2853,1711,3109
0.054721,-0.067201,0.477048,-0.218081,0.107876,-0.074089,1853,1989,2263,2852,1743,3109
0.051330,-0.068182,0.501646,-0.203808,0.108856,-0.094408,1891,1989,2263,2851,1776,3109
0.045408,-0.067049,0.499233,-0.209787,0.107724,-0.096675,1928,1989,2263,2851,1808,3109
0.042399,-0.068697,0.524533,-0.194756,0.109372,-0.117246,1966,1989,2262,2851,1838,3109
0.038768,-0.069382,0.536182,-0.189479,0.110056,-0.128249,2003,1989,2262,2851,1868,3109
0.035404,-0.069490,0.544560,-0.186235,0.110164,-0.136674,2038,1989,2262,2851,1896,3109
0.033995,-0.070252,0.561403,-0.175794,0.110926,-0.149965,2069,1989,2260,2851,1923,3109
0.032136,-0.069891,0.566891,-0.173416,0.110566,-0.155248,2101,1989,2259,2851,1944,3109
0.031128,-0.070576,0.577717,-0.166779,0.111251,-0.163861,2131,1989,2259,2851,1966,3109
0.030728,-0.070624,0.584519,-0.162438,0.111299,-0.169113,2182,1989,2262,2851,2008,3109
0.031191,-0.071588,0.604126,-0.148744,0.112263,-0.183152,2197,1989,2262,2851,2024,3109
0.032160,-0.070840,0.606749,-0.146247,0.111515,-0.184413,2229,1989,2263,2851,2057,3109
0.034019,-0.070360,0.617866,-0.137314,0.111034,-0.191285,2264,1989,2263,2851,2096,3109
0.036448,-0.070346,0.629101,-0.127882,0.111021,-0.197856,2299,1989,2263,2851,2133,3109
0.039659,-0.071167,0.650431,-0.111002,0.111841,-0.211285,2334,1989,2263,2851,2166,3109
0.041044,-0.068612,0.637552,-0.118761,0.109287,-0.200912,2366,1989,2263,2851,2198,3109
0.045150,-0.070769,0.659709,-0.100662,0.111444,-0.214336,2398,1989,2259,2850,2230,3109
0.048857,-0.071135,0.675722,-0.087039,0.111809,-0.223534,2426,1989,2254,2850,2259,3109
0.052448,-0.071541,0.682644,-0.079696,0.112216,-0.226156,2455,1989,2253,2849,2289,3109
0.056066,-0.073100,0.700091,-0.065162,0.113774,-0.236464,2485,1989,2252,2849,2314,3109
0.059119,-0.073527,0.698423,-0.064063,0.114201,-0.233164,2513,1989,2252,2849,2338,3109
0.065321,-0.075560,0.723144,-0.042683,0.116235,-0.247038,2550,1989,2253,2849,2369,3109
0.070174,-0.075465,0.728101,-0.035754,0.116139,-0.247361,2562,1989,2253,2849,2380,3109
0.076241,-0.075752,0.739583,-0.023490,0.116427,-0.251633,2579,1989,2255,2849,2397,3109
0.079502,-0.073703,0.728660,-0.028543,0.114378,-0.241416,2593,1989,2258,2849,2410,3109
0.084636,-0.073705,0.737987,-0.018432,0.114380,-0.244747,2601,1989,2261,2849,2418,3109
0.086282,-0.071924,0.728783,-0.023496,0.112599,-0.236887,2602,1989,2262,2850,2418,3109
0.090208,-0.072928,0.744662,-0.009805,0.113603,-0.245837,2598,1989,2262,2850,2416,3109
0.091071,-0.072451,0.743593,-0.009901,0.113125,-0.244468,2589,1989,2262,2850,2411,3109
0.088340,-0.070659,0.728319,-0.022305,0.111333,-0.235145,2577,1989,2262,2850,2409,3109
0.087850,-0.071545,0.734707,-0.018313,0.112219,-0.240156,2565,1989,2262,2850,2407,3109
0.084889,-0.071122,0.727120,-0.025649,0.111797,-0.236618,2550,1989,2262,2850,2394,3109
0.082754,-0.072110,0.733289,-0.023009,0.112785,-0.242590,2530,1989,2263,2850,2370,3109
0.079090,-0.070828,0.718300,-0.035902,0.111503,-0.234112,2505,1989,2263,2850,2339,3109
0.075575,-0.070537,0.711531,-0.043086,0.111212,-0.231550,2477,1989,2263,2851,2307,3109
0.073029,-0.072067,0.717798,-0.040681,0.112742,-0.237872,2446,1989,2263,2852,2275,3109
0.067109,-0.070856,0.700649,-0.056697,0.111531,-0.229350,2414,1989,2263,2855,2243,3109
0.062238,-0.071645,0.696645,-0.062991,0.112319,-0.229737,2380,1989,2263,2858,2208,3109
0.058833,-0.073147,0.700169,-0.063083,0.113821,-0.234636,2342,1989,2263,2859,2173,3109
0.053898,-0.072421,0.685075,-0.076978,0.113095,-0.226948,2302,1989,2264,2860,2139,3109
0.049977,-0.072260,0.675825,-0.086150,0.112934,-0.222847,2259,1989,2265,2860,2106,3109
0.045765,-0.070142,0.651221,-0.105993,0.110816,-0.207703,2217,1989,2265,2860,2070,3109
0.042879,-0.071181,0.650572,-0.108548,0.111855,-0.209193,2176,1989,2265,2860,2035,3109
0.039106,-0.068909,0.618598,-0.133091,0.109584,-0.188356,2136,1989,2265,2860,2002,3109
0.036338,-0.067152,0.593456,-0.152244,0.107827,-0.171835,2099,1989,2265,2860,1970,3109
0.036674,-0.069459,0.607827,-0.142208,0.110134,-0.182127,2066,1989,2264,2857,1940,3109
0.035165,-0.068426,0.586287,-0.157986,0.109101,-0.167385,2008,1989,2263,2851,1889,3109
0.035099,-0.069477,0.586303,-0.158023,0.110151,-0.167442,1991,1989,2263,2851,1874,3109
0.034310,-0.069275,0.570498,-0.169367,0.109950,-0.156408,1959,1989,2263,2851,1844,3109
0.034816,-0.069784,0.559875,-0.176233,0.110459,-0.148287,1903,1990,2263,2851,1799,3109
0.037209,-0.069851,0.557294,-0.176239,0.110526,-0.144767,1883,1990,2264,2851,1784,3109
0.038842,-0.068424,0.535971,-0.189569,0.109099,-0.128044,1851,1990,2264,2854,1760,3109
0.042880,-0.068053,0.525005,-0.194083,0.108728,-0.117265,1814,1990,2264,2858,1729,3109
0.047837,-0.068276,0.522224,-0.192348,0.108951,-0.111852,1777,1990,2265,2858,1697,3109
0.051904,-0.066826,0.502412,-0.202866,0.107500,-0.094577,1742,1990,2265,2859,1666,3109
0.058804,-0.069107,0.509254,-0.193154,0.109781,-0.094887,1708,1990,2264,2859,1638,3109
0.067682,-0.067718,0.479507,-0.206918,0.108392,-0.067060,1643,1990,2264,2853,1589,3109
0.074470,-0.067864,0.475790,-0.204480,0.108539,-0.059716,1612,1991,2264,2851,1567,3109
0.079598,-0.067815,0.465433,-0.207780,0.108490,-0.048640,1587,1992,2263,2851,1546,3109
0.084197,-0.067562,0.454513,-0.211852,0.108237,-0.037512,1563,1995,2263,2851,1528,3109
0.090271,-0.067921,0.452534,-0.208754,0.108595,-0.031926,1537,1999,2263,2851,1509,3109
0.096036,-0.067454,0.446530,-0.208623,0.108129,-0.023603,1523,2002,2263,2851,1502,3109
0.036641,-0.067046,0.597069,-0.149561,0.107721,-0.174273,2174,1996,2269,2850,2081,3109
0.035241,-0.066793,0.594685,-0.152210,0.107468,-0.173481,2211,1996,2263,2850,2115,3109
0.035664,-0.068439,0.607664,-0.143058,0.109113,-0.182695,2249,1998,2259,2850,2148,3109
0.035839,-0.068854,0.617754,-0.136058,0.109529,-0.189963,2285,2000,2256,2850,2179,3109
0.036883,-0.069244,0.625338,-0.130127,0.109919,-0.194804,2320,2002,2254,2850,2211,3109
0.039507,-0.070559,0.649953,-0.111438,0.111234,-0.211038,2362,2003,2252,2850,2247,3109
0.042440,-0.070589,0.658095,-0.103745,0.111264,-0.215001,2389,2003,2251,2850,2274,3109
0.046880,-0.072349,0.684340,-0.082616,0.113024,-0.231190,2422,2003,2251,2850,2306,3109
0.050115,-0.071873,0.685677,-0.079338,0.112548,-0.229966,2453,2003,2251,2850,2336,3109
0.055070,-0.072013,0.694639,-0.069605,0.112687,-0.233151,2482,2003,2250,2850,2362,3109
0.059612,-0.072009,0.700648,-0.062187,0.112684,-0.234457,2508,2003,2250,2850,2385,3109
0.064220,-0.070849,0.700589,-0.058853,0.111524,-0.231275,2535,2001,2250,2850,2406,3109
0.070955,-0.072863,0.725964,-0.036637,0.113537,-0.245264,2556,2000,2249,2850,2422,3109
0.074224,-0.072079,0.717921,-0.039723,0.112754,-0.237149,2572,1998,2249,2849,2433,3109
0.079769,-0.073806,0.738372,-0.021732,0.114481,-0.248344,2585,1996,2249,2849,2440,3109
0.082149,-0.074717,0.741518,-0.017847,0.115391,-0.249026,2592,1995,2249,2849,2442,3109
0.084631,-0.075022,0.738356,-0.018184,0.115696,-0.245020,2593,1995,2249,2849,2442,3109
0.085979,-0.075748,0.739538,-0.016392,0.116422,-0.244967,2591,1994,2249,2850,2442,3109
0.087066,-0.075968,0.741819,-0.014042,0.116643,-0.245897,2583,1994,2249,2850,2435,3109
0.087135,-0.076470,0.744426,-0.012215,0.117145,-0.247758,2567,1994,2249,2853,2432,3109
0.084727,-0.075478,0.728525,-0.024810,0.116153,-0.237757,2552,1993,2249,2855,2431,3109
0.082593,-0.076186,0.731825,-0.024125,0.116860,-0.241627,2538,1993,2249,2856,2424,3109
0.080515,-0.076451,0.725935,-0.029658,0.117125,-0.238730,2520,1993,2249,2856,2402,3109
0.070189,-0.075419,0.703193,-0.052709,0.116093,-0.229115,2457,1993,2249,2858,2305,3109
0.062481,-0.074732,0.694060,-0.064574,0.115406,-0.227679,2401,1993,2252,2859,2257,3109
0.056006,-0.075542,0.690072,-0.072031,0.116217,-0.229170,2339,1993,2257,2860,2208,3109
0.052515,-0.075734,0.684332,-0.078497,0.116408,-0.227347,2304,1993,2259,2860,2180,3109
0.048575,-0.072990,0.660108,-0.097882,0.113664,-0.212295,2270,1993,2260,2860,2151,3109
0.045541,-0.072407,0.652094,-0.105563,0.113081,-0.208495,2234,1994,2260,2860,2120,3109
0.042897,-0.073353,0.650823,-0.108365,0.114028,-0.209365,2195,1994,2260,2860,2086,3109
0.039875,-0.071364,0.628590,-0.125721,0.112038,-0.195147,2158,1994,2260,2860,2051,3109
0.038539,-0.072179,0.626538,-0.128098,0.112853,-0.194555,2120,1994,2260,2860,2020,3109
0.036201,-0.071047,0.605204,-0.144341,0.111721,-0.180528,2062,1994,2260,2858,1973,3109
0.035811,-0.071554,0.599455,-0.148543,0.112229,-0.176586,2040,1995,2260,2854,1954,3109
0.034825,-0.071010,0.587150,-0.157647,0.111685,-0.168248,2003,1997,2258,2851,1924,3109
0.034229,-0.070250,0.569250,-0.170277,0.110924,-0.155550,1965,2001,2254,2851,1892,3109
0.034857,-0.070889,0.566685,-0.171564,0.111563,-0.153244,1929,2002,2252,2851,1860,3109
0.035861,-0.070809,0.556865,-0.177519,0.111483,-0.145371,1891,2003,2251,2850,1829,3109
0.036835,-0.069951,0.536061,-0.190977,0.110626,-0.129477,1856,2003,2251,2850,1797,3109
0.040059,-0.069510,0.526888,-0.194865,0.110184,-0.120565,1821,2003,2251,2850,1767,3109
0.043321,-0.070019,0.518854,-0.197950,0.110694,-0.112461,1788,2004,2251,2850,1738,3109
0.047462,-0.069567,0.506374,-0.203419,0.110241,-0.100504,1755,2004,2251,2850,1709,3109
0.051209,-0.068359,0.491026,-0.211131,0.109034,-0.086715,1723,2005,2251,2850,1683,3109
0.057338,-0.069081,0.490959,-0.206689,0.109756,-0.082491,1693,2005,2251,2850,1659,3109
0.061633,-0.068311,0.482224,-0.209495,0.108985,-0.073170,1665,2005,2251,2850,1639,3109
0.077200,-0.067530,0.459272,-0.213733,0.108205,-0.045763,1599,2005,2251,2850,1591,3109
0.080813,-0.066897,0.449929,-0.217452,0.107572,-0.036462,1587,2005,2252,2850,1582,3109
0.088325,-0.066658,0.442586,-0.216955,0.107333,-0.025969,1582,2005,2258,2850,1580,3109
0.032304,-0.067591,0.575411,-0.167489,0.108265,-0.161371,2123,2005,2252,2850,1989,3109
0.030572,-0.068974,0.586725,-0.161050,0.109648,-0.170834,2161,2005,2251,2850,2016,3109
0.029287,-0.069697,0.594961,-0.156380,0.110371,-0.177740,2199,2005,2250,2850,2044,3109
0.029068,-0.069709,0.605688,-0.149234,0.110384,-0.185742,2236,2005,2250,2850,2072,3109
0.030712,-0.070426,0.624739,-0.135053,0.111101,-0.198569,2271,2005,2251,2850,2101,3109
0.032862,-0.070598,0.638007,-0.124441,0.111273,-0.206819,2311,2005,2253,2850,2133,3109
0.036017,-0.070019,0.650174,-0.113843,0.110694,-0.213576,2345,2005,2253,2850,2166,3109
0.039320,-0.069043,0.650992,-0.110868,0.109718,-0.211925,2378,2005,2253,2850,2198,3109
0.043715,-0.069964,0.669563,-0.095000,0.110638,-0.222528,2408,2005,2252,2850,2230,3109
0.047842,-0.070719,0.685454,-0.081154,0.111394,-0.231351,2439,2005,2251,2850,2264,3109
0.052589,-0.071917,0.699824,-0.067890,0.112592,-0.238637,2466,2005,2251,2850,2298,3109
0.057205,-0.072347,0.712145,-0.056117,0.113022,-0.244514,2492,2005,2251,2849,2328,3109
0.061417,-0.071714,0.712040,-0.053105,0.112388,-0.241567,2517,2005,2250,2849,2352,3109
0.064860,-0.071247,0.712947,-0.049967,0.111921,-0.239886,2540,2005,2250,2849,2372,3109
0.069656,-0.071790,0.727691,-0.036412,0.112464,-0.247413,2559,2005,2250,2849,2387,3109
0.073737,-0.071834,0.727795,-0.033353,0.112509,-0.244709,2573,2005,2250,2849,2398,3109
0.077222,-0.071866,0.728204,-0.030524,0.112541,-0.242634,2584,2005,2250,2849,2408,3109
0.080460,-0.070612,0.727883,-0.028372,0.111286,-0.240194,2591,2005,2250,2849,2414,3109
0.084241,-0.071885,0.743837,-0.014736,0.112559,-0.249298,2594,2005,2251,2849,2417,3109
0.086472,-0.071653,0.744160,-0.012882,0.112328,-0.248015,2594,2005,2251,2849,2417,3109
0.086805,-0.071234,0.743748,-0.012919,0.111909,-0.247487,2592,2005,2252,2849,2415,3109
0.082719,-0.068494,0.714874,-0.035579,0.109169,-0.229132,2582,2005,2253,2849,2410,3109
0.085880,-0.071538,0.744160,-0.013315,0.112212,-0.248418,2566,2005,2253,2849,2408,3109
0.083445,-0.070182,0.733165,-0.022588,0.110857,-0.242028,2547,2005,2254,2849,2406,3109
0.080445,-0.069399,0.727745,-0.028477,0.110073,-0.240104,2526,2005,2257,2849,2390,3109
0.077597,-0.069707,0.727024,-0.031053,0.110381,-0.241515,2502,2005,2259,2849,2356,3109
0.075046,-0.070590,0.727679,-0.032474,0.111265,-0.243733,2474,2005,2260,2850,2311,3109
0.071320,-0.070615,0.727582,-0.035268,0.111290,-0.246200,2437,2005,2260,2850,2263,3109
0.065854,-0.069613,0.716871,-0.046566,0.110287,-0.242081,2400,2005,2260,2850,2221,3109
0.058157,-0.067438,0.686042,-0.073202,0.108113,-0.224755,2362,2005,2260,2850,2181,3109
0.054734,-0.069771,0.701161,-0.065408,0.110445,-0.238155,2321,2005,2260,2850,2145,3109
0.048448,-0.069516,0.684136,-0.081608,0.110190,-0.229972,2275,2005,2260,2850,2111,3109
0.044600,-0.069602,0.674988,-0.090656,0.110276,-0.225897,2231,2005,2260,2850,2075,3109
0.040018,-0.069305,0.660758,-0.103705,0.109979,-0.218600,2187,2005,2260,2851,2036,3109
0.036428,-0.067199,0.628747,-0.128138,0.107873,-0.197610,2149,2005,2260,2852,2004,3109
0.035229,-0.069412,0.636698,-0.123600,0.110086,-0.204248,2102,2005,2260,2851,1966,3109
0.032799,-0.067123,0.604986,-0.146980,0.107798,-0.182686,2055,2005,2259,2850,1925,3109
0.031209,-0.067331,0.578391,-0.166261,0.108006,-0.164299,1956,2005,2253,2850,1842,3109
0.032336,-0.068336,0.568924,-0.171885,0.109011,-0.156601,1909,2005,2251,2850,1804,3109
0.033722,-0.068466,0.548834,-0.184555,0.109141,-0.140949,1863,2005,2251,2850,1772,3109
0.036985,-0.069754,0.541618,-0.187081,0.110429,-0.133443,1819,2005,2251,2850,1742,3109
0.040961,-0.067915,0.512284,-0.204153,0.108590,-0.109259,1779,2005,2251,2850,1718,3109
0.047521,-0.069741,0.516655,-0.196373,0.110416,-0.107990,1743,2005,2253,2850,1697,3109
0.053434,-0.069324,0.505019,-0.199970,0.109998,-0.095444,1711,2005,2253,2850,1678,3109
0.058681,-0.067430,0.484193,-0.210315,0.108105,-0.076623,1684,2005,2253,2850,1660,3109
0.064332,-0.067511,0.479860,-0.209129,0.108185,-0.069601,1662,2005,2253,2850,1643,3109
0.070195,-0.067492,0.472783,-0.209658,0.108166,-0.060426,1643,2005,2252,2850,1629,3109
0.079942,-0.066681,0.455352,-0.214396,0.107356,-0.041025,1608,2005,2253,2850,1611,3109
0.082812,-0.066918,0.451611,-0.214843,0.107593,-0.036331,1605,2005,2259,2850,1611,3109
0.085785,-0.066917,0.451602,-0.212672,0.107591,-0.034299,1607,2005,2261,2856,1615,3109
0.046531,-0.067390,0.522040,-0.193429,0.108065,-0.112607,1935,2005,2258,2851,1843,3109
0.041399,-0.066746,0.521394,-0.197626,0.107421,-0.115631,1973,2005,2259,2851,1878,3109
0.038961,-0.068352,0.541763,-0.185536,0.109026,-0.132203,2014,2004,2260,2852,1916,3109
0.035798,-0.067986,0.550984,-0.181571,0.108661,-0.141108,2066,2004,2260,2853,1964,3109
0.034857,-0.068085,0.566675,-0.171571,0.108759,-0.153237,2102,2004,2260,2852,1996,3109
0.033700,-0.067753,0.575440,-0.166447,0.108427,-0.160442,2147,2005,2260,2851,2038,3109
0.032630,-0.067510,0.585485,-0.160388,0.108184,-0.168525,2189,2005,2259,2850,2076,3109
0.032920,-0.067924,0.607283,-0.145327,0.108598,-0.184285,2229,2005,2257,2850,2114,3109
0.033797,-0.068363,0.624709,-0.132814,0.109038,-0.196446,2268,2005,2255,2850,2151,3109
0.034543,-0.067627,0.627736,-0.130206,0.108302,-0.198154,2306,2005,2255,2850,2189,3109
0.037024,-0.068094,0.639366,-0.120468,0.108769,-0.204979,2342,2005,2254,2850,2225,3109
0.040720,-0.069596,0.657719,-0.105261,0.110271,-0.215897,2381,2005,2253,2850,2265,3109
0.045753,-0.071221,0.684341,-0.083441,0.111896,-0.231958,2418,2005,2252,2850,2305,3109
0.049134,-0.070092,0.684330,-0.080974,0.110766,-0.229648,2455,2005,2252,2850,2343,3109
0.056139,-0.071702,0.711991,-0.057002,0.112377,-0.245126,2491,2005,2252,2850,2380,3109
0.060722,-0.071174,0.712155,-0.053536,0.111848,-0.242125,2526,2005,2252,2850,2415,3109
0.067730,-0.071816,0.727600,-0.037884,0.112491,-0.248659,2559,2005,2252,2850,2447,3109
0.074771,-0.072222,0.740982,-0.023613,0.112897,-0.253659,2592,2005,2252,2850,2476,3109
0.080299,-0.070867,0.732918,-0.025060,0.111541,-0.243990,2622,2005,2253,2850,2502,3109
0.087177,-0.070561,0.742781,-0.013306,0.111236,-0.246525,2651,2005,2253,2850,2530,3109
0.095007,-0.071655,0.757903,0.002728,0.112330,-0.252263,2676,2005,2253,2850,2559,3109
0.102737,-0.072099,0.772393,0.018258,0.112774,-0.257605,2700,2005,2253,2850,2587,3109
0.106654,-0.070483,0.758481,0.011649,0.111157,-0.244752,2720,2005,2252,2850,2613,3109
0.114020,-0.071513,0.773320,0.027149,0.112187,-0.250598,2738,2005,2252,2850,2633,3109
0.117199,-0.069998,0.760196,0.020537,0.110672,-0.238825,2751,2005,2252,2850,2649,3109
0.123059,-0.071082,0.775439,0.035211,0.111757,-0.245993,2760,2005,2252,2850,2660,3109
0.126898,-0.071088,0.775495,0.038059,0.111763,-0.243418,2764,2005,2251,2850,2667,3109
0.125156,-0.069357,0.753579,0.021854,0.110032,-0.228560,2764,2005,2251,2850,2667,3109
0.124705,-0.068236,0.744226,0.015153,0.108910,-0.222020,2762,2005,2251,2850,2665,3109
0.126685,-0.069583,0.755322,0.024161,0.110258,-0.228794,2758,2005,2251,2850,2662,3109
0.129458,-0.071092,0.775529,0.039956,0.111766,-0.241699,2744,2005,2251,2850,2659,3109
0.125708,-0.070495,0.764680,0.029820,0.111170,-0.236311,2728,2005,2251,2850,2658,3109
0.125619,-0.071086,0.775477,0.037110,0.111761,-0.244276,2711,2005,2253,2850,2658,3109
0.123474,-0.071995,0.782229,0.040139,0.112669,-0.250681,2693,2005,2256,2850,2657,3109
0.117401,-0.070936,0.766383,0.024899,0.111611,-0.243217,2672,2005,2259,2850,2649,3109
0.114309,-0.070020,0.764289,0.021209,0.110695,-0.243789,2651,2005,2260,2850,2625,3109
0.110995,-0.070875,0.765706,0.019748,0.111550,-0.247084,2628,2005,2260,2850,2594,3109
0.102901,-0.067643,0.737448,-0.005426,0.108318,-0.231910,2584,2005,2260,2850,2532,3109
0.098206,-0.067944,0.740836,-0.006556,0.108618,-0.237588,2566,2005,2260,2850,2508,3109
0.095906,-0.071070,0.760981,0.005483,0.111745,-0.253904,2534,2005,2260,2850,2471,3109
0.087058,-0.068932,0.738314,-0.016436,0.109606,-0.243336,2500,2005,2260,2850,2436,3109
0.079839,-0.069393,0.727685,-0.028961,0.110067,-0.240473,2465,2005,2261,2850,2405,3109
0.071215,-0.066867,0.695450,-0.057232,0.107542,-0.222747,2425,2005,2261,2853,2376,3109
0.067891,-0.069555,0.713604,-0.047300,0.110230,-0.238302,2387,2005,2261,2856,2344,3109
0.062784,-0.069173,0.704493,-0.057245,0.109847,-0.235111,2352,2005,2261,2858,2310,3109
0.056731,-0.069090,0.685709,-0.074472,0.109765,-0.225482,2313,2005,2261,2858,2273,3109
0.052403,-0.068409,0.671246,-0.087492,0.109083,-0.217842,2271,2005,2261,2857,2231,3109
0.048411,-0.068824,0.661761,-0.096877,0.109499,-0.213617,2232,2005,2261,2853,2193,3109
0.043936,-0.069015,0.650371,-0.107912,0.109690,-0.208327,2192,2005,2261,2851,2156,3109
0.039704,-0.068586,0.638947,-0.118792,0.109261,-0.202847,2154,2005,2260,2851,2120,3109
0.037144,-0.068511,0.626162,-0.129374,0.109186,-0.195230,2113,2005,2260,2851,2083,3109
0.035323,-0.068766,0.616883,-0.137029,0.109440,-0.189677,2072,2005,2260,2851,2044,3109
0.034803,-0.068068,0.586802,-0.157900,0.108742,-0.168009,1990,2005,2260,2852,1965,3109
0.034857,-0.067150,0.566671,-0.171574,0.107825,-0.153234,1947,2005,2260,2851,1924,3109
0.037521,-0.067620,0.564396,-0.171173,0.108295,-0.149753,1906,2005,2260,2851,1887,3109
0.039123,-0.067715,0.552451,-0.178137,0.108390,-0.139917,1867,2005,2260,2851,1851,3109
0.042277,-0.069009,0.548073,-0.178810,0.109684,-0.134564,1826,2005,2259,2850,1814,3109
0.045062,-0.067395,0.526715,-0.191320,0.108069,-0.117030,1787,2005,2259,2850,1776,3109
0.049738,-0.067901,0.519007,-0.193148,0.108576,-0.108202,1750,2005,2259,2850,1741,3109
0.054201,-0.066952,0.502940,-0.200825,0.107627,-0.093399,1712,2005,2259,2850,1706,3109
0.061934,-0.068340,0.506733,-0.192579,0.109014,-0.090908,1677,2005,2259,2850,1676,3109
0.067149,-0.067089,0.486940,-0.202244,0.107764,-0.072865,1645,2005,2259,2850,1650,3109
0.073271,-0.067461,0.479727,-0.202676,0.108135,-0.063414,1617,2005,2259,2850,1631,3109
0.079458,-0.066656,0.469371,-0.205201,0.107331,-0.051618,1593,2005,2260,2850,1614,3109
0.086235,-0.067083,0.468770,-0.200649,0.107758,-0.046562,1572,2005,2260,2850,1601,3109
0.043469,-0.066785,0.535386,-0.186580,0.107460,-0.124463,2002,2005,2261,2860,1921,3109
0.037971,-0.068366,0.569202,-0.167570,0.109041,-0.152965,2086,2005,2261,2860,1989,3109
0.036105,-0.067790,0.578667,-0.162488,0.108464,-0.161166,2128,2005,2261,2859,2022,3109
0.034529,-0.066764,0.585487,-0.158996,0.107438,-0.167233,2170,2005,2262,2859,2055,3109
0.038362,-0.066774,0.629260,-0.126372,0.107448,-0.196668,2306,2006,2263,2859,2181,3109
0.049668,-0.067314,0.673058,-0.088261,0.107988,-0.221031,2445,2006,2266,2850,2305,3109
0.055154,-0.067082,0.688374,-0.073811,0.107757,-0.228507,2490,2006,2263,2850,2347,3109
0.062303,-0.068068,0.712963,-0.051828,0.108743,-0.241639,2530,2006,2261,2850,2384,3109
0.067027,-0.067181,0.706401,-0.052839,0.107856,-0.233617,2569,2006,2260,2850,2421,3109
0.075227,-0.068958,0.729421,-0.031155,0.109632,-0.244885,2605,2006,2259,2850,2452,3109
0.081711,-0.069008,0.725909,-0.028800,0.109683,-0.237897,2639,2006,2259,2850,2478,3109
0.090482,-0.069988,0.743461,-0.010423,0.110663,-0.244772,2676,2006,2259,2850,2503,3109
0.097271,-0.069353,0.743160,-0.005658,0.110028,-0.239927,2710,2006,2259,2850,2528,3109
0.115598,-0.070481,0.775780,0.029981,0.111155,-0.251324,2762,2006,2259,2850,2573,3109
0.121475,-0.069064,0.767567,0.028689,0.109739,-0.241308,2786,2006,2258,2850,2598,3109
0.127804,-0.070189,0.772261,0.036519,0.110864,-0.240433,2804,2006,2257,2850,2621,3109
0.135073,-0.070350,0.784502,0.050179,0.111024,-0.244444,2815,2006,2257,2850,2640,3109
0.137875,-0.069152,0.775272,0.045943,0.109826,-0.235777,2816,2006,2256,2849,2645,3109
0.137717,-0.066951,0.754419,0.031623,0.107625,-0.220619,2794,2006,2257,2849,2643,3109
0.141740,-0.070451,0.785664,0.055852,0.111125,-0.240753,2772,2006,2257,2849,2642,3109
0.138977,-0.070416,0.786139,0.054153,0.111091,-0.242982,2749,2006,2258,2849,2627,3109
0.130392,-0.068756,0.760286,0.030257,0.109431,-0.229904,2721,2006,2258,2849,2597,3109
0.126525,-0.070185,0.772212,0.035549,0.110860,-0.241268,2693,2005,2258,2849,2555,3109
0.118563,-0.068589,0.758605,0.020451,0.109264,-0.236730,2661,2005,2258,2849,2510,3109
0.114100,-0.071067,0.775291,0.028551,0.111742,-0.251987,2626,2005,2259,2849,2467,3109
0.103597,-0.069426,0.753514,0.006027,0.110101,-0.243198,2591,2005,2262,2849,2430,3109
0.093361,-0.067582,0.727622,-0.019104,0.108256,-0.231216,2554,2005,2265,2849,2400,3109
0.087597,-0.068496,0.733423,-0.019373,0.109171,-0.239388,2515,2005,2267,2850,2368,3109
0.080961,-0.067225,0.723130,-0.031243,0.107900,-0.236373,2473,2005,2268,2852,2334,3109
0.075606,-0.067849,0.724197,-0.034436,0.108524,-0.240802,2431,2005,2268,2852,2293,3109
0.068548,-0.067269,0.714332,-0.046323,0.107943,-0.238388,2386,2006,2268,2852,2248,3109
0.062300,-0.066811,0.700303,-0.060453,0.107486,-0.232373,2340,2006,2268,2851,2200,3109
0.038714,-0.066878,0.647339,-0.113800,0.107553,-0.209664,2143,2006,2265,2850,2021,3109
0.035683,-0.067192,0.636204,-0.123603,0.107867,-0.203577,2096,2006,2263,2850,1984,3109
0.032601,-0.067852,0.584801,-0.160875,0.108527,-0.168043,1950,2006,2258,2850,1873,3109
0.036388,-0.067702,0.552324,-0.180225,0.108376,-0.141688,1851,2006,2257,2850,1789,3109
0.038775,-0.066688,0.529468,-0.194047,0.107363,-0.123328,1809,2006,2257,2850,1753,3109
0.043947,-0.067378,0.521961,-0.195375,0.108053,-0.114309,1762,2006,2257,2850,1710,3109
0.051612,-0.069627,0.527223,-0.186179,0.110302,-0.112941,1715,2006,2257,2850,1672,3109
0.088109,-0.067278,0.463601,-0.202798,0.107953,-0.041501,1545,2006,2263,2850,1558,3109
0.064625,-0.067805,0.513505,-0.185997,0.108480,-0.094033,1837,2006,2266,2857,1812,3109
0.051437,-0.066720,0.674029,-0.086304,0.107394,-0.220537,2451,2006,2255,2849,2337,3109
0.056176,-0.069508,0.698280,-0.066316,0.110183,-0.235064,2483,2004,2252,2849,2366,3109
0.059935,-0.069979,0.697695,-0.063962,0.110654,-0.232075,2511,2003,2247,2849,2392,3109
0.063377,-0.070488,0.696563,-0.062213,0.111163,-0.228901,2536,2003,2242,2850,2417,3109
0.068399,-0.072440,0.713134,-0.047249,0.113115,-0.237612,2558,2003,2240,2850,2435,3109
0.076145,-0.075274,0.741317,-0.022379,0.115948,-0.252968,2577,2003,2240,2850,2447,3109
0.079820,-0.075287,0.741439,-0.019606,0.115962,-0.250555,2592,2002,2239,2850,2455,3109
0.084468,-0.076497,0.755957,-0.006314,0.117171,-0.258018,2603,1999,2239,2850,2459,3109
0.086665,-0.075609,0.747965,-0.010149,0.116283,-0.250670,2610,1996,2239,2850,2460,3109
0.089072,-0.076177,0.747499,-0.008705,0.116852,-0.248688,2616,1994,2239,2856,2461,3109
0.063111,-0.075522,0.701093,-0.059322,0.116197,-0.232399,2380,1994,2248,2860,2253,3109
0.057462,-0.074618,0.684479,-0.074775,0.115292,-0.224084,2346,1994,2249,2860,2221,3109
0.053020,-0.075246,0.684999,-0.077672,0.115921,-0.227490,2306,1994,2249,2860,2187,3109
0.048948,-0.074731,0.675005,-0.087462,0.115405,-0.222948,2263,1995,2249,2860,2154,3109
0.043644,-0.073399,0.651558,-0.107317,0.114074,-0.209395,2224,1995,2249,2860,2121,3109
0.040461,-0.074049,0.648064,-0.112027,0.114724,-0.209005,2184,1995,2249,2860,2087,3109
0.037096,-0.073816,0.638574,-0.120955,0.114491,-0.204350,2145,1995,2249,2860,2052,3109
0.035748,-0.073684,0.626712,-0.130023,0.114358,-0.196584,2104,1996,2249,2860,2016,3109
0.034085,-0.072778,0.606295,-0.145147,0.113452,-0.182769,2065,1997,2249,2860,1977,3109
0.032602,-0.071710,0.584814,-0.160866,0.112385,-0.168053,2025,1998,2249,2860,1938,3109
0.032752,-0.071543,0.575412,-0.167160,0.112218,-0.161067,1984,1999,2249,2859,1901,3109
0.033304,-0.072149,0.569433,-0.170829,0.112824,-0.156314,1947,2001,2249,2858,1868,3109
0.034484,-0.071504,0.556607,-0.178702,0.112179,-0.146120,1909,2002,2249,2857,1837,3109
0.036977,-0.071929,0.549647,-0.181618,0.112604,-0.139326,1872,2003,2249,2857,1807,3109
0.039284,-0.070273,0.531672,-0.192174,0.110948,-0.124595,1838,2004,2249,2857,1780,3109
0.043451,-0.070687,0.529029,-0.190924,0.111362,-0.119821,1802,2005,2249,2855,1751,3109
0.046929,-0.069327,0.508871,-0.202108,0.110002,-0.102694,1767,2005,2249,2854,1721,3109
0.051413,-0.069045,0.502300,-0.203302,0.109720,-0.094830,1735,2006,2249,2853,1696,3109
0.056053,-0.068628,0.493979,-0.205573,0.109302,-0.085577,1696,2006,2249,2853,1667,3109
0.060583,-0.068073,0.483357,-0.209492,0.108748,-0.074715,1667,2006,2249,2852,1646,3109
0.066029,-0.067805,0.474458,-0.211567,0.108480,-0.064491,1637,2006,2248,2852,1622,3109
0.073830,-0.068984,0.475129,-0.205399,0.109659,-0.059667,1608,2006,2248,2852,1600,3109
0.078716,-0.067849,0.459175,-0.212689,0.108523,-0.044659,1584,2006,2248,2852,1581,3109
0.083890,-0.067129,0.446424,-0.217588,0.107803,-0.031799,1565,2006,2248,2852,1567,3109
0.089788,-0.068289,0.446310,-0.213347,0.108963,-0.027698,1551,2006,2248,2853,1560,3109
0.094150,-0.068259,0.441005,-0.213767,0.108934,-0.020843,1544,2006,2248,2856,1557,3109
0.098655,-0.066844,0.431987,-0.216612,0.107519,-0.011172,1548,2006,2249,2859,1560,3109
0.099584,-0.066761,0.433806,-0.214693,0.107436,-0.011871,1559,2006,2249,2859,1563,3109
0.100107,-0.067391,0.441693,-0.208937,0.108065,-0.017289,1578,2006,2249,2860,1565,3109
0.096470,-0.067055,0.441915,-0.211449,0.107729,-0.019929,1598,2006,2249,2860,1572,3109
0.089600,-0.068432,0.455343,-0.207332,0.109106,-0.034440,1651,2006,2249,2859,1620,3109
0.084027,-0.067621,0.458582,-0.209205,0.108295,-0.040607,1682,2006,2249,2854,1652,3109
0.072288,-0.067686,0.472038,-0.208633,0.108360,-0.058455,1747,2006,2249,2851,1711,3109
0.066325,-0.068904,0.485380,-0.203910,0.109579,-0.072285,1783,2006,2249,2851,1741,3109
0.059304,-0.067907,0.482207,-0.211212,0.108582,-0.074745,1817,2006,2249,2851,1774,3109
0.053638,-0.067603,0.488912,-0.210792,0.108278,-0.083513,1854,2006,2249,2851,1807,3109
0.048858,-0.067672,0.499265,-0.207239,0.108347,-0.094348,1892,2006,2249,2851,1842,3109
0.044530,-0.067520,0.506057,-0.205782,0.108194,-0.102269,1934,2006,2249,2852,1879,3109
0.041792,-0.068640,0.526867,-0.193610,0.109315,-0.119369,1976,2006,2249,2854,1912,3109
0.037270,-0.067502,0.527629,-0.196402,0.108176,-0.123007,2017,2006,2249,2856,1945,3109
0.035824,-0.068854,0.550616,-0.181802,0.109529,-0.140822,2055,2006,2249,2857,1973,3109
0.033986,-0.068386,0.561275,-0.175887,0.109060,-0.149877,2094,2006,2249,2857,2005,3109
0.032071,-0.068196,0.567099,-0.173322,0.108870,-0.155445,2133,2006,2249,2853,2039,3109
0.031905,-0.069032,0.586770,-0.160044,0.109707,-0.169960,2171,2006,2249,2851,2073,3109
0.031405,-0.068698,0.594900,-0.154872,0.109373,-0.176252,2210,2006,2249,2851,2109,3109
0.032276,-0.069779,0.616846,-0.139285,0.110454,-0.191726,2249,2006,2249,2851,2146,3109
0.033225,-0.069287,0.624413,-0.133436,0.109962,-0.196619,2311,2006,2249,2851,2207,3109
0.036588,-0.070243,0.646758,-0.115752,0.110918,-0.210687,2332,2006,2249,2851,2227,3109
0.039895,-0.069957,0.656571,-0.106647,0.110632,-0.215618,2369,2006,2249,2850,2263,3109
0.042762,-0.069402,0.661764,-0.101010,0.110077,-0.217468,2407,2006,2248,2850,2304,3109
0.048007,-0.071221,0.684336,-0.081795,0.111895,-0.230419,2443,2006,2246,2850,2342,3109
0.052057,-0.070344,0.687109,-0.076940,0.111018,-0.229691,2477,2006,2245,2850,2377,3109
0.058491,-0.071712,0.712084,-0.055217,0.112387,-0.243593,2508,2006,2245,2850,2411,3109
0.063057,-0.071196,0.712465,-0.051615,0.111870,-0.240762,2537,2006,2245,2850,2441,3109
0.068386,-0.071252,0.713004,-0.047346,0.111927,-0.237526,2564,2006,2245,2850,2468,3109
0.075493,-0.071932,0.728869,-0.031336,0.112606,-0.244300,2586,2006,2245,2850,2490,3109
0.080312,-0.072086,0.733037,-0.024969,0.112761,-0.244068,2610,2006,2246,2850,2517,3109
0.084026,-0.070300,0.724843,-0.027832,0.110975,-0.235540,2616,2006,2246,2850,2523,3109
0.089004,-0.071564,0.740362,-0.013616,0.112239,-0.243510,2622,2006,2246,2850,2530,3109
0.093174,-0.072752,0.755897,0.000020,0.113427,-0.252043,2624,2006,2247,2850,2531,3109
0.091263,-0.069262,0.725847,-0.021849,0.109936,-0.231345,2623,2006,2247,2850,2528,3109
0.093944,-0.071744,0.745125,-0.006755,0.112419,-0.243631,2616,2006,2247,2850,2526,3109
0.091947,-0.070022,0.731524,-0.017481,0.110696,-0.235035,2602,2006,2247,2850,2525,3109
0.092697,-0.071729,0.744959,-0.007780,0.112403,-0.244360,2589,2006,2248,2850,2525,3109
0.091930,-0.072753,0.755902,-0.000888,0.113427,-0.252894,2573,2006,2248,2850,2524,3109
0.087142,-0.071030,0.734653,-0.018868,0.111704,-0.240599,2554,2006,2248,2852,2522,3109
0.084026,-0.070300,0.724843,-0.027832,0.110975,-0.235540,2533,2006,2249,2854,2507,3109
0.080930,-0.069919,0.721031,-0.032695,0.110594,-0.234858,2508,2006,2249,2855,2481,3109
0.079343,-0.071427,0.729779,-0.027898,0.112101,-0.242344,2482,2006,2250,2858,2451,3109
0.074828,-0.071484,0.724094,-0.035075,0.112158,-0.241257,2454,2006,2250,2858,2423,3109
0.069693,-0.070511,0.711262,-0.047576,0.111186,-0.235360,2422,2006,2251,2859,2394,3109
0.065363,-0.069684,0.700480,-0.058091,0.110359,-0.230416,2388,2006,2253,2859,2363,3109
0.061455,-0.070074,0.698812,-0.062088,0.110748,-0.231857,2356,2006,2257,2859,2333,3109
0.056379,-0.069874,0.687834,-0.073283,0.110549,-0.227278,2320,2006,2265,2859,2301,3109
0.052760,-0.068764,0.674174,-0.085237,0.109438,-0.219742,2284,2006,2272,2858,2270,3109
0.050535,-0.068756,0.674090,-0.086923,0.109431,-0.221197,2248,2006,2280,2857,2237,3109
0.050799,-0.066945,0.687269,-0.077752,0.107620,-0.230665,2438,2007,2252,2849,2345,3109
0.058186,-0.068603,0.701033,-0.062968,0.109278,-0.235710,2503,2007,2252,2849,2411,3109
0.064979,-0.070471,0.725984,-0.040999,0.111145,-0.249349,2531,2007,2252,2849,2441,3109
0.069665,-0.069442,0.721446,-0.040660,0.110116,-0.242835,2556,2007,2252,2849,2468,3109
0.076239,-0.070872,0.739556,-0.023511,0.111547,-0.251615,2579,2007,2251,2849,2493,3109
0.080285,-0.069647,0.732799,-0.025150,0.110322,-0.243912,2602,2007,2250,2849,2520,3109
0.084584,-0.069138,0.730286,-0.023716,0.109813,-0.239144,2622,2007,2250,2848,2547,3109
0.089578,-0.069721,0.744375,-0.010462,0.110395,-0.246057,2638,2007,2249,2848,2570,3109
0.095328,-0.070851,0.758565,0.003414,0.111525,-0.252529,2650,2007,2249,2848,2589,3109
0.098523,-0.070990,0.757136,0.004780,0.111665,-0.249306,2658,2007,2249,2848,2600,3109
0.099564,-0.069463,0.744225,-0.003254,0.110138,-0.239144,2662,2007,2249,2848,2604,3109
0.103125,-0.070255,0.755847,0.007270,0.110930,-0.245227,2661,2007,2249,2848,2605,3109
0.105324,-0.071156,0.762991,0.013747,0.111831,-0.248960,2660,2006,2249,2848,2601,3109
0.101700,-0.068867,0.737542,-0.006241,0.109542,-0.232797,2651,2006,2251,2849,2599,3109
0.105324,-0.071156,0.762991,0.013747,0.111831,-0.248960,2638,2006,2253,2849,2598,3109
0.101525,-0.070029,0.743940,-0.002012,0.110704,-0.237600,2626,2006,2256,2849,2597,3109
0.098300,-0.069057,0.734039,-0.011117,0.109732,-0.232548,2612,2005,2259,2850,2590,3109
0.100909,-0.071234,0.760054,0.008514,0.111909,-0.249817,2595,2005,2260,2856,2566,3109
0.093142,-0.067373,0.719303,-0.024932,0.108047,-0.225274,2576,2004,2260,2858,2538,3109
0.094542,-0.070582,0.743013,-0.007755,0.111257,-0.241679,2555,2003,2260,2858,2506,3109
0.090891,-0.070387,0.740841,-0.011908,0.111061,-0.242575,2529,2001,2260,2858,2475,3109
0.085237,-0.069919,0.726472,-0.025836,0.110594,-0.235907,2504,2001,2260,2859,2450,3109
0.081281,-0.071107,0.726973,-0.028390,0.111782,-0.238968,2477,2001,2260,2859,2428,3109
0.074504,-0.068981,0.698771,-0.052563,0.109655,-0.222939,2451,2003,2261,2859,2409,3109
0.072128,-0.070849,0.714843,-0.043355,0.111524,-0.236323,2421,2004,2261,2859,2388,3109
0.067673,-0.069688,0.700511,-0.056378,0.110362,-0.228866,2396,2005,2261,2859,2365,3109
0.062820,-0.068197,0.688383,-0.068193,0.108871,-0.223292,2368,2005,2261,2859,2340,3109
0.058653,-0.067271,0.676238,-0.079517,0.107946,-0.217239,2341,2005,2261,2859,2311,3109
0.056567,-0.068957,0.684881,-0.075157,0.109631,-0.224988,2312,2005,2261,2859,2281,3109
0.053576,-0.069439,0.683418,-0.078343,0.110113,-0.225954,2284,2005,2261,2859,2250,3109
0.049637,-0.069664,0.672021,-0.088989,0.110339,-0.220293,2257,2005,2261,2859,2221,3109
0.045749,-0.067970,0.650980,-0.106169,0.108645,-0.207538,2230,2005,2261,2859,2194,3109
0.043936,-0.069015,0.650371,-0.107912,0.109690,-0.208327,2202,2005,2261,2859,2175,3109
0.041373,-0.067298,0.629459,-0.124033,0.107972,-0.194762,2176,2005,2261,2859,2161,3109
0.041005,-0.067656,0.628211,-0.125152,0.108331,-0.194100,2152,2005,2261,2859,2151,3109
0.038896,-0.067134,0.598139,-0.147181,0.107808,-0.173521,2053,2005,2260,2860,2113,3110
0.040140,-0.068593,0.604054,-0.142241,0.109267,-0.177004,2030,2005,2260,2860,2086,3110
0.040247,-0.068775,0.588751,-0.152587,0.109450,-0.165727,2004,2005,2261,2860,2055,3110
0.041868,-0.067389,0.568848,-0.164958,0.108064,-0.150052,1955,2005,2261,2860,1992,3110
0.047324,-0.066822,0.537981,-0.181990,0.107496,-0.123737,1864,2006,2262,2860,1899,3110
0.065354,-0.066789,0.477283,-0.210137,0.107464,-0.067018,1696,2007,2255,2858,1705,3110
0.048541,-0.067375,0.649945,-0.104830,0.108050,-0.204878,2338,1995,2288,2854,2276,3110
0.079312,-0.068996,0.729507,-0.028105,0.109671,-0.242165,2561,2000,2255,2849,2533,3110
0.081114,-0.069267,0.720511,-0.032914,0.109942,-0.234351,2581,2004,2243,2849,2559,3110
0.084136,-0.070652,0.728255,-0.025427,0.111326,-0.237962,2600,2006,2232,2849,2578,3110
0.083597,-0.069342,0.706183,-0.040856,0.110017,-0.222171,2614,2006,2225,2849,2591,3110
0.087689,-0.071846,0.728213,-0.022855,0.112520,-0.235511,2624,2006,2220,2849,2600,3110
0.091932,-0.075246,0.755916,-0.000877,0.115921,-0.252903,2631,2006,2217,2849,2605,3110
0.094609,-0.076572,0.745395,-0.006084,0.117246,-0.243376,2630,2006,2218,2850,2600,3110
0.092211,-0.076574,0.741647,-0.010392,0.117248,-0.242266,2588,2004,2228,2861,2561,3110
0.090121,-0.075374,0.729749,-0.020028,0.116048,-0.234979,2570,2004,2231,2861,2533,3110
0.088011,-0.075641,0.729136,-0.021990,0.116316,-0.235968,2550,2003,2238,2861,2506,3110
0.082533,-0.074752,0.727462,-0.027140,0.115427,-0.238474,2506,1998,2252,2861,2467,3110
0.079303,-0.074250,0.728272,-0.028954,0.114925,-0.241267,2483,1997,2259,2861,2448,3110
0.075698,-0.073243,0.715226,-0.040479,0.113918,-0.234172,2456,1996,2265,2861,2424,3110
0.069250,-0.069216,0.677994,-0.070563,0.109890,-0.211306,2428,1995,2272,2861,2394,3110
0.069354,-0.070713,0.692944,-0.060302,0.111387,-0.222180,2400,1995,2277,2861,2363,3110
0.065212,-0.068233,0.674388,-0.075974,0.108907,-0.211417,2370,1995,2282,2861,2331,3110
0.061518,-0.068044,0.686940,-0.070129,0.108719,-0.223123,2306,1995,2289,2861,2263,3110
0.036958,-0.067367,0.475865,-0.231891,0.108041,-0.085323,1777,2120,2110,2863,1768,3110
0.034816,-0.068550,0.479189,-0.231196,0.109224,-0.089215,1792,2118,2110,2863,1772,3110
0.032316,-0.069417,0.479492,-0.232819,0.110091,-0.091141,1807,2118,2110,2863,1787,3110
0.029811,-0.069953,0.482341,-0.232713,0.110628,-0.094933,1824,2118,2113,2863,1803,3110
0.027910,-0.070862,0.492283,-0.227332,0.111537,-0.103506,1843,2118,2115,2863,1817,3110
0.025233,-0.069500,0.490988,-0.230174,0.110174,-0.104381,1861,2118,2115,2864,1830,3110
0.023794,-0.068708,0.498937,-0.225812,0.109383,-0.111182,1886,2118,2116,2865,1848,3110
0.021654,-0.068628,0.505506,-0.222904,0.109302,-0.117449,1910,2118,2115,2873,1866,3110
0.019770,-0.068961,0.513109,-0.219105,0.109635,-0.124298,1921,2118,2115,2877,1874,3110
0.017164,-0.068259,0.510439,-0.222832,0.108933,-0.124118,1939,2118,2114,2885,1887,3110
0.016415,-0.069574,0.527356,-0.211857,0.110249,-0.137014,1960,2118,2114,2894,1901,3110
0.015002,-0.068315,0.522420,-0.216253,0.108989,-0.134362,1980,2118,2113,2903,1914,3110
0.014724,-0.069283,0.536839,-0.206635,0.109957,-0.145108,2001,2118,2112,2911,1930,3110
0.014838,-0.070745,0.551017,-0.196893,0.111420,-0.155410,2023,2118,2112,2921,1950,3110
0.014791,-0.070952,0.558739,-0.191668,0.111626,-0.161095,2048,2118,2112,2929,1976,3110
0.015204,-0.070731,0.559914,-0.190565,0.111406,-0.161675,2073,2118,2110,2937,2005,3110
0.016225,-0.070738,0.567021,-0.184976,0.111413,-0.166182,2100,2118,2107,2944,2033,3110
0.017104,-0.071785,0.580183,-0.175366,0.112460,-0.175219,2124,2118,2105,2946,2056,3110
0.017014,-0.071759,0.581088,-0.174816,0.112434,-0.175943,2150,2116,2104,2946,2077,3110
0.017304,-0.073433,0.596854,-0.163863,0.114108,-0.187288,2176,2112,2104,2941,2100,3110
0.016963,-0.072436,0.591053,-0.168065,0.113110,-0.183274,2202,2107,2104,2937,2124,3110
0.017020,-0.074340,0.610679,-0.154654,0.115015,-0.197603,2229,2103,2103,2936,2148,3110
0.016516,-0.072684,0.599310,-0.162767,0.113359,-0.189623,2258,2101,2102,2936,2174,3110
0.012614,-0.076069,0.533773,-0.210268,0.116744,-0.144301,1898,2112,2073,2935,1881,3110
0.019092,-0.076542,0.515598,-0.217906,0.117216,-0.126582,1828,2114,2072,2934,1820,3110
0.021892,-0.076356,0.507110,-0.221638,0.117031,-0.118460,1809,2114,2072,2934,1807,3110
0.024545,-0.076429,0.500714,-0.224052,0.117104,-0.111970,1792,2114,2072,2934,1798,3110
0.027614,-0.075960,0.490863,-0.228516,0.116634,-0.102668,1777,2114,2072,2934,1792,3110
0.031121,-0.076184,0.488679,-0.227436,0.116858,-0.098680,1765,2114,2072,2934,1788,3110
0.033413,-0.075546,0.480675,-0.231211,0.116221,-0.091259,1757,2114,2072,2934,1788,3110
0.035476,-0.074673,0.473880,-0.234329,0.115347,-0.084879,1754,2114,2072,2934,1788,3110
0.038400,-0.076476,0.481614,-0.226919,0.117150,-0.088550,1753,2114,2073,2935,1788,3110
0.038283,-0.074985,0.469878,-0.235000,0.115659,-0.080037,1755,2114,2074,2935,1789,3110
0.039372,-0.075447,0.473830,-0.231511,0.116122,-0.082189,1758,2114,2074,2935,1793,3110
0.038791,-0.075160,0.476330,-0.230233,0.115835,-0.084415,1767,2114,2074,2935,1797,3110
0.038174,-0.075690,0.481883,-0.226902,0.116365,-0.088900,1783,2114,2074,2935,1799,3110
0.035766,-0.074037,0.474974,-0.233371,0.114711,-0.085482,1800,2114,2074,2935,1803,3110
0.034066,-0.075546,0.487355,-0.226182,0.116220,-0.095705,1817,2114,2074,2935,1818,3110
0.031087,-0.074773,0.487437,-0.228307,0.115448,-0.097795,1837,2115,2074,2935,1842,3110
0.027383,-0.075104,0.493284,-0.227035,0.115778,-0.104598,1861,2118,2073,2935,1866,3110
0.025337,-0.075297,0.501542,-0.222908,0.115972,-0.112037,1884,2120,2073,2935,1888,3110
0.022510,-0.075578,0.507609,-0.220845,0.116253,-0.118405,1909,2120,2073,2935,1909,3110
0.019892,-0.075542,0.516757,-0.216530,0.116217,-0.126885,1937,2120,2073,2935,1930,3110
0.017605,-0.074453,0.523205,-0.213813,0.115128,-0.133164,1965,2120,2073,2935,1954,3110
0.015001,-0.074663,0.529133,-0.211681,0.115337,-0.139278,1990,2119,2074,2936,1979,3110
0.013425,-0.075786,0.540774,-0.204905,0.116461,-0.148874,2015,2118,2075,2937,2006,3110
0.012541,-0.076477,0.549773,-0.199422,0.117151,-0.156064,2044,2118,2078,2937,2035,3110
0.011845,-0.076137,0.554302,-0.196846,0.116812,-0.159854,2076,2118,2080,2937,2066,3110
0.011169,-0.076460,0.588064,-0.174343,0.117135,-0.185032,2146,2119,2078,2936,2129,3110
0.010718,-0.075347,0.596497,-0.168929,0.116022,-0.191513,2179,2120,2074,2935,2157,3110
0.009830,-0.075295,0.605907,-0.163169,0.115970,-0.199006,2213,2120,2072,2934,2184,3110
0.009932,-0.075813,0.616247,-0.156050,0.116487,-0.206508,2247,2120,2070,2934,2212,3110
0.000003,-0.076596,0.629026,-0.154615,0.117271,-0.222627,2164,2158,2008,2935,2139,3110
-0.004781,-0.076606,0.585420,-0.187821,0.117281,-0.193961,2037,2158,2015,2935,2015,3110
-0.003981,-0.075148,0.570971,-0.197078,0.115823,-0.182838,2010,2158,2016,2938,1994,3110
-0.002234,-0.072868,0.551379,-0.209145,0.113543,-0.167305,1985,2159,2017,2942,1974,3110
-0.000276,-0.074077,0.558050,-0.203167,0.114752,-0.170854,1960,2164,2016,2944,1951,3110
0.001610,-0.074921,0.555391,-0.203598,0.115595,-0.167623,1933,2170,2015,2944,1928,3110
0.003665,-0.074303,0.542184,-0.211089,0.114978,-0.156554,1910,2175,2015,2939,1908,3110
0.005355,-0.071758,0.522312,-0.223389,0.112433,-0.140855,1886,2182,2014,2936,1890,3110
0.006573,-0.070892,0.520239,-0.223910,0.111567,-0.138507,1864,2191,2010,2936,1873,3110
0.008133,-0.067642,0.507577,-0.231393,0.108317,-0.128175,1843,2200,2006,2936,1856,3110
0.001042,-0.067946,0.506830,-0.237093,0.108621,-0.132459,1919,2223,1962,2935,1922,3110
-0.002167,-0.067900,0.511582,-0.236205,0.108575,-0.138123,1945,2223,1962,2935,1940,3110
-0.004659,-0.067270,0.513063,-0.237020,0.107945,-0.140905,1971,2223,1963,2936,1959,3110
-0.007223,-0.068066,0.528913,-0.228101,0.108741,-0.154255,1997,2223,1964,2936,1981,3110
-0.009544,-0.068784,0.540966,-0.221590,0.109459,-0.164661,2029,2223,1965,2936,2009,3110
-0.010999,-0.068319,0.549773,-0.216655,0.108994,-0.172099,2060,2223,1965,2936,2037,3110
-0.012606,-0.069220,0.568921,-0.204789,0.109895,-0.187213,2093,2223,1963,2936,2068,3110
-0.013628,-0.069793,0.584914,-0.194643,0.110468,-0.199617,2125,2223,1962,2936,2099,3110
-0.013977,-0.067059,0.567574,-0.206710,0.107734,-0.187160,2156,2223,1961,2935,2128,3110
-0.014985,-0.068984,0.596776,-0.187556,0.109658,-0.209226,2186,2223,1960,2935,2155,3110
-0.014575,-0.069606,0.604217,-0.182188,0.110281,-0.214394,2216,2223,1960,2935,2180,3110
-0.013706,-0.070193,0.616156,-0.173418,0.110868,-0.222542,2244,2222,1960,2935,2204,3110
-0.010210,-0.071395,0.644772,-0.151366,0.112070,-0.241112,2297,2221,1960,2935,2249,3110
-0.007443,-0.072204,0.662683,-0.137139,0.112879,-0.252339,2319,2220,1961,2935,2276,3110
-0.003824,-0.074033,0.684265,-0.119789,0.114708,-0.265674,2341,2218,1961,2936,2299,3110
-0.000453,-0.073446,0.684028,-0.117482,0.114120,-0.263205,2363,2218,1962,2936,2318,3110
0.003503,-0.074066,0.697828,-0.105186,0.114741,-0.270613,2384,2218,1962,2936,2334,3110
0.006435,-0.072832,0.689193,-0.108920,0.113507,-0.262294,2400,2218,1962,2936,2345,3110
0.009478,-0.074552,0.710707,-0.092039,0.115227,-0.275972,2414,2218,1961,2936,2353,3110
0.012203,-0.073526,0.712692,-0.088691,0.114201,-0.275569,2425,2219,1961,2935,2359,3110
0.013579,-0.074099,0.726363,-0.078371,0.114773,-0.284640,2430,2219,1961,2935,2363,3110
0.015914,-0.073471,0.722705,-0.079153,0.114145,-0.280371,2432,2219,1961,2935,2364,3110
0.015174,-0.069200,0.681730,-0.107607,0.109875,-0.250877,2430,2219,1961,2935,2364,3110
0.016726,-0.072344,0.712120,-0.085769,0.113019,-0.272069,2428,2218,1961,2935,2361,3110
0.016724,-0.072142,0.710621,-0.086791,0.112817,-0.270973,2420,2218,1961,2935,2360,3110
0.015936,-0.071840,0.698580,-0.095571,0.112515,-0.262694,2405,2218,1961,2935,2358,3110
0.014785,-0.071841,0.698586,-0.096409,0.112515,-0.263482,2391,2218,1961,2935,2356,3110
0.013391,-0.071732,0.698108,-0.097756,0.112406,-0.264083,2375,2218,1962,2936,2340,3110
0.011776,-0.073586,0.709448,-0.091214,0.114261,-0.273485,2354,2217,1962,2939,2308,3110
0.008892,-0.072599,0.694698,-0.103372,0.113274,-0.264651,2328,2215,1962,2940,2275,3110
0.006729,-0.073569,0.695470,-0.104430,0.114244,-0.266690,2306,2214,1962,2941,2249,3110
0.003503,-0.075226,0.697924,-0.105120,0.115901,-0.270683,2280,2213,1962,2942,2224,3110
0.000036,-0.076069,0.687599,-0.114692,0.116743,-0.265486,2252,2213,1962,2942,2202,3110
-0.003018,-0.075947,0.673968,-0.126213,0.116622,-0.257587,2224,2213,1962,2942,2181,3110
-0.005646,-0.075660,0.659102,-0.138263,0.116335,-0.248494,2197,2214,1963,2942,2159,3110
-0.007733,-0.074889,0.650321,-0.145772,0.115563,-0.243486,2171,2214,1966,2940,2136,3110
-0.009414,-0.072499,0.624856,-0.164349,0.113174,-0.225989,2126,2215,1969,2939,2097,3110
-0.011040,-0.071606,0.614957,-0.172283,0.112280,-0.219849,2109,2215,1969,2939,2080,3110
-0.011584,-0.071055,0.603821,-0.180267,0.111729,-0.212067,2080,2215,1970,2939,2052,3110
-0.011480,-0.068895,0.579645,-0.196660,0.109570,-0.194297,2050,2216,1970,2939,2026,3110
-0.012028,-0.070438,0.586268,-0.192549,0.111113,-0.199518,2019,2217,1970,2937,2004,3110
-0.011485,-0.069412,0.570193,-0.203102,0.110086,-0.187380,1990,2221,1969,2937,1984,3110
-0.010873,-0.069969,0.566808,-0.204960,0.110643,-0.184485,1961,2223,1967,2936,1961,3110
-0.010093,-0.068319,0.549776,-0.215991,0.108994,-0.171485,1932,2224,1964,2936,1940,3110
-0.008438,-0.067107,0.536915,-0.223539,0.107781,-0.160942,1900,2224,1963,2935,1918,3110
-0.004234,-0.067659,0.525308,-0.228369,0.108334,-0.149580,1839,2224,1962,2935,1876,3110
-0.001032,-0.067651,0.512803,-0.234542,0.108326,-0.138244,1808,2224,1962,2935,1854,3110
0.003455,-0.067112,0.499161,-0.240550,0.107786,-0.125201,1782,2224,1962,2935,1834,3110
0.007539,-0.066883,0.489517,-0.244130,0.107558,-0.115358,1756,2224,1962,2935,1815,3110
0.017915,-0.066790,0.473414,-0.247502,0.107464,-0.096501,1711,2224,1962,2935,1786,3110
0.022833,-0.067286,0.464444,-0.250012,0.107961,-0.086583,1693,2224,1962,2935,1774,3110
0.006348,-0.066899,0.500613,-0.237443,0.107573,-0.124293,1913,2217,1971,2940,1953,3110
0.003058,-0.066878,0.504830,-0.236979,0.107553,-0.129621,1942,2215,1969,2940,1976,3110
-0.000279,-0.068763,0.519661,-0.229320,0.109438,-0.142752,1973,2214,1965,2940,2000,3110
-0.006877,-0.072406,0.541390,-0.219349,0.113080,-0.163154,2033,2214,1962,2937,2043,3110
-0.009250,-0.073566,0.557620,-0.210030,0.114240,-0.176653,2063,2214,1962,2936,2061,3110
-0.012221,-0.073562,0.563574,-0.208149,0.114236,-0.183036,2092,2214,1961,2936,2079,3110
-0.013915,-0.073054,0.574528,-0.201928,0.113729,-0.192209,2120,2214,1961,2936,2097,3110
-0.014703,-0.073324,0.586412,-0.194410,0.113998,-0.201446,2149,2214,1962,2936,2119,3110
-0.014719,-0.073401,0.596874,-0.187294,0.114076,-0.209116,2180,2214,1963,2936,2146,3110
-0.013822,-0.073845,0.612491,-0.176000,0.114519,-0.219938,2210,2214,1965,2936,2174,3110
-0.012238,-0.072641,0.615269,-0.172948,0.113315,-0.220893,2236,2214,1967,2937,2201,3110
-0.010279,-0.074526,0.646922,-0.149952,0.115201,-0.242732,2263,2214,1967,2937,2229,3110
-0.007297,-0.073601,0.648244,-0.146868,0.114276,-0.241669,2290,2214,1965,2937,2256,3110
-0.005117,-0.073614,0.660815,-0.136709,0.114289,-0.249388,2313,2214,1963,2937,2281,3110
-0.002587,-0.074589,0.671546,-0.127547,0.115264,-0.255521,2349,2214,1961,2935,2309,3110
0.000023,-0.069040,0.636550,-0.149476,0.109715,-0.228121,2358,2214,1960,2935,2316,3110
0.001464,-0.072959,0.670188,-0.125506,0.113634,-0.251767,2375,2214,1960,2935,2326,3110
0.003809,-0.075166,0.694314,-0.107355,0.115840,-0.267832,2392,2214,1960,2935,2339,3110
0.006899,-0.076192,0.710204,-0.094269,0.116867,-0.277360,2406,2215,1960,2935,2351,3110
0.011738,-0.075596,0.723503,-0.081667,0.116271,-0.283800,2421,2216,1961,2935,2374,3110
0.014113,-0.073597,0.709551,-0.089432,0.114271,-0.271968,2422,2216,1962,2935,2380,3110
0.015497,-0.072110,0.701497,-0.093905,0.112784,-0.265129,2419,2216,1962,2935,2381,3110
0.016508,-0.073457,0.710859,-0.086787,0.114132,-0.271294,2417,2215,1962,2936,2376,3110
0.016504,-0.073941,0.710455,-0.087066,0.114615,-0.271001,2407,2215,1962,2936,2373,3110
0.015179,-0.072586,0.694587,-0.098845,0.113261,-0.260287,2391,2215,1962,2936,2372,3110
0.013915,-0.073866,0.710329,-0.089047,0.114541,-0.272672,2377,2215,1962,2936,2371,3110
0.011548,-0.072942,0.698096,-0.099113,0.113617,-0.265329,2363,2216,1963,2936,2366,3110
0.009811,-0.072059,0.687275,-0.107756,0.112733,-0.258590,2344,2216,1965,2936,2345,3110
0.007644,-0.072865,0.697951,-0.102071,0.113539,-0.267882,2321,2216,1965,2936,2317,3110
0.005286,-0.072056,0.687251,-0.111085,0.112730,-0.261655,2300,2217,1964,2936,2288,3110
0.002354,-0.074061,0.697776,-0.106062,0.114735,-0.271358,2278,2217,1963,2936,2262,3110
-0.000790,-0.073386,0.683445,-0.118126,0.114060,-0.263007,2253,2218,1963,2936,2235,3110
-0.003692,-0.073476,0.671487,-0.128396,0.114150,-0.256230,2230,2220,1963,2936,2211,3110
-0.006729,-0.072369,0.658801,-0.139261,0.113043,-0.249011,2207,2221,1963,2936,2189,3110
-0.008799,-0.071634,0.649959,-0.146800,0.112309,-0.243947,2182,2222,1966,2936,2168,3110
-0.010279,-0.071326,0.646920,-0.149953,0.112001,-0.242731,2154,2222,1970,2936,2149,3110
-0.011039,-0.068093,0.615306,-0.172045,0.108767,-0.220104,2125,2222,1971,2936,2125,3110
-0.011449,-0.068778,0.624456,-0.166112,0.109453,-0.227082,2095,2223,1972,2936,2097,3110
-0.014405,-0.067415,0.523395,-0.237118,0.108089,-0.155108,1982,2258,1916,2936,1973,3110
-0.016779,-0.067879,0.532112,-0.232918,0.108553,-0.163107,2011,2258,1921,2936,2001,3110
-0.018851,-0.067743,0.543527,-0.226659,0.108417,-0.172876,2044,2258,1924,2938,2029,3110
-0.020032,-0.067370,0.556607,-0.218614,0.108044,-0.183256,2072,2258,1924,2943,2056,3110
-0.019407,-0.066743,0.605897,-0.184580,0.107417,-0.218915,2204,2256,1916,2942,2169,3110
-0.018632,-0.068362,0.618119,-0.175687,0.109036,-0.227336,2230,2255,1914,2937,2191,3110
-0.018890,-0.069391,0.629618,-0.168044,0.110066,-0.235930,2255,2255,1913,2936,2209,3110
-0.018315,-0.068657,0.627638,-0.168971,0.109332,-0.234089,2280,2255,1912,2935,2226,3110
-0.017353,-0.070543,0.649758,-0.153199,0.111218,-0.249627,2300,2254,1912,2935,2240,3110
-0.015624,-0.072276,0.670570,-0.137756,0.112951,-0.263686,2321,2254,1912,2935,2256,3110
-0.012992,-0.071447,0.673405,-0.133899,0.112122,-0.263969,2341,2254,1913,2935,2272,3110
-0.010145,-0.072623,0.687144,-0.122454,0.113298,-0.272088,2357,2254,1913,2935,2285,3110
-0.007621,-0.072155,0.696061,-0.114533,0.112829,-0.276897,2368,2254,1914,2936,2294,3110
-0.004536,-0.071713,0.697296,-0.111433,0.112387,-0.275700,2375,2254,1915,2937,2299,3110
-0.001814,-0.071193,0.698220,-0.108811,0.111868,-0.274522,2378,2252,1915,2939,2302,3110
-0.000470,-0.072166,0.710840,-0.099231,0.112841,-0.282846,2379,2251,1915,2941,2302,3110
0.001295,-0.072796,0.710731,-0.098013,0.113471,-0.281563,2376,2250,1915,2942,2299,3110
0.000935,-0.073278,0.709669,-0.098999,0.113953,-0.281031,2374,2250,1915,2942,2297,3110
0.001295,-0.073968,0.710735,-0.098010,0.114643,-0.281566,2368,2250,1916,2942,2294,3110
0.000342,-0.071677,0.685637,-0.115804,0.112352,-0.263841,2354,2250,1917,2942,2293,3110
-0.000625,-0.070537,0.669803,-0.127298,0.111212,-0.252907,2340,2250,1918,2942,2289,3110
-0.002226,-0.074535,0.710530,-0.100727,0.115209,-0.283814,2326,2249,1919,2944,2272,3110
-0.003492,-0.068394,0.644334,-0.146746,0.109069,-0.236214,2307,2249,1920,2944,2246,3110
-0.005300,-0.072783,0.685405,-0.120093,0.113458,-0.267514,2283,2248,1920,2945,2219,3110
-0.007367,-0.073080,0.672886,-0.130134,0.113755,-0.259757,2261,2248,1919,2945,2196,3110
-0.009670,-0.073695,0.673668,-0.131287,0.114370,-0.261899,2237,2248,1919,2945,2178,3110
-0.012301,-0.072220,0.650249,-0.149166,0.112894,-0.246546,2213,2248,1920,2945,2162,3110
-0.015219,-0.072712,0.650007,-0.151467,0.113387,-0.248356,2187,2248,1920,2945,2143,3110
-0.015957,-0.071550,0.633147,-0.163493,0.112225,-0.236516,2163,2249,1923,2945,2123,3110
-0.017985,-0.071064,0.625789,-0.169989,0.111738,-0.232510,2137,2250,1924,2945,2096,3110
-0.018914,-0.071670,0.626730,-0.170028,0.112344,-0.233832,2110,2252,1924,2945,2070,3110
-0.019426,-0.070524,0.614339,-0.178844,0.111199,-0.225109,2080,2253,1925,2946,2042,3110
-0.019358,-0.067706,0.587823,-0.196856,0.108380,-0.205650,2052,2254,1925,2946,2017,3110
-0.019442,-0.068606,0.593421,-0.193105,0.109280,-0.209806,2023,2255,1925,2946,1993,3110
-0.018889,-0.067603,0.576524,-0.204209,0.108277,-0.197058,1993,2255,1925,2946,1972,3110
-0.018026,-0.066786,0.561941,-0.213511,0.107460,-0.185794,1965,2255,1925,2946,1950,3110
-0.014370,-0.066812,0.543217,-0.223590,0.107486,-0.169596,1905,2257,1924,2940,1906,3110
-0.012875,-0.066764,0.533723,-0.228962,0.107439,-0.161627,1882,2258,1924,2938,1890,3110
-0.009170,-0.067358,0.527083,-0.230773,0.108032,-0.154242,1991,2253,1925,2947,1974,3110
-0.012714,-0.067650,0.533782,-0.228804,0.108325,-0.161560,2024,2254,1922,2946,2006,3110
-0.015525,-0.068317,0.549756,-0.219981,0.108992,-0.175170,2058,2257,1919,2946,2040,3110
-0.017992,-0.067705,0.558520,-0.215817,0.108379,-0.183266,2095,2258,1919,2940,2080,3110
-0.020370,-0.068825,0.584880,-0.199602,0.109500,-0.204185,2132,2258,1920,2938,2123,3110
-0.021423,-0.067233,0.594945,-0.193517,0.107908,-0.212271,2171,2259,1917,2937,2166,3110
-0.018936,-0.070063,0.670548,-0.140196,0.110737,-0.265926,2313,2259,1908,2934,2305,3110
-0.015850,-0.069051,0.671529,-0.137269,0.109725,-0.264543,2346,2260,1903,2934,2344,3110
-0.011644,-0.069611,0.681973,-0.127075,0.110286,-0.269323,2379,2261,1899,2934,2380,3110
-0.007391,-0.070759,0.704613,-0.108539,0.111434,-0.283001,2409,2261,1898,2934,2410,3110
-0.003161,-0.069852,0.711112,-0.101016,0.110527,-0.284878,2437,2261,1897,2934,2434,3110
0.002290,-0.070982,0.725431,-0.087270,0.111657,-0.291647,2460,2261,1896,2934,2454,3110
0.007252,-0.072231,0.750466,-0.066584,0.112906,-0.306596,2482,2261,1895,2934,2473,3110
0.011040,-0.071093,0.742081,-0.069523,0.111768,-0.297877,2499,2261,1893,2934,2492,3110
0.016672,-0.072015,0.755011,-0.056592,0.112690,-0.303506,2512,2261,1893,2934,2510,3110
0.021795,-0.074289,0.785340,-0.032181,0.114964,-0.322221,2522,2261,1893,2934,2521,3110
0.024220,-0.071898,0.753542,-0.052066,0.112572,-0.297289,2526,2261,1893,2935,2527,3110
0.026305,-0.070876,0.739603,-0.060035,0.111551,-0.285664,2526,2261,1894,2935,2526,3110
0.028292,-0.070461,0.741892,-0.057021,0.111135,-0.285987,2524,2260,1894,2935,2521,3110
0.028896,-0.073130,0.769693,-0.037641,0.113804,-0.305928,2515,2260,1894,2935,2519,3110
0.028215,-0.074279,0.768421,-0.039006,0.114953,-0.305461,2501,2260,1894,2935,2518,3110
0.026033,-0.072909,0.751112,-0.052394,0.113584,-0.294275,2486,2260,1896,2935,2514,3110
0.024227,-0.075061,0.769997,-0.040852,0.115735,-0.309332,2473,2259,1899,2935,2496,3110
0.019435,-0.070808,0.721277,-0.077548,0.111482,-0.276928,2454,2259,1901,2937,2472,3110
0.018560,-0.074598,0.755968,-0.054558,0.115272,-0.302922,2431,2258,1901,2940,2448,3110
0.015651,-0.074780,0.751789,-0.059534,0.115455,-0.301843,2407,2258,1901,2942,2425,3110
0.011600,-0.075594,0.753194,-0.061543,0.116269,-0.305631,2383,2258,1901,2944,2401,3110
0.006863,-0.073595,0.721288,-0.086745,0.114270,-0.285499,2356,2258,1903,2945,2373,3110
0.003136,-0.073063,0.713629,-0.094691,0.113737,-0.282431,2313,2258,1903,2945,2330,3110
-0.001368,-0.074406,0.723527,-0.091245,0.115080,-0.292746,2295,2259,1903,2945,2311,3110
-0.005714,-0.072199,0.696535,-0.112814,0.112873,-0.275945,2265,2259,1903,2945,2281,3110
-0.009578,-0.071478,0.687050,-0.122104,0.112152,-0.271633,2233,2259,1903,2945,2247,3110
-0.012908,-0.070420,0.668542,-0.137149,0.111095,-0.260351,2200,2259,1903,2945,2214,3110
-0.016351,-0.070612,0.658311,-0.146639,0.111287,-0.255206,2168,2259,1903,2945,2182,3110
-0.019152,-0.069515,0.637702,-0.162729,0.110189,-0.242027,2134,2260,1903,2945,2152,3110
-0.020972,-0.069588,0.626590,-0.171630,0.110263,-0.235131,2100,2260,1904,2945,2124,3110
-0.022454,-0.069490,0.614147,-0.181191,0.110165,-0.227031,2069,2260,1904,2945,2095,3110
-0.022534,-0.069602,0.604174,-0.188043,0.110276,-0.219785,2036,2260,1904,2945,2062,3110
-0.022596,-0.068316,0.585178,-0.201029,0.108990,-0.205920,1999,2260,1904,2945,2027,3110
-0.021199,-0.068823,0.574812,-0.207067,0.109498,-0.197379,1968,2260,1904,2945,1996,3110
-0.020087,-0.068523,0.556940,-0.218427,0.109197,-0.183537,1918,2260,1904,2945,1949,3110
-0.018548,-0.068821,0.550728,-0.221532,0.109496,-0.177941,1899,2260,1904,2945,1934,3110
-0.015390,-0.068430,0.531005,-0.232655,0.109105,-0.161351,1871,2260,1904,2945,1910,3110
-0.012378,-0.068140,0.519995,-0.237949,0.108814,-0.151238,1840,2260,1904,2945,1886,3110
-0.008354,-0.067592,0.502007,-0.247257,0.108266,-0.135328,1810,2260,1904,2945,1863,3110
-0.003091,-0.067187,0.491906,-0.250285,0.107862,-0.124348,1784,2260,1904,2945,1841,3110
0.006295,-0.067601,0.480736,-0.251022,0.108276,-0.109776,1738,2260,1904,2946,1799,3110
0.023600,-0.066939,0.444621,-0.262955,0.107613,-0.071548,1736,2260,1905,2947,1779,3110
0.021018,-0.067486,0.453014,-0.259127,0.108161,-0.079452,1754,2260,1904,2947,1794,3110
0.016510,-0.068067,0.457155,-0.259607,0.108741,-0.085555,1777,2260,1904,2947,1819,3110
0.012513,-0.068085,0.464670,-0.257414,0.108759,-0.093779,1804,2260,1905,2947,1847,3110
0.008198,-0.066826,0.466726,-0.259172,0.107501,-0.098223,1831,2260,1905,2947,1873,3110
-0.007444,-0.067455,0.514323,-0.238201,0.108130,-0.143725,1963,2259,1920,2947,1965,3110
-0.018994,-0.066676,0.616811,-0.176843,0.107350,-0.226624,2248,2258,1920,2942,2203,3110
-0.016894,-0.067971,0.638039,-0.160846,0.108646,-0.240735,2278,2256,1920,2942,2227,3110
-0.015095,-0.069746,0.659727,-0.144756,0.110420,-0.255388,2308,2254,1920,2942,2254,3110
-0.012344,-0.070817,0.672469,-0.134062,0.111492,-0.262842,2337,2252,1920,2942,2284,3110
-0.008952,-0.071530,0.681746,-0.125259,0.112204,-0.267324,2364,2251,1919,2942,2313,3110
-0.004779,-0.071314,0.685287,-0.119791,0.111989,-0.267073,2391,2250,1916,2943,2337,3110
-0.000557,-0.073093,0.699628,-0.106932,0.113768,-0.274696,2414,2250,1914,2943,2357,3110
0.004004,-0.074586,0.725825,-0.085748,0.115261,-0.290768,2436,2250,1913,2940,2375,3110
0.007344,-0.073936,0.725344,-0.083630,0.114610,-0.288141,2454,2250,1912,2938,2392,3110
0.011080,-0.075080,0.739507,-0.071247,0.115755,-0.295965,2469,2250,1911,2937,2408,3110
0.014305,-0.073157,0.729196,-0.075910,0.113831,-0.286219,2480,2251,1911,2937,2419,3110
0.017255,-0.075293,0.756404,-0.055216,0.115968,-0.304130,2486,2251,1911,2937,2427,3110
0.019746,-0.075291,0.756389,-0.053403,0.115966,-0.302422,2487,2250,1911,2937,2427,3110
0.020817,-0.073875,0.739632,-0.064033,0.114550,-0.289424,2483,2250,1911,2937,2424,3110
0.021521,-0.075589,0.753139,-0.054317,0.116263,-0.298833,2480,2249,1911,2937,2419,3110
0.020307,-0.073158,0.729203,-0.071511,0.113833,-0.282136,2466,2248,1911,2938,2418,3110
0.018614,-0.075685,0.738903,-0.066143,0.116360,-0.290390,2448,2248,1910,2940,2417,3110
0.009020,-0.076414,0.725589,-0.082235,0.117089,-0.287179,2362,2248,1916,2945,2331,3110
0.005487,-0.075441,0.713876,-0.092802,0.116116,-0.281010,2337,2248,1918,2945,2307,3110
0.001285,-0.075712,0.710587,-0.098118,0.116387,-0.281465,2308,2248,1920,2945,2283,3110
-0.002523,-0.073602,0.685561,-0.117953,0.114276,-0.265738,2279,2248,1920,2945,2260,3110
-0.005461,-0.074333,0.687356,-0.118882,0.115008,-0.269052,2249,2249,1921,2946,2234,3110
-0.009147,-0.073389,0.675978,-0.129330,0.114064,-0.263233,2217,2250,1921,2946,2207,3110
-0.011835,-0.071918,0.659697,-0.142389,0.112593,-0.253145,2183,2252,1922,2946,2179,3110
-0.013495,-0.070217,0.639615,-0.157284,0.110891,-0.239574,2149,2254,1922,2946,2148,3110
-0.016434,-0.070345,0.635595,-0.162174,0.111020,-0.238633,2115,2254,1922,2946,2118,3110
-0.017472,-0.067558,0.602544,-0.185448,0.108232,-0.215143,2082,2255,1922,2946,2087,3110
-0.018689,-0.068138,0.598134,-0.189342,0.108813,-0.212743,2030,2255,1921,2946,2038,3110
-0.019097,-0.068185,0.587934,-0.196590,0.108860,-0.205554,2011,2255,1921,2946,2024,3110
-0.018982,-0.067498,0.569877,-0.208806,0.108172,-0.192256,1981,2255,1921,2946,2000,3110
-0.018339,-0.069031,0.566776,-0.210448,0.109705,-0.189547,1948,2255,1921,2945,1972,3110
-0.016430,-0.068317,0.549752,-0.220646,0.108991,-0.175784,1916,2255,1921,2944,1945,3110
-0.013695,-0.067795,0.532885,-0.230134,0.108469,-0.161572,1882,2255,1921,2942,1919,3110
-0.011048,-0.068349,0.527899,-0.231592,0.109024,-0.156118,1849,2255,1920,2941,1893,3110
-0.007365,-0.068953,0.517139,-0.236225,0.109627,-0.145732,1817,2255,1920,2940,1869,3110
-0.002663,-0.067934,0.499205,-0.245000,0.108609,-0.129400,1786,2255,1920,2940,1846,3110
0.001594,-0.068081,0.489525,-0.248477,0.108755,-0.119413,1757,2255,1919,2940,1826,3110
0.006556,-0.067870,0.476611,-0.253641,0.108545,-0.106578,1728,2255,1919,2940,1805,3110
0.012658,-0.066989,0.459638,-0.260735,0.107663,-0.089996,1702,2255,1920,2942,1785,3110
0.018557,-0.067466,0.455610,-0.259160,0.108140,-0.083028,1678,2255,1920,2945,1768,3110
0.024570,-0.066722,0.446209,-0.261162,0.107397,-0.072051,1660,2254,1920,2946,1755,3110
0.030512,-0.066857,0.444049,-0.258283,0.107532,-0.066422,1648,2253,1921,2946,1748,3110
0.039152,-0.067314,0.430353,-0.261287,0.107989,-0.050509,1641,2250,1921,2946,1745,3110
0.041021,-0.067742,0.427622,-0.261779,0.108416,-0.047236,1647,2250,1921,2946,1749,3110
0.040492,-0.066832,0.419909,-0.267421,0.107506,-0.041950,1660,2251,1921,2946,1752,3110
0.039153,-0.067365,0.424227,-0.265460,0.108040,-0.046023,1676,2252,1921,2946,1753,3110
0.036700,-0.067640,0.435253,-0.259745,0.108314,-0.055767,1697,2254,1921,2946,1756,3110
0.028094,-0.066801,0.446447,-0.258420,0.107476,-0.069824,1748,2256,1921,2946,1796,3110
-0.016831,-0.066874,0.544029,-0.224838,0.107549,-0.171867,2082,2254,1919,2944,2063,3110
-0.018909,-0.067699,0.558479,-0.216516,0.108374,-0.183861,2103,2253,1919,2944,2080,3110
-0.020861,-0.068447,0.569953,-0.210130,0.109121,-0.193591,2138,2252,1919,2944,2111,3110
-0.021035,-0.069164,0.588012,-0.197955,0.109839,-0.206931,2174,2251,1917,2944,2142,3110
-0.020792,-0.070837,0.606365,-0.185276,0.111511,-0.220201,2209,2251,1916,2944,2169,3110
-0.019824,-0.070947,0.618300,-0.176437,0.111622,-0.228280,2244,2251,1914,2942,2197,3110
-0.018258,-0.073422,0.646590,-0.156019,0.114096,-0.247925,2278,2251,1912,2940,2221,3110
-0.016288,-0.072711,0.649995,-0.152258,0.113386,-0.249076,2311,2251,1912,2939,2247,3110
-0.013629,-0.073979,0.671026,-0.135985,0.114653,-0.262661,2341,2250,1912,2938,2277,3110
-0.010478,-0.075552,0.695649,-0.116905,0.116227,-0.278541,2371,2250,1911,2938,2307,3110
-0.006753,-0.073771,0.687295,-0.119868,0.114446,-0.269888,2400,2250,1911,2938,2334,3110
0.003162,-0.075620,0.723752,-0.087776,0.116294,-0.289824,2448,2250,1911,2937,2375,3110
0.007674,-0.074672,0.726433,-0.082647,0.115347,-0.288714,2466,2250,1911,2937,2389,3110
0.012423,-0.075398,0.742377,-0.068309,0.116073,-0.297152,2479,2250,1911,2937,2399,3110
0.015782,-0.072954,0.727365,-0.076075,0.113629,-0.283873,2487,2251,1911,2937,2404,3110
0.018722,-0.075201,0.755458,-0.054787,0.115876,-0.302437,2490,2251,1911,2937,2404,3110
0.020793,-0.073214,0.739122,-0.064398,0.113889,-0.289067,2490,2250,1911,2937,2404,3110
0.022236,-0.075290,0.756372,-0.051591,0.115965,-0.300713,2489,2250,1911,2937,2402,3110
0.021780,-0.073868,0.739007,-0.063754,0.114543,-0.288311,2479,2249,1911,2937,2397,3110
0.020817,-0.073875,0.739632,-0.064033,0.114550,-0.289424,2462,2249,1911,2937,2395,3110
0.018698,-0.075116,0.741974,-0.063989,0.115790,-0.292581,2445,2249,1911,2937,2393,3110
0.016252,-0.075100,0.741819,-0.065885,0.115775,-0.294134,2429,2248,1911,2940,2381,3110
0.013796,-0.076641,0.751845,-0.060854,0.117315,-0.303147,2408,2248,1911,2942,2362,3110
0.003691,-0.075799,0.706637,-0.099048,0.116474,-0.276934,2329,2248,1911,2945,2299,3110
-0.001130,-0.076384,0.705828,-0.103128,0.117058,-0.279625,2290,2248,1913,2945,2268,3110
-0.004271,-0.074942,0.682869,-0.121067,0.115616,-0.264957,2264,2248,1915,2945,2246,3110
-0.008278,-0.074593,0.671597,-0.131679,0.115268,-0.259434,2231,2247,1916,2945,2216,3110
-0.011396,-0.075391,0.669414,-0.135449,0.116065,-0.259960,2197,2247,1917,2945,2186,3110
-0.014154,-0.074883,0.650252,-0.150520,0.115557,-0.247810,2164,2247,1918,2945,2157,3110
-0.016260,-0.072848,0.628106,-0.167148,0.113523,-0.233031,2128,2247,1918,2945,2125,3110
-0.018442,-0.073415,0.623850,-0.171644,0.114090,-0.231402,2093,2248,1919,2945,2090,3110
-0.020074,-0.072851,0.613303,-0.180024,0.113526,-0.224792,2054,2249,1920,2945,2055,3110
-0.020075,-0.071129,0.588242,-0.197095,0.111804,-0.206445,2018,2250,1920,2945,2021,3110
-0.020156,-0.070495,0.577388,-0.204549,0.111169,-0.198554,1980,2250,1920,2945,1988,3110
-0.018903,-0.069860,0.560565,-0.215091,0.110534,-0.185384,1942,2250,1920,2945,1953,3110
-0.016370,-0.069843,0.548993,-0.221120,0.110517,-0.175187,1908,2250,1920,2945,1923,3110
-0.013491,-0.069975,0.534908,-0.228606,0.110649,-0.162914,1874,2249,1920,2945,1895,3110
-0.010241,-0.070915,0.527449,-0.231308,0.111589,-0.155240,1843,2249,1920,2945,1870,3110
-0.006162,-0.071107,0.513175,-0.238045,0.111782,-0.142011,1812,2249,1920,2945,1846,3110
-0.001284,-0.071032,0.497511,-0.245144,0.111706,-0.127221,1786,2249,1920,2945,1824,3110
0.003586,-0.070478,0.485744,-0.249594,0.111153,-0.115288,1764,2249,1920,2945,1805,3110
0.007862,-0.071047,0.479950,-0.250411,0.111721,-0.108134,1746,2249,1919,2945,1789,3110
0.012116,-0.069216,0.463014,-0.258833,0.109890,-0.092837,1734,2249,1918,2945,1778,3110
0.015396,-0.070026,0.461276,-0.257615,0.110701,-0.089330,1726,2249,1918,2945,1773,3110
0.017841,-0.069559,0.451944,-0.262182,0.110234,-0.080833,1723,2249,1918,2945,1772,3110
0.019399,-0.068347,0.444191,-0.266323,0.109021,-0.074095,1725,2252,1918,2945,1775,3110
0.020033,-0.068598,0.446877,-0.264029,0.109272,-0.075629,1735,2255,1919,2943,1779,3110
0.019080,-0.067046,0.445534,-0.265641,0.107720,-0.075296,1749,2257,1920,2942,1780,3110
-0.013752,-0.066798,0.525346,-0.235310,0.107472,-0.156091,1999,2258,1919,2938,1964,3110
-0.017542,-0.066938,0.540435,-0.227807,0.107613,-0.169720,2037,2258,1918,2938,1996,3110
-0.021847,-0.066960,0.559792,-0.217773,0.107635,-0.186824,2109,2258,1917,2938,2055,3110
-0.022631,-0.067206,0.577645,-0.206186,0.107881,-0.200428,2147,2258,1917,2937,2085,3110
-0.023208,-0.066890,0.606918,-0.186668,0.107565,-0.222252,2219,2258,1916,2937,2140,3110
-0.021844,-0.066824,0.617850,-0.178223,0.107498,-0.229327,2250,2258,1915,2937,2164,3110
-0.019991,-0.067870,0.637571,-0.163432,0.108545,-0.242503,2283,2258,1913,2937,2187,3110
-0.017957,-0.069445,0.662242,-0.145137,0.110120,-0.259178,2314,2258,1912,2937,2208,3110
-0.014747,-0.070165,0.671596,-0.136415,0.110839,-0.263840,2343,2258,1912,2937,2228,3110
-0.011675,-0.071842,0.698601,-0.115771,0.112517,-0.281518,2371,2258,1912,2937,2248,3110
-0.007755,-0.070939,0.701298,-0.111063,0.111614,-0.280822,2398,2258,1912,2937,2269,3110
-0.003746,-0.070457,0.711268,-0.101338,0.111131,-0.285390,2423,2258,1912,2937,2288,3110
0.000658,-0.071558,0.724838,-0.088870,0.112233,-0.292325,2445,2258,1912,2937,2303,3110
0.005613,-0.070654,0.728018,-0.083076,0.111329,-0.291278,2467,2258,1912,2937,2317,3110
0.009781,-0.072802,0.756439,-0.060664,0.113477,-0.309246,2484,2258,1911,2937,2332,3110
0.013483,-0.071094,0.742095,-0.067724,0.111769,-0.296222,2496,2258,1911,2936,2344,3110
0.017469,-0.071431,0.755081,-0.055960,0.112105,-0.303015,2504,2258,1911,2936,2353,3110
0.020700,-0.071434,0.755118,-0.053570,0.112109,-0.300841,2506,2258,1911,2936,2357,3110
0.021645,-0.069524,0.738746,-0.064030,0.110198,-0.288211,2505,2258,1911,2936,2355,3110
0.023486,-0.071013,0.756648,-0.050488,0.111687,-0.300063,2500,2258,1911,2936,2351,3110
0.022105,-0.069825,0.741362,-0.061911,0.110500,-0.289813,2487,2258,1911,2936,2349,3110
0.020806,-0.069758,0.738420,-0.064867,0.110433,-0.288544,2471,2258,1910,2936,2348,3110
0.018716,-0.072690,0.755240,-0.054940,0.113365,-0.302281,2455,2258,1910,2936,2347,3110
0.016227,-0.072680,0.755135,-0.056833,0.113355,-0.303900,2437,2258,1910,2936,2335,3110
0.012582,-0.072622,0.741479,-0.068804,0.113297,-0.296385,2414,2258,1910,2936,2314,3110
0.009502,-0.071941,0.729066,-0.079514,0.112616,-0.289396,2392,2258,1911,2936,2292,3110
0.005807,-0.070546,0.712134,-0.093754,0.111220,-0.279517,2368,2258,1911,2936,2271,3110
0.001486,-0.071127,0.711662,-0.097238,0.111802,-0.282115,2343,2258,1912,2936,2253,3110
-0.002575,-0.070450,0.696172,-0.110763,0.111124,-0.273541,2313,2258,1913,2936,2231,3110
-0.006463,-0.071014,0.695515,-0.114057,0.111688,-0.275708,2285,2258,1915,2936,2210,3110
-0.010415,-0.070161,0.685048,-0.124081,0.110836,-0.270738,2252,2258,1917,2936,2187,3110
-0.013694,-0.070954,0.681673,-0.128780,0.111628,-0.270500,2219,2258,1918,2936,2165,3110
-0.015911,-0.068951,0.657229,-0.147054,0.109626,-0.254115,2186,2258,1919,2936,2143,3110
-0.018800,-0.069189,0.646876,-0.156221,0.109863,-0.248504,2150,2258,1918,2936,2115,3110
-0.020380,-0.068655,0.627613,-0.170500,0.109330,-0.235477,2113,2258,1916,2936,2084,3110
-0.022707,-0.069570,0.623647,-0.174905,0.110244,-0.234159,2075,2258,1912,2936,2051,3110
-0.023612,-0.070840,0.612712,-0.183016,0.111515,-0.226769,2038,2257,1911,2936,2018,3110
-0.023585,-0.069247,0.582050,-0.203883,0.109922,-0.204303,2000,2255,1910,2936,1987,3110
-0.023915,-0.070357,0.572563,-0.210587,0.111032,-0.197583,1941,2254,1910,2936,1941,3110
-0.022463,-0.072056,0.564849,-0.214779,0.112730,-0.190946,1923,2253,1910,2936,1930,3110
-0.019636,-0.071182,0.542506,-0.227929,0.111856,-0.172663,1888,2253,1910,2936,1906,3110
-0.015405,-0.070077,0.519290,-0.240646,0.110751,-0.152784,1852,2253,1911,2939,1881,3110
-0.010811,-0.070303,0.508100,-0.244905,0.110977,-0.141463,1820,2254,1911,2941,1858,3110
-0.006332,-0.070769,0.502790,-0.245243,0.111444,-0.134524,1791,2254,1911,2942,1836,3110
-0.000522,-0.070113,0.489525,-0.250026,0.110787,-0.120855,1764,2254,1911,2943,1815,3110
0.004340,-0.069107,0.477743,-0.254492,0.109782,-0.108917,1739,2255,1911,2943,1792,3110
0.010065,-0.069278,0.468664,-0.256485,0.109953,-0.098370,1714,2256,1911,2941,1769,3110
0.015022,-0.067734,0.451752,-0.264377,0.108408,-0.082613,1693,2257,1911,2940,1750,3110
0.019465,-0.067932,0.447368,-0.264110,0.108606,-0.076376,1676,2257,1911,2940,1734,3110
0.023923,-0.067454,0.440608,-0.265451,0.108129,-0.068390,1663,2258,1911,2940,1723,3110
0.027966,-0.067342,0.436353,-0.265390,0.108016,-0.062521,1654,2258,1913,2942,1717,3110
0.030943,-0.066728,0.455976,-0.249844,0.107402,-0.074860,1726,2258,1920,2946,1756,3110
-0.016809,-0.067792,0.540907,-0.226949,0.108467,-0.169566,2058,2258,1911,2938,2031,3110
-0.020575,-0.069372,0.560573,-0.216310,0.110047,-0.186529,2099,2258,1910,2936,2068,3110
-0.023212,-0.069573,0.573915,-0.209152,0.110248,-0.198093,2138,2258,1909,2936,2105,3110
-0.025289,-0.070016,0.592900,-0.197740,0.110690,-0.213408,2175,2258,1909,2936,2139,3110
-0.025542,-0.071115,0.615621,-0.182448,0.111790,-0.230213,2212,2258,1909,2936,2173,3110
-0.023131,-0.069651,0.616039,-0.180398,0.110326,-0.228878,2248,2258,1909,2936,2202,3110
-0.021308,-0.070470,0.637180,-0.164663,0.111145,-0.243113,2284,2258,1909,2936,2230,3110
-0.018690,-0.070229,0.646639,-0.156302,0.110904,-0.248255,2314,2258,1909,2936,2256,3110
-0.015753,-0.071399,0.672951,-0.136229,0.112074,-0.265517,2343,2258,1909,2936,2282,3110
-0.011114,-0.072039,0.687092,-0.123199,0.112714,-0.272710,2373,2257,1909,2936,2308,3110
-0.007374,-0.071985,0.694360,-0.115511,0.112659,-0.275483,2400,2257,1909,2936,2330,3110
-0.002738,-0.073060,0.713613,-0.099002,0.113735,-0.286420,2425,2256,1909,2936,2351,3110
0.002291,-0.073397,0.725665,-0.087110,0.114072,-0.291818,2448,2255,1909,2936,2373,3110
0.006815,-0.074509,0.739333,-0.074487,0.115183,-0.298743,2468,2255,1909,2936,2393,3110
0.011066,-0.073233,0.739300,-0.071398,0.113907,-0.295823,2484,2254,1909,2936,2409,3110
0.015182,-0.071747,0.727269,-0.076580,0.112421,-0.284211,2497,2254,1909,2936,2419,3110
0.019746,-0.074044,0.756386,-0.053405,0.114719,-0.302420,2504,2253,1909,2936,2423,3110
0.021778,-0.072641,0.738922,-0.063814,0.113316,-0.288249,2505,2253,1909,2936,2423,3110
0.023242,-0.072208,0.738585,-0.062971,0.112883,-0.287006,2505,2252,1909,2936,2419,3110
0.024727,-0.074041,0.756351,-0.049782,0.114715,-0.299001,2502,2251,1909,2936,2414,3110
0.023479,-0.073249,0.738911,-0.062575,0.113924,-0.287082,2491,2250,1909,2936,2413,3110
0.022379,-0.073801,0.738916,-0.063377,0.114475,-0.287836,2474,2250,1909,2936,2412,3110
0.021052,-0.075857,0.756101,-0.052643,0.116532,-0.301321,2459,2250,1909,2936,2399,3110
0.017738,-0.076413,0.751660,-0.058094,0.117088,-0.300327,2443,2250,1909,2936,2374,3110
0.014395,-0.074203,0.727464,-0.077023,0.114877,-0.284890,2422,2249,1909,2936,2344,3110
0.010692,-0.074661,0.726342,-0.080498,0.115336,-0.286591,2397,2249,1909,2936,2317,3110
0.007071,-0.075817,0.725932,-0.083429,0.116492,-0.288758,2372,2249,1909,2936,2291,3110
-0.002299,-0.076287,0.710709,-0.100659,0.116962,-0.283995,2316,2249,1910,2936,2241,3110
-0.005941,-0.075044,0.690824,-0.116870,0.115719,-0.271918,2270,2249,1910,2936,2202,3110
-0.009615,-0.074322,0.682273,-0.125385,0.114997,-0.268161,2253,2249,1910,2936,2189,3110
-0.013534,-0.075170,0.679882,-0.129883,0.115845,-0.269080,2223,2249,1910,2936,2165,3110
-0.016366,-0.073453,0.658924,-0.146233,0.114128,-0.255665,2189,2250,1910,2936,2139,3110
-0.019896,-0.074828,0.656566,-0.150423,0.115503,-0.256344,2154,2251,1910,2936,2110,3110
-0.021890,-0.074697,0.643802,-0.160577,0.115371,-0.248357,2116,2251,1910,2936,2075,3110
-0.023508,-0.072024,0.614275,-0.181876,0.112698,-0.227843,2081,2251,1910,2936,2043,3110
-0.024629,-0.072170,0.605054,-0.188978,0.112845,-0.221856,2047,2251,1910,2936,2013,3110
-0.025297,-0.072946,0.598918,-0.193646,0.113621,-0.217818,2009,2251,1910,2936,1984,3110
-0.024615,-0.072900,0.582766,-0.204149,0.113575,-0.205529,1974,2251,1911,2936,1955,3110
-0.022128,-0.071437,0.558418,-0.218915,0.112112,-0.186009,1941,2252,1912,2938,1931,3110
-0.020374,-0.071598,0.551140,-0.222588,0.112272,-0.179486,1899,2253,1912,2939,1901,3110
-0.017084,-0.071038,0.533344,-0.232302,0.111713,-0.164217,1872,2253,1912,2940,1883,3110
-0.013450,-0.071373,0.527445,-0.233660,0.112048,-0.157422,1841,2255,1911,2940,1858,3110
-0.008698,-0.069644,0.509004,-0.242743,0.110318,-0.140685,1813,2256,1911,2939,1834,3110
-0.004671,-0.068999,0.493461,-0.250382,0.109674,-0.126563,1785,2256,1911,2937,1808,3110
-0.000067,-0.067177,0.474044,-0.260239,0.107852,-0.109211,1760,2257,1911,2937,1785,3110
0.004122,-0.068329,0.477402,-0.254884,0.109004,-0.108816,1734,2257,1910,2937,1766,3110
0.013226,-0.067511,0.454199,-0.264024,0.108186,-0.085628,1694,2258,1910,2937,1735,3110
0.018729,-0.067192,0.447356,-0.264657,0.107867,-0.076869,1680,2258,1911,2937,1726,3110
0.022798,-0.066744,0.439707,-0.266888,0.107419,-0.068497,1670,2258,1911,2937,1721,3110
-0.015000,-0.067873,0.523617,-0.237402,0.108547,-0.155676,1998,2258,1910,2936,1990,3110
-0.018656,-0.067737,0.531779,-0.234519,0.108411,-0.164142,2034,2258,1910,2936,2027,3110
-0.021146,-0.069384,0.547427,-0.225683,0.110059,-0.177294,2068,2258,1910,2936,2063,3110
-0.023101,-0.068475,0.556532,-0.220912,0.109150,-0.185291,2104,2258,1909,2936,2097,3110
-0.024614,-0.070017,0.582759,-0.204154,0.110692,-0.205524,2137,2258,1909,2935,2126,3110
-0.025212,-0.069315,0.595815,-0.195698,0.109989,-0.215488,2167,2258,1909,2935,2152,3110
-0.024617,-0.069143,0.604736,-0.189186,0.109817,-0.221615,2197,2258,1909,2935,2177,3110
-0.024232,-0.069629,0.622223,-0.176992,0.110304,-0.234154,2226,2258,1909,2935,2200,3110
-0.022445,-0.068653,0.627588,-0.172029,0.109327,-0.236865,2255,2258,1909,2935,2223,3110
-0.020557,-0.069458,0.649612,-0.155644,0.110132,-0.251703,2283,2258,1909,2935,2246,3110
-0.017795,-0.069987,0.662353,-0.144943,0.110661,-0.259149,2310,2258,1909,2935,2270,3110
-0.014747,-0.070165,0.671596,-0.136415,0.110839,-0.263840,2336,2258,1909,2935,2296,3110
-0.011644,-0.069611,0.681973,-0.127075,0.110286,-0.269323,2361,2258,1909,2935,2317,3110
-0.008224,-0.070691,0.698613,-0.113236,0.111366,-0.279176,2384,2258,1909,2935,2336,3110
-0.004112,-0.070029,0.698092,-0.110580,0.110704,-0.275993,2406,2258,1909,2935,2355,3110
-0.000557,-0.069601,0.699296,-0.107158,0.110276,-0.274454,2425,2258,1909,2935,2373,3110
0.003045,-0.071568,0.724936,-0.087055,0.112242,-0.290771,2443,2258,1908,2935,2389,3110
0.006443,-0.071951,0.738047,-0.075636,0.112625,-0.298055,2457,2258,1908,2935,2402,3110
0.009599,-0.070563,0.727017,-0.080839,0.111238,-0.287830,2467,2258,1908,2935,2411,3110
0.013639,-0.071693,0.742018,-0.067663,0.112368,-0.296061,2472,2258,1906,2935,2414,3110
0.015344,-0.071537,0.739486,-0.068139,0.112212,-0.293045,2472,2258,1905,2935,2413,3110
0.015914,-0.069894,0.722676,-0.079173,0.110569,-0.280351,2469,2258,1905,2935,2409,3110
0.016559,-0.070866,0.739487,-0.067249,0.111540,-0.292219,2462,2258,1905,2935,2404,3110
0.016082,-0.071694,0.742019,-0.065874,0.112368,-0.294397,2442,2258,1905,2935,2396,3110
0.014080,-0.073109,0.753180,-0.059737,0.113784,-0.303931,2424,2258,1905,2935,2383,3110
0.011024,-0.071258,0.721699,-0.083418,0.111933,-0.282966,2406,2258,1904,2935,2366,3110
0.008043,-0.073892,0.739272,-0.073631,0.114567,-0.297862,2385,2258,1904,2935,2344,3110
0.004310,-0.071875,0.713514,-0.093909,0.112550,-0.281547,2360,2258,1904,2935,2323,3110
0.000179,-0.073587,0.721922,-0.091207,0.114261,-0.290517,2336,2258,1904,2935,2303,3110
-0.003971,-0.072641,0.705926,-0.105141,0.113316,-0.281633,2312,2258,1904,2935,2280,3110
-0.007289,-0.072453,0.697085,-0.113593,0.113128,-0.277421,2284,2258,1904,2935,2256,3110
-0.011275,-0.072622,0.687133,-0.123290,0.113297,-0.272850,2256,2258,1906,2935,2229,3110
-0.014101,-0.071446,0.673394,-0.134717,0.112121,-0.264716,2226,2258,1908,2935,2203,3110
-0.016351,-0.070612,0.658311,-0.146639,0.111287,-0.255206,2195,2258,1910,2936,2178,3110
-0.018778,-0.070477,0.649314,-0.154545,0.111152,-0.250273,2165,2258,1913,2936,2152,3110
-0.019817,-0.067647,0.616106,-0.177926,0.108321,-0.226669,2133,2258,1913,2937,2128,3110
-0.021510,-0.069259,0.623449,-0.174163,0.109933,-0.233198,2102,2258,1913,2938,2101,3110
-0.022295,-0.066895,0.584865,-0.201022,0.107570,-0.205485,2033,2258,1913,2938,2039,3110
-0.022048,-0.067612,0.577134,-0.206107,0.108287,-0.199657,1998,2258,1913,2937,2009,3110
-0.021804,-0.068652,0.574085,-0.208005,0.109327,-0.197258,1964,2258,1913,2937,1982,3110
-0.020222,-0.067938,0.556681,-0.218702,0.108612,-0.183439,1931,2258,1912,2937,1955,3110
-0.018634,-0.068550,0.547998,-0.223455,0.109225,-0.176001,1902,2258,1910,2937,1931,3110
-0.015813,-0.068152,0.534840,-0.230353,0.108827,-0.164446,1871,2258,1907,2937,1908,3110
-0.012417,-0.068238,0.516300,-0.240496,0.108913,-0.148560,1845,2258,1905,2937,1887,3110
-0.009460,-0.069978,0.515270,-0.239032,0.110652,-0.145791,1819,2258,1905,2937,1867,3110
-0.006313,-0.070138,0.501238,-0.246287,0.110812,-0.133374,1797,2258,1905,2937,1850,3110
-0.002207,-0.069523,0.484124,-0.254939,0.110197,-0.118048,1780,2258,1905,2937,1836,3110
0.001378,-0.070241,0.479779,-0.255274,0.110916,-0.112425,1762,2258,1905,2938,1821,3110
0.005810,-0.069528,0.470900,-0.258077,0.110203,-0.102906,1749,2258,1905,2940,1809,3110
0.008569,-0.068804,0.464050,-0.260723,0.109478,-0.096012,1740,2258,1905,2942,1800,3110
0.012034,-0.068542,0.458880,-0.261709,0.109216,-0.089866,1736,2258,1905,2943,1795,3110
0.014063,-0.067513,0.449709,-0.266470,0.108188,-0.081769,1736,2258,1905,2944,1796,3110
0.015542,-0.067508,0.449667,-0.265417,0.108183,-0.080732,1741,2258,1908,2945,1799,3110
0.015542,-0.067508,0.449667,-0.265417,0.108183,-0.080732,1754,2258,1910,2945,1802,3110
0.012715,-0.067124,0.462441,-0.258784,0.107799,-0.092009,1794,2258,1913,2945,1810,3110
-0.005521,-0.067241,0.504302,-0.243620,0.107915,-0.135078,1932,2258,1913,2946,1918,3110
-0.009442,-0.067100,0.511204,-0.241789,0.107775,-0.142802,1965,2256,1913,2946,1943,3110
-0.013163,-0.068105,0.525406,-0.234839,0.108780,-0.155734,2000,2253,1911,2946,1971,3110
-0.016131,-0.068942,0.537269,-0.228931,0.109616,-0.166441,2036,2252,1907,2946,2002,3110
-0.018804,-0.070070,0.544275,-0.226115,0.110744,-0.173391,2069,2250,1905,2946,2031,3110
-0.021139,-0.072767,0.566768,-0.212503,0.113442,-0.191449,2105,2248,1904,2946,2062,3110
-0.022208,-0.072624,0.566382,-0.213548,0.113298,-0.191894,2140,2248,1903,2945,2092,3110
-0.023617,-0.075843,0.592595,-0.196724,0.116517,-0.212045,2174,2247,1903,2945,2122,3110
-0.023154,-0.075826,0.596515,-0.193715,0.116501,-0.214600,2208,2247,1903,2944,2150,3110
-0.014724,-0.075963,0.650322,-0.150890,0.116637,-0.248250,2335,2247,1903,2939,2257,3110
-0.018345,-0.076338,0.637774,-0.162089,0.117013,-0.241529,2153,2242,1913,2945,2107,3110
-0.019742,-0.076490,0.634472,-0.165361,0.117165,-0.240064,2123,2244,1913,2945,2077,3110
-0.020111,-0.074799,0.616634,-0.177782,0.115473,-0.227256,2072,2247,1913,2945,2029,3110
-0.021230,-0.074117,0.604613,-0.186790,0.114792,-0.219217,2056,2247,1913,2945,2014,3110
-0.022161,-0.073826,0.596234,-0.193179,0.114501,-0.213718,2031,2248,1913,2945,1994,3110
-0.021317,-0.071553,0.568568,-0.211407,0.112227,-0.192888,1984,2249,1913,2945,1957,3110
-0.021139,-0.071833,0.566766,-0.212504,0.112507,-0.191447,1969,2249,1913,2944,1946,3110
-0.019193,-0.068251,0.535663,-0.232266,0.108926,-0.167350,1944,2250,1913,2942,1929,3110
-0.017968,-0.070466,0.543806,-0.225822,0.111140,-0.172478,1916,2250,1913,2939,1911,3110
-0.015737,-0.070504,0.532068,-0.232185,0.111179,-0.162365,1890,2250,1913,2937,1893,3110
-0.013698,-0.070416,0.524605,-0.235776,0.111091,-0.155512,1866,2250,1911,2937,1877,3110
-0.011441,-0.070165,0.512194,-0.242578,0.110840,-0.144889,1846,2250,1911,2937,1863,3110
-0.008405,-0.069963,0.502950,-0.246652,0.110637,-0.136053,1826,2250,1911,2937,1849,3110
-0.005488,-0.070964,0.501239,-0.245682,0.111639,-0.132813,1806,2250,1911,2937,1834,3110
-0.002400,-0.070604,0.490817,-0.250521,0.111279,-0.123080,1790,2250,1911,2940,1818,3110
0.001377,-0.070214,0.479540,-0.255437,0.110889,-0.112251,1776,2250,1910,2943,1805,3110
0.004191,-0.069512,0.466781,-0.262069,0.110187,-0.100993,1763,2250,1909,2945,1795,3110
0.007501,-0.070420,0.467898,-0.258885,0.111094,-0.099556,1753,2249,1909,2945,1787,3110
0.010704,-0.071589,0.465143,-0.258416,0.112264,-0.095358,1749,2246,1908,2945,1783,3110
0.012940,-0.071249,0.456149,-0.262905,0.111923,-0.087250,1748,2245,1908,2945,1782,3110
0.014079,-0.072084,0.456356,-0.261930,0.112759,-0.086625,1752,2243,1908,2946,1785,3110
0.014080,-0.072057,0.450327,-0.266037,0.112732,-0.082211,1761,2243,1909,2946,1788,3110
0.013240,-0.073505,0.456697,-0.262312,0.114179,-0.087447,1780,2243,1912,2946,1791,3110
0.011556,-0.073518,0.461951,-0.259967,0.114193,-0.092440,1801,2243,1913,2946,1797,3110
0.008936,-0.072469,0.465580,-0.259412,0.113144,-0.096881,1823,2244,1913,2946,1817,3110
0.005403,-0.071512,0.469197,-0.259535,0.112186,-0.101936,1853,2244,1913,2946,1842,3110
0.001505,-0.072653,0.487364,-0.250014,0.113328,-0.117891,1883,2244,1913,2946,1872,3110
-0.003176,-0.072668,0.495392,-0.247972,0.113343,-0.126958,1917,2243,1913,2946,1903,3110
-0.007243,-0.072340,0.502168,-0.246334,0.113014,-0.134689,1953,2243,1911,2946,1931,3110
-0.011365,-0.073781,0.521445,-0.236221,0.114456,-0.151610,1988,2243,1907,2946,1959,3110
-0.014428,-0.072981,0.524390,-0.236456,0.113655,-0.155852,2026,2243,1905,2945,1992,3110
-0.018634,-0.074876,0.548006,-0.223449,0.115551,-0.176007,2062,2243,1905,2941,2029,3110
-0.023433,-0.076201,0.571177,-0.211179,0.116876,-0.196240,2139,2242,1904,2937,2108,3110
-0.024727,-0.076371,0.583818,-0.203516,0.117046,-0.206376,2176,2242,1904,2937,2144,3110
-0.015541,-0.075127,0.668544,-0.139076,0.115802,-0.262147,2351,2250,1904,2936,2305,3110
-0.011054,-0.073922,0.679928,-0.128036,0.114597,-0.267424,2382,2251,1904,2936,2334,3110
-0.006647,-0.075481,0.708349,-0.105449,0.116155,-0.285230,2411,2251,1904,2936,2358,3110
-0.001563,-0.074249,0.713736,-0.098058,0.114924,-0.285711,2436,2251,1903,2935,2379,3110
0.002438,-0.074248,0.721948,-0.089535,0.114923,-0.288996,2460,2251,1903,2935,2399,3110
0.008000,-0.074152,0.727358,-0.081778,0.114826,-0.289169,2482,2251,1902,2935,2419,3110
0.017480,-0.076452,0.755513,-0.055658,0.117127,-0.303324,2518,2250,1902,2935,2453,3110
0.022297,-0.075858,0.756104,-0.051729,0.116532,-0.300475,2532,2250,1902,2935,2466,3110
0.030125,-0.076640,0.773380,-0.034230,0.117314,-0.307790,2545,2250,1902,2935,2480,3110
0.032059,-0.075611,0.769700,-0.035321,0.116286,-0.303779,2546,2250,1902,2935,2482,3110
0.033985,-0.075712,0.770159,-0.033598,0.116386,-0.302803,2543,2250,1902,2935,2481,3110
0.033985,-0.075712,0.770159,-0.033598,0.116386,-0.302803,2539,2250,1903,2935,2477,3110
0.031548,-0.073074,0.739895,-0.055998,0.113749,-0.282306,2524,2250,1903,2935,2474,3110
0.031560,-0.076286,0.770099,-0.035414,0.116960,-0.304411,2499,2250,1903,2935,2473,3110
0.026282,-0.075620,0.753920,-0.050299,0.116295,-0.296162,2476,2249,1906,2935,2462,3110
0.022370,-0.075140,0.742215,-0.061137,0.115814,-0.290257,2454,2248,1909,2935,2441,3110
0.019420,-0.076259,0.747393,-0.059769,0.116933,-0.296057,2430,2247,1911,2936,2416,3110
0.015785,-0.074165,0.727485,-0.075991,0.114840,-0.283959,2403,2247,1912,2936,2389,3110
0.011696,-0.075808,0.734892,-0.073939,0.116483,-0.292167,2373,2247,1913,2936,2361,3110
0.006773,-0.075620,0.724229,-0.084808,0.116295,-0.287714,2344,2247,1913,2936,2332,3110
0.002265,-0.075200,0.711758,-0.096603,0.115874,-0.281654,2310,2248,1913,2936,2297,3110
-0.003738,-0.075615,0.709640,-0.102440,0.116290,-0.284193,2276,2249,1913,2936,2262,3110
-0.008620,-0.075934,0.707194,-0.107680,0.116609,-0.285728,2239,2249,1913,2936,2227,3110
-0.012271,-0.073625,0.673162,-0.133536,0.114300,-0.263300,2202,2249,1913,2936,2192,3110
-0.015986,-0.071410,0.647739,-0.153574,0.112084,-0.247218,2164,2249,1913,2936,2158,3110
-0.019381,-0.072081,0.637303,-0.163168,0.112756,-0.241891,2125,2250,1913,2936,2123,3110
-0.021415,-0.071925,0.624486,-0.173388,0.112600,-0.233893,2085,2250,1913,2936,2085,3110
-0.022635,-0.071164,0.604980,-0.187568,0.111838,-0.220444,2045,2250,1913,2936,2047,3110
-0.023282,-0.071724,0.592610,-0.196469,0.112399,-0.211828,2004,2250,1913,2936,2010,3110
-0.022695,-0.071940,0.582774,-0.202739,0.112615,-0.204228,1961,2250,1913,2936,1973,3110
-0.020869,-0.072415,0.567868,-0.211555,0.113090,-0.192070,1917,2250,1913,2936,1934,3110
-0.018123,-0.070704,0.542495,-0.226829,0.111379,-0.171624,1876,2250,1913,2936,1901,3110
-0.013929,-0.070659,0.526543,-0.234625,0.111333,-0.157089,1837,2250,1913,2938,1868,3110
-0.009042,-0.069798,0.505860,-0.245136,0.110472,-0.138618,1800,2250,1913,2941,1836,3110
-0.003780,-0.071881,0.505224,-0.241717,0.112556,-0.134567,1766,2249,1913,2944,1805,3110
0.002417,-0.068372,0.469419,-0.261570,0.109047,-0.104133,1735,2249,1914,2946,1777,3110
0.009345,-0.070472,0.469970,-0.256123,0.111146,-0.099817,1710,2248,1914,2946,1754,3110
0.016458,-0.069865,0.454932,-0.261159,0.110540,-0.083962,1693,2246,1915,2947,1741,3110
0.022072,-0.070785,0.451713,-0.259242,0.111460,-0.077781,1684,2245,1915,2947,1736,3110
0.026272,-0.070045,0.440164,-0.264034,0.110720,-0.066465,1684,2245,1915,2947,1737,3110
0.028895,-0.071733,0.442359,-0.260618,0.112408,-0.066286,1687,2244,1915,2947,1738,3110
0.029062,-0.070973,0.435826,-0.264946,0.111647,-0.061389,1698,2244,1916,2947,1739,3110
0.027900,-0.070391,0.434474,-0.266718,0.111066,-0.061191,1717,2244,1917,2947,1745,3110
0.025736,-0.071328,0.444810,-0.261261,0.112002,-0.070232,1737,2244,1917,2947,1763,3110
0.022897,-0.070682,0.445446,-0.262907,0.111356,-0.072631,1760,2244,1917,2947,1789,3110
0.018961,-0.072849,0.463298,-0.253628,0.113524,-0.088382,1788,2244,1918,2947,1818,3110
0.013444,-0.069157,0.449095,-0.267342,0.109831,-0.081742,1818,2242,1920,2947,1848,3110
0.009380,-0.070772,0.465825,-0.258921,0.111447,-0.096758,1853,2241,1923,2947,1875,3110
0.005334,-0.072424,0.482885,-0.250262,0.113099,-0.112005,1889,2240,1927,2947,1899,3110
0.000308,-0.071630,0.486967,-0.251161,0.112305,-0.118416,1952,2240,1931,2947,1943,3110
-0.004124,-0.072442,0.504111,-0.242727,0.113117,-0.133986,1975,2240,1933,2947,1963,3110
-0.008777,-0.070745,0.517830,-0.236789,0.111420,-0.147200,2016,2240,1936,2947,2000,3110
-0.011935,-0.069141,0.527412,-0.232574,0.109815,-0.156366,2064,2240,1941,2946,2048,3110
-0.014334,-0.069631,0.553288,-0.216703,0.110306,-0.176944,2112,2240,1946,2942,2099,3110
-0.015797,-0.069224,0.574170,-0.203550,0.109899,-0.193229,2159,2241,1951,2937,2146,3110
-0.015970,-0.067180,0.587796,-0.194394,0.107854,-0.203323,2233,2245,1952,2936,2213,3110
-0.014803,-0.067222,0.616709,-0.173845,0.107897,-0.223695,2255,2246,1951,2936,2235,3110
-0.013475,-0.067058,0.646902,-0.152305,0.107733,-0.244895,2294,2247,1950,2936,2269,3110
0.004828,-0.067372,0.700160,-0.102627,0.108047,-0.271418,2451,2245,1946,2936,2417,3110
0.011400,-0.069191,0.725090,-0.080833,0.109866,-0.285192,2485,2245,1946,2936,2449,3110
0.018479,-0.068249,0.728115,-0.073590,0.108924,-0.282584,2519,2245,1945,2936,2477,3110
0.026101,-0.070442,0.758134,-0.047561,0.111116,-0.299369,2550,2244,1945,2936,2507,3110
0.032991,-0.069247,0.758727,-0.042113,0.109921,-0.295110,2579,2244,1945,2936,2537,3110
0.041110,-0.070259,0.773038,-0.026421,0.110934,-0.300057,2604,2244,1944,2936,2566,3110
0.048717,-0.069819,0.775446,-0.019212,0.110494,-0.296639,2626,2244,1944,2935,2592,3110
0.053916,-0.069145,0.774963,-0.015735,0.109820,-0.292743,2640,2244,1944,2935,2607,3110
0.059841,-0.068452,0.774656,-0.011605,0.109127,-0.288482,2648,2244,1944,2935,2613,3110
0.065145,-0.069260,0.786934,0.000641,0.109935,-0.293859,2650,2241,1944,2935,2613,3110
0.067817,-0.069641,0.791407,0.005644,0.110316,-0.295312,2647,2240,1944,2936,2611,3110
0.066632,-0.069056,0.773883,-0.007160,0.109731,-0.283291,2634,2240,1944,2936,2608,3110
0.067627,-0.071577,0.791344,0.005463,0.112252,-0.295396,2618,2240,1944,2936,2592,3110
0.064208,-0.070934,0.773939,-0.008897,0.111609,-0.284983,2602,2239,1944,2936,2564,3110
0.059741,-0.071425,0.771846,-0.013593,0.112100,-0.286493,2581,2239,1944,2936,2535,3110
0.056939,-0.073151,0.787635,-0.004889,0.113825,-0.299962,2556,2239,1945,2936,2507,3110
0.050901,-0.073505,0.784524,-0.011428,0.114180,-0.301797,2528,2239,1945,2937,2480,3110
0.044515,-0.072996,0.768972,-0.026698,0.113670,-0.294761,2499,2239,1946,2938,2455,3110
0.037561,-0.072729,0.756108,-0.040551,0.113403,-0.290081,2469,2239,1951,2940,2432,3110
0.030396,-0.071314,0.737677,-0.058352,0.111989,-0.281468,2438,2239,1953,2944,2409,3110
0.026191,-0.073976,0.755672,-0.049173,0.114650,-0.297506,2404,2239,1954,2945,2384,3110
0.021082,-0.072770,0.740201,-0.063452,0.113444,-0.289660,2369,2239,1955,2945,2350,3110
0.015503,-0.071944,0.729079,-0.075112,0.112618,-0.285318,2332,2239,1955,2945,2310,3110
0.009981,-0.072248,0.725823,-0.081372,0.112923,-0.286696,2292,2239,1955,2945,2273,3110
0.003500,-0.070587,0.697547,-0.105379,0.111262,-0.270409,2251,2239,1955,2940,2236,3110
-0.002108,-0.070354,0.683714,-0.118908,0.111028,-0.264102,2200,2239,1954,2937,2189,3110
-0.006516,-0.067353,0.646757,-0.147309,0.108027,-0.240049,2165,2239,1953,2936,2158,3110
-0.011322,-0.068546,0.646469,-0.151024,0.109221,-0.243111,2119,2239,1948,2936,2115,3110
-0.014388,-0.068471,0.626250,-0.167041,0.109146,-0.230398,2076,2239,1945,2936,2075,3110
-0.016551,-0.069838,0.612784,-0.177798,0.110512,-0.222012,2031,2239,1944,2936,2032,3110
-0.017327,-0.069460,0.581588,-0.199617,0.110134,-0.199702,1988,2239,1944,2936,1992,3110
-0.017118,-0.070498,0.567480,-0.209074,0.111172,-0.189231,1946,2239,1944,2936,1955,3110
-0.014992,-0.071059,0.555255,-0.215845,0.111733,-0.178832,1906,2239,1944,2936,1923,3110
-0.011728,-0.069964,0.534817,-0.227377,0.110638,-0.161647,1867,2239,1945,2936,1892,3110
-0.007692,-0.068610,0.514103,-0.238533,0.109285,-0.143732,1835,2239,1945,2938,1864,3110
-0.002589,-0.069674,0.511660,-0.236461,0.110348,-0.138468,1806,2239,1945,2941,1838,3110
0.002538,-0.068230,0.494902,-0.244123,0.108905,-0.122707,1783,2239,1946,2944,1814,3110
0.007275,-0.069023,0.493718,-0.241461,0.109698,-0.118613,1763,2239,1946,2944,1797,3110
0.011651,-0.067525,0.475291,-0.250810,0.108199,-0.102141,1752,2239,1948,2945,1791,3110
0.015505,-0.066823,0.467283,-0.253443,0.107498,-0.093654,1747,2239,1948,2945,1790,3110
0.018703,-0.067614,0.464130,-0.253251,0.108289,-0.089167,1749,2239,1949,2945,1792,3110
0.019997,-0.066761,0.459598,-0.255389,0.107436,-0.084968,1759,2239,1949,2945,1797,3110
0.017817,-0.066851,0.467464,-0.251628,0.107526,-0.092211,1796,2239,1948,2945,1820,3110
0.014423,-0.067250,0.474108,-0.249587,0.107925,-0.099387,1820,2239,1947,2944,1842,3110
0.007105,-0.067020,0.483994,-0.248210,0.107695,-0.111609,1882,2239,1946,2940,1892,3110
0.002095,-0.068045,0.494730,-0.244564,0.108720,-0.122883,1919,2239,1946,2939,1921,3110
-0.002163,-0.068959,0.510056,-0.237242,0.109634,-0.137004,1959,2239,1946,2939,1952,3110
-0.006830,-0.069393,0.525321,-0.230260,0.110068,-0.151358,2003,2239,1946,2938,1990,3110
-0.010434,-0.067851,0.527411,-0.231475,0.108526,-0.155343,2048,2239,1945,2937,2035,3110
-0.014588,-0.069945,0.557319,-0.214144,0.110619,-0.180069,2095,2239,1945,2936,2081,3110
-0.016408,-0.068721,0.565844,-0.209668,0.109396,-0.187549,2142,2239,1944,2936,2124,3110
-0.018133,-0.069168,0.588054,-0.195802,0.109843,-0.204985,2188,2241,1944,2935,2170,3110
-0.018221,-0.068920,0.607193,-0.182829,0.109595,-0.219056,2233,2242,1944,2935,2214,3110
-0.016249,-0.068659,0.627662,-0.167443,0.109334,-0.232699,2278,2242,1944,2935,2259,3110
-0.013825,-0.068763,0.648387,-0.151550,0.109437,-0.246221,2321,2242,1944,2935,2306,3110
-0.009357,-0.068070,0.661621,-0.139264,0.108744,-0.252865,2364,2242,1944,2935,2349,3111
-0.003911,-0.071872,0.713491,-0.099944,0.112546,-0.287131,2404,2242,1944,2935,2392,3111
0.002216,-0.069715,0.700683,-0.104183,0.110389,-0.273579,2443,2242,1944,2935,2430,3111
0.009013,-0.070387,0.725089,-0.082582,0.111061,-0.286817,2480,2242,1943,2935,2464,3111
0.015775,-0.069325,0.727017,-0.076318,0.110000,-0.283622,2514,2241,1943,2935,2494,3111
0.023754,-0.071273,0.753397,-0.052507,0.111947,-0.297500,2548,2241,1942,2935,2526,3111
0.032310,-0.072102,0.772841,-0.032997,0.112776,-0.305907,2579,2241,1942,2935,2560,3111
0.039242,-0.070508,0.758834,-0.037464,0.111182,-0.290931,2609,2241,1942,2935,2596,3111
0.047696,-0.070963,0.774173,-0.020826,0.111638,-0.296402,2634,2241,1942,2934,2626,3111
0.055904,-0.071579,0.791383,-0.003093,0.112254,-0.303410,2654,2242,1942,2934,2652,3111
0.065905,-0.074121,0.826997,0.028488,0.114796,-0.322671,2670,2242,1942,2934,2672,3111
0.071733,-0.072530,0.824181,0.030836,0.113205,-0.316639,2681,2242,1942,2934,2685,3111
0.076804,-0.071888,0.820259,0.031877,0.112563,-0.310314,2686,2242,1942,2934,2689,3111
0.077741,-0.069634,0.791738,0.013136,0.110309,-0.288795,2686,2241,1942,2934,2689,3111
0.079049,-0.069638,0.791777,0.014119,0.110312,-0.287933,2682,2241,1942,2934,2687,3111
0.077537,-0.068564,0.779968,0.004968,0.109239,-0.280317,2668,2240,1942,2934,2682,3111
0.077151,-0.070186,0.790457,0.011831,0.110860,-0.288260,2652,2240,1942,2934,2680,3111
0.076258,-0.071633,0.803351,0.019960,0.112307,-0.298307,2634,2240,1942,2934,2679,3111
0.072275,-0.071617,0.803176,0.016925,0.112291,-0.300893,2617,2240,1943,2935,2677,3111
0.067475,-0.072337,0.803062,0.013333,0.113012,-0.304079,2596,2240,1944,2935,2663,3111
0.063263,-0.072260,0.802259,0.009702,0.112935,-0.306360,2571,2240,1944,2935,2637,3111
0.056906,-0.071137,0.786841,-0.005454,0.111812,-0.299402,2540,2241,1946,2935,2599,3111
0.050731,-0.070562,0.779680,-0.014853,0.111236,-0.298366,2516,2241,1947,2935,2572,3111
0.043637,-0.069244,0.758721,-0.034323,0.109919,-0.287854,2484,2242,1949,2935,2538,3111
0.036546,-0.068800,0.754167,-0.042616,0.109474,-0.289351,2453,2242,1951,2935,2503,3111
0.030092,-0.068457,0.740373,-0.056738,0.109131,-0.283649,2418,2243,1953,2935,2469,3111
0.023970,-0.069486,0.751899,-0.053369,0.110160,-0.296257,2382,2246,1954,2935,2439,3111
0.017272,-0.067469,0.726481,-0.075586,0.108143,-0.282211,2345,2247,1954,2935,2410,3111
-0.016551,-0.066806,0.612772,-0.177806,0.107480,-0.222003,2021,2248,1944,2935,2097,3111
-0.013689,-0.067151,0.647872,-0.151801,0.107826,-0.245751,2311,2248,1944,2936,2277,3111
-0.010550,-0.067042,0.660413,-0.140960,0.107717,-0.252794,2354,2248,1944,2936,2312,3111
-0.005739,-0.068441,0.684771,-0.120846,0.109116,-0.267349,2392,2248,1944,2936,2348,3111
-0.000557,-0.068438,0.699189,-0.107231,0.109113,-0.274375,2430,2248,1944,2935,2382,3111
0.006495,-0.069456,0.728208,-0.082301,0.110131,-0.290816,2468,2249,1944,2935,2418,3111
0.012857,-0.068636,0.737966,-0.070995,0.109311,-0.293626,2504,2249,1944,2935,2452,3111
0.020716,-0.067542,0.743241,-0.061649,0.108216,-0.292135,2536,2249,1944,2935,2478,3111
0.029995,-0.069918,0.787073,-0.024997,0.110593,-0.317904,2561,2249,1944,2935,2500,3111
0.037057,-0.068144,0.771316,-0.030561,0.108819,-0.301558,2582,2249,1943,2935,2516,3111
0.043226,-0.068378,0.776630,-0.022424,0.109052,-0.301246,2597,2249,1943,2935,2526,3111
0.047916,-0.067888,0.775380,-0.019843,0.108563,-0.297136,2608,2248,1943,2935,2529,3111
0.053455,-0.069600,0.790917,-0.005204,0.110275,-0.304738,2608,2245,1943,2935,2526,3111
0.055565,-0.069712,0.788005,-0.005643,0.110387,-0.301168,2607,2242,1943,2935,2524,3111
0.055248,-0.068330,0.773357,-0.015853,0.109005,-0.290660,2599,2240,1943,2935,2524,3111
0.055009,-0.071360,0.788728,-0.005557,0.112035,-0.302076,2580,2239,1943,2935,2518,3111
0.053712,-0.072662,0.788746,-0.006495,0.113337,-0.302973,2562,2239,1943,2935,2499,3111
0.048789,-0.072449,0.769103,-0.023479,0.113123,-0.291945,2520,2239,1943,2935,2440,3111
0.044021,-0.071328,0.754616,-0.036839,0.112003,-0.284587,2508,2239,1943,2935,2422,3111
0.039142,-0.073974,0.771885,-0.028647,0.114649,-0.300554,2486,2239,1943,2935,2391,3111
0.032417,-0.072744,0.755823,-0.044512,0.113418,-0.293376,2456,2239,1943,2935,2354,3111
0.025100,-0.070988,0.734220,-0.064584,0.111662,-0.282544,2422,2239,1943,2935,2320,3111
0.019642,-0.071871,0.737954,-0.066037,0.112546,-0.288996,2386,2240,1943,2935,2290,3111
0.012858,-0.072289,0.738010,-0.070964,0.112964,-0.293658,2352,2240,1943,2935,2262,3111
0.006921,-0.071157,0.712450,-0.092723,0.111831,-0.278990,2315,2241,1943,2935,2232,3111
0.001295,-0.071624,0.710726,-0.098016,0.112298,-0.281560,2279,2242,1943,2935,2204,3111
-0.004144,-0.068432,0.670777,-0.129210,0.109107,-0.256018,2238,2244,1943,2935,2171,3111
-0.009346,-0.069623,0.671594,-0.132463,0.110298,-0.260160,2198,2246,1943,2935,2140,3111
-0.013364,-0.067888,0.649811,-0.150242,0.108563,-0.246949,2160,2247,1943,2935,2112,3111
-0.016670,-0.068123,0.646887,-0.154655,0.108798,-0.247060,2118,2247,1943,2935,2082,3111
-0.018361,-0.066832,0.625531,-0.170440,0.107507,-0.232578,2079,2246,1943,2935,2054,3111
-0.019467,-0.067236,0.594965,-0.192071,0.107910,-0.210953,2002,2245,1943,2935,2007,3111
-0.015950,-0.067079,0.557993,-0.214681,0.107754,-0.181489,1938,2245,1943,2935,1970,3111
-0.007430,-0.066737,0.684693,-0.122137,0.107412,-0.268444,2375,2251,1942,2934,2403,3111
0.036199,-0.067785,0.774381,-0.029101,0.108460,-0.304386,2581,2251,1944,2934,2602,3111
0.072348,-0.067163,0.793104,0.010117,0.107838,-0.293469,2609,2243,1956,2946,2649,3111
0.069112,-0.068329,0.791315,0.006530,0.109003,-0.294363,2585,2242,1957,2946,2607,3111
0.065004,-0.068950,0.791133,0.003399,0.109624,-0.297028,2558,2243,1957,2946,2564,3111
0.058198,-0.067733,0.773830,-0.013371,0.108407,-0.288997,2526,2246,1957,2946,2520,3111
0.052263,-0.068902,0.790823,-0.006140,0.109576,-0.305480,2493,2248,1957,2945,2480,3111
0.065431,-0.066994,0.692676,-0.063357,0.107669,-0.224656,2457,1974,2300,2817,2492,3111
0.072457,-0.068399,0.723060,-0.037516,0.109074,-0.242115,2525,2015,2252,2817,2557,3111
0.073221,-0.068165,0.727398,-0.034001,0.108840,-0.244770,2545,2032,2232,2817,2574,3111
0.073374,-0.067432,0.725713,-0.035037,0.108106,-0.243432,2560,2050,2211,2817,2588,3111
0.074838,-0.067862,0.740436,-0.023937,0.108536,-0.253214,2575,2069,2190,2817,2598,3111
0.074299,-0.067473,0.753274,-0.015586,0.108147,-0.262980,2595,2108,2151,2818,2607,3111
0.020334,-0.067526,0.672816,-0.109901,0.108201,-0.240836,2209,2114,2135,2868,2176,3110
0.017486,-0.068612,0.659257,-0.121222,0.109286,-0.232850,2170,2114,2135,2871,2144,3110
0.015289,-0.069191,0.646896,-0.131251,0.109865,-0.225296,2129,2114,2135,2873,2108,3110
0.014061,-0.068401,0.625085,-0.147007,0.109076,-0.210166,2091,2114,2135,2873,2074,3110
0.012930,-0.067922,0.607316,-0.159940,0.108596,-0.197927,2054,2114,2135,2873,2037,3110
0.012052,-0.067907,0.595908,-0.168354,0.108582,-0.190173,2014,2114,2134,2873,2003,3110
0.012380,-0.067865,0.584917,-0.175600,0.108540,-0.181904,1977,2114,2133,2873,1971,3110
0.012647,-0.067268,0.567740,-0.187106,0.107943,-0.169146,1939,2114,2133,2873,1939,3110
0.014507,-0.067780,0.558472,-0.192057,0.108454,-0.161093,1899,2114,2133,2873,1910,3110
0.020698,-0.066811,0.525470,-0.210006,0.107486,-0.132715,1830,2114,2133,2873,1861,3110
0.024591,-0.067597,0.520050,-0.210847,0.108272,-0.126096,1804,2114,2133,2873,1844,3110
0.029699,-0.067253,0.512703,-0.212112,0.107928,-0.117237,1782,2114,2133,2873,1829,3110
0.095234,-0.067071,0.791916,0.026063,0.107746,-0.277009,2632,2123,2132,2869,2694,3111
0.088141,-0.068024,0.788362,0.018449,0.108699,-0.279239,2589,2122,2133,2872,2680,3111
0.048234,-0.067223,0.739662,-0.043941,0.107898,-0.270770,2391,2124,2133,2871,2434,3111
0.007986,-0.068882,0.501248,-0.235811,0.109556,-0.123642,1835,2189,2004,2865,1895,3111
0.005795,-0.069664,0.501495,-0.237247,0.110339,-0.125314,1836,2196,1999,2867,1895,3111
0.003880,-0.069223,0.493939,-0.243797,0.109898,-0.121088,1836,2205,1995,2870,1892,3111
0.003021,-0.068529,0.490117,-0.247029,0.109204,-0.118874,1840,2214,1993,2872,1890,3111
0.002800,-0.067108,0.495794,-0.243323,0.107782,-0.123182,1844,2222,1991,2872,1889,3111
0.010444,-0.068859,0.712398,-0.090179,0.109534,-0.276552,2420,2257,1930,2967,2473,3110
0.013763,-0.068639,0.716497,-0.084956,0.109314,-0.277292,2447,2258,1920,2967,2500,3110
0.017583,-0.068504,0.715266,-0.082998,0.109179,-0.273788,2474,2258,1911,2967,2530,3110
0.021580,-0.070294,0.730655,-0.069589,0.110969,-0.282332,2498,2258,1905,2967,2558,3110
0.027491,-0.074684,0.772657,-0.036651,0.115358,-0.309055,2521,2259,1903,2967,2583,3110
0.031214,-0.073854,0.761084,-0.041809,0.114528,-0.298046,2539,2259,1904,2967,2599,3110
0.036093,-0.075260,0.772029,-0.030780,0.115935,-0.302736,2551,2259,1909,2971,2605,3110
0.041749,-0.076139,0.791120,-0.013636,0.116814,-0.312860,2559,2257,1913,2978,2607,3110
0.045561,-0.073709,0.776072,-0.021096,0.114384,-0.299246,2559,2256,1916,2981,2606,3110
0.048011,-0.072977,0.758763,-0.031093,0.113651,-0.284905,2557,2253,1921,2986,2604,3110
0.052333,-0.075223,0.772267,-0.018729,0.115898,-0.291848,2556,2246,1930,2993,2603,3110
0.051924,-0.074538,0.761619,-0.026282,0.115212,-0.284331,2549,2237,1941,3001,2602,3110
0.052021,-0.074483,0.761016,-0.026622,0.115157,-0.283823,2539,2224,1953,3005,2601,3110
0.056773,-0.076618,0.645997,-0.101492,0.117292,-0.196380,2351,2021,2206,2996,2417,3110
0.067940,-0.076343,0.637592,-0.099043,0.117018,-0.182619,2248,1959,2289,2996,2287,3110
0.077617,-0.075588,0.629269,-0.097628,0.116262,-0.169935,2143,1926,2337,2996,2173,3110
0.077964,-0.073832,0.616965,-0.105755,0.114506,-0.160690,2113,1924,2339,2995,2144,3110
0.078767,-0.073319,0.606213,-0.112491,0.113994,-0.152272,2084,1924,2339,2995,2114,3110
0.076979,-0.071454,0.586697,-0.127095,0.112129,-0.139202,2056,1924,2339,2995,2082,3110
0.077744,-0.071981,0.587161,-0.126218,0.112656,-0.139021,2028,1924,2339,2995,2050,3110
0.078708,-0.071979,0.587140,-0.125527,0.112654,-0.138349,2000,1924,2339,2994,2020,3110
0.078652,-0.071508,0.577842,-0.131902,0.112182,-0.131580,1977,1925,2339,2989,1993,3110
0.078416,-0.070956,0.567899,-0.138847,0.111631,-0.124461,1953,1927,2339,2979,1969,3110
0.078621,-0.070558,0.562511,-0.142368,0.111232,-0.120376,1929,1929,2339,2965,1945,3110
0.078242,-0.069333,0.554579,-0.148048,0.110008,-0.114828,1904,1930,2339,2949,1922,3110
0.077322,-0.068582,0.546779,-0.154035,0.109257,-0.109744,1881,1932,2339,2931,1902,3110
0.082269,-0.067249,0.508123,-0.176746,0.107924,-0.078074,1802,1927,2341,2871,1786,3110
0.076254,-0.068818,0.514664,-0.176694,0.109492,-0.086960,1861,1925,2342,2872,1866,3110
0.073209,-0.068518,0.516036,-0.177988,0.109193,-0.090038,1892,1925,2344,2872,1905,3110
0.070872,-0.068748,0.522249,-0.175466,0.109422,-0.096179,1947,1923,2349,2872,1948,3110
0.068401,-0.068836,0.531434,-0.171019,0.109511,-0.104587,1967,1923,2350,2872,1960,3110
0.066354,-0.068514,0.537638,-0.168291,0.109188,-0.110524,2003,1923,2350,2872,1986,3110
0.064690,-0.069274,0.553997,-0.158366,0.109949,-0.123633,2039,1923,2349,2872,2022,3110
0.061823,-0.068390,0.554443,-0.160161,0.109064,-0.125913,2074,1922,2348,2872,2063,3110
0.060183,-0.068790,0.563326,-0.155311,0.109464,-0.133533,2114,1922,2346,2872,2107,3110
0.060641,-0.070476,0.581045,-0.142906,0.111151,-0.146193,2152,1922,2344,2872,2144,3110
0.060101,-0.070802,0.589523,-0.137526,0.111477,-0.152768,2189,1921,2341,2871,2173,3110
0.060909,-0.072240,0.610065,-0.122941,0.112915,-0.167257,2226,1920,2340,2866,2199,3110
0.061224,-0.073196,0.626401,-0.111583,0.113871,-0.179002,2265,1920,2340,2862,2229,3110
0.060774,-0.072466,0.629487,-0.109809,0.113140,-0.181568,2307,1920,2340,2861,2268,3110
0.061368,-0.071948,0.635888,-0.105014,0.112623,-0.185849,2346,1922,2340,2860,2312,3110
0.065203,-0.072907,0.658762,-0.086626,0.113582,-0.199983,2389,1925,2340,2860,2363,3110
0.067236,-0.070178,0.651524,-0.090068,0.110853,-0.193299,2431,1927,2340,2860,2413,3110
0.073580,-0.071076,0.675320,-0.069214,0.111750,-0.206399,2475,1928,2340,2860,2461,3110
0.082504,-0.073272,0.715728,-0.035155,0.113947,-0.229903,2519,1929,2339,2859,2506,3110
0.084355,-0.069500,0.692247,-0.049795,0.110174,-0.211452,2557,1929,2333,2858,2547,3110
0.093654,-0.071655,0.725851,-0.020096,0.112330,-0.229719,2593,1931,2319,2858,2588,3110
0.096321,-0.070921,0.715648,-0.025094,0.111596,-0.220432,2619,1933,2305,2858,2619,3110
0.102996,-0.073308,0.733162,-0.008277,0.113983,-0.228708,2646,1936,2289,2858,2646,3110
0.107641,-0.075654,0.744799,0.003052,0.116329,-0.234063,2666,1944,2277,2858,2665,3110
0.109276,-0.075359,0.736455,-0.001435,0.116034,-0.226841,2685,1959,2263,2858,2685,3110
0.115454,-0.075075,0.760837,0.019696,0.115749,-0.240482,2718,2046,2184,2858,2717,3110
0.114441,-0.074848,0.767665,0.023605,0.115522,-0.246171,2715,2054,2173,2859,2712,3110
0.111301,-0.072955,0.758397,0.014993,0.113630,-0.241525,2713,2058,2166,2859,2709,3110
0.113811,-0.076316,0.793301,0.040607,0.116990,-0.265369,2705,2058,2166,2859,2707,3110
0.103450,-0.076363,0.779775,0.023808,0.117037,-0.262524,2636,2050,2185,2872,2572,3110
0.094706,-0.076289,0.760497,0.004275,0.116963,-0.254367,2591,2047,2204,2872,2526,3110
0.088591,-0.074180,0.742190,-0.012673,0.114855,-0.245129,2567,2042,2215,2872,2507,3110
0.085707,-0.072883,0.741981,-0.014927,0.113558,-0.246941,2525,2030,2233,2871,2468,3110
0.083111,-0.072141,0.740632,-0.017746,0.112815,-0.247721,2509,2023,2240,2871,2453,3110
0.080268,-0.072810,0.743432,-0.017920,0.113485,-0.251709,2483,2012,2251,2871,2427,3110
0.071673,-0.066902,0.678838,-0.068213,0.107577,-0.210273,2451,1998,2265,2870,2398,3110
0.072651,-0.071685,0.719912,-0.039519,0.112359,-0.239678,2416,1986,2278,2870,2365,3110
0.067617,-0.070209,0.689132,-0.064170,0.110884,-0.220573,2379,1974,2292,2866,2328,3110
0.065428,-0.070736,0.685067,-0.068542,0.111410,-0.219088,2345,1967,2304,2863,2293,3110
0.062240,-0.069032,0.665692,-0.084074,0.109706,-0.207075,2307,1961,2315,2861,2261,3110
0.058089,-0.067845,0.644020,-0.101876,0.108519,-0.194037,2236,1954,2327,2861,2201,3110
0.059078,-0.068482,0.650735,-0.096578,0.109157,-0.198279,2197,1954,2329,2861,2165,3110
0.055035,-0.067000,0.626403,-0.116112,0.107675,-0.183219,2115,1956,2329,2860,2075,3110
0.063816,-0.066711,0.507202,-0.190883,0.107386,-0.089970,1773,1965,2292,2858,1792,3110
0.064445,-0.067339,0.500815,-0.194772,0.108014,-0.084866,1772,1966,2290,2858,1794,3110
0.064818,-0.067269,0.492560,-0.200122,0.107944,-0.078568,1775,1966,2290,2858,1795,3110
0.064530,-0.067342,0.493179,-0.199911,0.108016,-0.079217,1791,1966,2289,2858,1804,3110
0.063154,-0.067355,0.493430,-0.200749,0.108030,-0.080338,1814,1967,2288,2858,1826,3110
0.062101,-0.069326,0.508919,-0.190968,0.110000,-0.092395,1837,1970,2282,2858,1855,3110
0.058725,-0.068661,0.506173,-0.195311,0.109336,-0.092684,1863,1977,2273,2858,1886,3110
0.054842,-0.069132,0.511955,-0.194214,0.109807,-0.099562,1891,1986,2264,2858,1914,3110
0.051792,-0.070655,0.529894,-0.184227,0.111329,-0.114774,1923,1997,2255,2858,1941,3110
0.042373,-0.069797,0.542407,-0.182599,0.110472,-0.130351,1991,2018,2238,2858,2007,3110
0.037813,-0.068955,0.549147,-0.181347,0.109630,-0.138391,2028,2027,2229,2858,2050,3110
0.033539,-0.067483,0.550990,-0.183220,0.108157,-0.142652,2063,2031,2223,2858,2090,3110
0.031132,-0.068366,0.569534,-0.172351,0.109040,-0.157867,2096,2033,2219,2858,2128,3110
0.028932,-0.068089,0.577103,-0.168805,0.108763,-0.164908,2131,2033,2215,2858,2166,3110
0.026952,-0.068449,0.586124,-0.164110,0.109124,-0.172861,2165,2034,2210,2858,2199,3110
0.026841,-0.069967,0.603113,-0.152618,0.110642,-0.185374,2200,2034,2203,2858,2228,3110
0.026703,-0.070455,0.614376,-0.145047,0.111130,-0.193713,2237,2036,2194,2858,2262,3110
0.026317,-0.071250,0.622986,-0.139465,0.111924,-0.200280,2267,2039,2186,2858,2294,3110
0.026163,-0.070619,0.622536,-0.139884,0.111294,-0.200055,2301,2047,2178,2858,2328,3110
0.027610,-0.072557,0.644248,-0.124035,0.113231,-0.214966,2333,2059,2169,2858,2362,3110
0.029534,-0.073578,0.660230,-0.111739,0.114253,-0.225355,2362,2072,2157,2858,2393,3110
0.032307,-0.074595,0.684515,-0.093166,0.115270,-0.241245,2391,2086,2144,2858,2424,3110
0.032625,-0.071461,0.673595,-0.100372,0.112136,-0.233034,2431,2106,2118,2858,2465,3110
0.034940,-0.070790,0.686090,-0.090166,0.111464,-0.240605,2444,2114,2108,2858,2479,3110
0.035442,-0.069632,0.687814,-0.088624,0.110307,-0.241525,2463,2126,2089,2858,2502,3110
0.036717,-0.070103,0.698758,-0.080236,0.110777,-0.248669,2484,2143,2066,2858,2528,3110
0.036699,-0.069492,0.698414,-0.080483,0.110167,-0.248430,2502,2163,2042,2858,2552,3110
0.038750,-0.071057,0.726145,-0.060091,0.111732,-0.267334,2516,2183,2018,2858,2570,3110
0.039088,-0.071805,0.752514,-0.041882,0.112480,-0.286409,2525,2204,1993,2858,2579,3110
0.036326,-0.067018,0.710960,-0.072210,0.107693,-0.257869,2529,2223,1969,2859,2580,3110
0.036090,-0.069241,0.752174,-0.044308,0.109915,-0.288202,2529,2239,1950,2863,2577,3110
0.033918,-0.068128,0.753011,-0.045328,0.108802,-0.290294,2526,2252,1934,2868,2576,3110
0.031702,-0.068230,0.765275,-0.038596,0.108904,-0.300782,2515,2260,1926,2869,2571,3110
0.028385,-0.069452,0.781775,-0.029785,0.110127,-0.315122,2501,2263,1923,2869,2551,3110
0.025862,-0.068936,0.783285,-0.030604,0.109610,-0.317946,2489,2263,1923,2869,2519,3110
0.022111,-0.067473,0.770828,-0.041835,0.108148,-0.311381,2473,2264,1923,2869,2480,3110
0.019190,-0.068410,0.784734,-0.034501,0.109084,-0.323552,2454,2264,1922,2869,2444,3110
0.014337,-0.067510,0.764187,-0.052050,0.108184,-0.311815,2430,2264,1921,2869,2410,3110
0.009336,-0.066700,0.750833,-0.064808,0.107375,-0.305445,2408,2264,1921,2869,2378,3110
-0.005140,-0.067168,0.723188,-0.094238,0.107843,-0.295067,2328,2264,1926,2870,2284,3110
0.038465,-0.068631,0.818142,0.002367,0.109306,-0.334880,2614,2265,1911,2859,2666,3110
0.043622,-0.068437,0.807533,-0.001084,0.109111,-0.323600,2630,2265,1910,2859,2675,3110
0.049719,-0.069416,0.824400,0.014869,0.110090,-0.331796,2643,2265,1910,2861,2679,3110
0.053790,-0.069292,0.818712,0.013975,0.109966,-0.324858,2652,2265,1911,2869,2681,3110
0.058375,-0.069757,0.823524,0.020609,0.110432,-0.325257,2657,2261,1917,2870,2681,3110
0.061903,-0.069322,0.819057,0.020150,0.109996,-0.319584,2660,2257,1921,2871,2681,3110
0.064620,-0.070693,0.819307,0.022309,0.111368,-0.317917,2661,2255,1922,2872,2677,3110
0.066862,-0.071445,0.819537,0.024107,0.112120,-0.316558,2659,2254,1924,2873,2674,3110
0.067916,-0.072525,0.824146,0.028018,0.113200,-0.319214,2657,2254,1927,2873,2673,3110
0.066365,-0.071664,0.803678,0.012940,0.112338,-0.305285,2656,2254,1935,2873,2672,3110
0.064401,-0.069336,0.785171,-0.001104,0.110011,-0.293074,2650,2253,1947,2875,2663,3110
0.065380,-0.069719,0.804042,0.012467,0.110393,-0.306223,2641,2252,1960,2878,2644,3110
0.065369,-0.068382,0.803908,0.012368,0.109057,-0.306133,2632,2249,1971,2880,2622,3110
0.059840,-0.068611,0.771977,-0.013431,0.109286,-0.286522,2543,2127,2125,2882,2517,3110
0.060938,-0.068147,0.757609,-0.022414,0.108821,-0.275255,2532,2108,2152,2876,2508,3110
0.063849,-0.068014,0.741640,-0.031161,0.108689,-0.261580,2508,2072,2206,2872,2490,3110
0.126212,-0.067262,0.787016,0.045405,0.107937,-0.252320,2763,2034,2247,2774,2805,3110
0.049123,-0.067713,0.784122,-0.013004,0.108388,-0.302713,2569,2177,2067,2788,2544,3110
0.052542,-0.067580,0.767471,-0.021843,0.108255,-0.288194,2569,2151,2067,2833,2544,3110
0.055400,-0.071675,0.785054,-0.007774,0.112349,-0.299120,2569,2141,2065,2850,2544,3110
0.055944,-0.074046,0.775676,-0.013764,0.114721,-0.291884,2570,2134,2065,2865,2543,3110
0.058303,-0.075990,0.767195,-0.017814,0.116665,-0.284068,2570,2129,2065,2880,2543,3110
0.062659,-0.075036,0.724452,-0.043741,0.115711,-0.249808,2571,2118,2093,2897,2542,3110
0.065804,-0.076507,0.756059,-0.019908,0.117181,-0.270806,2571,2123,2092,2897,2542,3110
0.064768,-0.073296,0.740005,-0.031603,0.113971,-0.259758,2571,2127,2092,2897,2542,3110
0.065235,-0.073326,0.756012,-0.020357,0.114001,-0.271159,2571,2129,2091,2897,2542,3110
0.065244,-0.072989,0.761316,-0.016738,0.113663,-0.275035,2571,2130,2091,2897,2542,3110
0.063359,-0.070586,0.743025,-0.030577,0.111261,-0.262929,2571,2132,2089,2897,2542,3110
0.064557,-0.071518,0.756036,-0.020837,0.112193,-0.271638,2571,2133,2089,2896,2542,3110
0.063010,-0.069845,0.742104,-0.031460,0.110520,-0.262492,2571,2133,2089,2896,2542,3110
0.064220,-0.070504,0.758755,-0.019231,0.111178,-0.273858,2571,2133,2089,2896,2542,3110
0.064859,-0.071956,0.770765,-0.010583,0.112631,-0.282216,2571,2133,2088,2896,2542,3110
0.062121,-0.069346,0.742849,-0.031603,0.110020,-0.263643,2571,2133,2087,2896,2542,3110
0.062121,-0.069346,0.742849,-0.031603,0.110020,-0.263643,2571,2133,2087,2896,2542,3110
0.062525,-0.070129,0.747563,-0.028096,0.110803,-0.266820,2571,2133,2087,2896,2542,3110
0.062289,-0.069589,0.739495,-0.033765,0.110264,-0.261073,2571,2133,2087,2896,2542,3110
0.062525,-0.070129,0.747563,-0.028096,0.110803,-0.266820,2571,2133,2087,2896,2542,3110
0.062242,-0.069920,0.742863,-0.031504,0.110594,-0.263571,2571,2133,2087,2896,2542,3110
0.063429,-0.071423,0.757935,-0.020369,0.112097,-0.273797,2571,2133,2087,2896,2542,3110
0.062242,-0.069920,0.742863,-0.031504,0.110594,-0.263571,2571,2133,2087,2896,2542,3110
0.060843,-0.068602,0.725847,-0.044120,0.109276,-0.252067,2571,2133,2087,2896,2542,3110
0.062242,-0.069920,0.742863,-0.031504,0.110594,-0.263571,2571,2133,2087,2896,2542,3110
0.063614,-0.071598,0.756950,-0.020904,0.112273,-0.272949,2571,2133,2087,2896,2542,3110
0.063614,-0.071598,0.756950,-0.020904,0.112273,-0.272949,2571,2133,2087,2896,2542,3110
0.063312,-0.071519,0.756044,-0.021743,0.112194,-0.272491,2570,2133,2087,2896,2542,3110
0.063312,-0.071519,0.756044,-0.021743,0.112194,-0.272491,2570,2133,2087,2896,2542,3110
0.063312,-0.071519,0.756044,-0.021743,0.112194,-0.272491,2570,2133,2087,2896,2542,3110
0.063312,-0.071519,0.756044,-0.021743,0.112194,-0.272491,2570,2133,2087,2896,2542,3110
0.062132,-0.070582,0.742981,-0.031505,0.111257,-0.263732,2570,2133,2087,2896,2542,3110
0.063312,-0.071519,0.756044,-0.021743,0.112194,-0.272491,2570,2133,2087,2896,2542,3110
0.063312,-0.071519,0.756044,-0.021743,0.112194,-0.272491,2570,2133,2087,2896,2542,3110
0.060572,-0.067924,0.716049,-0.050993,0.108598,-0.245078,2570,2133,2087,2896,2542,3110
0.063312,-0.071519,0.756044,-0.021743,0.112194,-0.272491,2569,2133,2087,2896,2542,3110
0.063312,-0.071519,0.756044,-0.021743,0.112194,-0.272491,2567,2133,2087,2896,2542,3110
0.059608,-0.067815,0.716578,-0.051338,0.108490,-0.246122,2564,2133,2087,2896,2542,3110
0.063312,-0.071519,0.756044,-0.021743,0.112194,-0.272491,2563,2133,2087,2896,2542,3110
0.062981,-0.071765,0.758871,-0.020059,0.112440,-0.274787,2562,2133,2087,2896,2542,3110
0.060431,-0.069455,0.728109,-0.042881,0.110129,-0.254003,2560,2133,2087,2896,2542,3110
0.061861,-0.071555,0.756911,-0.022214,0.112229,-0.274115,2560,2133,2087,2896,2542,3110
0.059696,-0.068879,0.728462,-0.043179,0.109553,-0.254762,2560,2133,2088,2896,2541,3110
0.061861,-0.071555,0.756911,-0.022214,0.112229,-0.274115,2560,2133,2088,2896,2539,3110
0.060707,-0.070703,0.744497,-0.031515,0.111378,-0.265812,2558,2133,2088,2896,2530,3110
0.059300,-0.069367,0.727038,-0.044439,0.110042,-0.253989,2552,2133,2089,2896,2516,3110
0.059079,-0.070265,0.739507,-0.036107,0.110940,-0.263269,2547,2133,2089,2896,2503,3110
0.060824,-0.071521,0.756060,-0.023554,0.112195,-0.274199,2542,2132,2090,2896,2491,3110
0.058815,-0.071340,0.747335,-0.030968,0.112014,-0.269179,2532,2132,2091,2897,2478,3110
0.056162,-0.070022,0.731523,-0.043680,0.110697,-0.259410,2520,2132,2093,2897,2467,3110
0.054780,-0.070636,0.730474,-0.045407,0.111311,-0.259584,2507,2131,2094,2899,2455,3110
0.052933,-0.070605,0.727809,-0.048574,0.111279,-0.258891,2492,2129,2094,2903,2440,3110
0.049596,-0.068949,0.706620,-0.065451,0.109623,-0.245652,2475,2126,2094,2906,2422,3110
0.046817,-0.069177,0.694827,-0.075519,0.109852,-0.238911,2458,2123,2094,2906,2399,3110
0.046860,-0.073758,0.728980,-0.052222,0.114433,-0.263885,2440,2121,2094,2907,2374,3110
0.044471,-0.076179,0.729146,-0.053859,0.116853,-0.265634,2419,2121,2094,2907,2346,3110
0.041080,-0.076476,0.726184,-0.058359,0.117150,-0.265775,2398,2121,2094,2907,2317,3110
0.036906,-0.076023,0.714034,-0.069691,0.116698,-0.259724,2377,2121,2095,2907,2292,3110
0.032945,-0.074978,0.701053,-0.081433,0.115652,-0.252918,2350,2121,2096,2908,2262,3110
0.029962,-0.073877,0.688501,-0.092168,0.114551,-0.245761,2329,2121,2096,2908,2240,3110
0.027397,-0.075761,0.698136,-0.087483,0.116435,-0.254562,2301,2123,2096,2908,2208,3110
0.024261,-0.073778,0.674187,-0.106092,0.114452,-0.239165,2271,2125,2096,2908,2175,3110
0.020490,-0.072329,0.663591,-0.116071,0.113004,-0.233976,2241,2128,2096,2908,2141,3110
0.017523,-0.072165,0.660425,-0.120400,0.112840,-0.233680,2209,2130,2096,2908,2107,3110
0.013970,-0.070325,0.640374,-0.136659,0.111000,-0.221420,2180,2131,2096,2908,2072,3110
0.011870,-0.069000,0.630847,-0.144687,0.109675,-0.215876,2148,2132,2096,2908,2037,3110
0.010386,-0.068025,0.619609,-0.153429,0.108700,-0.208659,2116,2132,2096,2908,2001,3110
0.008553,-0.067862,0.608365,-0.162429,0.108537,-0.201677,2082,2132,2096,2908,1963,3110
0.008022,-0.068341,0.606276,-0.164241,0.109015,-0.200509,2050,2132,2096,2908,1928,3110
0.007230,-0.067502,0.590517,-0.175556,0.108177,-0.189511,2016,2132,2096,2908,1895,3110
0.007509,-0.066738,0.571331,-0.188420,0.107412,-0.175275,1983,2133,2096,2907,1861,3110
0.007826,-0.067428,0.569023,-0.189761,0.108102,-0.173369,1952,2133,2095,2907,1830,3110
0.009131,-0.066892,0.553053,-0.199685,0.107567,-0.160788,1921,2133,2094,2904,1797,3110
0.022532,-0.066978,0.489241,-0.233342,0.107653,-0.104942,1753,2157,2073,2897,1628,3110
0.055626,-0.066771,0.374555,-0.287236,0.107445,0.001564,1520,2347,1750,3022,1400,3110
0.055647,-0.068911,0.371396,-0.289372,0.109585,0.003891,1519,2344,1751,3023,1399,3110
0.057355,-0.071626,0.377031,-0.284283,0.112301,0.000928,1519,2343,1751,3024,1398,3110
0.056754,-0.071752,0.370790,-0.288975,0.112426,0.005088,1519,2342,1751,3032,1399,3110
0.057959,-0.072411,0.373919,-0.285961,0.113085,0.003618,1519,2342,1751,3047,1399,3110
0.058184,-0.072229,0.373388,-0.286158,0.112903,0.004161,1518,2342,1751,3068,1399,3110
0.058823,-0.071018,0.372936,-0.285998,0.111692,0.004926,1517,2342,1750,3091,1399,3110
0.060962,-0.070329,0.374806,-0.283159,0.111004,0.005014,1516,2343,1744,3112,1400,3110
0.062439,-0.068907,0.369236,-0.285872,0.109582,0.010098,1516,2343,1740,3124,1400,3110
0.066512,-0.071091,0.379766,-0.275717,0.111766,0.005163,1516,2342,1738,3130,1400,3110
0.066194,-0.070913,0.374232,-0.279719,0.111588,0.008999,1516,2342,1738,3131,1400,3111
0.067500,-0.072534,0.377233,-0.276718,0.113208,0.007691,1516,2342,1736,3131,1400,3111
0.068526,-0.073730,0.380503,-0.273740,0.114405,0.005996,1516,2345,1733,3131,1400,3111
0.066571,-0.071753,0.371833,-0.281077,0.112427,0.011012,1516,2347,1731,3131,1400,3111
0.066905,-0.071637,0.375904,-0.278059,0.112312,0.008259,1516,2348,1729,3131,1400,3111
0.066549,-0.072378,0.379956,-0.275560,0.113053,0.005049,1517,2349,1729,3131,1400,3111
0.065046,-0.071126,0.375807,-0.279487,0.111800,0.007063,1517,2349,1729,3131,1400,3111
0.064670,-0.071523,0.376907,-0.279013,0.112198,0.006002,1517,2349,1728,3131,1400,3111
0.064355,-0.070928,0.375449,-0.280236,0.111602,0.006855,1517,2349,1728,3130,1400,3111
0.064410,-0.071417,0.375697,-0.280027,0.112092,0.006711,1516,2349,1727,3130,1399,3111
0.064392,-0.071233,0.374280,-0.281005,0.111907,0.007736,1514,2350,1725,3130,1399,3111
0.065007,-0.071231,0.374278,-0.280557,0.111906,0.008156,1509,2351,1720,3130,1399,3111
0.066324,-0.071166,0.376041,-0.278392,0.111841,0.007762,1509,2352,1716,3130,1399,3111
0.066327,-0.071479,0.376053,-0.278381,0.112154,0.007756,1509,2352,1711,3130,1399,3111
0.066359,-0.072440,0.376221,-0.278243,0.113114,0.007655,1511,2352,1706,3130,1399,3111
0.065489,-0.073103,0.374256,-0.280219,0.113777,0.008500,1512,2352,1701,3130,1399,3111
0.064761,-0.074550,0.375881,-0.279645,0.115224,0.006815,1517,2353,1696,3130,1399,3111
0.062494,-0.074633,0.372088,-0.283888,0.115308,0.008047,1525,2354,1690,3130,1399,3111
0.060873,-0.075344,0.374830,-0.283207,0.116019,0.004936,1527,2354,1688,3130,1400,3111
0.058724,-0.075124,0.374286,-0.285150,0.115798,0.003871,1530,2357,1683,3130,1400,3111
0.057170,-0.075449,0.374959,-0.285831,0.116124,0.002319,1532,2362,1681,3130,1400,3111
0.056247,-0.076368,0.377872,-0.284522,0.117042,-0.000442,1533,2368,1677,3130,1400,3111
0.054495,-0.075869,0.374674,-0.287982,0.116543,0.000705,1535,2377,1671,3130,1400,3111
0.053039,-0.073195,0.368252,-0.293423,0.113870,0.004415,1536,2385,1665,3130,1400,3111
0.051635,-0.071370,0.365821,-0.296107,0.112044,0.005239,1537,2394,1657,3130,1401,3111
0.050645,-0.069785,0.369384,-0.294404,0.110460,0.001956,1539,2401,1649,3130,1401,3111
0.049324,-0.069382,0.372928,-0.292958,0.110057,-0.001538,1546,2405,1638,3130,1401,3111
0.048507,-0.069447,0.375743,-0.291639,0.110121,-0.004156,1549,2407,1625,3130,1401,3111
0.047022,-0.071127,0.379988,-0.289834,0.111802,-0.008275,1551,2408,1611,3130,1401,3111
0.043962,-0.071585,0.375563,-0.295089,0.112260,-0.007120,1553,2408,1598,3130,1401,3111
0.042175,-0.073473,0.376393,-0.295832,0.114148,-0.008946,1554,2409,1586,3130,1401,3111
0.039618,-0.076016,0.375475,-0.298329,0.116691,-0.010015,1554,2415,1577,3130,1401,3111
0.038852,-0.075833,0.374015,-0.299884,0.116507,-0.009468,1545,2447,1580,3142,1401,3111
0.039408,-0.069796,0.361029,-0.308323,0.110471,0.000418,1539,2449,1581,3142,1401,3111
0.043483,-0.068967,0.372998,-0.297187,0.109641,-0.005568,1535,2450,1581,3142,1401,3111
0.047314,-0.066884,0.365442,-0.299529,0.107558,0.002573,1528,2444,1580,3142,1401,3111
0.048199,-0.068568,0.365304,-0.298975,0.109243,0.003276,1528,2444,1580,3142,1401,3111
0.048967,-0.069271,0.365780,-0.298089,0.109946,0.003451,1529,2445,1580,3142,1401,3111
0.048881,-0.069666,0.365844,-0.298108,0.110340,0.003346,1532,2448,1579,3142,1401,3111
0.047966,-0.068920,0.365013,-0.299343,0.109595,0.003331,1534,2449,1578,3142,1401,3111
0.046719,-0.067655,0.364659,-0.300498,0.108330,0.002740,1538,2449,1577,3141,1401,3111
0.043858,-0.067449,0.371781,-0.297741,0.108124,-0.004422,1553,2449,1572,3137,1401,3111
0.039461,-0.068581,0.373846,-0.299553,0.109256,-0.008929,1565,2449,1571,3134,1418,3111
0.035631,-0.068406,0.370866,-0.304387,0.109080,-0.009357,1572,2449,1571,3134,1441,3111
0.033522,-0.068211,0.369783,-0.306669,0.108886,-0.010000,1579,2449,1574,3135,1469,3111
0.032441,-0.068858,0.377685,-0.302077,0.109532,-0.016521,1583,2449,1577,3137,1494,3111
0.031457,-0.068238,0.379622,-0.301479,0.108913,-0.018610,1586,2449,1579,3141,1510,3111
0.031277,-0.067811,0.383842,-0.298736,0.108485,-0.021823,1588,2449,1580,3142,1519,3111
0.031273,-0.067596,0.384368,-0.298380,0.108271,-0.022210,1590,2448,1580,3142,1519,3111
0.031482,-0.067990,0.384605,-0.298066,0.108665,-0.022241,1593,2447,1580,3142,1520,3111
0.030950,-0.069151,0.388300,-0.295939,0.109825,-0.025309,1595,2445,1581,3143,1522,3111
0.030542,-0.068647,0.384739,-0.298663,0.109321,-0.022979,1596,2444,1581,3143,1522,3111
0.030193,-0.069499,0.387191,-0.297248,0.110174,-0.025012,1599,2443,1582,3144,1523,3111
0.029651,-0.069883,0.387512,-0.297426,0.110558,-0.025617,1602,2441,1582,3144,1523,3111
0.028782,-0.070308,0.387529,-0.298051,0.110983,-0.026221,1606,2440,1582,3145,1523,3111
0.028425,-0.071542,0.392164,-0.295155,0.112217,-0.029858,1613,2440,1582,3145,1523,3111
0.027248,-0.072307,0.392370,-0.295876,0.112981,-0.030810,1618,2440,1583,3145,1524,3111
0.026078,-0.073588,0.396640,-0.293824,0.114263,-0.034733,1623,2439,1583,3145,1524,3111
0.024859,-0.074166,0.400625,-0.292002,0.114841,-0.038481,1625,2440,1583,3148,1525,3111
0.022524,-0.071247,0.389938,-0.300992,0.111922,-0.032247,1632,2440,1583,3156,1528,3111
0.021528,-0.072082,0.400014,-0.294857,0.112756,-0.040303,1637,2440,1583,3165,1540,3111
0.020852,-0.072102,0.404768,-0.292114,0.112776,-0.044244,1641,2440,1583,3174,1555,3111
0.020319,-0.071327,0.401645,-0.294631,0.112002,-0.042320,1645,2440,1583,3181,1569,3111
0.020562,-0.072309,0.404706,-0.292368,0.112984,-0.044396,1649,2440,1583,3184,1577,3111
0.020925,-0.073103,0.409444,-0.288875,0.113778,-0.047617,1652,2440,1583,3185,1582,3111
0.020334,-0.072036,0.409104,-0.289539,0.112711,-0.047771,1654,2440,1583,3185,1582,3111
0.019748,-0.071865,0.410367,-0.289108,0.112540,-0.049095,1659,2440,1583,3185,1582,3111
0.018732,-0.071855,0.410317,-0.289885,0.112530,-0.049750,1663,2440,1583,3185,1582,3111
0.018082,-0.072467,0.414785,-0.287317,0.113142,-0.053464,1667,2440,1582,3182,1582,3111
0.016609,-0.073562,0.418272,-0.286021,0.114237,-0.057020,1669,2440,1582,3178,1582,3111
0.015021,-0.072850,0.415028,-0.289393,0.113525,-0.055727,1676,2440,1582,3176,1582,3111
0.013303,-0.072441,0.414668,-0.290897,0.113116,-0.056634,1681,2440,1582,3175,1583,3111
0.011654,-0.073792,0.421949,-0.287144,0.114466,-0.063087,1686,2440,1582,3174,1588,3111
0.010093,-0.072055,0.416918,-0.291714,0.112729,-0.060468,1691,2441,1581,3174,1600,3111
0.008504,-0.072495,0.421202,-0.289959,0.113169,-0.064687,1692,2443,1578,3174,1614,3111
0.007414,-0.071653,0.419055,-0.292219,0.112327,-0.063857,1698,2446,1573,3174,1626,3111
0.006097,-0.072059,0.421969,-0.291198,0.112733,-0.066888,1703,2446,1571,3174,1633,3111
0.005033,-0.071749,0.420888,-0.292714,0.112423,-0.066821,1706,2446,1571,3174,1634,3111
0.003978,-0.072556,0.426563,-0.289621,0.113230,-0.071695,1707,2446,1571,3174,1635,3111
0.003283,-0.072371,0.424127,-0.291789,0.113046,-0.070384,1707,2446,1571,3174,1635,3111
0.003145,-0.073785,0.429283,-0.288377,0.114460,-0.074253,1709,2445,1572,3174,1635,3111
0.003145,-0.073785,0.429283,-0.288377,0.114460,-0.074253,1710,2445,1573,3174,1636,3111
0.003384,-0.072884,0.423558,-0.292102,0.113559,-0.069899,1711,2445,1573,3174,1636,3111
0.003136,-0.073701,0.428649,-0.288816,0.114375,-0.073795,1712,2445,1571,3174,1636,3111
0.002430,-0.072972,0.428509,-0.289428,0.113646,-0.074174,1714,2445,1571,3174,1636,3111
0.001725,-0.072968,0.428481,-0.289964,0.113642,-0.074633,1719,2446,1571,3174,1636,3111
0.001028,-0.073056,0.429170,-0.290005,0.113731,-0.075613,1720,2446,1571,3174,1636,3111
-0.000001,-0.073340,0.433961,-0.287494,0.114014,-0.079821,1720,2446,1571,3174,1636,3111
0.000180,-0.072179,0.428331,-0.291196,0.112854,-0.075576,1720,2446,1570,3174,1636,3111
-0.000055,-0.072503,0.431452,-0.289243,0.113178,-0.078021,1720,2447,1570,3174,1637,3111
-0.000514,-0.072583,0.431239,-0.289724,0.113258,-0.078177,1719,2447,1570,3174,1637,3111
0.000301,-0.072120,0.431301,-0.289085,0.112795,-0.077668,1718,2447,1570,3174,1638,3111
0.000423,-0.072156,0.428563,-0.290860,0.112831,-0.075580,1717,2445,1570,3174,1638,3111
0.001028,-0.072330,0.429053,-0.290084,0.113004,-0.075527,1716,2443,1570,3174,1639,3111
0.001680,-0.074261,0.433638,-0.286484,0.114936,-0.078439,1711,2441,1570,3174,1644,3111
0.002439,-0.074513,0.429405,-0.288811,0.115187,-0.074823,1707,2440,1570,3174,1659,3111
0.003851,-0.075970,0.429636,-0.287620,0.116645,-0.074031,1704,2440,1570,3175,1683,3111
0.007326,-0.075853,0.423886,-0.288993,0.116527,-0.067453,1701,2440,1570,3174,1755,3111
0.008720,-0.075842,0.423819,-0.288018,0.116517,-0.066455,1700,2440,1569,3174,1767,3111
0.009446,-0.076371,0.425590,-0.286280,0.117046,-0.067257,1695,2440,1569,3174,1773,3111
0.009940,-0.075991,0.422639,-0.287928,0.116665,-0.064760,1691,2440,1569,3174,1775,3111
0.010635,-0.075985,0.422604,-0.287444,0.116659,-0.064261,1687,2440,1569,3174,1772,3111
0.011899,-0.076195,0.423913,-0.285626,0.116870,-0.064358,1681,2440,1569,3174,1772,3111
0.013758,-0.076648,0.422404,-0.285294,0.117323,-0.061988,1678,2440,1569,3174,1771,3111
0.014869,-0.076172,0.419623,-0.286375,0.116846,-0.059195,1679,2440,1569,3174,1771,3111
0.015093,-0.075480,0.419249,-0.286466,0.116154,-0.058768,1683,2440,1569,3174,1771,3111
0.015323,-0.076085,0.423207,-0.283601,0.116760,-0.061510,1686,2440,1569,3174,1771,3111
0.013563,-0.074189,0.414788,-0.290624,0.114864,-0.056545,1690,2440,1569,3174,1770,3111
0.012365,-0.075233,0.422276,-0.286401,0.115908,-0.062843,1690,2440,1569,3174,1764,3111
0.012084,-0.075056,0.418877,-0.288922,0.115731,-0.060546,1688,2440,1569,3174,1749,3111
0.012110,-0.075499,0.419736,-0.288317,0.116174,-0.061157,1687,2440,1569,3175,1729,3111
0.012613,-0.075580,0.420204,-0.287630,0.116254,-0.061157,1686,2440,1570,3180,1698,3111
0.012900,-0.076525,0.423713,-0.285030,0.117199,-0.063530,1684,2440,1570,3181,1690,3111
0.012706,-0.076084,0.418835,-0.288495,0.116758,-0.060091,1680,2441,1571,3182,1682,3111
0.013087,-0.075277,0.419791,-0.287565,0.115952,-0.060531,1677,2442,1572,3182,1680,3111
0.013775,-0.074562,0.419655,-0.287154,0.115237,-0.059963,1677,2441,1573,3183,1680,3111
0.014361,-0.074114,0.420558,-0.286110,0.114789,-0.060226,1682,2441,1570,3183,1680,3111
0.014711,-0.073797,0.415872,-0.289045,0.114472,-0.056556,1686,2441,1570,3176,1683,3111
0.014102,-0.075922,0.424338,-0.283724,0.116596,-0.063169,1687,2440,1570,3175,1684,3111
0.011715,-0.075985,0.420552,-0.288050,0.116660,-0.062024,1687,2440,1570,3175,1680,3111
0.010382,-0.075607,0.419786,-0.289549,0.116282,-0.062371,1687,2441,1570,3175,1683,3111
0.010614,-0.075942,0.424480,-0.286181,0.116617,-0.065649,1687,2442,1570,3175,1685,3111
0.010325,-0.074581,0.419786,-0.289590,0.115255,-0.062409,1687,2442,1570,3175,1686,3111
0.010323,-0.073869,0.419675,-0.289667,0.114544,-0.062329,1687,2442,1570,3175,1687,3111
0.010222,-0.074168,0.420847,-0.288943,0.114842,-0.063256,1685,2442,1570,3175,1687,3111
0.011032,-0.074643,0.420786,-0.288391,0.115318,-0.062660,1684,2443,1570,3175,1687,3111
0.011197,-0.074041,0.418570,-0.289780,0.114715,-0.060925,1683,2443,1570,3175,1687,3111
0.011197,-0.074041,0.418570,-0.289780,0.114715,-0.060925,1682,2445,1570,3175,1687,3111
0.011317,-0.073267,0.418491,-0.289746,0.113942,-0.060785,1679,2445,1573,3175,1687,3111
0.012413,-0.073225,0.420602,-0.287505,0.113899,-0.061584,1678,2445,1577,3175,1687,3111
0.012916,-0.072300,0.418454,-0.288600,0.112975,-0.059669,1677,2444,1579,3180,1681,3111
0.014012,-0.071821,0.415473,-0.289829,0.112496,-0.056740,1676,2444,1579,3183,1680,3111
0.015551,-0.071470,0.414792,-0.289166,0.112145,-0.055193,1670,2444,1580,3184,1680,3111
0.016462,-0.070783,0.413134,-0.289628,0.111457,-0.053359,1669,2444,1580,3184,1680,3111
0.017613,-0.071723,0.418808,-0.284921,0.112397,-0.056728,1668,2443,1580,3184,1680,3111
0.018246,-0.072064,0.419153,-0.284222,0.112738,-0.056550,1667,2443,1580,3184,1680,3111
0.018774,-0.071818,0.414952,-0.286697,0.112492,-0.053115,1666,2442,1580,3184,1680,3111
0.018590,-0.071542,0.410298,-0.290002,0.112216,-0.049833,1666,2441,1581,3183,1685,3111
0.019121,-0.072868,0.415106,-0.286339,0.113543,-0.052991,1666,2440,1581,3183,1686,3111
0.019285,-0.073816,0.419303,-0.283359,0.114491,-0.055952,1666,2440,1581,3183,1686,3111
0.019289,-0.074525,0.419400,-0.283290,0.115199,-0.056021,1665,2439,1581,3183,1686,3111
0.019407,-0.073699,0.413715,-0.287077,0.114373,-0.051779,1665,2439,1582,3182,1687,3111
0.019981,-0.075228,0.419462,-0.282741,0.115902,-0.055594,1665,2439,1582,3182,1687,3111
0.019659,-0.074604,0.415127,-0.285931,0.115279,-0.052641,1666,2439,1583,3182,1687,3111
0.019661,-0.074272,0.415160,-0.285907,0.114947,-0.052663,1667,2439,1583,3183,1687,3111
0.019323,-0.074284,0.415238,-0.286101,0.114959,-0.052950,1668,2439,1583,3183,1687,3111
0.019323,-0.074284,0.415238,-0.286101,0.114959,-0.052950,1669,2438,1584,3183,1687,3111
0.019233,-0.074992,0.418549,-0.283911,0.115666,-0.055436,1669,2438,1586,3183,1687,3111
0.019321,-0.075248,0.420266,-0.282677,0.115923,-0.056632,1669,2436,1595,3180,1688,3111
0.018547,-0.074999,0.418586,-0.284388,0.115673,-0.055930,1669,2429,1609,3176,1688,3111
0.019321,-0.075248,0.420266,-0.282677,0.115923,-0.056632,1669,2419,1627,3174,1689,3111
0.020208,-0.073810,0.419956,-0.282238,0.114484,-0.055801,1669,2409,1647,3174,1689,3111
0.021503,-0.072585,0.418059,-0.282583,0.113260,-0.053530,1667,2398,1668,3174,1698,3111
0.023980,-0.071981,0.418614,-0.280391,0.112655,-0.052249,1665,2386,1687,3173,1710,3111
0.027055,-0.071572,0.418219,-0.278410,0.112247,-0.049866,1663,2376,1703,3173,1718,3111
0.030190,-0.072360,0.423927,-0.272226,0.113035,-0.051909,1662,2368,1716,3173,1719,3111
0.032067,-0.071376,0.422615,-0.271745,0.112051,-0.049670,1662,2364,1724,3173,1719,3111
0.035151,-0.072974,0.431479,-0.263450,0.113648,-0.054059,1662,2362,1728,3173,1718,3111
0.035770,-0.071244,0.423518,-0.268419,0.111919,-0.047808,1662,2362,1729,3173,1718,3111
0.035919,-0.070863,0.423408,-0.268386,0.111538,-0.047626,1665,2362,1729,3173,1718,3111
0.036272,-0.070696,0.427789,-0.265143,0.111371,-0.050594,1667,2362,1729,3173,1717,3111
0.035600,-0.070405,0.428172,-0.265374,0.111079,-0.051332,1668,2362,1729,3173,1717,3111
0.035270,-0.070697,0.433056,-0.262288,0.111371,-0.055132,1669,2362,1729,3173,1718,3111
0.034753,-0.070458,0.428368,-0.265860,0.111133,-0.052052,1669,2361,1730,3173,1720,3111
0.034753,-0.070458,0.428368,-0.265860,0.111133,-0.052052,1670,2359,1730,3173,1720,3111
0.035287,-0.072160,0.433276,-0.262126,0.112835,-0.055282,1670,2352,1730,3173,1721,3111
0.035169,-0.073357,0.428815,-0.265251,0.114032,-0.052096,1671,2342,1731,3173,1722,3111
0.034897,-0.075769,0.433720,-0.262109,0.116444,-0.055872,1671,2334,1732,3173,1722,3111
0.034735,-0.076449,0.428129,-0.266036,0.117123,-0.051889,1671,2327,1735,3173,1722,3111
0.039507,-0.075063,0.433745,-0.258717,0.115738,-0.052750,1687,2277,1871,3087,1751,3111
0.040130,-0.073288,0.438875,-0.254767,0.113963,-0.056081,1689,2268,1892,3063,1753,3111
0.039574,-0.071105,0.438888,-0.255164,0.111780,-0.056470,1689,2258,1915,3037,1759,3111
0.040268,-0.070890,0.448820,-0.247891,0.111565,-0.063269,1689,2249,1935,3015,1764,3111
0.039453,-0.068035,0.443616,-0.252033,0.108710,-0.060014,1690,2242,1953,2998,1765,3111
0.040427,-0.067290,0.453154,-0.244822,0.107964,-0.066333,1690,2235,1969,2985,1766,3111
0.048584,-0.070562,0.465041,-0.230754,0.111237,-0.069479,1665,2186,1988,2985,1759,3111
0.049197,-0.072547,0.453677,-0.238046,0.113221,-0.060742,1656,2179,1992,2985,1758,3111
0.050864,-0.074370,0.447574,-0.240982,0.115045,-0.055139,1648,2176,1994,2985,1757,3111
0.053441,-0.075393,0.441548,-0.243201,0.116067,-0.048971,1642,2175,1994,2986,1754,3111
0.055689,-0.074635,0.436067,-0.245289,0.115309,-0.043427,1639,2175,1994,2986,1741,3111
0.057366,-0.075085,0.436649,-0.243664,0.115760,-0.042711,1638,2175,1994,2986,1727,3111
0.058082,-0.075082,0.436631,-0.243152,0.115757,-0.042210,1639,2176,1994,2986,1723,3111
0.057640,-0.074101,0.431960,-0.246658,0.114776,-0.039091,1642,2177,1994,2986,1723,3111
0.057704,-0.074943,0.437970,-0.242517,0.115617,-0.043448,1644,2179,1994,2986,1724,3111
0.056534,-0.074152,0.437515,-0.243684,0.114826,-0.043912,1647,2180,1994,2986,1724,3111
0.055520,-0.073469,0.437797,-0.244233,0.114144,-0.044809,1656,2181,1994,2986,1725,3111
0.054271,-0.072772,0.438030,-0.244990,0.113446,-0.045831,1661,2181,1994,2986,1725,3111
0.053772,-0.073064,0.442940,-0.242010,0.113738,-0.049765,1666,2182,1994,2986,1725,3111
0.052575,-0.073206,0.447062,-0.240078,0.113881,-0.053598,1670,2183,1994,2986,1726,3111
0.049614,-0.070339,0.433096,-0.251760,0.111014,-0.045391,1677,2183,1994,2986,1726,3111
0.049645,-0.071654,0.443396,-0.244721,0.112329,-0.052910,1685,2183,1994,2986,1731,3111
0.048354,-0.072314,0.448476,-0.242206,0.112988,-0.057508,1695,2183,1995,2986,1745,3111
0.046447,-0.071846,0.447883,-0.244005,0.112521,-0.058373,1705,2183,1995,2986,1759,3111
0.044662,-0.071570,0.448457,-0.244921,0.112245,-0.060009,1715,2183,1995,2986,1768,3111
0.043883,-0.072979,0.459648,-0.237869,0.113653,-0.068733,1724,2182,1995,2986,1773,3111
0.041618,-0.072985,0.459692,-0.239497,0.113659,-0.070309,1732,2181,1995,2986,1778,3111
0.039542,-0.073016,0.460023,-0.240791,0.113691,-0.071965,1741,2179,1996,2986,1786,3111
0.037841,-0.072994,0.459763,-0.242214,0.113668,-0.072933,1753,2177,1996,2986,1794,3111
0.037177,-0.075197,0.471113,-0.234968,0.115872,-0.081694,1766,2176,1996,2986,1802,3111
0.035312,-0.076295,0.477059,-0.232284,0.116969,-0.087319,1778,2175,1996,2986,1810,3111
0.032777,-0.076415,0.477613,-0.233762,0.117089,-0.089450,1790,2175,1996,2987,1819,3111
0.030837,-0.076336,0.477359,-0.235355,0.117011,-0.090586,1802,2175,1996,2987,1829,3111
0.047436,-0.075387,0.426849,-0.257610,0.116062,-0.042300,1649,2214,1958,3041,1673,3111
0.049871,-0.073789,0.432956,-0.251667,0.114464,-0.045113,1649,2208,1978,3037,1673,3111
0.051487,-0.069078,0.423815,-0.256711,0.109753,-0.037320,1649,2206,1997,3029,1673,3111
0.055408,-0.068875,0.438447,-0.243873,0.109550,-0.045361,1649,2205,2014,3015,1673,3111
0.051658,-0.069100,0.446934,-0.240837,0.109774,-0.054129,1657,2152,2047,2921,1711,3111
0.051844,-0.069736,0.440310,-0.245213,0.110411,-0.049153,1657,2148,2049,2921,1711,3111
0.052811,-0.072006,0.444152,-0.241888,0.112680,-0.051307,1658,2148,2053,2921,1711,3111
0.052798,-0.071791,0.439474,-0.245084,0.112466,-0.047890,1659,2150,2056,2921,1711,3111
0.053539,-0.072002,0.444125,-0.241374,0.112676,-0.050791,1661,2155,2056,2921,1711,3111
0.052556,-0.068994,0.440200,-0.244767,0.109668,-0.048587,1671,2157,2056,2920,1711,3111
0.052103,-0.067358,0.447576,-0.240074,0.108032,-0.054296,1684,2158,2056,2919,1711,3111
0.041269,-0.067137,0.456345,-0.242033,0.107812,-0.068096,1724,2158,2048,2918,1711,3111
0.038520,-0.068834,0.464553,-0.238453,0.109509,-0.075977,1732,2158,2048,2919,1711,3111
0.035705,-0.068071,0.457177,-0.245539,0.108745,-0.072494,1738,2158,2048,2919,1711,3111
0.034549,-0.068848,0.463727,-0.241923,0.109523,-0.078077,1743,2158,2048,2919,1712,3111
0.033539,-0.068785,0.463524,-0.242801,0.109459,-0.078617,1745,2157,2048,2920,1712,3111
0.032637,-0.068831,0.463636,-0.243385,0.109506,-0.079314,1743,2157,2048,2920,1712,3111
0.032348,-0.069187,0.463650,-0.243588,0.109861,-0.079520,1739,2155,2051,2920,1712,3111
0.032786,-0.069566,0.463640,-0.243273,0.110240,-0.079216,1735,2154,2054,2920,1712,3111
0.034307,-0.069559,0.463599,-0.242188,0.110233,-0.078149,1725,2153,2056,2920,1712,3111
0.036201,-0.069534,0.463460,-0.240896,0.110209,-0.076757,1714,2153,2057,2920,1712,3111
0.038870,-0.069536,0.463468,-0.238937,0.110211,-0.074944,1706,2152,2057,2920,1709,3111
0.040670,-0.068575,0.458000,-0.241344,0.109250,-0.069715,1698,2151,2057,2920,1706,3111
0.043069,-0.070030,0.464061,-0.235458,0.110705,-0.072519,1693,2149,2057,2920,1705,3111
0.043999,-0.069456,0.452897,-0.242382,0.110131,-0.063712,1688,2149,2056,2920,1705,3111
0.045210,-0.069739,0.447048,-0.245480,0.110413,-0.058604,1687,2149,2056,2920,1705,3111
0.046998,-0.071856,0.457246,-0.237224,0.112530,-0.064852,1686,2149,2056,2920,1705,3111
0.047748,-0.071852,0.457219,-0.236694,0.112526,-0.064322,1686,2149,2056,2921,1705,3111
0.047087,-0.069795,0.447416,-0.243855,0.110470,-0.057596,1687,2149,2056,2921,1705,3111
0.046614,-0.069622,0.447937,-0.243847,0.110297,-0.058299,1687,2150,2056,2921,1705,3111
0.046690,-0.069073,0.446667,-0.244656,0.109748,-0.057317,1687,2150,2056,2921,1705,3111
0.046522,-0.068997,0.447006,-0.244548,0.109671,-0.057680,1686,2152,2056,2921,1704,3111
0.045894,-0.068343,0.440775,-0.249253,0.109017,-0.053546,1685,2153,2056,2920,1704,3111
0.046073,-0.068033,0.445072,-0.246194,0.108708,-0.056571,1685,2155,2056,2920,1703,3111
0.046812,-0.068087,0.448305,-0.243451,0.108762,-0.058434,1683,2157,2055,2920,1702,3111
0.051075,-0.067587,0.446877,-0.241302,0.108262,-0.054484,1641,2154,2046,2919,1668,3111
0.052567,-0.069598,0.442052,-0.243497,0.110272,-0.049936,1628,2152,2046,2919,1666,3111
0.054291,-0.070532,0.435621,-0.246616,0.111207,-0.044053,1619,2151,2046,2919,1665,3111
0.056633,-0.071022,0.430914,-0.248107,0.111696,-0.039011,1614,2151,2046,2919,1661,3111
0.060464,-0.071427,0.430875,-0.245329,0.112102,-0.036374,1613,2152,2046,2919,1651,3111
0.061027,-0.070600,0.424772,-0.249074,0.111274,-0.031522,1613,2154,2047,2919,1645,3111
0.060899,-0.069932,0.422706,-0.250576,0.110607,-0.030097,1614,2156,2047,2919,1645,3111
0.061375,-0.069409,0.426107,-0.247910,0.110084,-0.032262,1615,2157,2048,2919,1645,3111
0.061246,-0.068636,0.430696,-0.244879,0.109311,-0.035710,1618,2158,2049,2919,1647,3111
0.060321,-0.067554,0.428656,-0.246945,0.108229,-0.034846,1627,2158,2050,2919,1650,3111
0.059444,-0.066860,0.431175,-0.245872,0.107535,-0.037288,1637,2158,2049,2919,1650,3111
0.052988,-0.067751,0.441669,-0.243449,0.108426,-0.049369,1669,2159,2049,2919,1652,3111
0.050202,-0.067266,0.440734,-0.246126,0.107940,-0.050582,1676,2159,2051,2919,1653,3111
0.048630,-0.067305,0.445415,-0.244089,0.107980,-0.055080,1683,2159,2053,2919,1653,3111
0.046163,-0.067481,0.447696,-0.244341,0.108156,-0.058430,1665,2154,2056,2920,1654,3111
0.048432,-0.068111,0.447699,-0.242678,0.108786,-0.056886,1652,2153,2056,2920,1654,3111
0.050684,-0.069448,0.446592,-0.241783,0.110123,-0.054542,1640,2151,2056,2920,1654,3111
0.053872,-0.069651,0.442957,-0.241926,0.110326,-0.049709,1629,2150,2056,2920,1654,3111
0.057376,-0.070571,0.441853,-0.240112,0.111245,-0.046514,1621,2150,2055,2920,1653,3111
0.059600,-0.070699,0.436233,-0.242312,0.111374,-0.040884,1618,2149,2055,2920,1653,3111
0.061933,-0.071273,0.435236,-0.241284,0.111947,-0.038565,1617,2150,2055,2920,1653,3111
0.062065,-0.070359,0.428518,-0.245763,0.111034,-0.033557,1621,2152,2055,2920,1653,3111
0.061811,-0.069297,0.425346,-0.248110,0.109972,-0.031408,1624,2155,2054,2920,1653,3111
0.061469,-0.069231,0.430452,-0.244882,0.109906,-0.035380,1631,2157,2053,2920,1653,3111
0.059539,-0.068361,0.431922,-0.245294,0.109035,-0.037770,1645,2158,2052,2920,1653,3111
0.057601,-0.067284,0.434974,-0.244633,0.107959,-0.041325,1658,2159,2050,2919,1653,3111
0.054668,-0.066825,0.437015,-0.245390,0.107499,-0.044816,1669,2160,2049,2919,1653,3111
0.051914,-0.067573,0.446487,-0.240954,0.108247,-0.053627,1680,2160,2049,2919,1653,3111
0.048392,-0.068383,0.453062,-0.239054,0.109058,-0.060840,1647,2156,2055,2919,1651,3111
0.050719,-0.067796,0.442176,-0.244766,0.108471,-0.051285,1635,2154,2055,2919,1651,3111
0.054696,-0.068301,0.437247,-0.245212,0.108976,-0.044967,1629,2153,2054,2919,1650,3111
0.058136,-0.068868,0.436016,-0.243531,0.109542,-0.041723,1627,2153,2051,2919,1650,3111
0.058904,-0.069234,0.431244,-0.246220,0.109908,-0.037706,1627,2154,2049,2919,1651,3111
0.059122,-0.069743,0.431422,-0.245939,0.110418,-0.037688,1634,2156,2048,2919,1651,3111
0.057090,-0.068786,0.426748,-0.250611,0.109460,-0.035650,1648,2157,2048,2919,1652,3111
0.056715,-0.070080,0.440591,-0.241456,0.110755,-0.046041,1662,2158,2048,2918,1652,3111
0.053406,-0.069248,0.441914,-0.242977,0.109922,-0.049263,1677,2159,2048,2917,1652,3111
0.049362,-0.067763,0.441770,-0.246036,0.108437,-0.051912,1692,2159,2048,2917,1653,3111
0.045401,-0.067104,0.445630,-0.246306,0.107779,-0.057437,1707,2160,2048,2918,1653,3111
0.042408,-0.067252,0.453871,-0.242884,0.107926,-0.065509,1717,2160,2048,2918,1655,3111
0.036897,-0.067055,0.457940,-0.244147,0.107729,-0.072242,1725,2160,2053,2919,1677,3111
0.043669,-0.067795,0.457819,-0.239271,0.108470,-0.067540,1676,2158,2054,2919,1679,3111
0.045775,-0.067082,0.448990,-0.243743,0.107757,-0.059642,1667,2158,2051,2919,1679,3111
0.047663,-0.066679,0.441914,-0.247181,0.107354,-0.053175,1662,2158,2049,2919,1678,3111
0.049875,-0.068785,0.448024,-0.241400,0.109460,-0.056141,1661,2158,2048,2919,1678,3111
0.049516,-0.067569,0.434451,-0.250908,0.108244,-0.046449,1665,2158,2048,2919,1678,3111
0.049784,-0.067778,0.434208,-0.250878,0.108453,-0.046088,1666,2158,2048,2919,1679,3111
0.049719,-0.068383,0.441145,-0.246201,0.109058,-0.051212,1671,2158,2048,2919,1679,3111
0.048195,-0.067733,0.442369,-0.246482,0.108407,-0.053145,1683,2158,2050,2919,1681,3111
0.046858,-0.067594,0.446737,-0.244486,0.108269,-0.057255,1694,2159,2050,2918,1685,3111
0.045008,-0.066839,0.446616,-0.245923,0.107513,-0.058426,1702,2159,2051,2916,1686,3111
0.043166,-0.067141,0.452351,-0.243364,0.107816,-0.063879,1708,2159,2051,2916,1687,3111
0.040193,-0.066896,0.456857,-0.242472,0.107571,-0.069204,1703,2159,2052,2918,1689,3111
0.040303,-0.067621,0.454918,-0.243712,0.108296,-0.067709,1700,2159,2052,2918,1689,3111
0.042396,-0.067366,0.448432,-0.246598,0.108041,-0.061535,1680,2158,2051,2918,1689,3111
0.043870,-0.068103,0.448413,-0.245531,0.108777,-0.060517,1672,2158,2053,2918,1687,3111
0.045803,-0.067462,0.445465,-0.246124,0.108137,-0.057041,1668,2158,2054,2918,1685,3111
0.048400,-0.068231,0.445871,-0.243946,0.108906,-0.055570,1667,2158,2054,2918,1685,3111
0.051822,-0.066925,0.422738,-0.257199,0.107599,-0.036303,1624,2232,1955,2967,1613,3112
0.051507,-0.067653,0.426025,-0.255190,0.108328,-0.038924,1628,2224,1957,2967,1614,3112
0.050444,-0.067639,0.422857,-0.258127,0.108314,-0.037328,1631,2212,1961,2967,1623,3112
0.050376,-0.070507,0.431773,-0.252103,0.111181,-0.043903,1631,2201,1963,2967,1629,3112
0.049820,-0.072162,0.427988,-0.255089,0.112836,-0.041510,1631,2191,1963,2968,1630,3112
0.048707,-0.072860,0.418112,-0.262631,0.113535,-0.035038,1632,2185,1963,2968,1630,3112
0.046509,-0.073458,0.419992,-0.262959,0.114132,-0.037912,1645,2190,1973,2979,1632,3112
0.047888,-0.074263,0.427812,-0.256623,0.114938,-0.042697,1639,2187,1981,2979,1635,3112
0.049317,-0.075054,0.431170,-0.253289,0.115728,-0.044183,1631,2184,1991,2979,1635,3112
0.052077,-0.074012,0.427890,-0.253502,0.114686,-0.039901,1617,2183,1999,2978,1633,3112
0.055235,-0.072650,0.422189,-0.255075,0.113325,-0.033576,1609,2183,2007,2978,1629,3112
0.059191,-0.071976,0.423178,-0.251504,0.112650,-0.031605,1605,2183,2013,2978,1627,3112
0.062488,-0.069820,0.421890,-0.249967,0.110495,-0.028417,1607,2183,2016,2976,1627,3112
0.064940,-0.068970,0.427799,-0.244147,0.109645,-0.031073,1616,2185,2017,2969,1627,3112
0.063875,-0.067155,0.427751,-0.244960,0.107830,-0.031763,1626,2189,2009,2968,1627,3112
0.061820,-0.067021,0.432188,-0.243442,0.107696,-0.036411,1634,2190,2006,2967,1631,3112
0.058510,-0.067119,0.434901,-0.244018,0.107794,-0.040652,1640,2190,2006,2967,1633,3112
0.054633,-0.067374,0.432462,-0.248517,0.108049,-0.041507,1643,2190,2006,2967,1633,3112
0.052258,-0.066835,0.427725,-0.253483,0.107510,-0.039657,1644,2190,2006,2967,1634,3112
0.051814,-0.067268,0.437583,-0.247093,0.107943,-0.047177,1656,2190,2006,2967,1634,3112
0.050368,-0.067260,0.437537,-0.248182,0.107935,-0.048128,1659,2190,2007,2967,1634,3112
0.049643,-0.067613,0.437495,-0.248742,0.108288,-0.048592,1660,2189,2008,2968,1634,3112
0.048552,-0.067236,0.437392,-0.249610,0.107911,-0.049259,1658,2187,2008,2968,1634,3112
0.048814,-0.068063,0.437895,-0.249076,0.108737,-0.049448,1656,2184,2009,2969,1634,3112
0.049202,-0.067908,0.436689,-0.249614,0.108582,-0.048301,1650,2183,2009,2969,1634,3112
0.051234,-0.070150,0.443275,-0.243640,0.110825,-0.051739,1637,2183,2009,2969,1632,3112
0.052812,-0.070276,0.438182,-0.245954,0.110951,-0.046936,1624,2182,2009,2969,1628,3112
0.054966,-0.070519,0.432608,-0.248174,0.111193,-0.041388,1614,2182,2010,2969,1626,3112
0.058027,-0.071007,0.432711,-0.245863,0.111682,-0.039377,1602,2182,2009,2968,1625,3112
0.061387,-0.070694,0.427588,-0.246893,0.111368,-0.033338,1593,2182,2007,2968,1624,3112
0.064849,-0.072345,0.432410,-0.241073,0.113020,-0.034510,1586,2182,2007,2967,1624,3112
0.066690,-0.072839,0.427751,-0.242900,0.113514,-0.029845,1584,2182,2007,2967,1624,3112
0.066984,-0.071425,0.417352,-0.249768,0.112100,-0.022032,1585,2182,2007,2967,1623,3112
0.068825,-0.072117,0.422490,-0.244920,0.112792,-0.024539,1590,2182,2006,2967,1623,3112
0.067654,-0.070721,0.417249,-0.249347,0.111395,-0.021499,1594,2182,2006,2967,1623,3112
0.066028,-0.070404,0.417681,-0.250244,0.111079,-0.022923,1605,2183,2006,2967,1623,3112
0.063384,-0.069611,0.417161,-0.252534,0.110286,-0.024344,1615,2183,2006,2967,1624,3112
0.061546,-0.069634,0.422221,-0.250432,0.110309,-0.029300,1623,2183,2006,2967,1624,3112
0.060147,-0.070754,0.431486,-0.245145,0.111429,-0.037037,1630,2183,2006,2967,1625,3112
0.056586,-0.069055,0.423122,-0.253449,0.109730,-0.033339,1636,2183,2006,2967,1626,3112
0.055805,-0.070136,0.432061,-0.247933,0.110811,-0.040416,1643,2183,2006,2967,1626,3112
0.053638,-0.069269,0.427523,-0.252610,0.109943,-0.038569,1647,2183,2006,2967,1626,3112
0.051846,-0.069944,0.430341,-0.252003,0.110619,-0.041853,1649,2183,2006,2967,1626,3112
0.050691,-0.069854,0.432456,-0.251407,0.110528,-0.044188,1651,2184,2006,2967,1626,3112
0.050218,-0.069416,0.431531,-0.252383,0.110090,-0.043833,1651,2184,2006,2967,1626,3112
0.050902,-0.070227,0.437792,-0.247618,0.110902,-0.047951,1650,2184,2006,2967,1625,3112
0.050258,-0.069306,0.433255,-0.251180,0.109981,-0.045068,1647,2184,2006,2966,1624,3112
0.051291,-0.070506,0.438063,-0.247149,0.111181,-0.047884,1644,2184,2006,2966,1624,3112
0.051245,-0.070242,0.433089,-0.250570,0.110916,-0.044274,1642,2185,2006,2966,1623,3112
0.052330,-0.070291,0.432713,-0.250032,0.110965,-0.043259,1639,2189,2005,2965,1617,3112
0.052647,-0.069000,0.428035,-0.252987,0.109675,-0.039619,1630,2192,2005,2965,1605,3112
0.053476,-0.068149,0.427802,-0.252539,0.108824,-0.038884,1624,2195,2005,2962,1599,3112
0.053501,-0.066781,0.431105,-0.250270,0.107455,-0.041285,1620,2196,2005,2955,1597,3112
0.041961,-0.066721,0.398845,-0.280694,0.107395,-0.025528,1592,2289,1856,2910,1577,3112
0.039656,-0.067715,0.395269,-0.284818,0.108390,-0.024481,1591,2301,1845,2926,1577,3112
0.038391,-0.067709,0.395678,-0.285465,0.108384,-0.025642,1589,2315,1838,2950,1577,3111
0.046926,-0.067170,0.388004,-0.284444,0.107845,-0.014209,1570,2377,1701,3066,1542,3111
0.044365,-0.068188,0.388416,-0.286038,0.108862,-0.016255,1576,2378,1698,3066,1543,3111
0.042426,-0.068077,0.387751,-0.287911,0.108751,-0.017090,1584,2379,1697,3066,1544,3111
0.039885,-0.068174,0.388297,-0.289399,0.108849,-0.019220,1590,2379,1697,3065,1545,3111
0.038231,-0.067614,0.387259,-0.291317,0.108288,-0.019586,1594,2379,1697,3063,1546,3111
0.035900,-0.067337,0.387660,-0.292750,0.108012,-0.021468,1597,2379,1698,3060,1547,3111
0.034705,-0.068500,0.395967,-0.287967,0.109174,-0.028364,1599,2379,1698,3058,1548,3111
0.033110,-0.067872,0.390981,-0.292531,0.108546,-0.025800,1600,2379,1698,3058,1552,3111
0.032591,-0.068622,0.391971,-0.292237,0.109296,-0.026879,1600,2377,1702,3057,1558,3111
0.032446,-0.070116,0.395513,-0.289930,0.110791,-0.029571,1597,2373,1707,3057,1560,3111
0.033034,-0.070480,0.394467,-0.290212,0.111155,-0.028404,1593,2369,1708,3062,1558,3111
0.034700,-0.071031,0.395122,-0.288546,0.111706,-0.027748,1592,2368,1708,3064,1557,3111
0.036351,-0.071734,0.395415,-0.287138,0.112409,-0.026839,1590,2366,1709,3066,1556,3111
0.037826,-0.072656,0.392809,-0.287833,0.113330,-0.023926,1588,2362,1709,3066,1555,3111
0.039918,-0.075479,0.395099,-0.284741,0.116153,-0.024177,1583,2355,1709,3066,1555,3111
0.038956,-0.075606,0.391587,-0.287838,0.116281,-0.022262,1600,2341,1757,3055,1577,3111
0.040030,-0.074814,0.396047,-0.284014,0.115489,-0.024795,1603,2340,1765,3055,1577,3111
0.040746,-0.074322,0.399637,-0.281044,0.114997,-0.026935,1604,2340,1771,3055,1577,3111
0.040547,-0.072569,0.399708,-0.281141,0.113244,-0.027123,1605,2340,1776,3055,1577,3111
0.040534,-0.071130,0.400320,-0.280734,0.111805,-0.027580,1607,2340,1779,3055,1577,3111
0.039886,-0.068167,0.391144,-0.287459,0.108842,-0.021304,1613,2340,1782,3054,1577,3111
0.040404,-0.068906,0.400913,-0.280426,0.109581,-0.028103,1617,2340,1782,3054,1577,3111
0.040399,-0.069956,0.409205,-0.274781,0.110631,-0.034177,1620,2340,1782,3054,1578,3111
0.039380,-0.070006,0.409460,-0.275353,0.110681,-0.035058,1627,2340,1782,3049,1580,3111
0.037234,-0.068901,0.404093,-0.280579,0.109575,-0.032590,1633,2339,1783,3039,1590,3111
0.035477,-0.070006,0.409155,-0.278418,0.110681,-0.037493,1637,2339,1783,3029,1598,3111
0.033381,-0.070155,0.408678,-0.280277,0.110830,-0.038571,1640,2336,1787,3017,1600,3111
0.031578,-0.070655,0.414016,-0.277961,0.111330,-0.043708,1644,2329,1795,3005,1601,3111
0.029457,-0.069654,0.409253,-0.282758,0.110329,-0.041665,1647,2320,1805,2994,1602,3111
0.028126,-0.070730,0.413016,-0.281170,0.111405,-0.045327,1647,2308,1818,2987,1603,3111
0.027057,-0.071624,0.412281,-0.282453,0.112298,-0.045517,1647,2295,1835,2985,1605,3111
0.027505,-0.073218,0.416517,-0.279239,0.113893,-0.048313,1644,2285,1857,2986,1613,3111
0.029361,-0.072280,0.412984,-0.280287,0.112955,-0.044463,1642,2274,1883,2986,1617,3111
0.033153,-0.072015,0.417563,-0.274392,0.112690,-0.045232,1640,2262,1913,2983,1617,3111
0.036805,-0.068676,0.408471,-0.277911,0.109351,-0.036088,1639,2249,1940,2983,1617,3111
0.041540,-0.068076,0.422790,-0.264691,0.108751,-0.043345,1639,2238,1963,2983,1617,3111
0.050381,-0.067999,0.437657,-0.248091,0.108674,-0.048207,1649,2209,1956,2983,1620,3111
0.047875,-0.071541,0.437800,-0.249829,0.112216,-0.050018,1649,2209,1941,2990,1620,3111
0.045959,-0.073990,0.433851,-0.253922,0.114665,-0.048432,1647,2209,1936,2993,1620,3111
0.045667,-0.076520,0.428717,-0.257632,0.117194,-0.044873,1644,2216,1934,2994,1614,3111
0.046001,-0.075552,0.427036,-0.258533,0.116227,-0.043415,1643,2217,1934,2994,1614,3111
0.045993,-0.074836,0.426963,-0.258588,0.115510,-0.043367,1643,2218,1934,2994,1616,3111
0.045986,-0.074119,0.426891,-0.258643,0.114794,-0.043319,1643,2219,1934,2994,1618,3111
0.045979,-0.073403,0.426818,-0.258698,0.114078,-0.043271,1644,2219,1934,2994,1619,3111
0.045797,-0.073213,0.428189,-0.257897,0.113888,-0.044398,1645,2220,1934,2994,1619,3111
0.045679,-0.073134,0.427292,-0.258594,0.113808,-0.043822,1645,2220,1934,2994,1620,3111
0.045876,-0.073910,0.432957,-0.254591,0.114584,-0.047835,1646,2220,1934,2994,1620,3111
0.044337,-0.071333,0.419032,-0.265203,0.112007,-0.038689,1647,2220,1934,2994,1620,3111
0.044979,-0.073139,0.427324,-0.259085,0.113813,-0.044322,1648,2219,1934,2994,1621,3111
0.045080,-0.074233,0.433083,-0.255088,0.114907,-0.048470,1649,2218,1934,2994,1621,3111
0.044462,-0.074644,0.433084,-0.255540,0.115319,-0.048892,1650,2217,1934,2994,1621,3111
0.043671,-0.074968,0.433209,-0.256034,0.115642,-0.049521,1656,2217,1934,2994,1621,3111
0.043756,-0.075374,0.433176,-0.255994,0.116049,-0.049439,1663,2219,1932,2994,1621,3111
0.042822,-0.075465,0.433825,-0.256236,0.116140,-0.050551,1671,2221,1930,2994,1621,3111
0.040134,-0.073641,0.427770,-0.262328,0.114315,-0.047949,1682,2222,1930,2993,1621,3111
0.037792,-0.073011,0.433534,-0.260116,0.113686,-0.053764,1694,2223,1931,2993,1622,3111
0.033985,-0.071319,0.433161,-0.263158,0.111994,-0.056084,1704,2223,1931,2993,1634,3111
0.031975,-0.071829,0.441998,-0.258610,0.112503,-0.063924,1709,2222,1931,2987,1652,3111
0.030380,-0.072332,0.448831,-0.255122,0.113007,-0.070012,1711,2222,1928,2984,1664,3111
0.028349,-0.072592,0.443083,-0.260525,0.113267,-0.067188,1711,2220,1925,2984,1666,3111
0.027857,-0.074890,0.448636,-0.257103,0.115565,-0.071588,1710,2217,1925,2983,1667,3111
0.034861,-0.076423,0.444167,-0.255019,0.117098,-0.063545,1690,2212,1934,2993,1669,3111
0.037333,-0.075740,0.438547,-0.257037,0.116415,-0.057747,1679,2216,1935,2993,1664,3111
0.038247,-0.076304,0.443051,-0.253301,0.116978,-0.060421,1671,2216,1935,2993,1663,3111
0.038655,-0.074214,0.433399,-0.259577,0.114889,-0.053077,1667,2216,1935,2993,1663,3111
0.040269,-0.075474,0.439074,-0.254529,0.116148,-0.056133,1663,2214,1934,2993,1662,3111
0.041704,-0.075558,0.437265,-0.254711,0.116233,-0.053831,1663,2213,1934,2993,1662,3111
0.042251,-0.076584,0.437403,-0.254216,0.117259,-0.053559,1663,2213,1934,2993,1662,3111
0.042291,-0.075734,0.428177,-0.260472,0.116408,-0.046777,1665,2214,1934,2993,1661,3111
0.042276,-0.076213,0.432536,-0.257514,0.116888,-0.049979,1668,2215,1934,2993,1661,3111
0.041895,-0.075830,0.433938,-0.256837,0.116504,-0.051265,1670,2217,1934,2993,1660,3111
0.041171,-0.075097,0.433826,-0.257444,0.115771,-0.051676,1672,2218,1934,2993,1660,3111
0.040446,-0.074364,0.433713,-0.258051,0.115038,-0.052087,1672,2219,1934,2993,1660,3111
0.040799,-0.075369,0.443690,-0.250997,0.116043,-0.059151,1673,2219,1934,2993,1660,3111
0.038001,-0.071214,0.418903,-0.269930,0.111888,-0.042910,1674,2220,1934,2993,1660,3111
0.038673,-0.072487,0.433020,-0.259822,0.113162,-0.052788,1674,2220,1934,2993,1660,3111
0.039336,-0.074631,0.443672,-0.252080,0.115306,-0.060134,1674,2220,1934,2993,1660,3111
0.038508,-0.073837,0.437745,-0.256723,0.114511,-0.056359,1674,2220,1934,2993,1660,3111
0.038508,-0.073837,0.437745,-0.256723,0.114511,-0.056359,1674,2220,1934,2993,1660,3111
0.038187,-0.072530,0.433411,-0.259911,0.113205,-0.053405,1674,2220,1934,2993,1659,3111
0.038502,-0.073101,0.437663,-0.256784,0.113776,-0.056303,1674,2220,1934,2993,1652,3111
0.038502,-0.073101,0.437663,-0.256784,0.113776,-0.056303,1674,2220,1934,2993,1642,3111
0.038502,-0.073101,0.437663,-0.256784,0.113776,-0.056303,1674,2221,1934,2993,1636,3111
0.038345,-0.073233,0.438590,-0.256267,0.113907,-0.057089,1674,2221,1934,2993,1635,3111
0.037101,-0.071408,0.428317,-0.264176,0.112083,-0.050415,1674,2221,1934,2993,1635,3111
0.037806,-0.072159,0.434824,-0.259227,0.112834,-0.054699,1674,2221,1934,2993,1635,3111
0.037379,-0.071787,0.433055,-0.260745,0.112462,-0.053695,1674,2221,1934,2993,1635,3111
0.037982,-0.072501,0.438545,-0.256564,0.113175,-0.057304,1674,2221,1934,2993,1635,3111
0.037540,-0.071340,0.432869,-0.260754,0.112015,-0.053449,1674,2221,1934,2993,1635,3111
0.037700,-0.071680,0.433155,-0.260441,0.112355,-0.053549,1674,2221,1934,2993,1635,3111
0.037903,-0.071358,0.432961,-0.260425,0.112033,-0.053269,1674,2221,1934,2993,1635,3111
0.037552,-0.071435,0.433258,-0.260481,0.112110,-0.053726,1674,2222,1934,2993,1635,3111
0.038339,-0.072494,0.438501,-0.256333,0.113169,-0.057028,1674,2222,1934,2993,1635,3111
0.038420,-0.072441,0.439795,-0.255391,0.113115,-0.057920,1674,2222,1934,2993,1635,3111
0.038488,-0.071632,0.437498,-0.256907,0.112306,-0.056192,1674,2222,1934,2993,1635,3111
0.037700,-0.070966,0.433154,-0.260443,0.111640,-0.053548,1674,2222,1934,2993,1635,3111
0.037720,-0.070764,0.433441,-0.260232,0.111438,-0.053745,1674,2222,1934,2993,1635,3111
0.037695,-0.070744,0.434010,-0.259863,0.111418,-0.054179,1674,2222,1934,2993,1635,3111
0.037806,-0.070727,0.434831,-0.259223,0.111401,-0.054704,1674,2222,1934,2993,1635,3111
0.037814,-0.071303,0.438093,-0.256994,0.111978,-0.057087,1674,2222,1934,2993,1635,3111
0.037450,-0.070777,0.433579,-0.260336,0.111451,-0.054029,1674,2222,1934,2993,1635,3111
0.037450,-0.070777,0.433579,-0.260336,0.111451,-0.054029,1674,2223,1934,2993,1635,3111
0.037764,-0.070902,0.437445,-0.257473,0.111576,-0.056646,1674,2223,1934,2993,1635,3111
0.037764,-0.070902,0.437445,-0.257473,0.111576,-0.056646,1673,2223,1934,2993,1635,3111
0.037867,-0.070729,0.438161,-0.256909,0.111404,-0.057100,1673,2223,1934,2993,1635,3111
0.037700,-0.070251,0.433152,-0.260444,0.110926,-0.053547,1673,2223,1934,2993,1635,3111
0.037700,-0.070251,0.433152,-0.260444,0.110926,-0.053547,1673,2223,1934,2993,1635,3111
0.038325,-0.071017,0.438312,-0.256471,0.111692,-0.056899,1673,2223,1934,2993,1635,3111
0.037700,-0.070251,0.433152,-0.260444,0.110926,-0.053547,1673,2223,1934,2993,1635,3111
0.037714,-0.070034,0.433349,-0.260300,0.110708,-0.053682,1673,2223,1934,2993,1635,3111
0.037669,-0.069473,0.432359,-0.261007,0.110147,-0.052987,1673,2223,1934,2993,1636,3111
0.037802,-0.069486,0.433766,-0.259951,0.110160,-0.053927,1673,2224,1934,2993,1637,3111
0.037700,-0.069537,0.433150,-0.260446,0.110212,-0.053546,1672,2225,1934,2993,1638,3111
0.037862,-0.069190,0.432387,-0.260847,0.109865,-0.052876,1672,2228,1934,2993,1638,3111
0.038519,-0.069829,0.437892,-0.256616,0.110504,-0.056460,1672,2232,1934,2993,1639,3111
0.037125,-0.068113,0.424351,-0.266861,0.108788,-0.047495,1672,2235,1934,2993,1640,3111
0.037849,-0.069142,0.437988,-0.257040,0.109817,-0.056986,1672,2236,1934,2993,1640,3111
0.037475,-0.066994,0.431996,-0.261396,0.107669,-0.052854,1673,2236,1934,2993,1640,3111
0.037406,-0.067120,0.433028,-0.260744,0.107794,-0.053657,1673,2236,1932,2993,1640,3111
0.037414,-0.067850,0.433136,-0.260664,0.108525,-0.053730,1673,2236,1932,2993,1640,3111
0.037744,-0.068700,0.437198,-0.257656,0.109375,-0.056479,1673,2236,1932,2993,1640,3111
0.037190,-0.068221,0.433233,-0.260762,0.108896,-0.053953,1672,2236,1932,2993,1640,3111
0.037946,-0.068806,0.438046,-0.256930,0.109481,-0.056963,1672,2235,1932,2993,1640,3111
0.037667,-0.067532,0.427616,-0.264239,0.108207,-0.049517,1672,2234,1931,2993,1640,3111
0.038468,-0.069430,0.437252,-0.257089,0.110104,-0.056025,1673,2232,1928,2993,1640,3111
0.038528,-0.070569,0.438012,-0.256527,0.111244,-0.056541,1673,2229,1926,2993,1641,3111
0.037791,-0.072763,0.443531,-0.253307,0.113437,-0.061083,1673,2226,1925,2993,1641,3111
0.037085,-0.074260,0.443756,-0.253671,0.114935,-0.061729,1673,2225,1925,2993,1641,3111
0.037233,-0.074225,0.433464,-0.260573,0.114900,-0.054094,1673,2225,1925,2993,1641,3111
0.038119,-0.075585,0.437434,-0.257221,0.116259,-0.056396,1673,2225,1925,2993,1642,3111
0.037292,-0.074790,0.432554,-0.261150,0.115464,-0.053387,1673,2225,1926,2993,1642,3111
0.036881,-0.074369,0.433723,-0.260654,0.115043,-0.054523,1674,2225,1926,2993,1642,3111
0.036713,-0.073371,0.433520,-0.260916,0.114045,-0.054489,1674,2225,1927,2993,1642,3111
0.036671,-0.074124,0.437329,-0.258352,0.114799,-0.057306,1674,2225,1927,2993,1642,3111
0.036371,-0.073262,0.433507,-0.261175,0.113936,-0.054712,1674,2225,1927,2993,1642,3111
0.036147,-0.072902,0.433488,-0.261352,0.113576,-0.054851,1674,2226,1927,2993,1642,3111
0.036000,-0.072657,0.433515,-0.261442,0.113331,-0.054971,1675,2226,1927,2993,1642,3111
0.036078,-0.073502,0.438163,-0.258218,0.114177,-0.058320,1677,2226,1927,2993,1643,3111
0.035947,-0.073394,0.437275,-0.258918,0.114068,-0.057759,1680,2226,1927,2993,1643,3111
0.035996,-0.073798,0.437937,-0.258432,0.114473,-0.058212,1682,2226,1925,2993,1643,3111
0.035425,-0.074126,0.438120,-0.258725,0.114801,-0.058734,1683,2226,1925,2992,1643,3111
0.034914,-0.075022,0.443907,-0.255158,0.115696,-0.063319,1683,2226,1925,2992,1643,3111
0.033799,-0.073083,0.433913,-0.262781,0.113758,-0.056762,1683,2226,1925,2992,1643,3111
0.033802,-0.074143,0.437458,-0.260365,0.114818,-0.059355,1683,2226,1925,2992,1643,3111
0.033802,-0.074143,0.437458,-0.260365,0.114818,-0.059355,1683,2226,1925,2992,1643,3111
0.034235,-0.075393,0.443930,-0.255639,0.116068,-0.063798,1683,2226,1925,2992,1643,3111
0.033802,-0.074143,0.437458,-0.260365,0.114818,-0.059355,1683,2226,1925,2992,1643,3111
0.033980,-0.074257,0.438312,-0.259652,0.114932,-0.059858,1683,2226,1925,2992,1643,3111
0.034428,-0.074250,0.438298,-0.259334,0.114925,-0.059543,1683,2226,1925,2992,1643,3111
0.034428,-0.074250,0.438298,-0.259334,0.114925,-0.059543,1683,2226,1925,2992,1643,3111
0.034018,-0.073636,0.433600,-0.262834,0.114311,-0.056383,1683,2226,1925,2992,1643,3111
0.034526,-0.074875,0.437514,-0.259797,0.115549,-0.058903,1683,2226,1925,2992,1643,3111
0.034526,-0.074875,0.437514,-0.259797,0.115549,-0.058903,1682,2226,1925,2992,1643,3111
0.034796,-0.074990,0.438401,-0.258994,0.115665,-0.059368,1681,2226,1925,2992,1643,3111
0.034490,-0.073902,0.433317,-0.262682,0.114576,-0.055854,1680,2226,1925,2992,1643,3111
0.035697,-0.075394,0.443903,-0.254587,0.116068,-0.062783,1679,2226,1925,2992,1643,3111
0.034732,-0.073636,0.433603,-0.262310,0.114311,-0.055899,1679,2226,1925,2992,1643,3111
0.035288,-0.073847,0.437422,-0.259301,0.114522,-0.058316,1679,2226,1925,2992,1643,3111
0.035779,-0.074249,0.438224,-0.258396,0.114924,-0.058569,1679,2226,1925,2992,1643,3111
0.035067,-0.073007,0.431289,-0.263641,0.113681,-0.053977,1679,2226,1925,2992,1643,3111
0.035294,-0.073382,0.433587,-0.261910,0.114057,-0.055505,1679,2226,1925,2992,1643,3111
0.035779,-0.074249,0.438224,-0.258396,0.114924,-0.058569,1679,2226,1925,2992,1643,3111
0.035155,-0.073364,0.432560,-0.262710,0.114039,-0.054847,1679,2226,1925,2992,1643,3111
0.035236,-0.073099,0.434014,-0.261661,0.113774,-0.055857,1679,2227,1925,2992,1643,3111
0.035206,-0.073194,0.433353,-0.262133,0.113868,-0.055393,1679,2227,1925,2992,1643,3111
0.035756,-0.073836,0.437875,-0.258650,0.114511,-0.058329,1679,2227,1925,2992,1643,3111
0.035237,-0.073459,0.434027,-0.261651,0.114134,-0.055865,1679,2227,1925,2992,1643,3111
0.035166,-0.072445,0.427840,-0.265917,0.113120,-0.051384,1678,2227,1925,2992,1643,3111
0.035658,-0.073261,0.433507,-0.261697,0.113936,-0.055198,1677,2227,1925,2992,1643,3111
0.035658,-0.073261,0.433507,-0.261697,0.113936,-0.055198,1677,2227,1925,2992,1643,3111
0.035920,-0.073248,0.433363,-0.261604,0.113923,-0.054914,1676,2226,1929,2992,1643,3111
0.036489,-0.073968,0.438801,-0.257482,0.114643,-0.058508,1676,2226,1930,2992,1643,3111
0.035909,-0.072846,0.433029,-0.261839,0.113521,-0.054677,1675,2225,1932,2992,1643,3111
0.037382,-0.073384,0.437212,-0.257911,0.114059,-0.056736,1675,2225,1933,2993,1643,3111
0.038099,-0.073379,0.437181,-0.257408,0.114054,-0.056225,1674,2225,1934,2993,1643,3111
0.038502,-0.072529,0.433388,-0.259697,0.113204,-0.053174,1674,2224,1934,2993,1643,3111
0.038502,-0.072529,0.433388,-0.259697,0.113204,-0.053174,1674,2223,1935,2993,1643,3111
0.039308,-0.073613,0.438164,-0.255853,0.114287,-0.056121,1673,2221,1935,2993,1643,3111
0.040028,-0.075054,0.438165,-0.255325,0.115729,-0.055631,1673,2214,1937,2993,1643,3111
0.040082,-0.075645,0.433406,-0.258527,0.116320,-0.052111,1673,2205,1941,2994,1643,3111
0.071187,-0.075425,0.464038,-0.214889,0.116099,-0.053348,1673,2038,2194,2981,1672,3111
0.075964,-0.074902,0.472631,-0.205538,0.115576,-0.056385,1673,2017,2214,2981,1672,3111
0.079237,-0.073858,0.469871,-0.205022,0.114533,-0.052134,1672,1992,2231,2981,1672,3111
0.083904,-0.075131,0.476780,-0.196899,0.115806,-0.054014,1672,1966,2246,2981,1672,3111
0.143686,-0.076251,0.523582,-0.121251,0.116926,-0.047555,1667,1659,2516,2991,1710,3111
0.139911,-0.073901,0.510456,-0.132956,0.114575,-0.040517,1667,1662,2513,2986,1709,3111
0.139454,-0.073896,0.510407,-0.133324,0.114570,-0.040792,1667,1674,2507,2983,1709,3111
0.138847,-0.073887,0.510452,-0.133738,0.114561,-0.041239,1667,1694,2504,2983,1708,3111
0.137777,-0.073897,0.510419,-0.134544,0.114571,-0.041944,1667,1719,2499,2983,1706,3111
0.136909,-0.073041,0.510318,-0.135247,0.113716,-0.042461,1667,1763,2486,2982,1705,3111
0.132192,-0.068580,0.496406,-0.148178,0.109255,-0.035489,1669,1778,2480,2982,1704,3111
0.133661,-0.068344,0.509891,-0.137917,0.109019,-0.044361,1670,1800,2466,2982,1693,3111
0.124161,-0.068083,0.508106,-0.146088,0.108757,-0.049525,1662,1864,2371,2981,1670,3111
0.120406,-0.070089,0.502848,-0.152418,0.110764,-0.048233,1655,1878,2346,2981,1669,3111
0.115493,-0.072637,0.496300,-0.160475,0.113312,-0.046786,1650,1895,2319,2981,1669,3111
0.111414,-0.074744,0.490050,-0.167719,0.115418,-0.044989,1650,1912,2295,2981,1668,3111
0.074481,-0.075114,0.452984,-0.220007,0.115789,-0.043012,1643,2112,2089,2982,1625,3111
0.071123,-0.073476,0.449094,-0.225115,0.114150,-0.042451,1643,2131,2068,2982,1625,3111
0.068054,-0.072243,0.448356,-0.227865,0.112918,-0.044001,1643,2147,2051,2982,1624,3111
0.064715,-0.071373,0.447094,-0.231170,0.112047,-0.045352,1643,2161,2034,2982,1624,3111
0.061273,-0.070237,0.443645,-0.236038,0.110912,-0.045171,1643,2176,2016,2982,1624,3111
0.057745,-0.068163,0.432712,-0.246068,0.108838,-0.039571,1643,2190,2000,2982,1624,3111
0.056265,-0.068731,0.437429,-0.243939,0.109406,-0.044032,1643,2205,1982,2982,1624,3111
0.053996,-0.068020,0.437764,-0.245372,0.108694,-0.045823,1643,2220,1965,2982,1623,3111
0.051032,-0.066957,0.435064,-0.249381,0.107631,-0.045865,1643,2233,1950,2982,1623,3111
0.040715,-0.066721,0.426834,-0.262540,0.107396,-0.046868,1649,2245,1926,2993,1625,3111
0.042431,-0.068285,0.428026,-0.260471,0.108960,-0.046572,1650,2244,1926,2993,1625,3111
0.043376,-0.069911,0.432503,-0.256731,0.110585,-0.049206,1651,2237,1928,2993,1625,3111
0.042968,-0.070378,0.428053,-0.260061,0.111053,-0.046226,1651,2226,1932,2993,1628,3111
0.042787,-0.071260,0.428372,-0.259976,0.111935,-0.046582,1652,2212,1941,2993,1632,3111
0.043846,-0.074808,0.437086,-0.253264,0.115483,-0.052241,1654,2194,1957,2993,1633,3111
0.044759,-0.076557,0.434027,-0.254680,0.117232,-0.049379,1655,2171,1982,2991,1635,3111
0.130034,-0.076380,0.503161,-0.145156,0.117054,-0.041904,1679,1744,2470,2982,1712,3111
0.131150,-0.076475,0.510796,-0.139138,0.117150,-0.046734,1681,1763,2467,2982,1712,3111
0.128614,-0.073059,0.503239,-0.146143,0.113734,-0.042928,1683,1788,2459,2982,1711,3111
0.125472,-0.069427,0.496527,-0.153015,0.110101,-0.040155,1683,1810,2445,2982,1710,3111
0.125009,-0.067998,0.502613,-0.149208,0.108673,-0.044926,1683,1829,2427,2982,1709,3111
0.123026,-0.067572,0.502492,-0.150742,0.108247,-0.046188,1683,1844,2403,2982,1704,3111
0.120279,-0.067997,0.502680,-0.152625,0.108672,-0.048197,1683,1856,2376,2982,1695,3111
0.118562,-0.071344,0.510284,-0.148703,0.112019,-0.054934,1683,1870,2349,2982,1693,3111
0.115131,-0.074362,0.510749,-0.150898,0.115037,-0.057611,1683,1886,2324,2982,1693,3111
0.110165,-0.076565,0.505461,-0.158136,0.117239,-0.057122,1682,1904,2299,2982,1693,3111
0.037536,-0.074024,0.419972,-0.269542,0.114699,-0.044010,1659,2273,1864,2984,1670,3111
0.034034,-0.072320,0.422336,-0.270496,0.112994,-0.048126,1661,2288,1849,2984,1670,3111
0.030866,-0.071135,0.426058,-0.270280,0.111810,-0.053008,1663,2299,1833,2987,1670,3111
0.028150,-0.070017,0.425464,-0.272673,0.110692,-0.054425,1665,2304,1821,2992,1670,3111
0.026127,-0.068753,0.421065,-0.277150,0.109428,-0.052581,1666,2306,1819,2992,1670,3111
0.023895,-0.069096,0.421328,-0.278605,0.109771,-0.054294,1666,2305,1819,2992,1670,3111
0.023234,-0.069489,0.421574,-0.278922,0.110164,-0.054925,1667,2302,1821,2992,1671,3111
0.023119,-0.069805,0.420561,-0.279696,0.110479,-0.054261,1670,2297,1822,2993,1671,3111
0.023447,-0.071826,0.425944,-0.275789,0.112501,-0.057979,1674,2295,1823,2993,1671,3111
0.023858,-0.073423,0.427053,-0.274732,0.114098,-0.058511,1676,2293,1823,2994,1672,3111
0.024308,-0.076212,0.429329,-0.272853,0.116887,-0.059871,1677,2287,1827,2994,1673,3111
0.107066,-0.075630,0.490527,-0.170577,0.116305,-0.048300,1683,1826,2400,2982,1709,3111
0.112159,-0.075995,0.496567,-0.162735,0.116670,-0.049253,1683,1802,2422,2982,1710,3111
0.118678,-0.076497,0.507900,-0.150242,0.117172,-0.053109,1683,1781,2440,2982,1711,3111
0.126210,-0.076414,0.514945,-0.139929,0.117088,-0.053136,1676,1745,2472,2982,1711,3111
0.128137,-0.074652,0.509724,-0.142075,0.115327,-0.048001,1675,1733,2484,2982,1711,3111
0.129103,-0.072688,0.503526,-0.145589,0.113363,-0.042806,1675,1725,2494,2982,1711,3111
0.132688,-0.072187,0.510237,-0.138393,0.112862,-0.045277,1675,1724,2500,2982,1711,3111
0.135950,-0.071998,0.516290,-0.131882,0.112673,-0.047486,1675,1726,2503,2982,1711,3111
0.135040,-0.069970,0.509607,-0.137100,0.110645,-0.043213,1675,1730,2502,2982,1711,3111
0.133728,-0.067621,0.502958,-0.142590,0.108295,-0.039239,1675,1732,2498,2982,1711,3111
0.135301,-0.068337,0.509848,-0.136745,0.109012,-0.043212,1675,1734,2493,2982,1711,3111
0.134706,-0.068363,0.509919,-0.137132,0.109037,-0.043670,1674,1735,2491,2981,1711,3111
0.133894,-0.069217,0.510026,-0.137654,0.109892,-0.044300,1674,1738,2491,2981,1711,3111
0.129692,-0.067747,0.496302,-0.150079,0.108421,-0.037116,1674,1746,2490,2980,1710,3111
0.129414,-0.066864,0.495903,-0.150555,0.107539,-0.037013,1674,1761,2485,2979,1710,3111
0.132570,-0.068361,0.509895,-0.138712,0.109035,-0.045107,1674,1781,2476,2973,1709,3111
0.130943,-0.066762,0.515250,-0.136256,0.107437,-0.050136,1678,1829,2449,2945,1705,3111
0.019983,-0.067916,0.450149,-0.261837,0.108590,-0.078059,1711,2224,1939,2928,1716,3111
0.021040,-0.070219,0.442010,-0.266607,0.110893,-0.071381,1711,2206,1951,2942,1724,3111
0.024128,-0.075643,0.454998,-0.255499,0.116317,-0.078785,1711,2187,1969,2952,1729,3111
0.062806,-0.075164,0.465494,-0.220033,0.115839,-0.060123,1712,1992,2235,2948,1751,3111
0.069806,-0.076134,0.476655,-0.207305,0.116809,-0.063526,1712,1968,2266,2948,1751,3111
0.076337,-0.075083,0.484703,-0.197041,0.115757,-0.064969,1712,1942,2297,2948,1752,3111
0.082923,-0.075847,0.492796,-0.186707,0.116522,-0.066408,1713,1918,2329,2948,1753,3111
0.089641,-0.075354,0.501760,-0.175683,0.116028,-0.068394,1717,1881,2376,2948,1762,3111
0.093546,-0.072960,0.500076,-0.173971,0.113635,-0.064501,1721,1869,2391,2948,1767,3111
0.097891,-0.070525,0.495495,-0.173911,0.111200,-0.058187,1725,1849,2417,2948,1775,3111
0.103410,-0.068581,0.500544,-0.166430,0.109255,-0.058124,1728,1825,2443,2948,1780,3111
0.112140,-0.070048,0.522237,-0.145262,0.110722,-0.068059,1729,1799,2467,2948,1784,3111
0.121807,-0.067984,0.531626,-0.131789,0.108658,-0.068347,1729,1756,2504,2948,1792,3111
0.038870,-0.069280,0.495622,-0.217033,0.109954,-0.098485,1778,2095,2127,2950,1764,3111
0.040024,-0.068667,0.475516,-0.229885,0.109341,-0.082979,1781,2070,2160,2950,1772,3111
0.045942,-0.070333,0.483196,-0.220320,0.111008,-0.084570,1790,2045,2197,2950,1781,3111
0.050965,-0.070443,0.487758,-0.213535,0.111117,-0.084488,1801,2018,2239,2950,1791,3111
0.056934,-0.070738,0.498165,-0.202076,0.111412,-0.088042,1810,1989,2280,2946,1802,3111
0.063163,-0.068188,0.498799,-0.197085,0.108863,-0.084263,1819,1960,2320,2942,1813,3111
0.071965,-0.068886,0.524624,-0.173049,0.109561,-0.097174,1828,1929,2355,2941,1827,3111
0.109561,-0.068175,0.571884,-0.113331,0.108849,-0.106163,1954,1763,2491,2940,1955,3111
0.108300,-0.068247,0.572418,-0.113890,0.108922,-0.107413,1954,1768,2481,2940,1951,3111
0.105439,-0.066940,0.563418,-0.122115,0.107614,-0.102772,1953,1773,2466,2939,1948,3111
0.101428,-0.066656,0.555237,-0.130625,0.107330,-0.099516,1952,1786,2449,2939,1947,3111
0.101612,-0.069597,0.571908,-0.119135,0.110271,-0.111595,1948,1805,2427,2939,1945,3111
0.097867,-0.071216,0.564019,-0.127250,0.111891,-0.108371,1935,1827,2404,2939,1932,3111
0.094059,-0.073571,0.564425,-0.129762,0.114246,-0.111262,1924,1851,2378,2939,1911,3111
0.088875,-0.073599,0.555716,-0.139489,0.114274,-0.108417,1916,1876,2352,2939,1896,3111
0.083716,-0.074319,0.554528,-0.144075,0.114994,-0.111062,1908,1904,2322,2939,1885,3111
0.078209,-0.075016,0.547858,-0.152651,0.115691,-0.109930,1900,1933,2289,2939,1875,3111
0.071768,-0.075271,0.539375,-0.163145,0.115946,-0.108107,1890,1960,2256,2939,1861,3111
0.065289,-0.075708,0.534712,-0.171065,0.116383,-0.109107,1881,1989,2220,2939,1847,3111
0.017845,-0.073667,0.488979,-0.236951,0.114342,-0.107943,1851,2182,2002,2950,1801,3111
0.014581,-0.071988,0.493673,-0.236143,0.112662,-0.113603,1851,2194,1996,2950,1801,3111
0.011580,-0.070320,0.494404,-0.237843,0.110994,-0.116183,1852,2196,1995,2950,1801,3111
0.010104,-0.069338,0.500067,-0.235065,0.110012,-0.121334,1853,2195,1996,2951,1802,3111
0.010218,-0.068008,0.499963,-0.235053,0.108683,-0.121181,1855,2192,1997,2951,1803,3111
0.010322,-0.068732,0.501980,-0.233602,0.109407,-0.122586,1856,2189,1997,2952,1806,3111
0.011116,-0.070075,0.497587,-0.236014,0.110750,-0.118829,1858,2182,1998,2952,1808,3111
0.011919,-0.073059,0.504289,-0.230860,0.113734,-0.123189,1862,2173,2004,2952,1810,3111
0.011783,-0.072948,0.495482,-0.236960,0.113623,-0.116834,1868,2161,2018,2952,1816,3111
0.012442,-0.073675,0.495036,-0.236781,0.114350,-0.116058,1873,2146,2037,2952,1829,3111
0.024826,-0.076496,0.519891,-0.210784,0.117171,-0.125819,1894,2064,2154,2948,1860,3111
0.030980,-0.075620,0.520284,-0.206010,0.116295,-0.121915,1901,2042,2187,2942,1869,3111
0.036819,-0.075731,0.527274,-0.196974,0.116406,-0.123054,1909,2019,2221,2940,1879,3111
0.041103,-0.074078,0.531485,-0.190969,0.114752,-0.123219,1920,1994,2253,2940,1893,3111
0.049159,-0.075461,0.556070,-0.168325,0.116136,-0.135730,1933,1968,2284,2940,1906,3111
0.053172,-0.072272,0.538923,-0.177067,0.112947,-0.120443,1944,1940,2315,2940,1920,3111
0.058743,-0.071321,0.537818,-0.173741,0.111996,-0.115840,1955,1912,2345,2940,1935,3111
0.064788,-0.071155,0.543463,-0.165470,0.111830,-0.115854,1965,1886,2373,2940,1951,3111
0.072189,-0.072031,0.559205,-0.149328,0.112706,-0.122338,1975,1861,2399,2940,1967,3111
0.077982,-0.070713,0.559728,-0.144731,0.111388,-0.118774,1983,1842,2420,2940,1979,3111
0.085022,-0.071153,0.572898,-0.130606,0.111827,-0.123620,1989,1832,2431,2940,1987,3111
0.087664,-0.068716,0.562419,-0.135810,0.109390,-0.114149,1992,1827,2435,2939,1988,3111
0.090128,-0.067861,0.563378,-0.133353,0.108535,-0.113173,1993,1828,2432,2938,1988,3111
0.091059,-0.068722,0.572293,-0.126598,0.109397,-0.119065,1993,1829,2424,2938,1988,3111
0.088365,-0.067469,0.563889,-0.134295,0.108143,-0.114748,1994,1835,2410,2938,1986,3111
0.086945,-0.067887,0.563568,-0.135553,0.108562,-0.115480,1994,1846,2389,2938,1984,3111
0.085058,-0.070199,0.572836,-0.130622,0.110874,-0.123551,1994,1861,2365,2938,1982,3111
0.083569,-0.074889,0.587746,-0.121556,0.115564,-0.135481,1994,1882,2337,2938,1979,3111
0.076200,-0.075448,0.572551,-0.137300,0.116122,-0.129376,1994,1908,2310,2938,1965,3111
0.056100,-0.075749,0.556919,-0.162664,0.116423,-0.131624,1999,2008,2218,2938,1946,3111
0.049578,-0.075649,0.565285,-0.161740,0.116324,-0.142191,2007,2045,2185,2938,1945,3111
0.041944,-0.073484,0.560497,-0.170591,0.114159,-0.143887,2012,2080,2153,2938,1938,3111
0.034839,-0.073357,0.571567,-0.168251,0.114031,-0.156830,2015,2113,2121,2938,1928,3111
0.026717,-0.070095,0.563875,-0.179438,0.110770,-0.156732,2017,2146,2088,2938,1924,3111
0.019546,-0.066999,0.560254,-0.187154,0.107673,-0.158965,2018,2176,2054,2938,1923,3111
0.033995,-0.068970,0.590537,-0.155947,0.109645,-0.171294,2040,2017,2258,2939,1981,3111
0.039828,-0.067211,0.577178,-0.160777,0.107885,-0.157540,2040,1989,2290,2939,1985,3111
0.047559,-0.067195,0.581535,-0.152149,0.107870,-0.155464,2040,1961,2323,2939,1989,3111
0.055349,-0.067083,0.580666,-0.147038,0.107757,-0.149521,2040,1929,2356,2939,1996,3111
0.063544,-0.067988,0.585973,-0.137423,0.108663,-0.147824,2041,1897,2390,2939,2005,3111
0.079075,-0.066875,0.584594,-0.126992,0.107549,-0.136234,2052,1828,2454,2939,2032,3111
0.086120,-0.066783,0.588252,-0.119343,0.107457,-0.134113,2058,1795,2481,2939,2050,3111
-0.005159,-0.067242,0.587952,-0.186374,0.107917,-0.196072,2066,2237,1925,3030,2010,3111
-0.004980,-0.070086,0.587366,-0.186641,0.110760,-0.195522,2066,2235,1918,3038,2009,3111
-0.004811,-0.071867,0.580422,-0.191248,0.112541,-0.190323,2066,2233,1913,3043,2008,3111
-0.004980,-0.074928,0.587367,-0.186640,0.115603,-0.195522,2067,2232,1911,3047,2009,3111
-0.004970,-0.076025,0.579199,-0.192198,0.116699,-0.189535,2069,2231,1910,3048,2010,3111
0.009925,-0.076486,0.499020,-0.235910,0.117161,-0.120690,1806,2240,1904,3037,1765,3111
0.011059,-0.075658,0.490566,-0.240838,0.116333,-0.113728,1785,2253,1897,3037,1745,3111
0.012722,-0.072352,0.477014,-0.248852,0.113027,-0.102674,1764,2270,1886,3037,1719,3111
0.015163,-0.068409,0.468011,-0.253198,0.109084,-0.094420,1745,2290,1873,3037,1692,3111
0.016361,-0.069085,0.390694,-0.304988,0.109760,-0.037000,1615,2483,1509,3113,1590,3112
0.016681,-0.071413,0.389144,-0.305810,0.112088,-0.035646,1615,2479,1509,3113,1590,3112
0.016721,-0.073515,0.389022,-0.305864,0.114190,-0.035530,1615,2478,1509,3116,1590,3112
0.016856,-0.074345,0.386826,-0.307260,0.115020,-0.033830,1615,2478,1509,3123,1590,3112
0.016996,-0.074994,0.387132,-0.306950,0.115668,-0.033959,1615,2478,1509,3134,1590,3112
0.017272,-0.074467,0.386437,-0.307221,0.115142,-0.033262,1615,2478,1509,3146,1589,3112
0.018929,-0.073676,0.387437,-0.305327,0.114351,-0.032865,1615,2478,1509,3158,1589,3112
0.020238,-0.073267,0.388080,-0.303931,0.113942,-0.032445,1615,2478,1509,3167,1589,3111
0.021603,-0.073348,0.388598,-0.302578,0.114022,-0.031894,1614,2478,1509,3173,1589,3111
0.023377,-0.073797,0.389394,-0.300737,0.114471,-0.031268,1611,2478,1509,3176,1588,3111
0.024168,-0.074544,0.392233,-0.298224,0.115219,-0.032808,1611,2478,1509,3176,1588,3111
0.024877,-0.073500,0.387515,-0.300920,0.114175,-0.028871,1611,2478,1509,3175,1588,3111
0.024659,-0.073800,0.389400,-0.299795,0.114474,-0.030399,1611,2478,1509,3170,1588,3111
0.023768,-0.072794,0.384821,-0.303566,0.113469,-0.027654,1612,2478,1509,3168,1588,3111
0.023559,-0.073651,0.391432,-0.299215,0.114326,-0.032636,1613,2479,1509,3165,1588,3111
0.022637,-0.072640,0.387926,-0.302279,0.113314,-0.030698,1614,2482,1508,3164,1588,3111
0.021712,-0.073114,0.391444,-0.300560,0.113789,-0.033904,1614,2485,1508,3163,1588,3111
0.020245,-0.071721,0.388489,-0.303647,0.112395,-0.032739,1615,2486,1508,3163,1588,3111
0.019911,-0.070247,0.387889,-0.304300,0.110922,-0.032527,1616,2487,1507,3163,1588,3111
0.019929,-0.069524,0.391310,-0.301957,0.110198,-0.035019,1616,2488,1506,3163,1588,3111
0.018811,-0.068174,0.387913,-0.305089,0.108848,-0.033294,1616,2488,1504,3163,1587,3111
0.018641,-0.067748,0.385206,-0.307057,0.108423,-0.031428,1616,2488,1499,3163,1587,3111
0.018509,-0.068717,0.387923,-0.305303,0.109392,-0.033507,1616,2489,1497,3163,1587,3111
0.018008,-0.069021,0.385224,-0.307509,0.109696,-0.031873,1616,2489,1497,3163,1587,3111
0.018008,-0.070861,0.391589,-0.303173,0.111536,-0.036532,1617,2489,1497,3163,1587,3111
0.018008,-0.070861,0.391589,-0.303173,0.111536,-0.036532,1618,2489,1497,3163,1587,3111
0.017569,-0.069082,0.383754,-0.308832,0.109757,-0.031096,1619,2489,1497,3163,1587,3111
0.017362,-0.070204,0.391531,-0.303686,0.110879,-0.036930,1620,2490,1497,3163,1587,3111
0.016439,-0.069175,0.389863,-0.305497,0.109850,-0.036338,1624,2490,1497,3163,1588,3111
0.015372,-0.068712,0.390746,-0.305677,0.109386,-0.037711,1629,2490,1497,3163,1589,3111
0.014860,-0.068668,0.390637,-0.306126,0.109343,-0.037979,1631,2490,1497,3163,1592,3111
0.014195,-0.068823,0.394227,-0.304167,0.109498,-0.041061,1633,2490,1497,3163,1593,3111
0.013238,-0.068260,0.391592,-0.306663,0.108935,-0.039784,1634,2490,1497,3163,1595,3111
0.012562,-0.068033,0.392664,-0.306428,0.108708,-0.041029,1639,2490,1497,3163,1595,3111
0.011550,-0.068298,0.397780,-0.303684,0.108973,-0.045465,1645,2490,1498,3163,1596,3111
0.010530,-0.068170,0.395622,-0.305901,0.108845,-0.044579,1650,2490,1500,3163,1596,3111
0.009902,-0.068028,0.399252,-0.303887,0.108703,-0.047664,1653,2490,1504,3163,1597,3111
0.008050,-0.067128,0.395125,-0.308054,0.107803,-0.045904,1659,2490,1506,3163,1598,3111
0.007441,-0.067779,0.401479,-0.304172,0.108454,-0.050971,1666,2490,1506,3163,1598,3111
0.006567,-0.066969,0.402574,-0.304066,0.107644,-0.052368,1671,2490,1506,3164,1604,3111
0.005133,-0.066856,0.401894,-0.305579,0.107531,-0.052847,1681,2490,1506,3164,1622,3111
0.003769,-0.068136,0.408692,-0.301947,0.108811,-0.058753,1685,2490,1506,3164,1628,3111
0.002552,-0.068436,0.411367,-0.301016,0.109111,-0.061540,1692,2490,1506,3164,1635,3111
0.000467,-0.068825,0.413144,-0.301331,0.109499,-0.064262,1698,2489,1506,3164,1638,3111
-0.001027,-0.068919,0.413880,-0.301924,0.109594,-0.065818,1704,2489,1506,3164,1639,3111
-0.002241,-0.069475,0.418217,-0.299859,0.110150,-0.069821,1711,2489,1506,3164,1642,3111
-0.003822,-0.069087,0.417793,-0.301305,0.109761,-0.070587,1716,2489,1506,3164,1654,3111
-0.005073,-0.069759,0.423171,-0.298557,0.110433,-0.075376,1721,2489,1507,3164,1666,3111
-0.006631,-0.069966,0.425023,-0.298436,0.110641,-0.077794,1727,2489,1507,3164,1675,3111
-0.007659,-0.070121,0.427911,-0.297222,0.110796,-0.080608,1732,2489,1507,3164,1681,3111
-0.008998,-0.070172,0.429481,-0.297133,0.110847,-0.082670,1737,2489,1507,3164,1688,3111
-0.010052,-0.069403,0.425932,-0.300322,0.110077,-0.080790,1740,2489,1507,3164,1695,3111
-0.010759,-0.069552,0.428687,-0.298963,0.110226,-0.083288,1743,2489,1507,3164,1706,3111
-0.012289,-0.069781,0.431592,-0.298104,0.110455,-0.086457,1745,2489,1507,3164,1715,3111
-0.012453,-0.069597,0.432845,-0.297370,0.110272,-0.087486,1746,2489,1507,3164,1722,3111
-0.012996,-0.069050,0.431466,-0.298707,0.109725,-0.086846,1746,2489,1507,3164,1726,3111
-0.013161,-0.068868,0.432745,-0.297957,0.109543,-0.087895,1746,2489,1507,3164,1726,3111
-0.013515,-0.069519,0.437914,-0.294696,0.110194,-0.091920,1745,2489,1507,3164,1724,3111
-0.013171,-0.069337,0.436684,-0.295281,0.110012,-0.090786,1740,2489,1507,3164,1721,3111
-0.012859,-0.069029,0.434526,-0.296523,0.109704,-0.088994,1737,2490,1507,3164,1720,3111
-0.011959,-0.068474,0.432653,-0.297140,0.109148,-0.087009,1722,2490,1507,3164,1718,3111
-0.009964,-0.068438,0.430651,-0.297043,0.109113,-0.084185,1717,2490,1507,3164,1715,3111
-0.008546,-0.068788,0.430614,-0.296029,0.109463,-0.083191,1709,2490,1507,3164,1704,3111
-0.006510,-0.068535,0.427335,-0.296773,0.109210,-0.079404,1700,2490,1507,3164,1690,3111
-0.003722,-0.068619,0.425438,-0.296024,0.109294,-0.076116,1690,2490,1507,3164,1679,3111
-0.001368,-0.067699,0.415472,-0.301089,0.108374,-0.067216,1679,2490,1507,3164,1672,3111
0.000191,-0.068996,0.420918,-0.296238,0.109670,-0.070142,1670,2490,1507,3164,1667,3111
0.003212,-0.067726,0.411240,-0.300619,0.108401,-0.060998,1659,2490,1507,3164,1661,3111
0.005705,-0.068121,0.410760,-0.299121,0.108796,-0.058948,1649,2490,1507,3164,1654,3111
0.008683,-0.067473,0.405838,-0.300293,0.108148,-0.053317,1640,2490,1507,3164,1648,3111
0.011404,-0.067099,0.399913,-0.302337,0.107773,-0.047125,1632,2490,1507,3164,1642,3111
0.013800,-0.067800,0.400195,-0.300391,0.108474,-0.045699,1623,2490,1507,3164,1634,3111
0.016045,-0.067248,0.394496,-0.302630,0.107922,-0.039998,1621,2490,1507,3164,1632,3111
0.018407,-0.067926,0.396736,-0.299374,0.108601,-0.040029,1617,2490,1507,3164,1632,3111
0.019845,-0.067298,0.392120,-0.301466,0.107972,-0.035670,1616,2490,1507,3164,1632,3111
0.020911,-0.067306,0.391522,-0.301094,0.107981,-0.034506,1615,2490,1507,3164,1632,3111
0.021579,-0.067289,0.392063,-0.300235,0.107964,-0.034447,1618,2490,1507,3164,1633,3111
0.005339,-0.066721,0.405358,-0.303069,0.107396,-0.055243,1678,2491,1498,3163,1683,3111
0.003537,-0.068976,0.415627,-0.297393,0.109651,-0.063989,1680,2491,1498,3163,1683,3111
0.002321,-0.068470,0.410859,-0.301531,0.109144,-0.061326,1680,2491,1499,3163,1683,3111
0.001537,-0.068708,0.410957,-0.302039,0.109382,-0.061932,1681,2491,1500,3163,1683,3111
0.001645,-0.068478,0.410912,-0.301990,0.109153,-0.061826,1682,2491,1502,3163,1683,3111
0.001113,-0.067591,0.408948,-0.303717,0.108266,-0.060750,1682,2491,1504,3163,1682,3111
0.001645,-0.067792,0.410861,-0.302024,0.108467,-0.061788,1681,2491,1505,3164,1678,3111
0.001986,-0.067531,0.411322,-0.301460,0.108206,-0.061893,1680,2491,1506,3164,1677,3111
0.002406,-0.067623,0.415702,-0.298170,0.108297,-0.064813,1678,2491,1506,3164,1676,3111
0.002862,-0.067723,0.415617,-0.297894,0.108398,-0.064441,1676,2491,1506,3166,1676,3111
0.003541,-0.066842,0.408362,-0.302339,0.107517,-0.058667,1675,2491,1506,3168,1675,3111
0.004345,-0.067412,0.411310,-0.299742,0.108086,-0.060277,1674,2490,1506,3169,1674,3111
0.005021,-0.067591,0.408965,-0.300844,0.108265,-0.058101,1674,2490,1506,3169,1672,3111
0.005929,-0.069312,0.414869,-0.296158,0.109987,-0.061804,1673,2488,1506,3168,1663,3111
0.006225,-0.068846,0.408605,-0.300209,0.109521,-0.057017,1673,2486,1507,3165,1647,3111
0.006375,-0.070476,0.410688,-0.298680,0.111150,-0.058439,1671,2485,1509,3164,1636,3111
0.005696,-0.071055,0.409515,-0.299976,0.111729,-0.058043,1666,2483,1510,3164,1633,3111
0.006026,-0.071759,0.411021,-0.298708,0.112433,-0.058921,1663,2479,1514,3163,1632,3111
0.006468,-0.071890,0.406992,-0.301129,0.112565,-0.055670,1662,2476,1522,3163,1630,3111
0.008131,-0.073753,0.408079,-0.299171,0.114428,-0.055333,1661,2470,1535,3163,1618,3111
0.009745,-0.075220,0.410120,-0.296599,0.115895,-0.055728,1657,2459,1551,3163,1610,3111
0.011431,-0.075475,0.407577,-0.297097,0.116150,-0.052717,1653,2448,1570,3162,1610,3111
0.013157,-0.074563,0.406191,-0.296778,0.115238,-0.050527,1651,2436,1590,3162,1610,3111
0.015540,-0.073017,0.399268,-0.299749,0.113692,-0.043836,1647,2422,1609,3159,1609,3111
0.019110,-0.074312,0.404614,-0.293494,0.114986,-0.045318,1641,2407,1627,3150,1609,3111
0.022298,-0.076283,0.409014,-0.288162,0.116957,-0.046368,1638,2393,1645,3136,1609,3111
0.024165,-0.076262,0.403376,-0.290636,0.116936,-0.040967,1636,2380,1665,3119,1609,3111
0.028443,-0.076331,0.404880,-0.286479,0.117006,-0.039155,1631,2337,1769,3040,1609,3111
0.029559,-0.074225,0.403583,-0.286546,0.114900,-0.037445,1623,2324,1795,3029,1608,3111
0.030825,-0.071802,0.398822,-0.288862,0.112477,-0.033097,1616,2307,1823,3020,1599,3111
0.034569,-0.071170,0.403966,-0.282617,0.111845,-0.034312,1610,2291,1849,3015,1591,3111
0.038612,-0.070394,0.406934,-0.277636,0.111069,-0.033731,1602,2275,1873,3014,1587,3111
0.043158,-0.070320,0.408670,-0.273125,0.110995,-0.031905,1593,2262,1893,3013,1587,3111
0.047512,-0.069478,0.403766,-0.273279,0.110153,-0.025349,1585,2251,1912,3013,1587,3111
0.052130,-0.068500,0.404053,-0.269702,0.109174,-0.022414,1578,2243,1927,3013,1585,3111
0.057415,-0.068072,0.403302,-0.266344,0.108747,-0.018264,1572,2236,1938,3013,1574,3111
0.062492,-0.068299,0.408473,-0.259105,0.108974,-0.018591,1566,2229,1946,3013,1557,3111
0.065459,-0.068639,0.409033,-0.256552,0.109314,-0.016980,1558,2223,1953,3013,1545,3111
0.069478,-0.070389,0.417281,-0.247991,0.111064,-0.020281,1551,2218,1957,3013,1538,3111
0.070336,-0.069023,0.407124,-0.254281,0.109697,-0.012261,1545,2214,1960,3013,1531,3111
0.073492,-0.070101,0.408326,-0.251152,0.110775,-0.010991,1536,2211,1962,3013,1522,3111
0.075154,-0.070219,0.405668,-0.251746,0.110893,-0.007912,1527,2211,1963,3013,1512,3111
0.077849,-0.071020,0.404330,-0.250683,0.111695,-0.005097,1518,2211,1963,3013,1502,3111
0.080417,-0.071112,0.403499,-0.249370,0.111787,-0.002739,1510,2211,1963,3013,1493,3111
0.082779,-0.070758,0.399998,-0.250026,0.111433,0.001432,1501,2211,1963,3013,1484,3111
0.085696,-0.070659,0.399379,-0.248312,0.111334,0.003873,1492,2211,1963,3013,1476,3111
0.088317,-0.070651,0.399330,-0.246426,0.111326,0.005694,1482,2212,1963,3013,1468,3111
0.090580,-0.069700,0.395582,-0.247322,0.110375,0.009979,1472,2212,1962,3013,1460,3111
0.093923,-0.070286,0.396551,-0.244215,0.110961,0.011547,1462,2212,1962,3013,1453,3111
0.094888,-0.068492,0.388287,-0.249138,0.109167,0.018254,1455,2212,1962,3013,1447,3111
0.097227,-0.068299,0.384427,-0.250054,0.108974,0.022674,1451,2212,1962,3013,1443,3111
0.100868,-0.069317,0.387368,-0.245386,0.109992,0.023001,1449,2212,1962,3013,1443,3111
0.101235,-0.068423,0.380774,-0.249609,0.109098,0.028079,1451,2211,1962,3014,1443,3111
0.102119,-0.069041,0.380685,-0.249022,0.109715,0.028746,1455,2211,1963,3017,1443,3111
0.102998,-0.069901,0.384556,-0.245741,0.110576,0.026511,1458,2211,1963,3021,1447,3111
0.100514,-0.069426,0.381275,-0.249795,0.110101,0.027220,1463,2211,1964,3023,1451,3111
0.101287,-0.070213,0.389015,-0.243958,0.110888,0.022081,1477,2212,1965,3023,1453,3111
0.099585,-0.069479,0.393033,-0.242466,0.110154,0.017980,1494,2212,1965,3023,1455,3111
0.096748,-0.068756,0.395008,-0.243198,0.109431,0.014601,1510,2212,1965,3023,1462,3111
0.090238,-0.067032,0.389778,-0.251527,0.107707,0.013996,1524,2213,1965,3023,1482,3111
0.087947,-0.069023,0.404733,-0.243017,0.109698,0.001486,1537,2213,1965,3023,1500,3111
0.082456,-0.068369,0.404384,-0.247274,0.109044,-0.001999,1549,2213,1965,3023,1512,3111
0.078226,-0.067207,0.402077,-0.251942,0.107882,-0.003191,1559,2213,1965,3023,1522,3111
0.074491,-0.067632,0.403937,-0.253409,0.108307,-0.007097,1569,2213,1965,3023,1523,3111
0.072990,-0.068386,0.409767,-0.250538,0.109060,-0.012388,1575,2213,1965,3023,1523,3111
0.070877,-0.068949,0.414177,-0.249081,0.109624,-0.017055,1578,2213,1965,3023,1524,3111
0.068271,-0.069023,0.414450,-0.250803,0.109698,-0.019030,1578,2213,1965,3023,1524,3111
0.067019,-0.067934,0.409206,-0.255291,0.108608,-0.016044,1576,2212,1965,3023,1524,3111
0.067986,-0.068661,0.414340,-0.251086,0.109336,-0.019145,1571,2212,1966,3023,1522,3111
0.068470,-0.069008,0.414497,-0.250624,0.109683,-0.018929,1567,2212,1966,3023,1517,3111
0.070674,-0.069614,0.417506,-0.246961,0.110288,-0.019631,1557,2212,1966,3019,1514,3111
0.071699,-0.069217,0.413147,-0.249180,0.109891,-0.015742,1546,2212,1966,3014,1512,3111
0.073497,-0.069785,0.409897,-0.250078,0.110460,-0.012137,1537,2211,1966,3013,1504,3111
0.076203,-0.070469,0.409932,-0.248073,0.111144,-0.010320,1528,2211,1965,3012,1486,3111
0.077668,-0.069914,0.403591,-0.251320,0.110588,-0.004680,1519,2211,1965,3012,1474,3111
0.080745,-0.071244,0.405811,-0.247555,0.111919,-0.004209,1508,2210,1965,3012,1463,3111
0.083077,-0.072023,0.401738,-0.248622,0.112698,0.000362,1497,2206,1965,3012,1457,3111
0.083916,-0.070415,0.390924,-0.255374,0.111089,0.008850,1486,2200,1966,3012,1453,3111
0.088769,-0.072455,0.395718,-0.248556,0.113130,0.008646,1475,2194,1966,3012,1440,3111
0.093838,-0.075043,0.399935,-0.241971,0.115718,0.009012,1462,2186,1966,3012,1427,3111
0.094344,-0.074778,0.386157,-0.250987,0.115453,0.019444,1450,2179,1966,3012,1420,3111
0.134911,-0.074037,0.372889,-0.230326,0.114711,0.056790,1330,2097,2123,2960,1345,3111
0.143776,-0.073071,0.383072,-0.216899,0.113745,0.055375,1321,2088,2146,2939,1341,3111
0.147764,-0.069314,0.380705,-0.215592,0.109989,0.059824,1314,2081,2167,2920,1338,3111
0.150514,-0.066896,0.380472,-0.213738,0.107571,0.061868,1310,2076,2183,2902,1337,3111
0.147159,-0.069404,0.346112,-0.239599,0.110079,0.084738,1299,2213,1917,2956,1305,3111
0.148690,-0.076357,0.351064,-0.235105,0.117032,0.082155,1299,2200,1918,2962,1306,3111
0.161394,-0.074533,0.355745,-0.222616,0.115207,0.087382,1265,2183,2014,3059,1270,3110
0.159641,-0.068857,0.352509,-0.226103,0.109532,0.088557,1265,2187,2032,3059,1269,3110
0.160377,-0.067931,0.368613,-0.214595,0.108605,0.077269,1282,2174,1992,3029,1277,3110
0.160174,-0.071316,0.368848,-0.214583,0.111991,0.076958,1282,2170,1985,3030,1277,3110
0.159733,-0.074045,0.367168,-0.216051,0.114719,0.077888,1282,2165,1981,3030,1277,3110
0.158996,-0.076030,0.364397,-0.218477,0.116705,0.079414,1281,2162,1979,3031,1278,3110
0.155421,-0.075300,0.356161,-0.226705,0.115975,0.083009,1280,2172,1993,3031,1277,3110
0.157000,-0.073775,0.359440,-0.223316,0.114449,0.081684,1280,2172,1995,3031,1277,3110
0.155970,-0.071095,0.359437,-0.224071,0.111770,0.080984,1281,2172,1998,3030,1277,3110
0.158188,-0.070546,0.365690,-0.218188,0.111221,0.077918,1281,2172,1998,3030,1278,3110
0.157918,-0.070559,0.365761,-0.218337,0.111233,0.077681,1281,2172,1998,3030,1278,3110
0.159428,-0.071268,0.368575,-0.215315,0.111943,0.076650,1281,2172,1998,3030,1279,3110
0.158173,-0.070475,0.365278,-0.218480,0.111150,0.078209,1281,2172,1998,3030,1279,3110
0.157918,-0.070559,0.365761,-0.218337,0.111233,0.077681,1281,2172,1998,3030,1279,3110
0.159618,-0.071708,0.369350,-0.214648,0.112383,0.076212,1281,2171,1998,3030,1279,3110
0.159158,-0.071890,0.368651,-0.215461,0.112565,0.076410,1281,2171,1998,3030,1279,3110
0.157715,-0.071556,0.364582,-0.219290,0.112230,0.078407,1281,2171,1998,3030,1279,3110
0.159787,-0.072204,0.368704,-0.214964,0.112879,0.076800,1281,2171,1998,3030,1280,3110
0.158580,-0.071792,0.365900,-0.217759,0.112466,0.078031,1281,2171,1998,3030,1280,3110
0.157789,-0.071655,0.365131,-0.218862,0.112330,0.078055,1281,2171,1998,3030,1280,3110
0.157982,-0.071794,0.365911,-0.218188,0.112469,0.077615,1281,2171,1998,3030,1280,3110
0.157655,-0.071783,0.365850,-0.218470,0.112457,0.077437,1281,2171,1998,3030,1280,3110
0.157655,-0.071783,0.365850,-0.218470,0.112457,0.077437,1282,2171,1998,3030,1280,3110
0.157385,-0.071796,0.365923,-0.218617,0.112471,0.077200,1282,2171,1998,3030,1280,3110
0.157040,-0.071710,0.365439,-0.219200,0.112385,0.077319,1282,2171,1998,3030,1280,3110
0.158279,-0.072513,0.368726,-0.216053,0.113187,0.075757,1282,2171,1997,3030,1280,3110
0.157361,-0.072087,0.365867,-0.218673,0.112762,0.077225,1282,2171,1997,3030,1280,3110
0.158663,-0.072854,0.368912,-0.215645,0.113529,0.075882,1282,2171,1997,3030,1280,3110
0.157219,-0.072272,0.365205,-0.219228,0.112946,0.077613,1282,2171,1997,3030,1280,3110
0.158318,-0.072947,0.367775,-0.216673,0.113621,0.076480,1282,2171,1997,3030,1280,3110
0.157665,-0.072324,0.365496,-0.218703,0.112999,0.077703,1282,2171,1996,3030,1280,3110
0.159212,-0.073131,0.368777,-0.215336,0.113805,0.076355,1282,2171,1996,3030,1280,3110
0.159212,-0.073131,0.368777,-0.215336,0.113805,0.076355,1282,2171,1995,3030,1280,3110
0.159240,-0.073447,0.368845,-0.215269,0.114122,0.076325,1282,2171,1994,3030,1280,3110
0.158935,-0.073751,0.368840,-0.215496,0.114426,0.076120,1282,2170,1994,3030,1280,3110
0.157450,-0.073032,0.366074,-0.218467,0.113707,0.077133,1282,2170,1993,3030,1280,3110
0.158118,-0.073905,0.368013,-0.216657,0.114579,0.076169,1282,2170,1993,3030,1280,3110
0.157482,-0.073651,0.366150,-0.218392,0.114326,0.077100,1282,2170,1992,3030,1280,3110
0.158286,-0.074270,0.368358,-0.216299,0.114945,0.076031,1282,2170,1992,3030,1280,3110
0.157129,-0.073559,0.365648,-0.218992,0.114234,0.077226,1282,2170,1992,3030,1280,3110
0.158360,-0.074374,0.368917,-0.215864,0.115049,0.075672,1282,2170,1992,3030,1280,3110
0.158360,-0.074374,0.368917,-0.215864,0.115049,0.075672,1282,2170,1992,3030,1280,3110
0.157129,-0.073559,0.365648,-0.218992,0.114234,0.077226,1282,2170,1992,3030,1280,3110
0.157759,-0.074181,0.367885,-0.217007,0.114856,0.076019,1284,2169,1990,3030,1280,3110
0.155232,-0.073314,0.362234,-0.222707,0.113989,0.078434,1287,2169,1990,3030,1280,3110
0.157786,-0.074998,0.368995,-0.216232,0.115673,0.075224,1290,2169,1989,3030,1281,3110
0.156134,-0.074735,0.365481,-0.219835,0.115410,0.076671,1292,2169,1988,3029,1281,3110
0.155088,-0.074895,0.364760,-0.221091,0.115570,0.076487,1292,2169,1988,3029,1288,3110
0.154860,-0.075506,0.366367,-0.220164,0.116181,0.075155,1292,2170,1988,3029,1294,3110
0.154162,-0.074883,0.364700,-0.221810,0.115558,0.075900,1292,2170,1988,3029,1297,3110
0.154942,-0.074741,0.365509,-0.220688,0.115415,0.075839,1292,2170,1988,3029,1297,3110
0.155399,-0.074801,0.365829,-0.220135,0.115476,0.075916,1292,2170,1988,3029,1297,3110
0.156924,-0.075735,0.370219,-0.216029,0.116410,0.073741,1292,2170,1988,3029,1297,3110
0.154803,-0.074804,0.365843,-0.220563,0.115478,0.075500,1292,2170,1988,3029,1297,3110
0.154803,-0.074804,0.365843,-0.220563,0.115478,0.075500,1292,2170,1988,3029,1297,3110
0.156008,-0.075627,0.369101,-0.217461,0.116302,0.073935,1292,2170,1988,3029,1297,3110
0.154100,-0.074782,0.364169,-0.222217,0.115456,0.076246,1292,2170,1988,3029,1297,3110
0.155278,-0.075293,0.367355,-0.219184,0.115967,0.074716,1292,2170,1988,3029,1297,3110
0.154648,-0.074959,0.365095,-0.221186,0.115633,0.075942,1292,2170,1988,3030,1298,3110
0.155933,-0.075519,0.368532,-0.217903,0.116194,0.074301,1292,2169,1989,3030,1298,3110
0.155877,-0.075290,0.367342,-0.218755,0.115965,0.075134,1292,2169,1989,3030,1298,3110
0.154976,-0.074971,0.365160,-0.220901,0.115646,0.076117,1292,2169,1989,3030,1298,3110
0.154100,-0.074782,0.364169,-0.222217,0.115456,0.076246,1292,2169,1989,3030,1298,3110
0.152932,-0.074549,0.362437,-0.224252,0.115223,0.076719,1292,2169,1989,3030,1298,3110
0.155278,-0.075293,0.367355,-0.219184,0.115967,0.074716,1292,2170,1990,3030,1298,3110
0.154533,-0.074618,0.364865,-0.221426,0.115293,0.076032,1292,2170,1990,3030,1298,3110
0.155871,-0.074378,0.367327,-0.218770,0.115053,0.075140,1292,2170,1990,3030,1298,3110
0.155369,-0.074184,0.365758,-0.220206,0.114858,0.075948,1292,2170,1990,3030,1298,3110
0.155369,-0.074184,0.365758,-0.220206,0.114858,0.075948,1292,2170,1990,3030,1298,3110
0.153590,-0.073484,0.361540,-0.224381,0.114159,0.077823,1292,2170,1990,3030,1298,3110
0.153491,-0.073933,0.362347,-0.223904,0.114608,0.077165,1292,2170,1990,3030,1298,3110
0.155558,-0.074676,0.367303,-0.219015,0.115351,0.074946,1292,2170,1990,3030,1298,3110
0.154915,-0.074125,0.365445,-0.220751,0.114800,0.075867,1292,2170,1990,3030,1298,3110
0.154839,-0.074019,0.364878,-0.221193,0.114693,0.076230,1292,2170,1989,3030,1298,3110
0.156909,-0.075118,0.370184,-0.216063,0.115792,0.073756,1292,2170,1989,3030,1298,3110
0.154509,-0.074005,0.364807,-0.221483,0.114679,0.076057,1292,2170,1989,3030,1298,3110
0.154773,-0.074186,0.365771,-0.220633,0.114861,0.075531,1292,2170,1989,3030,1298,3110
0.156285,-0.075006,0.369036,-0.217302,0.115681,0.074171,1292,2170,1989,3030,1298,3110
0.154769,-0.074485,0.365762,-0.220643,0.115160,0.075536,1292,2170,1989,3030,1298,3110
0.155272,-0.074380,0.367340,-0.219199,0.115055,0.074723,1293,2171,1989,3030,1298,3110
0.153649,-0.074024,0.364906,-0.222045,0.114698,0.075400,1300,2171,1989,3030,1298,3110
0.151685,-0.073328,0.362308,-0.225253,0.114002,0.075964,1308,2172,1989,3028,1298,3110
0.151909,-0.073523,0.365451,-0.222948,0.114198,0.073816,1316,2172,1988,3023,1298,3110
0.151344,-0.074258,0.369934,-0.220308,0.114933,0.070148,1324,2172,1987,3022,1298,3110
0.149892,-0.075223,0.374012,-0.218593,0.115897,0.066174,1329,2173,1987,3022,1299,3110
0.144689,-0.073777,0.368963,-0.225841,0.114451,0.066326,1331,2173,1987,3022,1299,3110
0.140053,-0.071918,0.362770,-0.233454,0.112592,0.067702,1333,2174,1988,3022,1299,3110
0.139905,-0.071726,0.365527,-0.231684,0.112401,0.065583,1334,2174,1988,3022,1299,3110
0.140027,-0.071897,0.368686,-0.229443,0.112572,0.063353,1334,2174,1988,3022,1299,3110
0.141087,-0.072294,0.373142,-0.225632,0.112968,0.060813,1334,2174,1989,3022,1299,3110
0.137810,-0.071279,0.366445,-0.232593,0.111953,0.063484,1332,2173,1992,3022,1299,3110
0.138824,-0.071902,0.368715,-0.230304,0.112577,0.062512,1324,2172,1997,3022,1299,3110
0.142962,-0.073580,0.375675,-0.222533,0.114255,0.060236,1318,2172,1997,3025,1299,3110
0.143331,-0.072438,0.370534,-0.225765,0.113112,0.064251,1305,2171,1997,3027,1296,3110
0.149079,-0.073541,0.377173,-0.217035,0.114216,0.063306,1293,2170,1997,3029,1293,3110
0.152476,-0.073983,0.375137,-0.215934,0.114658,0.067110,1283,2169,1997,3029,1291,3110
0.154670,-0.073237,0.369929,-0.217876,0.113912,0.072418,1278,2168,1997,3029,1290,3110
0.159826,-0.074242,0.372028,-0.212671,0.114917,0.074393,1277,2168,1997,3029,1289,3110
0.158532,-0.072829,0.363376,-0.219513,0.113504,0.079846,1280,2170,1997,3029,1289,3110
0.159918,-0.073092,0.364776,-0.217544,0.113766,0.079765,1281,2171,1997,3028,1289,3110
0.158004,-0.072038,0.361792,-0.220978,0.112712,0.080645,1288,2171,1997,3027,1292,3110
0.157483,-0.071873,0.364698,-0.219380,0.112548,0.078163,1300,2172,1997,3026,1293,3110
0.155178,-0.071448,0.365694,-0.220389,0.112122,0.075864,1315,2172,1997,3023,1295,3110
0.154373,-0.072357,0.370748,-0.217536,0.113031,0.071616,1324,2172,1995,3022,1296,3110
0.148608,-0.071348,0.366932,-0.224356,0.112022,0.070483,1336,2173,1993,3022,1297,3110
0.144223,-0.071494,0.368117,-0.226759,0.112169,0.066628,1343,2173,1991,3022,1297,3110
0.141790,-0.072208,0.372651,-0.225452,0.112882,0.061651,1344,2173,1991,3022,1298,3110
0.139271,-0.072385,0.373684,-0.226592,0.113060,0.059179,1343,2173,1991,3022,1298,3110
0.137820,-0.072749,0.372229,-0.228645,0.113423,0.059256,1339,2173,1991,3022,1298,3110
0.138308,-0.072909,0.371424,-0.228837,0.113584,0.060177,1332,2173,1993,3022,1298,3110
0.138924,-0.072867,0.368980,-0.230051,0.113541,0.062387,1325,2173,1996,3022,1295,3110
0.141235,-0.072474,0.369106,-0.228273,0.113149,0.063869,1316,2173,1997,3022,1292,3110
0.142663,-0.071869,0.366852,-0.228763,0.112544,0.066491,1306,2172,1997,3023,1290,3110
0.145668,-0.071328,0.364594,-0.228101,0.112003,0.070192,1296,2172,1997,3026,1289,3110
0.153027,-0.073390,0.374632,-0.215875,0.114065,0.067855,1288,2171,1997,3028,1288,3110
0.154273,-0.072804,0.368635,-0.219048,0.113479,0.073095,1282,2171,1997,3029,1288,3110
0.157904,-0.073408,0.368609,-0.216407,0.114083,0.075587,1280,2171,1997,3029,1288,3110
0.160062,-0.073150,0.367228,-0.215768,0.113825,0.078068,1282,2171,1997,3029,1288,3110
0.159713,-0.072046,0.363977,-0.218239,0.112720,0.080210,1284,2171,1997,3029,1288,3110
0.160076,-0.072392,0.365877,-0.216679,0.113066,0.079067,1289,2172,1997,3028,1288,3110
0.156394,-0.071276,0.362531,-0.221653,0.111951,0.079008,1300,2172,1997,3028,1290,3110
0.155645,-0.071644,0.366802,-0.219292,0.112318,0.075371,1312,2173,1997,3026,1294,3110
0.151192,-0.070191,0.363290,-0.224945,0.110866,0.074909,1330,2174,1997,3022,1297,3110
0.149966,-0.071269,0.370360,-0.221027,0.111943,0.068898,1336,2174,1996,3022,1297,3110
0.147572,-0.071764,0.376478,-0.218612,0.112439,0.062788,1342,2174,1995,3022,1298,3110
0.142195,-0.071102,0.373372,-0.224664,0.111777,0.061400,1345,2174,1994,3022,1298,3110
0.140435,-0.071530,0.376956,-0.223512,0.112205,0.057576,1346,2174,1994,3022,1298,3110
0.137424,-0.071073,0.373203,-0.228272,0.111748,0.058273,1345,2174,1994,3022,1298,3110
0.136865,-0.071196,0.372128,-0.229414,0.111870,0.058679,1343,2174,1996,3022,1298,3110
0.137473,-0.071193,0.372114,-0.228978,0.111868,0.059103,1339,2174,1996,3022,1298,3110
0.137726,-0.070821,0.369476,-0.230590,0.111496,0.061207,1330,2173,1996,3022,1294,3110
0.141323,-0.071773,0.374220,-0.224724,0.112447,0.060184,1320,2173,1997,3023,1291,3110
0.142707,-0.071466,0.371928,-0.225273,0.112141,0.062805,1311,2172,1997,3027,1289,3110
0.146278,-0.071951,0.371206,-0.223150,0.112625,0.065766,1302,2172,1997,3029,1288,3110
0.151952,-0.072567,0.367352,-0.221622,0.113242,0.072452,1289,2171,1997,3030,1279,3110
0.154006,-0.072038,0.363944,-0.222439,0.112713,0.076348,1288,2171,1997,3030,1272,3110
0.155244,-0.071894,0.362633,-0.222426,0.112568,0.078150,1289,2171,1997,3030,1271,3110
0.155391,-0.071771,0.361947,-0.222786,0.112445,0.078752,1293,2171,1997,3030,1273,3110
0.157689,-0.072632,0.367720,-0.217171,0.113307,0.076091,1295,2171,1997,3029,1274,3110
0.156993,-0.073127,0.370456,-0.215817,0.113801,0.073614,1302,2172,1997,3028,1274,3110
0.153649,-0.072188,0.368594,-0.219533,0.112863,0.072700,1312,2172,1997,3028,1275,3110
0.150774,-0.071265,0.366361,-0.223159,0.111940,0.072376,1321,2172,1997,3026,1276,3110
0.146767,-0.070120,0.362789,-0.228526,0.110795,0.072261,1329,2173,1997,3023,1279,3110
0.147178,-0.071728,0.373444,-0.220967,0.112402,0.064741,1337,2173,1996,3022,1292,3110
0.143875,-0.071837,0.374105,-0.222935,0.112511,0.062007,1343,2174,1995,3022,1301,3110
0.141593,-0.071761,0.375884,-0.223394,0.112436,0.059150,1347,2174,1994,3022,1304,3110
0.137065,-0.070490,0.369337,-0.231168,0.111164,0.060858,1348,2174,1993,3022,1305,3110
0.136123,-0.070914,0.370550,-0.231032,0.111589,0.059329,1348,2174,1994,3022,1305,3110
0.135661,-0.071513,0.372187,-0.230255,0.112188,0.057815,1347,2174,1996,3022,1305,3110
0.134044,-0.070812,0.367697,-0.234497,0.111486,0.060001,1344,2174,1997,3022,1305,3110
0.135821,-0.070743,0.371315,-0.230732,0.111418,0.058563,1341,2173,1997,3022,1302,3110
0.137034,-0.070738,0.371288,-0.229862,0.111413,0.059409,1339,2173,1997,3022,1300,3110
0.139609,-0.071490,0.375115,-0.225370,0.112165,0.058362,1327,2173,1997,3022,1298,3110
0.141136,-0.071801,0.372079,-0.226320,0.112476,0.061625,1321,2172,1997,3023,1298,3110
0.141955,-0.072124,0.369480,-0.227491,0.112799,0.064085,1313,2172,1997,3026,1298,3110
0.145148,-0.072462,0.370152,-0.224696,0.113137,0.065768,1304,2172,1997,3029,1297,3110
0.148233,-0.072099,0.368704,-0.223423,0.112773,0.068929,1298,2171,1997,3030,1297,3110
0.153581,-0.073643,0.375046,-0.215188,0.114317,0.067930,1296,2171,1997,3030,1297,3110
0.154152,-0.072874,0.369018,-0.218876,0.113548,0.072732,1298,2171,1997,3030,1297,3110
0.155430,-0.072972,0.369562,-0.217570,0.113646,0.073204,1301,2171,1997,3030,1297,3110
0.156825,-0.073546,0.373248,-0.214038,0.114220,0.071456,1304,2172,1997,3029,1297,3110
0.152680,-0.072159,0.368456,-0.220337,0.112834,0.072141,1312,2172,1997,3027,1300,3110
0.151684,-0.072767,0.372339,-0.218421,0.113442,0.068619,1321,2172,1997,3023,1303,3110
0.148344,-0.071403,0.369345,-0.222906,0.112078,0.068536,1330,2173,1994,3022,1305,3110
0.144392,-0.070635,0.366238,-0.227915,0.111310,0.068119,1337,2173,1991,3022,1306,3110
0.142106,-0.071267,0.368568,-0.228002,0.111942,0.064856,1343,2173,1989,3021,1307,3110
0.138098,-0.071548,0.366761,-0.232167,0.112222,0.063448,1344,2173,1989,3021,1307,3110
0.135510,-0.071541,0.365095,-0.235196,0.112216,0.062905,1342,2173,1989,3021,1307,3110
0.136133,-0.072531,0.368829,-0.232196,0.113206,0.060596,1340,2173,1992,3021,1307,3110
0.137385,-0.072905,0.371413,-0.229520,0.113580,0.059557,1336,2173,1995,3021,1307,3110
0.137917,-0.071904,0.368725,-0.230961,0.112578,0.061887,1330,2173,1996,3021,1307,3110
0.140402,-0.072273,0.371305,-0.227384,0.112947,0.061691,1322,2173,1997,3021,1305,3110
0.142442,-0.071788,0.370320,-0.226562,0.112462,0.063801,1313,2172,1997,3022,1302,3110
0.146122,-0.072055,0.371794,-0.222864,0.112730,0.065229,1305,2172,1997,3025,1301,3110
0.150841,-0.073427,0.374836,-0.217336,0.114101,0.066217,1296,2172,1997,3029,1299,3110
0.152799,-0.073561,0.371658,-0.218068,0.114236,0.069877,1289,2172,1998,3029,1298,3110
0.154474,-0.072687,0.367994,-0.219338,0.113361,0.073701,1285,2172,1998,3030,1298,3110
0.156063,-0.071610,0.364886,-0.220292,0.112285,0.077059,1285,2172,1998,3030,1298,3110
0.156514,-0.070547,0.361787,-0.222073,0.111222,0.079634,1288,2172,1998,3030,1298,3110
0.158203,-0.071090,0.365346,-0.218412,0.111765,0.078179,1290,2172,1998,3028,1301,3110
0.157420,-0.071132,0.365583,-0.218824,0.111807,0.077473,1292,2172,1998,3026,1304,3110
0.157049,-0.071897,0.368688,-0.216980,0.112572,0.074946,1295,2173,1998,3024,1306,3110
0.154701,-0.070653,0.366327,-0.220307,0.111328,0.075076,1303,2173,1998,3023,1307,3110
0.154785,-0.071040,0.371284,-0.216869,0.111714,0.071504,1315,2173,1998,3022,1308,3110
0.151884,-0.070372,0.368674,-0.220771,0.111047,0.071438,1318,2174,1998,3022,1310,3110
0.150717,-0.071193,0.372164,-0.219248,0.111867,0.068088,1324,2174,1998,3022,1323,3110
0.146633,-0.070598,0.369989,-0.223719,0.111272,0.066899,1329,2174,1998,3021,1338,3110
0.145705,-0.070436,0.373098,-0.222281,0.111111,0.063991,1331,2174,1997,3021,1349,3110
0.142612,-0.069509,0.368971,-0.227357,0.110183,0.064906,1335,2174,1997,3021,1352,3110
0.142496,-0.069913,0.371860,-0.225474,0.110588,0.062712,1338,2174,1997,3021,1352,3110
0.141914,-0.070002,0.372377,-0.225547,0.110676,0.061936,1341,2176,1997,3021,1352,3110
0.139200,-0.069112,0.368397,-0.230246,0.109786,0.063002,1342,2181,1997,3021,1352,3110
0.137901,-0.068764,0.368168,-0.231353,0.109438,0.062284,1342,2187,1997,3021,1352,3110
0.139230,-0.069118,0.372576,-0.227377,0.109792,0.059963,1342,2190,1997,3021,1347,3110
0.138306,-0.067050,0.368822,-0.230610,0.107725,0.062082,1342,2192,1997,3021,1343,3110
0.143587,-0.067075,0.373347,-0.223662,0.107750,0.062366,1312,2190,1997,3028,1282,3110
0.145507,-0.067404,0.371499,-0.223515,0.108079,0.065026,1304,2190,1997,3029,1283,3110
0.147825,-0.067278,0.370750,-0.222328,0.107953,0.067154,1293,2188,1998,3030,1284,3110
0.153235,-0.067670,0.373140,-0.216739,0.108344,0.069089,1285,2187,1998,3030,1285,3110
0.156537,-0.068190,0.372556,-0.214721,0.108865,0.071766,1279,2187,1998,3030,1287,3110
0.160965,-0.069142,0.375088,-0.209754,0.109817,0.072928,1275,2186,1998,3030,1297,3110
0.160257,-0.067893,0.368382,-0.214840,0.108567,0.077356,1275,2186,1998,3030,1309,3110
0.162089,-0.068128,0.367999,-0.213759,0.108803,0.078885,1274,2187,1998,3030,1316,3110
0.162566,-0.067348,0.364613,-0.215717,0.108022,0.081689,1272,2187,1998,3030,1319,3110
0.163267,-0.067438,0.365162,-0.214829,0.108112,0.081764,1273,2187,1998,3030,1321,3110
0.162983,-0.067445,0.365199,-0.215012,0.108120,0.081544,1274,2187,1998,3030,1321,3110
0.162566,-0.067348,0.364613,-0.215717,0.108022,0.081689,1276,2187,1998,3030,1321,3110
0.164043,-0.067929,0.368633,-0.211897,0.108604,0.079751,1276,2187,1998,3030,1321,3110
0.163441,-0.067931,0.368643,-0.212331,0.108606,0.079334,1277,2187,1998,3030,1321,3110
0.160047,-0.066681,0.361944,-0.219379,0.107356,0.081926,1278,2187,1998,3030,1321,3110
0.162969,-0.068039,0.369276,-0.212245,0.108713,0.078548,1279,2187,1998,3030,1321,3110
0.164074,-0.068549,0.372866,-0.208991,0.109223,0.076673,1280,2187,1998,3030,1321,3110
0.160584,-0.067264,0.365941,-0.216263,0.107938,0.079366,1281,2187,1998,3030,1320,3110
0.158636,-0.066949,0.365952,-0.217682,0.107624,0.078031,1292,2187,1998,3030,1314,3110
0.156949,-0.066891,0.365519,-0.219212,0.107566,0.077198,1300,2188,1998,3029,1313,3110
0.155430,-0.066944,0.365864,-0.220089,0.107619,0.075911,1307,2189,1997,3026,1312,3110
0.156218,-0.068556,0.372930,-0.214699,0.109230,0.071275,1314,2190,1997,3023,1312,3110
0.148504,-0.066772,0.368979,-0.223037,0.107446,0.068913,1327,2191,1997,3022,1311,3110
0.146983,-0.066954,0.372503,-0.221751,0.107629,0.065297,1333,2191,1997,3022,1311,3110
0.145333,-0.067027,0.375399,-0.220986,0.107702,0.062053,1338,2191,1997,3022,1311,3110
0.137777,-0.068561,0.375325,-0.226568,0.109235,0.056960,1348,2153,2030,2997,1327,3110
0.138447,-0.070753,0.375469,-0.225979,0.111428,0.057311,1350,2146,2033,2997,1327,3110
0.141162,-0.074058,0.382903,-0.218928,0.114732,0.053717,1352,2140,2034,2998,1327,3110
0.139909,-0.075266,0.380330,-0.221598,0.115941,0.054748,1355,2133,2034,2998,1330,3110
0.139975,-0.076623,0.383109,-0.219657,0.117298,0.052759,1356,2131,2034,2998,1330,3110
0.123552,-0.074484,0.385613,-0.229975,0.115159,0.039738,1419,2142,2024,2988,1337,3110
0.117926,-0.074133,0.383947,-0.235228,0.114807,0.037126,1421,2143,2023,2987,1338,3110
0.113220,-0.074730,0.379731,-0.241545,0.115405,0.037006,1418,2143,2024,2987,1343,3110
0.113304,-0.076221,0.382633,-0.239507,0.116896,0.034939,1409,2143,2025,2990,1344,3110
0.114496,-0.075557,0.379814,-0.240555,0.116231,0.037815,1396,2140,2029,2992,1342,3110
0.118537,-0.076651,0.383874,-0.234830,0.117326,0.037595,1377,2136,2034,2997,1338,3110
0.121276,-0.075687,0.378662,-0.236375,0.116362,0.043276,1357,2134,2037,2999,1337,3110
0.134514,-0.076164,0.377453,-0.227507,0.116839,0.053180,1336,2134,2043,3005,1334,3110
0.139407,-0.075561,0.376332,-0.224689,0.116236,0.057333,1332,2138,2045,3007,1334,3110
0.145412,-0.076227,0.384995,-0.214391,0.116902,0.055081,1330,2143,2047,3007,1333,3110
0.142524,-0.071439,0.370749,-0.226210,0.112114,0.063543,1333,2145,2047,3007,1333,3110
0.143732,-0.069002,0.371886,-0.224551,0.109676,0.063534,1335,2146,2047,2999,1333,3110
0.144994,-0.067928,0.377250,-0.219973,0.108603,0.060467,1341,2148,2042,2998,1333,3110
0.142528,-0.067261,0.376917,-0.222005,0.107936,0.059031,1352,2156,2036,2997,1333,3110
0.139750,-0.066871,0.376430,-0.224371,0.107545,0.057494,1363,2169,2030,2996,1333,3110
0.138679,-0.068397,0.380601,-0.222314,0.109072,0.053712,1370,2182,2022,2996,1333,3110
0.123795,-0.067739,0.347360,-0.255853,0.108413,0.067909,1345,2266,1857,3007,1310,3110
0.127624,-0.073251,0.356682,-0.246701,0.113926,0.063693,1338,2265,1857,3008,1309,3110
0.129543,-0.075931,0.353977,-0.247138,0.116606,0.066980,1326,2264,1859,3009,1308,3110
0.129925,-0.075826,0.345460,-0.252660,0.116500,0.073475,1318,2264,1863,3009,1307,3110
0.133328,-0.076105,0.345434,-0.250187,0.116780,0.075812,1312,2263,1871,3009,1306,3110
0.133899,-0.073907,0.338503,-0.254490,0.114581,0.081276,1305,2261,1880,3009,1306,3110
0.138066,-0.073697,0.341524,-0.249381,0.114372,0.081903,1304,2256,1890,3009,1305,3110
0.139952,-0.071804,0.339947,-0.249075,0.112478,0.084342,1302,2249,1902,3008,1305,3110
0.145694,-0.071869,0.349089,-0.238643,0.112543,0.081560,1298,2245,1909,3008,1305,3110
0.146163,-0.070516,0.347458,-0.239411,0.111191,0.083074,1296,2245,1912,3008,1305,3110
0.145588,-0.068915,0.343962,-0.242214,0.109590,0.085241,1299,2247,1911,3008,1305,3110
0.146458,-0.068425,0.346435,-0.239892,0.109100,0.084024,1310,2252,1906,3008,1305,3110
0.146610,-0.068181,0.352019,-0.235977,0.108855,0.080039,1327,2254,1903,3005,1307,3110
0.139429,-0.067196,0.357423,-0.237553,0.107870,0.071191,1352,2255,1900,2997,1311,3110
0.132523,-0.066966,0.355643,-0.243821,0.107641,0.067790,1357,2256,1901,2997,1312,3110
0.127600,-0.066919,0.355329,-0.247639,0.107593,0.064667,1357,2256,1902,2998,1312,3110
0.163852,-0.067841,0.352235,-0.223207,0.108515,0.091626,1261,2248,1915,3010,1311,3110
0.137814,-0.067178,0.361282,-0.236107,0.107852,0.067266,1329,2245,1902,3050,1312,3110
0.138028,-0.068903,0.358726,-0.237692,0.109578,0.069283,1325,2244,1901,3050,1312,3110
0.139422,-0.071467,0.358161,-0.237056,0.112142,0.070646,1320,2243,1901,3050,1312,3110
0.140841,-0.073174,0.355768,-0.237646,0.113848,0.073365,1312,2243,1901,3050,1311,3110
0.144482,-0.074471,0.358952,-0.232813,0.115145,0.073514,1306,2243,1903,3050,1309,3110
0.145976,-0.073276,0.356811,-0.233177,0.113951,0.076100,1302,2243,1903,3050,1307,3110
0.147164,-0.072280,0.354698,-0.233747,0.112955,0.078455,1300,2243,1902,3050,1306,3110
0.150031,-0.072662,0.356675,-0.230301,0.113336,0.078961,1299,2243,1902,3050,1305,3110
0.150248,-0.072914,0.354398,-0.231693,0.113589,0.080775,1298,2243,1901,3050,1305,3110
0.149331,-0.073162,0.351211,-0.234535,0.113836,0.082485,1297,2243,1901,3050,1304,3110
0.150406,-0.073749,0.352700,-0.232734,0.114424,0.082126,1297,2243,1901,3050,1304,3110
0.149632,-0.072709,0.349831,-0.235255,0.113384,0.083700,1297,2243,1901,3050,1304,3110
0.150838,-0.072997,0.351313,-0.233363,0.113672,0.083436,1297,2243,1901,3050,1304,3110
0.152004,-0.073502,0.354413,-0.230398,0.114176,0.081961,1297,2243,1901,3050,1304,3110
0.152004,-0.073502,0.354413,-0.230398,0.114176,0.081961,1297,2243,1902,3050,1304,3110
0.150553,-0.072419,0.351322,-0.233565,0.113094,0.083235,1297,2243,1902,3050,1304,3110
0.151266,-0.073065,0.353681,-0.231436,0.113739,0.081994,1300,2244,1903,3050,1305,3110
0.151673,-0.072574,0.355703,-0.229761,0.113248,0.080791,1305,2247,1904,3050,1307,3110
0.149861,-0.071116,0.354171,-0.232131,0.111791,0.080678,1311,2252,1903,3050,1309,3110
0.147064,-0.069524,0.353064,-0.234933,0.110198,0.079584,1327,2254,1902,3050,1310,3110
0.145569,-0.068444,0.359604,-0.231573,0.109119,0.073777,1343,2255,1901,3049,1311,3110
0.140284,-0.066885,0.359303,-0.235647,0.107559,0.070398,1356,2256,1900,3049,1312,3110
0.137232,-0.067225,0.365710,-0.233517,0.107899,0.063628,1359,2256,1899,3049,1318,3110
0.130674,-0.066726,0.362216,-0.240698,0.107401,0.061718,1359,2257,1899,3049,1326,3110
0.138970,-0.067133,0.370586,-0.228923,0.107808,0.061242,1301,2246,1911,3061,1321,3110
0.145439,-0.067564,0.368838,-0.225378,0.108238,0.066928,1289,2243,1911,3061,1321,3110
0.149632,-0.068024,0.361031,-0.227626,0.108698,0.075500,1284,2242,1908,3061,1321,3110
0.154806,-0.070275,0.358135,-0.225811,0.110950,0.081145,1288,2242,1905,3056,1321,3110
0.156591,-0.072241,0.359179,-0.223792,0.112916,0.081597,1297,2244,1901,3050,1321,3110
0.155596,-0.072793,0.358973,-0.224661,0.113468,0.081069,1312,2250,1895,3048,1321,3110
0.151088,-0.071571,0.356738,-0.229484,0.112246,0.079635,1324,2255,1890,3044,1321,3110
0.143565,-0.069985,0.351248,-0.238731,0.110660,0.078529,1331,2258,1883,3037,1321,3110
0.138916,-0.068763,0.350916,-0.242362,0.109438,0.075606,1334,2261,1878,3029,1321,3110
0.137491,-0.068826,0.356614,-0.239523,0.109500,0.070464,1335,2265,1875,3023,1321,3110
0.133301,-0.068363,0.349751,-0.247265,0.109038,0.072634,1329,2265,1876,3021,1321,3110
0.132381,-0.069281,0.348483,-0.248803,0.109955,0.072935,1321,2265,1883,3020,1320,3110
0.136246,-0.070559,0.351828,-0.243695,0.111233,0.073119,1302,2264,1886,3023,1320,3110
0.139374,-0.069101,0.348756,-0.243498,0.109776,0.077499,1285,2264,1887,3030,1319,3110
0.143741,-0.067445,0.344793,-0.243000,0.108120,0.083376,1271,2263,1888,3031,1317,3110
0.153651,-0.067783,0.352510,-0.230487,0.108458,0.084476,1267,2260,1892,3031,1307,3110
0.158992,-0.067990,0.351436,-0.227310,0.108664,0.088901,1264,2259,1897,3030,1303,3110
0.161078,-0.067825,0.349974,-0.226778,0.108500,0.091392,1267,2263,1900,3024,1302,3110
0.147382,-0.068601,0.369559,-0.223464,0.109275,0.067724,1323,2207,1957,3020,1338,3110
0.145784,-0.071525,0.366638,-0.226623,0.112199,0.068774,1323,2205,1957,3020,1338,3110
0.144310,-0.072915,0.365315,-0.228604,0.113590,0.068738,1323,2203,1958,3020,1338,3110
0.144404,-0.073843,0.363955,-0.229462,0.114518,0.069799,1323,2203,1960,3020,1338,3110
0.142701,-0.072823,0.359625,-0.233658,0.113498,0.071808,1324,2203,1962,3020,1338,3110
0.142702,-0.072439,0.360735,-0.232901,0.113113,0.070996,1325,2203,1963,3020,1339,3110
0.142462,-0.072212,0.362770,-0.231691,0.112887,0.069343,1330,2203,1963,3020,1339,3110
0.141182,-0.071215,0.362181,-0.233029,0.111889,0.068902,1335,2203,1963,3020,1339,3110
0.141524,-0.071769,0.365767,-0.230335,0.112443,0.066510,1340,2203,1958,3021,1340,3110
0.140887,-0.072402,0.368113,-0.229204,0.113076,0.064358,1344,2203,1957,3021,1340,3110
0.139108,-0.073221,0.368210,-0.230440,0.113896,0.063075,1345,2203,1957,3021,1341,3110
0.137344,-0.074272,0.368366,-0.231626,0.114946,0.061760,1345,2203,1957,3021,1346,3110
0.135554,-0.073998,0.364770,-0.235386,0.114673,0.063173,1345,2203,1957,3021,1349,3110
0.136732,-0.074242,0.368797,-0.231780,0.114916,0.061027,1345,2203,1957,3021,1349,3110
0.136294,-0.073669,0.366783,-0.233472,0.114343,0.062203,1344,2206,1958,3021,1349,3110
0.135460,-0.072664,0.364071,-0.235930,0.113339,0.063620,1340,2210,1962,3021,1348,3110
0.135970,-0.071117,0.363831,-0.235720,0.111792,0.064144,1337,2211,1966,3021,1346,3110
0.133620,-0.067877,0.356273,-0.242589,0.108552,0.068077,1331,2210,1968,3021,1343,3110
0.138663,-0.067480,0.364250,-0.233464,0.108155,0.065671,1323,2204,1968,3029,1342,3110
0.140472,-0.066968,0.361835,-0.233784,0.107643,0.068672,1317,2202,1965,3031,1342,3110
0.147353,-0.071021,0.372896,-0.221212,0.111695,0.065261,1318,2202,1963,3031,1342,3110
0.150586,-0.073768,0.373358,-0.218531,0.114443,0.067126,1327,2202,1959,3029,1345,3110
0.148314,-0.073677,0.368443,-0.223541,0.114352,0.069176,1341,2205,1958,3022,1348,3110
0.144115,-0.072876,0.366915,-0.227657,0.113550,0.067434,1359,2210,1957,3021,1348,3110
0.139170,-0.072502,0.370395,-0.228907,0.113177,0.061518,1371,2211,1957,3020,1349,3110
0.137552,-0.073089,0.380455,-0.223238,0.113763,0.053051,1377,2212,1957,3020,1350,3110
0.128613,-0.070333,0.370329,-0.236680,0.111008,0.054375,1377,2212,1957,3020,1350,3110
0.124907,-0.069103,0.368346,-0.240745,0.109778,0.053302,1377,2212,1957,3020,1352,3110
0.124368,-0.069002,0.369559,-0.240312,0.109677,0.052047,1374,2209,1957,3021,1357,3110
0.126495,-0.069992,0.372272,-0.236907,0.110666,0.051510,1360,2205,1957,3021,1356,3110
0.129589,-0.071830,0.374059,-0.233425,0.112505,0.052309,1345,2203,1958,3021,1353,3110
0.131828,-0.072483,0.370781,-0.234019,0.113158,0.056234,1328,2202,1959,3026,1351,3110
0.137170,-0.073815,0.369162,-0.231211,0.114490,0.061058,1310,2201,1962,3030,1350,3110
0.142718,-0.074142,0.366095,-0.229238,0.114817,0.067083,1295,2201,1968,3030,1349,3110
0.148702,-0.074535,0.365013,-0.225595,0.115210,0.071951,1284,2201,1971,3032,1349,3110
0.158335,-0.075264,0.372591,-0.213380,0.115939,0.072965,1282,2201,1974,3032,1349,3110
0.158105,-0.070766,0.361937,-0.220805,0.111440,0.080609,1283,2201,1976,3031,1349,3110
0.161113,-0.070609,0.366063,-0.215793,0.111284,0.079637,1293,2202,1976,3031,1349,3110
0.159534,-0.069920,0.365563,-0.217290,0.110595,0.078928,1307,2203,1972,3030,1349,3110
0.158599,-0.069876,0.369392,-0.215365,0.110551,0.075487,1326,2207,1969,3023,1351,3110
0.152963,-0.069631,0.369733,-0.219260,0.110305,0.071398,1346,2210,1967,3021,1353,3110
0.132107,-0.067490,0.369791,-0.234489,0.108164,0.057148,1374,2213,1966,3020,1355,3110
0.127844,-0.066748,0.371228,-0.236631,0.107422,0.053193,1363,2213,1967,3020,1353,3110
0.129395,-0.066759,0.371292,-0.235452,0.107433,0.054202,1348,2209,1968,3020,1349,3110
0.131737,-0.068024,0.369740,-0.234795,0.108698,0.056934,1332,2205,1974,3020,1348,3110
0.134912,-0.067935,0.366478,-0.234692,0.108610,0.061485,1316,2204,1977,3027,1347,3110
0.139331,-0.067736,0.361649,-0.234747,0.108410,0.068031,1303,2204,1979,3030,1346,3110
0.148869,-0.068587,0.369473,-0.222434,0.109261,0.068800,1297,2205,1980,3030,1340,3110
0.152772,-0.067606,0.366704,-0.221463,0.108281,0.073486,1297,2207,1980,3030,1330,3110
0.132339,-0.068103,0.370207,-0.234036,0.108777,0.057002,1378,2212,1977,2977,1365,3110
0.128804,-0.067719,0.369191,-0.237315,0.108393,0.055338,1388,2212,1979,2968,1367,3110
0.115727,-0.067490,0.374491,-0.243279,0.108164,0.042551,1413,2203,1980,2972,1387,3110
0.114990,-0.069593,0.378332,-0.241202,0.110267,0.039237,1419,2202,1980,2972,1391,3110
0.112798,-0.070156,0.375581,-0.244682,0.110830,0.039757,1427,2202,1980,2972,1391,3110
0.110429,-0.069286,0.373728,-0.247678,0.109961,0.039500,1433,2203,1980,2972,1392,3110
0.109703,-0.070254,0.382836,-0.242005,0.110929,0.032338,1435,2204,1980,2972,1392,3110
0.106431,-0.068754,0.381065,-0.245607,0.109429,0.031405,1435,2204,1980,2973,1392,3110
0.105379,-0.068014,0.380148,-0.247001,0.108689,0.031360,1435,2204,1980,2973,1392,3110
0.105724,-0.067787,0.380768,-0.246326,0.108462,0.031141,1435,2204,1980,2973,1392,3110
0.106171,-0.068088,0.383765,-0.243957,0.108762,0.029251,1431,2204,1980,2973,1392,3110
0.105379,-0.068014,0.380148,-0.247001,0.108689,0.031360,1427,2203,1980,2974,1392,3110
0.106628,-0.068326,0.380135,-0.246096,0.109001,0.032220,1424,2203,1981,2974,1391,3110
0.108799,-0.068526,0.379428,-0.244988,0.109201,0.034216,1416,2203,1981,2974,1388,3110
0.110594,-0.068531,0.377589,-0.244927,0.109205,0.036786,1411,2203,1981,2974,1386,3110
0.112535,-0.069145,0.379386,-0.242282,0.109820,0.036792,1408,2203,1981,2974,1386,3110
0.112922,-0.067782,0.374384,-0.245406,0.108457,0.040718,1407,2203,1981,2974,1385,3110
0.115752,-0.068146,0.377176,-0.241432,0.108820,0.040602,1407,2203,1981,2974,1385,3110
0.114332,-0.066679,0.369008,-0.248036,0.107353,0.045614,1407,2204,1981,2974,1385,3110
0.116141,-0.067646,0.375390,-0.242363,0.108321,0.042174,1405,2205,1981,2974,1385,3110
0.115265,-0.066865,0.371968,-0.245336,0.107540,0.044083,1401,2205,1981,2974,1384,3110
0.118595,-0.067636,0.375331,-0.240607,0.108311,0.043889,1397,2204,1982,2975,1384,3110
0.118131,-0.067088,0.371445,-0.243594,0.107762,0.046418,1397,2204,1984,2975,1384,3110
0.118376,-0.066966,0.370709,-0.243916,0.107641,0.047123,1397,2203,1992,2975,1383,3110
0.120861,-0.068006,0.378176,-0.237011,0.108681,0.043350,1397,2203,2005,2975,1383,3110
0.060790,-0.066934,0.349875,-0.300267,0.107608,0.023149,1483,2372,1689,3007,1417,3110
0.062874,-0.072633,0.355075,-0.295199,0.113307,0.020761,1481,2368,1689,3009,1418,3110
0.064284,-0.075801,0.357815,-0.292301,0.116476,0.019717,1480,2366,1689,3015,1426,3110
0.071269,-0.075411,0.355753,-0.288591,0.116086,0.025984,1480,2355,1730,3068,1430,3110
0.073811,-0.074262,0.360993,-0.283161,0.114937,0.023880,1480,2355,1750,3068,1428,3110
0.074017,-0.071127,0.359866,-0.283778,0.111801,0.024844,1480,2355,1755,3068,1428,3110
0.073941,-0.066978,0.355743,-0.286642,0.107653,0.027812,1480,2355,1763,3068,1428,3110
0.081401,-0.067702,0.373360,-0.269180,0.108377,0.019996,1471,2335,1757,3135,1427,3110
0.084153,-0.069044,0.372691,-0.267621,0.109719,0.022361,1468,2330,1752,3147,1426,3110
0.086420,-0.072326,0.376258,-0.263531,0.113001,0.021293,1466,2325,1746,3154,1426,3110
0.087436,-0.073794,0.370943,-0.266408,0.114469,0.025876,1465,2321,1740,3156,1426,3110
0.079878,-0.074802,0.350191,-0.286077,0.115477,0.035921,1465,2384,1673,3147,1433,3110
0.078965,-0.072183,0.353198,-0.284698,0.112858,0.033097,1465,2396,1672,3147,1433,3110
0.077147,-0.067359,0.348937,-0.288931,0.108033,0.034979,1463,2406,1672,3147,1433,3110
0.064337,-0.067340,0.344744,-0.301165,0.108015,0.029322,1478,2542,1417,3159,1432,3110
0.060104,-0.067142,0.341548,-0.306442,0.107816,0.028778,1480,2551,1412,3159,1433,3110
0.062638,-0.066940,0.347802,-0.300326,0.107615,0.025926,1473,2519,1458,3190,1442,3110
0.062855,-0.066987,0.344842,-0.302183,0.107661,0.028241,1473,2508,1477,3190,1442,3110
0.066070,-0.067183,0.349353,-0.296757,0.107857,0.027128,1473,2491,1511,3190,1440,3110
0.066973,-0.067143,0.351567,-0.294588,0.107818,0.026122,1473,2485,1521,3190,1440,3110
0.070276,-0.067309,0.356064,-0.289106,0.107984,0.025080,1473,2479,1525,3190,1440,3110
0.069997,-0.067909,0.356136,-0.289262,0.108584,0.024837,1474,2479,1521,3190,1441,3110
0.070369,-0.069521,0.359271,-0.286853,0.110195,0.022795,1475,2479,1519,3190,1441,3110
0.069449,-0.070007,0.356366,-0.289506,0.110681,0.024295,1476,2479,1519,3190,1441,3110
0.068889,-0.070543,0.355896,-0.290236,0.111218,0.024258,1476,2479,1519,3190,1441,3110
0.068097,-0.069811,0.353162,-0.292679,0.110485,0.025721,1476,2479,1519,3190,1441,3110
0.068594,-0.069952,0.355880,-0.290463,0.110626,0.024069,1474,2479,1519,3190,1441,3110
0.068594,-0.069952,0.355880,-0.290463,0.110626,0.024069,1474,2479,1519,3190,1441,3110
0.068659,-0.069208,0.353053,-0.292342,0.109883,0.026183,1472,2479,1519,3190,1441,3110
0.069528,-0.069834,0.355189,-0.290250,0.110509,0.025211,1470,2479,1518,3190,1440,3110
0.069986,-0.069475,0.352997,-0.291408,0.110149,0.027128,1468,2480,1518,3190,1440,3110
0.070709,-0.069276,0.351612,-0.291822,0.109950,0.028634,1468,2480,1518,3190,1440,3110
0.071060,-0.069531,0.353172,-0.290502,0.110205,0.027731,1471,2483,1517,3190,1440,3110
0.070317,-0.067790,0.349379,-0.293631,0.108464,0.030002,1475,2487,1516,3190,1440,3110
0.074200,-0.067573,0.346144,-0.292991,0.108248,0.035016,1460,2488,1515,3190,1436,3110
0.055205,-0.067185,0.380898,-0.283223,0.107859,-0.003367,1536,2413,1621,3190,1484,3110
0.057838,-0.071438,0.388889,-0.275852,0.112113,-0.007424,1536,2407,1622,3190,1490,3110
0.056968,-0.072562,0.381018,-0.281851,0.113236,-0.002254,1539,2406,1622,3190,1491,3110
0.058061,-0.075540,0.385882,-0.277738,0.116214,-0.005071,1543,2405,1622,3190,1491,3110
0.056416,-0.076105,0.381469,-0.281947,0.116780,-0.002960,1553,2405,1622,3189,1493,3110
0.053896,-0.075926,0.380499,-0.284454,0.116600,-0.003967,1562,2406,1621,3189,1503,3110
0.051363,-0.075075,0.379299,-0.287125,0.115749,-0.004814,1568,2406,1621,3188,1512,3110
0.049851,-0.075934,0.389063,-0.281581,0.116609,-0.012991,1571,2406,1621,3187,1516,3110
0.047799,-0.076217,0.390319,-0.282228,0.116891,-0.015309,1572,2405,1621,3188,1517,3110
0.046833,-0.076458,0.390000,-0.283152,0.117133,-0.015734,1571,2404,1621,3189,1517,3110
0.045991,-0.076329,0.385396,-0.286906,0.117004,-0.012937,1569,2403,1621,3190,1517,3110
0.072930,-0.076482,0.381890,-0.269571,0.117157,0.007980,1491,2341,1721,3189,1447,3110
0.104581,-0.076140,0.360990,-0.260636,0.116815,0.044842,1416,2351,1708,3186,1398,3110
0.102677,-0.074337,0.357412,-0.264467,0.115012,0.046164,1419,2353,1695,3186,1398,3110
0.103378,-0.074863,0.364268,-0.259284,0.115537,0.041623,1421,2359,1680,3186,1398,3110
0.101645,-0.074766,0.363899,-0.260804,0.115441,0.040712,1421,2366,1664,3186,1399,3110
0.099641,-0.076111,0.364395,-0.261934,0.116786,0.038984,1421,2375,1647,3189,1399,3110
0.095737,-0.075846,0.354042,-0.271844,0.116520,0.043904,1420,2383,1633,3190,1399,3110
0.104621,-0.076060,0.347419,-0.269851,0.116735,0.054804,1381,2401,1614,3190,1390,3110
0.105977,-0.074470,0.342891,-0.271943,0.115144,0.059043,1380,2406,1613,3190,1387,3110
0.106932,-0.073305,0.340926,-0.272582,0.113980,0.061132,1380,2414,1612,3190,1387,3110
0.107158,-0.072635,0.340333,-0.272820,0.113310,0.061720,1381,2422,1611,3190,1387,3110
0.107042,-0.070754,0.340870,-0.272540,0.111429,0.061248,1383,2431,1610,3189,1387,3110
0.104800,-0.066785,0.337219,-0.276668,0.107459,0.062394,1389,2439,1610,3187,1387,3110
0.110755,-0.069227,0.328208,-0.278446,0.109901,0.073047,1359,2465,1509,3190,1336,3110
0.109303,-0.071793,0.322680,-0.283275,0.112467,0.076105,1359,2459,1509,3191,1336,3110
0.111779,-0.076059,0.330102,-0.276407,0.116734,0.072358,1361,2457,1509,3191,1337,3110
0.116360,-0.075955,0.322233,-0.278413,0.116630,0.081240,1355,2436,1556,3191,1343,3110
0.111287,-0.075537,0.336260,-0.272572,0.116212,0.067514,1384,2443,1548,3189,1349,3110
0.107208,-0.075181,0.337255,-0.274880,0.115856,0.064008,1385,2444,1548,3189,1349,3110
0.103314,-0.073763,0.335379,-0.279009,0.114438,0.062729,1384,2444,1549,3189,1349,3110
0.102531,-0.073445,0.335514,-0.279490,0.114119,0.062097,1378,2443,1551,3189,1349,3110
0.102257,-0.072770,0.331353,-0.282526,0.113444,0.064956,1365,2437,1555,3189,1347,3110
0.107199,-0.075052,0.337977,-0.274395,0.115726,0.063473,1346,2434,1558,3190,1345,3110
0.106484,-0.075221,0.332667,-0.278536,0.115896,0.066873,1380,2444,1547,3187,1349,3110
0.103245,-0.073305,0.329772,-0.282879,0.113980,0.066786,1379,2444,1548,3189,1349,3110
0.103821,-0.073380,0.335223,-0.278745,0.114055,0.063189,1377,2444,1551,3189,1349,3110
0.105521,-0.073950,0.338459,-0.275295,0.114625,0.061977,1372,2443,1554,3189,1349,3110
0.105566,-0.073166,0.333727,-0.278486,0.113841,0.065472,1360,2440,1556,3190,1346,3110
0.108183,-0.073977,0.335327,-0.275480,0.114652,0.066083,1348,2437,1558,3190,1344,3110
0.111204,-0.073857,0.330926,-0.276266,0.114531,0.071364,1337,2434,1558,3190,1342,3110
0.118326,-0.076613,0.337436,-0.266618,0.117288,0.071449,1327,2432,1558,3190,1342,3110
0.114095,-0.075414,0.335308,-0.271165,0.116089,0.070125,1378,2443,1558,3190,1333,3110
0.110330,-0.074267,0.338342,-0.271854,0.114942,0.065339,1384,2451,1558,3190,1341,3110
0.104436,-0.070524,0.331145,-0.281072,0.111199,0.066593,1388,2457,1558,3190,1349,3110
0.102188,-0.068697,0.333891,-0.280847,0.109371,0.063051,1389,2462,1558,3190,1349,3110
0.121139,-0.067459,0.331177,-0.268822,0.108134,0.077947,1326,2457,1558,3190,1341,3110
0.126157,-0.069976,0.336246,-0.261695,0.110651,0.077654,1326,2457,1558,3190,1341,3110
0.126133,-0.068865,0.327701,-0.267534,0.109540,0.083894,1331,2458,1558,3190,1341,3110
0.126372,-0.068378,0.328006,-0.267151,0.109053,0.083833,1337,2461,1557,3190,1341,3110
0.125322,-0.067986,0.331118,-0.265800,0.108661,0.080840,1352,2465,1556,3190,1341,3110
0.115026,-0.067563,0.340376,-0.267032,0.108237,0.067049,1340,2457,1558,3190,1341,3110
0.117871,-0.068919,0.334696,-0.268817,0.109594,0.073144,1335,2457,1558,3190,1341,3110
0.120400,-0.069984,0.332944,-0.268159,0.110659,0.076150,1333,2457,1558,3190,1340,3110
0.122710,-0.069881,0.331003,-0.267791,0.110555,0.079145,1333,2457,1558,3190,1340,3110
0.121290,-0.067995,0.324147,-0.273500,0.108670,0.083197,1339,2457,1558,3190,1340,3110
0.121339,-0.067403,0.325349,-0.272645,0.108078,0.082350,1344,2458,1558,3190,1340,3110
0.119420,-0.067063,0.325257,-0.274113,0.107738,0.081110,1354,2463,1558,3190,1340,3110
0.117904,-0.067266,0.331312,-0.271098,0.107940,0.075645,1367,2466,1558,3188,1340,3110
0.118015,-0.066894,0.334242,-0.269021,0.107569,0.073575,1336,2457,1558,3190,1341,3110
0.120283,-0.068671,0.331423,-0.269281,0.109346,0.077184,1335,2457,1558,3190,1340,3110
0.121987,-0.069440,0.329699,-0.269208,0.110114,0.079607,1336,2457,1558,3190,1340,3110
0.121680,-0.068996,0.326990,-0.271278,0.109670,0.081381,1340,2457,1558,3190,1340,3110
0.121761,-0.068923,0.328017,-0.270519,0.109598,0.080685,1345,2457,1558,3190,1340,3110
0.120919,-0.069190,0.331362,-0.268857,0.109865,0.077662,1356,2458,1558,3190,1342,3110
0.116820,-0.067671,0.328645,-0.273709,0.108346,0.076858,1370,2461,1558,3190,1347,3110
0.113381,-0.066764,0.330425,-0.275014,0.107438,0.073213,1383,2463,1557,3190,1348,3110
0.103110,-0.066822,0.337635,-0.277622,0.107496,0.060938,1368,2459,1558,3190,1350,3110
0.107589,-0.068119,0.340276,-0.272544,0.108793,0.062055,1365,2459,1558,3190,1339,3110
0.106649,-0.066669,0.330970,-0.279571,0.107343,0.068228,1363,2459,1558,3190,1329,3110
0.109571,-0.067648,0.333742,-0.275544,0.108322,0.068189,1363,2461,1558,3190,1327,3110
0.110242,-0.067035,0.333387,-0.275295,0.107710,0.068907,1367,2463,1558,3190,1328,3110
0.105731,-0.066956,0.345715,-0.270199,0.107630,0.056808,1370,2449,1576,3190,1332,3110
0.106522,-0.067091,0.339165,-0.274081,0.107765,0.062142,1367,2443,1576,3190,1332,3110
0.109121,-0.068927,0.340042,-0.271581,0.109601,0.063270,1367,2441,1576,3190,1332,3110
0.110278,-0.069922,0.337672,-0.272349,0.110597,0.065793,1368,2441,1576,3190,1332,3110
0.111144,-0.071006,0.337271,-0.271988,0.111680,0.066678,1372,2443,1576,3190,1332,3110
0.109519,-0.070299,0.334829,-0.274841,0.110974,0.067358,1375,2446,1575,3190,1333,3110
0.109602,-0.070638,0.340469,-0.270939,0.111313,0.063286,1383,2448,1575,3190,1337,3110
0.104035,-0.068057,0.334476,-0.279097,0.108731,0.063881,1393,2449,1573,3187,1339,3110
0.100513,-0.067153,0.343287,-0.275673,0.107828,0.055031,1408,2451,1566,3186,1342,3110
0.091974,-0.067117,0.343200,-0.281984,0.107792,0.049278,1410,2450,1568,3186,1354,3110
0.091974,-0.067117,0.343200,-0.281984,0.107792,0.049278,1407,2449,1571,3189,1352,3110
0.095304,-0.068318,0.343368,-0.279432,0.108993,0.051423,1390,2441,1575,3190,1350,3110
0.097414,-0.068660,0.340388,-0.279917,0.109335,0.055043,1387,2440,1575,3190,1350,3110
0.099284,-0.069625,0.337559,-0.280475,0.110300,0.058387,1381,2439,1575,3190,1350,3110
0.104019,-0.072732,0.344362,-0.272374,0.113407,0.056633,1378,2438,1575,3190,1349,3110
0.105687,-0.073652,0.341250,-0.273273,0.114326,0.060047,1370,2439,1576,3190,1349,3110
0.107772,-0.073662,0.339815,-0.272724,0.114337,0.062518,1365,2442,1577,3190,1345,3110
0.108122,-0.071824,0.334357,-0.276186,0.112498,0.066752,1364,2446,1577,3190,1336,3110
0.109674,-0.069277,0.333581,-0.275578,0.109952,0.068378,1364,2449,1577,3190,1331,3110
0.024278,-0.069839,0.405546,-0.289075,0.110514,-0.042480,1650,2423,1579,3190,1555,3110
0.023055,-0.073363,0.408957,-0.287647,0.114037,-0.045809,1656,2404,1582,3190,1568,3110
0.099194,-0.075462,0.768302,0.012877,0.116137,-0.257024,2676,2073,2155,2864,2682,3109
0.102676,-0.076105,0.790729,0.030703,0.116779,-0.271071,2675,2075,2155,2864,2682,3109
0.099119,-0.072527,0.760444,0.007469,0.113202,-0.251321,2672,2076,2155,2864,2682,3109
0.101627,-0.074514,0.788221,0.028227,0.115189,-0.269949,2671,2076,2155,2864,2682,3109
0.097311,-0.071073,0.758446,0.004784,0.111748,-0.251091,2672,2076,2155,2864,2682,3109
0.097145,-0.071226,0.759975,0.005704,0.111901,-0.252324,2675,2076,2154,2861,2682,3109
0.097540,-0.071292,0.760442,0.006312,0.111967,-0.252396,2676,2076,2150,2857,2682,3109
0.098484,-0.072673,0.765659,0.010556,0.113347,-0.255572,2676,2076,2145,2855,2682,3109
0.098473,-0.073941,0.771521,0.014542,0.114615,-0.259872,2676,2076,2144,2854,2682,3109
0.097413,-0.075589,0.775549,0.016510,0.116263,-0.263543,2676,2077,2147,2854,2682,3109
0.095263,-0.073452,0.757269,0.002484,0.114127,-0.251625,2676,2077,2152,2854,2682,3109
0.095451,-0.073010,0.758770,0.003644,0.113684,-0.252595,2676,2082,2155,2854,2682,3109
0.097157,-0.071364,0.771158,0.013331,0.112039,-0.260502,2676,2086,2156,2855,2682,3109
0.099652,-0.070056,0.782226,0.022698,0.110731,-0.266906,2677,2095,2156,2858,2682,3109
0.098755,-0.068969,0.773364,0.016004,0.109643,-0.261028,2677,2106,2156,2858,2682,3109
0.101369,-0.068280,0.790690,0.029719,0.108954,-0.271933,2677,2120,2156,2857,2682,3109
0.086004,-0.067321,0.811408,0.032584,0.107995,-0.297567,2691,2192,2020,2853,2681,3109
0.084149,-0.067329,0.803612,0.025915,0.108004,-0.293123,2691,2192,2017,2853,2681,3109
0.084680,-0.070005,0.811523,0.031693,0.110680,-0.298553,2691,2192,2013,2853,2681,3109
0.085537,-0.071479,0.819909,0.038033,0.112153,-0.304108,2691,2194,2012,2853,2681,3109
0.083264,-0.070557,0.805626,0.026639,0.111231,-0.295201,2691,2198,2012,2853,2681,3109
0.081279,-0.068804,0.789298,0.014063,0.109479,-0.284599,2690,2201,2012,2853,2681,3109
0.083319,-0.068646,0.811275,0.030527,0.109321,-0.299298,2689,2202,2014,2853,2681,3109
0.083307,-0.067299,0.811155,0.030437,0.107974,-0.299219,2689,2202,2015,2853,2681,3109
0.082302,-0.066714,0.807721,0.027362,0.107388,-0.297389,2690,2201,2012,2853,2681,3109
0.081924,-0.067480,0.807765,0.027115,0.108155,-0.297679,2690,2201,2011,2853,2681,3109
0.081295,-0.067096,0.804344,0.024324,0.107771,-0.295603,2688,2202,2011,2853,2681,3109
0.082581,-0.068447,0.824092,0.038718,0.109121,-0.309185,2688,2202,2011,2853,2681,3109
0.080611,-0.067278,0.810906,0.028293,0.107953,-0.300873,2690,2202,2011,2853,2681,3109
0.081959,-0.067289,0.811030,0.029365,0.107963,-0.300046,2708,2202,2012,2853,2681,3109
0.085221,-0.067376,0.819829,0.037747,0.108050,-0.304265,2726,2202,2012,2853,2687,3109
0.088234,-0.067420,0.819870,0.039980,0.108095,-0.302243,2740,2202,2012,2853,2688,3109
0.092756,-0.067494,0.824474,0.046427,0.108169,-0.302533,2749,2202,2012,2853,2688,3109
0.096888,-0.067535,0.824983,0.049800,0.108210,-0.300091,2754,2202,2012,2853,2688,3109
0.099821,-0.066734,0.820387,0.048816,0.107408,-0.294728,2752,2202,2013,2853,2688,3109
0.101179,-0.066738,0.820443,0.049848,0.107413,-0.293845,2726,2202,2013,2853,2681,3109
0.098288,-0.066757,0.825120,0.050917,0.107432,-0.299237,2705,2202,2011,2853,2680,3109
0.093036,-0.066710,0.820104,0.043655,0.107384,-0.299143,2685,2202,2010,2852,2679,3109
0.087710,-0.069150,0.828047,0.045167,0.109824,-0.308586,2670,2202,2010,2852,2679,3109
0.079333,-0.067305,0.805677,0.023797,0.107980,-0.297915,2662,2202,2010,2852,2678,3109
0.075454,-0.067511,0.805747,0.021004,0.108186,-0.300608,2659,2202,2010,2852,2669,3109
0.073891,-0.068571,0.810407,0.023034,0.109246,-0.305085,2666,2202,2011,2852,2657,3109
0.074593,-0.066693,0.799686,0.016245,0.107368,-0.296758,2706,2202,2012,2852,2655,3109
0.086917,-0.067097,0.824233,0.041988,0.107771,-0.306334,2748,2202,2013,2852,2657,3109
0.100941,-0.066706,0.841163,0.063789,0.107381,-0.309176,2775,2202,2019,2853,2658,3109
0.091679,-0.066705,0.820047,0.042623,0.107380,-0.300025,2704,2203,1999,2843,2649,3109
0.088058,-0.068326,0.827594,0.045114,0.109000,-0.308018,2695,2205,1993,2831,2649,3109
0.083200,-0.068467,0.823657,0.038875,0.109142,-0.308445,2691,2211,1986,2820,2648,3109
0.080286,-0.069670,0.835194,0.044600,0.110344,-0.318876,2690,2222,1981,2806,2648,3109
0.073571,-0.066871,0.813884,0.025168,0.107546,-0.307848,2689,2234,1978,2791,2648,3109
0.073374,-0.068258,0.834782,0.039259,0.108933,-0.323282,2688,2243,1976,2778,2648,3109
0.072018,-0.067224,0.851632,0.049745,0.107898,-0.336542,2687,2252,1975,2768,2648,3109
0.076308,-0.070400,0.826745,0.035932,0.111075,-0.315400,2686,2173,1998,2848,2650,3109
0.078418,-0.075071,0.815533,0.029840,0.115746,-0.305755,2686,2157,2003,2860,2650,3109
0.080805,-0.072526,0.805706,0.024894,0.113201,-0.296934,2691,2226,1979,2864,2648,3109
0.081515,-0.071194,0.824481,0.038203,0.111868,-0.310196,2690,2238,1968,2857,2648,3109
0.072276,-0.069752,0.822792,0.030288,0.110427,-0.315253,2690,2241,1910,2861,2649,3109
0.065801,-0.074631,0.806804,0.014657,0.115305,-0.307958,2644,2246,1922,2891,2615,3109
0.063549,-0.073839,0.805556,0.012158,0.114513,-0.308578,2644,2248,1923,2891,2587,3109
0.059953,-0.070933,0.784667,-0.004704,0.111608,-0.295735,2648,2248,1923,2891,2561,3109
0.059275,-0.070377,0.785017,-0.004962,0.111052,-0.296453,2658,2249,1923,2892,2548,3109
0.061106,-0.070264,0.791255,0.000628,0.110939,-0.299773,2669,2249,1924,2893,2545,3109
0.064062,-0.071051,0.804126,0.011560,0.111726,-0.307182,2680,2249,1925,2893,2549,3109
0.067562,-0.071417,0.807777,0.016608,0.112091,-0.307471,2691,2249,1927,2894,2561,3109
0.073089,-0.072529,0.824172,0.031824,0.113204,-0.315709,2700,2249,1932,2894,2579,3109
0.074583,-0.069769,0.804700,0.019653,0.110443,-0.300436,2706,2249,1938,2893,2603,3109
0.078921,-0.069558,0.814115,0.029242,0.110233,-0.304374,2708,2249,1941,2891,2624,3109
0.082456,-0.069375,0.827117,0.040687,0.110050,-0.311484,2704,2249,1942,2884,2636,3109
0.082848,-0.068456,0.824243,0.039016,0.109131,-0.309113,2698,2250,1937,2882,2638,3109
0.080914,-0.067046,0.824068,0.037481,0.107721,-0.310303,2685,2250,1932,2880,2634,3109
0.077234,-0.068025,0.818894,0.031263,0.108700,-0.309021,2671,2250,1929,2879,2625,3109
0.072252,-0.068738,0.819470,0.028008,0.109412,-0.312837,2658,2250,1921,2874,2612,3109
0.066725,-0.070631,0.817863,0.022866,0.111306,-0.315425,2649,2251,1913,2867,2594,3109
0.062216,-0.070933,0.814337,0.017164,0.111608,-0.315916,2645,2252,1909,2863,2578,3109
0.056792,-0.071222,0.801402,0.004381,0.111897,-0.310141,2644,2252,1907,2861,2571,3109
0.054141,-0.070725,0.799950,0.001451,0.111399,-0.310883,2647,2252,1906,2861,2570,3109
0.054840,-0.073341,0.815269,0.012398,0.114016,-0.321622,2656,2252,1914,2866,2575,3109
0.057411,-0.074138,0.819426,0.017112,0.114813,-0.322914,2669,2252,1917,2873,2575,3109
0.061432,-0.072977,0.821801,0.021674,0.113651,-0.321913,2678,2252,1922,2874,2576,3109
0.067319,-0.072293,0.841632,0.039492,0.112967,-0.332422,2686,2251,1931,2874,2577,3109
0.070375,-0.071171,0.824180,0.029842,0.111846,-0.317563,2694,2248,1941,2874,2584,3109
0.073391,-0.070131,0.819964,0.029178,0.110806,-0.312423,2705,2242,1956,2874,2617,3109
0.077157,-0.069808,0.824130,0.034773,0.110483,-0.312908,2709,2241,1961,2873,2631,3109
0.080928,-0.068416,0.824207,0.037586,0.109090,-0.310395,2715,2240,1965,2873,2654,3109
0.084814,-0.068635,0.830106,0.044449,0.109309,-0.312066,2719,2240,1969,2873,2671,3109
0.087286,-0.067639,0.823167,0.041532,0.108314,-0.305303,2721,2240,1970,2873,2675,3109
0.089640,-0.067103,0.824316,0.044038,0.107778,-0.304540,2721,2240,1970,2873,2675,3109
0.090322,-0.067297,0.830497,0.048748,0.107972,-0.308600,2713,2240,1963,2870,2672,3109
0.088363,-0.067087,0.827837,0.045502,0.107762,-0.307987,2705,2241,1961,2863,2672,3109
0.084900,-0.066681,0.819762,0.037466,0.107356,-0.304435,2694,2242,1958,2861,2671,3109
0.081473,-0.067083,0.824060,0.037885,0.107758,-0.309916,2683,2244,1957,2860,2670,3109
0.061858,-0.067354,0.806232,0.011380,0.108029,-0.310225,2664,2250,1943,2862,2581,3109
0.064948,-0.068455,0.824194,0.025878,0.109129,-0.321271,2677,2250,1946,2866,2587,3109
0.071390,-0.067019,0.823750,0.030292,0.107693,-0.316558,2699,2250,1949,2873,2625,3109
0.076096,-0.066743,0.827534,0.036315,0.107418,-0.316122,2710,2250,1950,2874,2647,3109
0.080615,-0.066884,0.825294,0.038098,0.107559,-0.311404,2723,2250,1953,2874,2668,3109
0.124618,-0.071934,0.858687,0.093059,0.112609,-0.305877,2802,2029,2215,2592,2792,3109
0.123644,-0.076338,0.845127,0.083110,0.117013,-0.296613,2799,2013,2215,2592,2792,3109
0.135991,-0.073632,0.841688,0.089806,0.114307,-0.285684,2817,1993,2312,2592,2811,3109
0.137677,-0.069309,0.833649,0.085564,0.109983,-0.278651,2815,1996,2318,2589,2811,3109
0.134197,-0.066991,0.804064,0.062863,0.107666,-0.259362,2793,1951,2314,2668,2812,3109
0.135899,-0.071917,0.812913,0.070137,0.112592,-0.264681,2792,1941,2311,2692,2812,3109
0.137350,-0.075998,0.813581,0.071655,0.116673,-0.264181,2791,1930,2303,2718,2812,3109
0.131398,-0.076074,0.790934,0.051871,0.116748,-0.251656,2784,2075,2162,2862,2752,3109
0.132494,-0.074975,0.803737,0.061394,0.115650,-0.260282,2784,2086,2159,2862,2755,3109
0.131093,-0.072282,0.803253,0.060038,0.112956,-0.260883,2784,2092,2157,2862,2756,3109
0.128177,-0.068922,0.791133,0.049647,0.109597,-0.253995,2783,2093,2154,2862,2756,3109
0.130407,-0.069507,0.809153,0.063555,0.110182,-0.265669,2779,2091,2146,2862,2752,3109
0.125824,-0.068005,0.784835,0.043635,0.108680,-0.250988,2776,2090,2134,2863,2751,3109
0.129990,-0.073883,0.817362,0.068842,0.114557,-0.271963,2775,2090,2120,2870,2751,3109
0.127827,-0.074892,0.809694,0.062035,0.115566,-0.267822,2772,2101,2133,2864,2750,3109
0.117265,-0.067838,0.749569,0.013346,0.108513,-0.231000,2772,2103,2131,2864,2750,3109
0.121343,-0.069279,0.776704,0.034815,0.109954,-0.248087,2772,2102,2130,2864,2750,3109
0.121418,-0.069714,0.785562,0.040905,0.110389,-0.254522,2772,2100,2130,2864,2750,3109
0.122132,-0.070770,0.789954,0.044419,0.111445,-0.257250,2772,2098,2129,2864,2750,3109
0.121690,-0.071788,0.786199,0.041538,0.112463,-0.254802,2772,2097,2129,2864,2750,3109
0.122285,-0.073692,0.793191,0.046736,0.114366,-0.259516,2771,2097,2129,2864,2750,3109
0.119257,-0.072308,0.774542,0.031816,0.112983,-0.247925,2770,2097,2129,2864,2750,3109
0.123566,-0.074552,0.799307,0.051840,0.115227,-0.263121,2769,2097,2129,2864,2750,3109
0.122285,-0.073692,0.793191,0.046736,0.114366,-0.259516,2768,2097,2129,2864,2750,3109
0.122595,-0.073746,0.797717,0.050046,0.114421,-0.262618,2767,2095,2129,2864,2750,3109
0.118780,-0.072893,0.774455,0.031408,0.113567,-0.248187,2766,2091,2127,2864,2750,3109
0.119764,-0.075895,0.772583,0.030853,0.116570,-0.246146,2772,2065,2133,2864,2750,3109
0.120385,-0.076610,0.773332,0.031817,0.117284,-0.246271,2772,2065,2133,2864,2750,3109
0.114137,-0.073947,0.733558,0.000149,0.114622,-0.221409,2771,2065,2133,2864,2750,3109
0.113641,-0.075806,0.749035,0.010329,0.116480,-0.233077,2767,2064,2133,2863,2655,3109
0.114512,-0.076300,0.767496,0.023542,0.116975,-0.245999,2759,2064,2133,2863,2698,3109
0.114284,-0.074508,0.739250,0.004134,0.115183,-0.225475,2762,2057,2164,2874,2691,3109
0.127404,-0.076098,0.790652,0.048754,0.116772,-0.254170,2763,2049,2208,2865,2690,3109
0.127130,-0.074118,0.783300,0.043545,0.114793,-0.248974,2761,2043,2220,2864,2690,3109
0.126387,-0.071253,0.777116,0.038789,0.111928,-0.244952,2761,2034,2231,2864,2690,3109
0.128432,-0.070252,0.783388,0.044559,0.110927,-0.248151,2761,2021,2242,2864,2690,3109
0.129498,-0.070781,0.782071,0.044442,0.111455,-0.246462,2764,2003,2255,2864,2690,3109
0.132422,-0.071607,0.784097,0.047963,0.112281,-0.245953,2767,1984,2269,2864,2690,3109
0.135090,-0.073004,0.786116,0.051291,0.113679,-0.245613,2769,1964,2285,2864,2690,3109
0.133212,-0.072309,0.757854,0.030664,0.112984,-0.226202,2770,1946,2303,2863,2690,3109
0.139337,-0.074623,0.772002,0.044787,0.115298,-0.232388,2770,1929,2321,2862,2690,3109
0.141578,-0.074258,0.768925,0.044330,0.114932,-0.228608,2770,1914,2338,2862,2690,3109
0.144197,-0.074304,0.769395,0.046569,0.114979,-0.227169,2769,1898,2352,2862,2690,3109
0.144968,-0.074771,0.763329,0.043001,0.115446,-0.222202,2767,1883,2365,2862,2690,3109
0.143210,-0.073205,0.744912,0.029168,0.113879,-0.209917,2766,1867,2377,2862,2690,3109
0.144948,-0.074383,0.744392,0.030086,0.115057,-0.208352,2765,1851,2389,2862,2690,3109
0.145412,-0.073988,0.740159,0.027543,0.114663,-0.204936,2765,1836,2401,2861,2689,3109
0.142140,-0.071630,0.708828,0.003805,0.112304,-0.184228,2763,1821,2415,2859,2689,3109
0.149394,-0.075244,0.740544,0.030720,0.115919,-0.202506,2761,1806,2429,2851,2689,3109
0.151422,-0.075339,0.741516,0.032867,0.116013,-0.201836,2760,1792,2449,2839,2689,3109
0.151493,-0.074644,0.737241,0.030007,0.115318,-0.198658,2760,1777,2470,2824,2689,3109
0.152745,-0.073447,0.737426,0.031049,0.114121,-0.197941,2760,1762,2495,2804,2689,3109
0.151528,-0.070358,0.725419,0.021979,0.111032,-0.189979,2760,1745,2524,2778,2689,3109
0.158576,-0.070518,0.751994,0.045242,0.111193,-0.204634,2760,1727,2552,2753,2689,3109
0.148532,-0.069339,0.643087,-0.036298,0.110013,-0.131745,2418,1579,2603,2986,2354,3109
0.148279,-0.069486,0.639448,-0.038962,0.110160,-0.129252,2413,1579,2603,2986,2354,3109
0.146378,-0.069789,0.632506,-0.045082,0.110463,-0.125465,2412,1579,2603,2986,2354,3109
0.148441,-0.070633,0.642552,-0.036729,0.111307,-0.131415,2412,1579,2603,2986,2354,3109
0.142895,-0.068096,0.620176,-0.056031,0.108770,-0.118811,2412,1579,2603,2986,2354,3109
0.145241,-0.068952,0.630519,-0.047268,0.109626,-0.124785,2412,1579,2603,2986,2354,3109
0.145486,-0.068974,0.630532,-0.047080,0.109648,-0.124627,2412,1579,2603,2985,2354,3109
0.147415,-0.069781,0.640609,-0.038803,0.110455,-0.130691,2412,1579,2603,2985,2354,3109
0.147787,-0.069887,0.641215,-0.038118,0.110562,-0.130882,2412,1579,2603,2984,2354,3109
0.142315,-0.066783,0.617874,-0.058024,0.107458,-0.117521,2412,1579,2603,2984,2354,3109
0.147415,-0.069781,0.640609,-0.038803,0.110455,-0.130691,2412,1579,2603,2983,2354,3109
0.147787,-0.069887,0.641215,-0.038118,0.110562,-0.130882,2412,1579,2605,2983,2354,3109
0.145195,-0.068425,0.630502,-0.047313,0.109100,-0.124803,2412,1579,2605,2983,2354,3109
0.144376,-0.068089,0.626905,-0.050363,0.108764,-0.122728,2412,1579,2605,2983,2354,3109
0.142377,-0.067069,0.620143,-0.056433,0.107743,-0.119139,2414,1579,2606,2982,2354,3109
0.147421,-0.068729,0.640638,-0.038779,0.109404,-0.130708,2415,1579,2607,2982,2354,3109
0.147421,-0.068729,0.640638,-0.038779,0.109404,-0.130708,2414,1579,2607,2982,2354,3109
0.147750,-0.068814,0.641054,-0.038255,0.109489,-0.130789,2413,1579,2607,2982,2354,3109
0.147421,-0.068729,0.640638,-0.038779,0.109404,-0.130708,2413,1579,2607,2982,2354,3109
0.147421,-0.068729,0.640638,-0.038779,0.109404,-0.130708,2416,1579,2607,2982,2354,3109
0.147750,-0.068814,0.641054,-0.038255,0.109489,-0.130789,2416,1579,2607,2982,2354,3109
0.147750,-0.068814,0.641054,-0.038255,0.109489,-0.130789,2416,1579,2607,2982,2355,3109
0.147750,-0.068814,0.641054,-0.038255,0.109489,-0.130789,2416,1579,2607,2982,2355,3109
0.147750,-0.068814,0.641054,-0.038255,0.109489,-0.130789,2416,1579,2607,2982,2355,3109
0.147750,-0.068814,0.641054,-0.038255,0.109489,-0.130789,2416,1579,2607,2981,2355,3109
0.144951,-0.067124,0.628203,-0.049058,0.107799,-0.123287,2418,1579,2607,2981,2355,3109
0.144951,-0.067124,0.628203,-0.049058,0.107799,-0.123287,2418,1579,2607,2981,2355,3109
0.147899,-0.068257,0.641096,-0.038117,0.108931,-0.130718,2418,1579,2607,2981,2355,3109
0.147899,-0.068257,0.641096,-0.038117,0.108931,-0.130718,2418,1579,2607,2981,2355,3109
0.145160,-0.067370,0.630348,-0.047444,0.108044,-0.124715,2418,1579,2607,2981,2355,3109
0.145180,-0.066845,0.630254,-0.047493,0.107519,-0.124632,2418,1579,2607,2981,2355,3109
0.147899,-0.068257,0.641096,-0.038117,0.108931,-0.130718,2418,1579,2607,2981,2355,3109
0.147722,-0.068112,0.639321,-0.039456,0.108786,-0.129539,2418,1579,2607,2981,2355,3109
0.145445,-0.066876,0.630353,-0.047232,0.107551,-0.124525,2418,1579,2607,2981,2355,3109
0.147899,-0.068257,0.641096,-0.038117,0.108931,-0.130718,2418,1579,2608,2981,2355,3109
0.148028,-0.068292,0.643203,-0.036587,0.108966,-0.132173,2418,1579,2608,2981,2355,3109
0.145196,-0.067365,0.632026,-0.046274,0.108040,-0.125919,2412,1579,2608,2981,2356,3109
0.145445,-0.066876,0.630353,-0.047232,0.107551,-0.124525,2412,1579,2609,2981,2358,3109
0.147899,-0.068257,0.641096,-0.038117,0.108931,-0.130718,2412,1579,2609,2981,2358,3109
0.145445,-0.066876,0.630353,-0.047232,0.107551,-0.124525,2412,1579,2609,2981,2358,3109
0.147899,-0.068257,0.641096,-0.038117,0.108931,-0.130718,2412,1579,2609,2981,2360,3109
0.144981,-0.067395,0.630326,-0.047590,0.108069,-0.124821,2412,1579,2609,2981,2361,3109
0.147899,-0.068257,0.641096,-0.038117,0.108931,-0.130718,2412,1579,2610,2981,2361,3109
0.150256,-0.069671,0.651467,-0.029327,0.110345,-0.136705,2411,1579,2610,2981,2361,3109
0.145180,-0.066845,0.630254,-0.047493,0.107519,-0.124632,2409,1580,2610,2981,2361,3109
0.145445,-0.066876,0.630353,-0.047232,0.107551,-0.124525,2400,1580,2610,2981,2357,3109
0.147427,-0.067678,0.640664,-0.038757,0.108352,-0.130723,2388,1580,2610,2981,2355,3109
0.145180,-0.066845,0.630254,-0.047493,0.107519,-0.124632,2376,1580,2610,2981,2355,3109
0.147626,-0.067736,0.640949,-0.038418,0.108411,-0.130797,2364,1580,2610,2981,2354,3109
0.145972,-0.067903,0.637920,-0.041692,0.108577,-0.129706,2353,1580,2610,2981,2354,3109
0.146685,-0.068810,0.641010,-0.039065,0.109484,-0.131482,2343,1580,2610,2981,2354,3109
0.144436,-0.067812,0.629250,-0.048722,0.108486,-0.124405,2304,1580,2610,2980,2325,3109
0.144429,-0.067925,0.630450,-0.047909,0.108600,-0.125288,2292,1580,2610,2980,2291,3109
0.141147,-0.067081,0.620385,-0.057169,0.107756,-0.120155,2276,1581,2610,2980,2251,3109
0.174927,-0.066707,0.514754,-0.104392,0.107382,-0.019811,1509,1542,2613,2986,1505,3109
0.174942,-0.067562,0.514799,-0.104351,0.108236,-0.019833,1509,1533,2613,2988,1505,3109
0.177029,-0.069383,0.520411,-0.099001,0.110058,-0.022520,1509,1527,2613,2989,1505,3109
0.177264,-0.070079,0.519145,-0.099691,0.110754,-0.021433,1509,1525,2613,2989,1505,3109
0.170043,-0.067819,0.497865,-0.119473,0.108494,-0.010773,1510,1525,2613,2989,1505,3109
0.175354,-0.070275,0.512850,-0.105376,0.110950,-0.018126,1513,1527,2613,2989,1505,3109
0.174926,-0.069978,0.514331,-0.104682,0.110652,-0.019502,1514,1529,2613,2989,1505,3109
0.172080,-0.068754,0.506322,-0.112220,0.109429,-0.015577,1514,1530,2613,2989,1504,3109
0.172080,-0.068754,0.506322,-0.112220,0.109429,-0.015577,1514,1532,2613,2989,1504,3109
0.173482,-0.069211,0.511148,-0.107907,0.109886,-0.018155,1516,1532,2613,2989,1504,3109
0.173482,-0.069211,0.511148,-0.107907,0.109886,-0.018155,1517,1532,2613,2989,1504,3109
0.171238,-0.067916,0.506297,-0.112854,0.108591,-0.016132,1517,1532,2613,2989,1504,3109
0.170097,-0.067962,0.502253,-0.116445,0.108637,-0.013949,1518,1532,2613,2988,1504,3109
0.174128,-0.069272,0.514899,-0.104879,0.109947,-0.020461,1518,1532,2613,2988,1504,3109
0.175738,-0.070239,0.520393,-0.099958,0.110913,-0.023387,1519,1532,2614,2988,1504,3109
0.170408,-0.067917,0.506306,-0.113456,0.108592,-0.016704,1519,1532,2614,2988,1505,3109
0.170543,-0.068052,0.507385,-0.112622,0.108726,-0.017403,1519,1532,2614,2988,1505,3109
0.170827,-0.068225,0.508820,-0.111437,0.108899,-0.018260,1519,1532,2614,2987,1505,3109
0.172591,-0.068742,0.514110,-0.106541,0.109416,-0.020930,1519,1532,2614,2987,1505,3109
0.169577,-0.067918,0.506315,-0.114058,0.108593,-0.017277,1519,1532,2614,2987,1505,3109
0.170369,-0.068130,0.508028,-0.112311,0.108805,-0.017991,1519,1532,2614,2987,1505,3109
0.168425,-0.067464,0.501897,-0.117911,0.108138,-0.014827,1519,1533,2614,2987,1505,3109
0.172591,-0.068742,0.514110,-0.106541,0.109416,-0.020930,1519,1533,2614,2987,1505,3109
0.171799,-0.068368,0.511148,-0.109140,0.109043,-0.019302,1518,1533,2614,2987,1505,3109
0.171202,-0.068129,0.508017,-0.111709,0.108804,-0.017416,1517,1533,2614,2987,1505,3109
0.171202,-0.068129,0.508017,-0.111709,0.108804,-0.017416,1517,1533,2614,2987,1505,3109
0.172640,-0.068368,0.511147,-0.108524,0.109043,-0.018728,1517,1533,2614,2987,1505,3109
0.171375,-0.068051,0.507375,-0.112019,0.108725,-0.016828,1517,1533,2614,2987,1505,3109
0.171662,-0.068224,0.508812,-0.110831,0.108898,-0.017685,1517,1533,2614,2987,1505,3109
0.171375,-0.068051,0.507375,-0.112019,0.108725,-0.016828,1517,1533,2614,2987,1505,3109
0.171662,-0.068224,0.508812,-0.110831,0.108898,-0.017685,1516,1533,2614,2987,1505,3109
0.173434,-0.068741,0.514100,-0.105931,0.109415,-0.020349,1515,1533,2614,2987,1505,3109
0.171375,-0.068051,0.507375,-0.112019,0.108725,-0.016828,1515,1533,2614,2987,1505,3109
0.171375,-0.068051,0.507375,-0.112019,0.108725,-0.016828,1515,1533,2614,2987,1505,3109
0.171238,-0.067916,0.506297,-0.112854,0.108591,-0.016132,1515,1533,2614,2987,1505,3109
0.172035,-0.068128,0.508007,-0.111106,0.108803,-0.016842,1515,1533,2614,2987,1505,3109
0.171238,-0.067916,0.506297,-0.112854,0.108591,-0.016132,1515,1534,2614,2987,1505,3109
0.171238,-0.067916,0.506297,-0.112854,0.108591,-0.016132,1516,1534,2614,2987,1505,3109
0.171238,-0.067916,0.506297,-0.112854,0.108591,-0.016132,1516,1534,2614,2987,1504,3109
0.170067,-0.067122,0.502166,-0.116526,0.107797,-0.013905,1516,1535,2614,2987,1504,3109
0.173436,-0.068515,0.512256,-0.107186,0.109190,-0.018998,1515,1535,2614,2987,1504,3109
0.172017,-0.067477,0.506134,-0.112395,0.108152,-0.015483,1515,1535,2614,2987,1504,3109
0.172393,-0.067704,0.507912,-0.110908,0.108379,-0.016527,1516,1535,2614,2987,1504,3109
0.173857,-0.068093,0.512256,-0.106878,0.108767,-0.018711,1517,1535,2614,2987,1503,3109
0.173090,-0.067872,0.509314,-0.109443,0.108547,-0.017079,1517,1535,2614,2987,1503,3109
0.171974,-0.067704,0.507909,-0.111217,0.108378,-0.016811,1518,1536,2614,2987,1503,3109
0.171974,-0.067704,0.507909,-0.111217,0.108378,-0.016811,1518,1536,2614,2987,1499,3109
0.171974,-0.067704,0.507909,-0.111217,0.108378,-0.016811,1517,1536,2614,2988,1484,3109
0.171974,-0.067704,0.507909,-0.111217,0.108378,-0.016811,1512,1536,2614,2989,1465,3109
0.171974,-0.067704,0.507909,-0.111217,0.108378,-0.016811,1509,1537,2614,2989,1445,3109
0.171722,-0.067384,0.505351,-0.113144,0.108059,-0.015110,1506,1537,2613,2986,1437,3109
0.172761,-0.067546,0.506639,-0.111506,0.108221,-0.015345,1493,1537,2613,2982,1431,3109
0.173596,-0.068382,0.506641,-0.110893,0.109056,-0.014778,1480,1537,2613,2982,1431,3109
0.175319,-0.068969,0.509244,-0.107859,0.109643,-0.015510,1472,1537,2614,2985,1431,3109
0.176099,-0.068381,0.506638,-0.109063,0.109056,-0.013071,1467,1537,2614,2989,1431,3109
0.175500,-0.066945,0.500668,-0.113568,0.107620,-0.009109,1464,1537,2614,2990,1432,3109
0.176727,-0.067353,0.500645,-0.112686,0.108028,-0.008255,1462,1537,2614,2990,1432,3109
0.180049,-0.067827,0.508925,-0.104613,0.108502,-0.012054,1461,1537,2614,2990,1432,3109
0.179210,-0.067383,0.505346,-0.107666,0.108058,-0.010006,1461,1537,2615,2990,1432,3109
0.179210,-0.067383,0.505346,-0.107666,0.108058,-0.010006,1461,1537,2615,2990,1431,3109
0.181318,-0.067903,0.509615,-0.103214,0.108578,-0.011695,1461,1537,2615,2990,1431,3109
0.178324,-0.066720,0.502203,-0.110455,0.107395,-0.008309,1460,1537,2615,2990,1431,3109
0.180884,-0.067826,0.508915,-0.104009,0.108501,-0.011478,1461,1537,2615,2990,1431,3109
0.180042,-0.067383,0.505345,-0.107057,0.108058,-0.009439,1465,1537,2614,2990,1431,3109
0.180099,-0.067197,0.507237,-0.105727,0.107871,-0.010784,1467,1538,2612,2990,1431,3109
0.179434,-0.067545,0.506630,-0.106627,0.108220,-0.010794,1468,1538,2611,2990,1431,3109
0.179573,-0.068645,0.508764,-0.105071,0.109320,-0.012261,1468,1541,2611,2991,1431,3109
0.175294,-0.067068,0.498351,-0.115297,0.107742,-0.007553,1468,1549,2613,2992,1432,3109
0.175804,-0.066948,0.501199,-0.112984,0.107623,-0.009290,1469,1563,2613,2992,1432,3109
0.170043,-0.068759,0.509777,-0.111359,0.109434,-0.019494,1507,1619,2552,3016,1423,3109
0.169363,-0.071123,0.508429,-0.112775,0.111797,-0.018970,1506,1619,2543,3028,1423,3109
0.165722,-0.072236,0.496042,-0.123878,0.112911,-0.012382,1500,1617,2536,3042,1423,3109
0.167905,-0.075252,0.504040,-0.116832,0.115926,-0.016751,1493,1612,2532,3058,1423,3109
0.167137,-0.076089,0.497275,-0.122003,0.116764,-0.012321,1489,1605,2530,3071,1420,3109
0.169064,-0.075273,0.497401,-0.120505,0.115947,-0.011101,1489,1605,2538,3072,1427,3109
0.171521,-0.076011,0.503528,-0.114533,0.116685,-0.013912,1488,1605,2538,3072,1426,3109
0.171546,-0.075628,0.503724,-0.114381,0.116303,-0.014039,1487,1605,2538,3072,1426,3109
0.172050,-0.075646,0.503866,-0.113916,0.116321,-0.013800,1486,1605,2538,3072,1426,3109
0.172372,-0.075627,0.503713,-0.113784,0.116301,-0.013468,1485,1605,2538,3072,1425,3109
0.172241,-0.076049,0.503952,-0.113717,0.116723,-0.013732,1484,1605,2538,3068,1425,3109
0.167901,-0.074000,0.490240,-0.126235,0.114675,-0.006650,1484,1605,2541,3058,1425,3109
0.173198,-0.075625,0.503702,-0.113187,0.116300,-0.012897,1484,1606,2543,3043,1425,3109
0.170592,-0.074431,0.497261,-0.119483,0.115105,-0.009957,1484,1606,2543,3028,1425,3109
0.172344,-0.074784,0.503629,-0.113862,0.115458,-0.013426,1484,1606,2543,3019,1426,3109
0.169055,-0.073901,0.496241,-0.121302,0.114575,-0.010257,1484,1606,2543,3019,1426,3109
0.166646,-0.073540,0.489761,-0.127480,0.114214,-0.007154,1484,1606,2543,3019,1425,3109
0.171959,-0.076044,0.503724,-0.114079,0.116719,-0.013758,1484,1606,2543,3020,1426,3109
0.169083,-0.074485,0.494562,-0.122426,0.115160,-0.009009,1484,1606,2543,3020,1426,3109
0.169518,-0.074417,0.497052,-0.120411,0.115092,-0.010536,1484,1606,2543,3020,1426,3109
0.169518,-0.074417,0.497052,-0.120411,0.115092,-0.010536,1486,1606,2544,3020,1426,3109
0.169518,-0.074417,0.497052,-0.120411,0.115092,-0.010536,1488,1606,2544,3021,1427,3109
0.171398,-0.075210,0.503845,-0.114408,0.115884,-0.014228,1490,1606,2544,3021,1427,3109
0.169957,-0.074614,0.502759,-0.116202,0.115288,-0.014415,1492,1606,2544,3021,1428,3109
0.167453,-0.073589,0.496996,-0.121961,0.114263,-0.011901,1493,1606,2544,3021,1428,3109
0.166469,-0.073453,0.495936,-0.123403,0.114127,-0.011796,1493,1606,2544,3021,1428,3109
0.166442,-0.073584,0.497095,-0.122633,0.114259,-0.012663,1494,1606,2544,3020,1428,3109
0.167596,-0.075028,0.502381,-0.118188,0.115703,-0.015746,1495,1605,2544,3020,1428,3109
0.164728,-0.073814,0.495617,-0.124895,0.114489,-0.012748,1501,1605,2544,3020,1428,3109
0.167272,-0.075159,0.503351,-0.117764,0.115834,-0.016677,1509,1605,2544,3020,1428,3109
0.166976,-0.075210,0.503710,-0.117737,0.115884,-0.017141,1516,1605,2544,3020,1429,3109
0.165465,-0.075151,0.503497,-0.118988,0.115826,-0.018014,1523,1605,2544,3020,1429,3109
0.166821,-0.075973,0.510213,-0.113421,0.116648,-0.022008,1532,1605,2544,3020,1438,3109
0.162699,-0.074800,0.503904,-0.120736,0.115474,-0.020197,1543,1605,2544,3020,1461,3109
0.161048,-0.074803,0.503923,-0.121932,0.115478,-0.021335,1557,1605,2544,3020,1488,3109
0.157872,-0.073577,0.497059,-0.128933,0.114252,-0.018474,1571,1605,2544,3020,1509,3109
0.158856,-0.074328,0.503543,-0.123795,0.115003,-0.022550,1581,1605,2544,3020,1521,3109
0.160855,-0.075713,0.515395,-0.114258,0.116387,-0.029866,1590,1605,2544,3020,1528,3109
0.157907,-0.075146,0.510522,-0.119736,0.115820,-0.028306,1597,1605,2544,3020,1531,3109
0.156933,-0.075218,0.510853,-0.120223,0.115892,-0.029212,1604,1605,2544,3020,1532,3109
0.155363,-0.075134,0.510450,-0.121647,0.115808,-0.029986,1613,1605,2544,3020,1533,3109
0.151194,-0.073958,0.503679,-0.129312,0.114633,-0.027869,1623,1605,2544,3020,1534,3109
0.152643,-0.074307,0.510423,-0.123657,0.114981,-0.031819,1631,1605,2544,3020,1536,3109
0.151059,-0.074355,0.510742,-0.124600,0.115030,-0.033132,1641,1605,2544,3020,1548,3109
0.151614,-0.075175,0.517837,-0.119360,0.115850,-0.037949,1655,1605,2543,3020,1568,3109
0.147674,-0.074225,0.510019,-0.127570,0.114899,-0.034909,1670,1605,2543,3020,1586,3109
0.148688,-0.075178,0.517865,-0.121483,0.115852,-0.039963,1685,1605,2543,3020,1601,3109
0.148753,-0.075853,0.524175,-0.117137,0.116528,-0.044537,1697,1605,2543,3020,1612,3109
0.148633,-0.076458,0.529325,-0.113717,0.117132,-0.048389,1708,1605,2543,3020,1622,3109
0.147500,-0.076469,0.532695,-0.112251,0.117144,-0.051628,1721,1605,2543,3020,1634,3109
0.145211,-0.076057,0.529583,-0.116047,0.116732,-0.050909,1734,1605,2543,3020,1648,3109
0.140968,-0.074297,0.517699,-0.127248,0.114971,-0.045099,1748,1605,2543,3020,1663,3109
0.139816,-0.074652,0.521922,-0.125215,0.115326,-0.048976,1761,1605,2543,3020,1675,3109
0.141467,-0.075517,0.532343,-0.116907,0.116192,-0.055481,1774,1605,2543,3020,1688,3109
0.139990,-0.075580,0.532617,-0.117803,0.116254,-0.056687,1786,1605,2543,3020,1702,3109
0.140894,-0.075881,0.539651,-0.112349,0.116555,-0.061221,1799,1605,2544,3020,1715,3109
0.139418,-0.075909,0.539539,-0.113506,0.116584,-0.062144,1812,1605,2544,3020,1731,3109
0.138028,-0.075611,0.537864,-0.115664,0.116286,-0.061865,1823,1605,2544,3020,1746,3109
0.135120,-0.074688,0.532517,-0.121435,0.115362,-0.059931,1835,1605,2544,3020,1759,3109
0.138067,-0.076223,0.546921,-0.109466,0.116897,-0.068469,1848,1604,2544,3020,1769,3109
0.135252,-0.075042,0.539962,-0.116267,0.115717,-0.065292,1861,1604,2544,3020,1779,3109
0.135486,-0.076420,0.548020,-0.110607,0.117095,-0.071032,1876,1604,2544,3020,1792,3109
0.134576,-0.075981,0.548175,-0.111168,0.116655,-0.071765,1893,1604,2544,3020,1807,3109
0.132737,-0.075579,0.545027,-0.114659,0.116254,-0.070713,1919,1604,2544,3021,1831,3109
0.133642,-0.076618,0.554195,-0.107750,0.117293,-0.076809,1927,1604,2544,3021,1838,3109
0.130806,-0.075539,0.548301,-0.113842,0.116214,-0.074425,1941,1603,2544,3021,1849,3109
0.131434,-0.075864,0.555766,-0.108298,0.116538,-0.079463,1959,1602,2544,3021,1863,3109
0.129832,-0.075614,0.553500,-0.111014,0.116289,-0.078896,1979,1600,2544,3021,1880,3109
0.129116,-0.075845,0.555639,-0.110080,0.116520,-0.080949,1998,1598,2544,3021,1899,3109
0.125320,-0.075811,0.568549,-0.104066,0.116485,-0.092986,2137,1596,2544,3021,2022,3109
0.126182,-0.076152,0.576451,-0.098052,0.116827,-0.098184,2158,1596,2544,3021,2039,3109
0.133008,-0.076273,0.606398,-0.072655,0.116947,-0.115459,2399,1594,2544,3021,2269,3109
0.129716,-0.076442,0.564955,-0.103295,0.117116,-0.087361,1959,1612,2543,3013,1890,3109
0.125233,-0.073410,0.544818,-0.120295,0.114085,-0.075672,1958,1616,2543,3014,1890,3109
0.128126,-0.075058,0.556422,-0.110272,0.115732,-0.082197,1957,1622,2543,3014,1890,3109
0.130265,-0.076419,0.566033,-0.102160,0.117094,-0.087776,1952,1627,2543,3013,1890,3109
0.128122,-0.073967,0.555292,-0.111044,0.114641,-0.081372,1948,1633,2543,3011,1890,3109
0.129142,-0.074004,0.560926,-0.106461,0.114678,-0.084802,1945,1638,2543,3010,1890,3109
0.128048,-0.072693,0.555868,-0.110707,0.113368,-0.081844,1945,1640,2543,3010,1890,3109
0.126573,-0.071728,0.551572,-0.114712,0.112403,-0.079704,1945,1640,2543,3010,1890,3109
0.126573,-0.071728,0.551572,-0.114712,0.112403,-0.079704,1945,1640,2543,3010,1890,3109
0.127643,-0.072168,0.555182,-0.111471,0.112842,-0.081617,1944,1640,2543,3010,1890,3109
0.127603,-0.072100,0.555015,-0.111614,0.112775,-0.081523,1943,1639,2543,3010,1890,3109
0.127572,-0.072540,0.554875,-0.111732,0.113215,-0.081442,1940,1635,2543,3010,1890,3109
0.130311,-0.074114,0.566243,-0.101982,0.114788,-0.087898,1936,1633,2543,3010,1890,3109
0.128071,-0.073191,0.556181,-0.110476,0.113866,-0.082057,1935,1632,2543,3010,1890,3109
0.130313,-0.075048,0.566248,-0.101977,0.115722,-0.087901,1935,1632,2543,3010,1890,3109
0.128099,-0.074124,0.556302,-0.110374,0.114799,-0.082127,1935,1632,2543,3010,1890,3109
0.128099,-0.074124,0.556302,-0.110374,0.114799,-0.082127,1935,1632,2543,3010,1890,3109
0.130238,-0.074998,0.564583,-0.103167,0.115672,-0.086733,1935,1632,2543,3010,1890,3109
0.130238,-0.074998,0.564583,-0.103167,0.115672,-0.086733,1935,1632,2543,3010,1890,3109
0.130238,-0.074998,0.564583,-0.103167,0.115672,-0.086733,1935,1632,2543,3010,1890,3109
0.128122,-0.073967,0.555292,-0.111044,0.114641,-0.081372,1936,1632,2543,3010,1890,3109
0.128122,-0.073967,0.555292,-0.111044,0.114641,-0.081372,1937,1632,2543,3010,1890,3109
0.128099,-0.074124,0.556302,-0.110374,0.114799,-0.082127,1937,1632,2543,3010,1890,3109
0.129190,-0.074583,0.561134,-0.106283,0.115258,-0.084921,1936,1632,2543,3010,1890,3109
0.129190,-0.074583,0.561134,-0.106283,0.115258,-0.084921,1934,1632,2543,3009,1890,3109
0.129190,-0.074583,0.561134,-0.106283,0.115258,-0.084921,1934,1632,2543,3009,1890,3109
0.128099,-0.074124,0.556302,-0.110374,0.114799,-0.082127,1933,1633,2543,3009,1890,3109
0.130330,-0.074921,0.563845,-0.103602,0.115596,-0.086129,1928,1633,2543,3009,1889,3109
0.128605,-0.074125,0.556302,-0.110004,0.114799,-0.081783,1914,1632,2543,3009,1889,3109
0.129520,-0.074125,0.556302,-0.109333,0.114799,-0.081159,1899,1632,2543,3009,1887,3109
0.128545,-0.073611,0.547259,-0.116207,0.114286,-0.075203,1886,1632,2543,3009,1869,3109
0.131730,-0.074442,0.555074,-0.108551,0.115116,-0.078755,1870,1632,2542,3009,1836,3109
0.133211,-0.075058,0.556417,-0.106553,0.115733,-0.078729,1848,1631,2542,3009,1801,3109
0.131679,-0.074620,0.548181,-0.113285,0.115295,-0.073743,1825,1631,2542,3009,1775,3109
0.131041,-0.073722,0.539928,-0.119374,0.114396,-0.068135,1804,1631,2542,3009,1755,3109
0.132817,-0.073721,0.539922,-0.118077,0.114396,-0.066921,1786,1631,2542,3009,1740,3109
0.137701,-0.075745,0.551025,-0.106939,0.116420,-0.071723,1769,1631,2542,3009,1726,3109
0.137160,-0.074468,0.538704,-0.115728,0.115142,-0.063072,1750,1631,2542,3009,1712,3109
0.139429,-0.074612,0.539875,-0.113269,0.115286,-0.062384,1734,1631,2542,3009,1696,3109
0.137730,-0.072932,0.524651,-0.124883,0.113606,-0.052395,1717,1631,2542,3009,1677,3109
0.139841,-0.072925,0.524582,-0.123385,0.113600,-0.050906,1700,1631,2542,3009,1660,3109
0.141957,-0.073768,0.524422,-0.121945,0.114443,-0.049348,1683,1631,2542,3009,1644,3109
0.144177,-0.073801,0.524648,-0.120165,0.114475,-0.048001,1666,1631,2542,3009,1627,3109
0.146219,-0.073768,0.524371,-0.118859,0.114443,-0.046407,1648,1631,2542,3009,1609,3109
0.146534,-0.072932,0.516965,-0.123673,0.113607,-0.040770,1629,1631,2542,3009,1589,3109
0.148341,-0.073288,0.516691,-0.122537,0.113963,-0.039339,1611,1631,2542,3009,1566,3109
0.152370,-0.074199,0.521087,-0.116592,0.114873,-0.039813,1593,1631,2542,3009,1546,3109
0.153988,-0.073715,0.516397,-0.118603,0.114389,-0.035277,1575,1632,2542,3009,1528,3109
0.154287,-0.072961,0.509657,-0.122976,0.113636,-0.030139,1557,1632,2542,3009,1513,3109
0.154374,-0.072210,0.503245,-0.127279,0.112885,-0.025385,1538,1633,2542,3009,1497,3109
0.155639,-0.071456,0.496361,-0.131042,0.112131,-0.019484,1519,1633,2542,3009,1478,3109
0.161693,-0.072878,0.505950,-0.120078,0.113552,-0.022380,1497,1633,2542,3009,1456,3109
0.161638,-0.071484,0.496637,-0.126463,0.112159,-0.015600,1478,1634,2542,3009,1436,3109
0.169381,-0.073885,0.510329,-0.111467,0.114559,-0.020350,1460,1634,2542,3009,1419,3109
0.169945,-0.072902,0.501984,-0.116739,0.113577,-0.013855,1439,1635,2542,3009,1403,3109
0.170254,-0.072018,0.494415,-0.121669,0.112693,-0.008103,1418,1636,2542,3009,1387,3109
0.174927,-0.072314,0.496785,-0.116633,0.112988,-0.006656,1398,1637,2542,3009,1370,3109
0.175858,-0.071603,0.490481,-0.120245,0.112278,-0.001406,1378,1638,2542,3009,1352,3109
0.179251,-0.071406,0.488946,-0.118807,0.112081,0.002028,1358,1638,2542,3009,1333,3109
0.177750,-0.069402,0.475640,-0.128970,0.110077,0.010748,1340,1638,2542,3009,1316,3109
0.185697,-0.071199,0.487401,-0.115141,0.111873,0.007551,1325,1638,2543,3009,1302,3109
0.189351,-0.071492,0.489609,-0.110961,0.112166,0.008424,1310,1639,2543,3009,1288,3109
0.188755,-0.070105,0.481322,-0.117042,0.110780,0.014085,1307,1639,2543,3009,1285,3109
0.189844,-0.069869,0.479587,-0.117428,0.110543,0.016097,1306,1639,2543,3009,1284,3109
0.192359,-0.070188,0.481952,-0.113975,0.110862,0.016079,1307,1639,2543,3009,1284,3109
0.192833,-0.070215,0.482143,-0.113498,0.110890,0.016261,1313,1639,2543,3009,1288,3109
0.193160,-0.070787,0.483433,-0.112380,0.111462,0.015539,1323,1640,2543,3009,1292,3109
0.190021,-0.069711,0.477519,-0.118706,0.110385,0.017731,1334,1640,2543,3009,1293,3109
0.190872,-0.070408,0.483760,-0.113832,0.111083,0.013741,1346,1640,2543,3009,1294,3109
0.190947,-0.071099,0.489649,-0.109765,0.111774,0.009482,1360,1640,2543,3009,1301,3109
0.185959,-0.069589,0.483405,-0.117671,0.110264,0.010655,1374,1640,2543,3009,1317,3109
0.188233,-0.071930,0.496925,-0.106796,0.112604,0.002305,1392,1640,2543,3009,1336,3109
0.183079,-0.070773,0.490329,-0.115062,0.111447,0.003623,1413,1640,2543,3009,1351,3109
0.184330,-0.072053,0.501809,-0.106327,0.112727,-0.003929,1433,1640,2543,3009,1363,3109
0.178874,-0.071040,0.496509,-0.113931,0.111715,-0.003765,1451,1640,2543,3009,1378,3109
0.172970,-0.069893,0.489709,-0.122885,0.110567,-0.002808,1467,1641,2543,3009,1392,3109
0.170288,-0.069494,0.489906,-0.124715,0.110169,-0.004780,1483,1641,2543,3009,1405,3109
0.169433,-0.070600,0.496268,-0.121007,0.111274,-0.010020,1499,1641,2543,3009,1415,3109
0.166432,-0.070246,0.496513,-0.123037,0.110920,-0.012243,1517,1641,2543,3009,1425,3109
0.165604,-0.070897,0.502783,-0.119372,0.111572,-0.017398,1535,1641,2543,3009,1437,3109
0.162546,-0.070588,0.503436,-0.121167,0.111263,-0.019959,1553,1641,2543,3009,1451,3109
0.159241,-0.070592,0.503455,-0.123573,0.111267,-0.022224,1573,1641,2543,3009,1466,3109
0.156688,-0.070372,0.502066,-0.126388,0.111046,-0.022946,1594,1641,2543,3009,1482,3109
0.151919,-0.069375,0.496321,-0.133794,0.110049,-0.021989,1616,1641,2543,3009,1498,3109
0.151914,-0.070376,0.506705,-0.126724,0.111050,-0.029595,1634,1641,2543,3009,1512,3109
0.150357,-0.070459,0.509949,-0.125653,0.111133,-0.033030,1656,1641,2543,3011,1528,3109
0.144297,-0.069272,0.502751,-0.134994,0.109947,-0.031888,1682,1641,2543,3013,1548,3109
0.145747,-0.070603,0.515825,-0.125026,0.111277,-0.040472,1702,1641,2543,3014,1563,3109
0.142667,-0.070788,0.516837,-0.126592,0.111463,-0.043311,1726,1641,2543,3015,1582,3109
0.142566,-0.071128,0.526174,-0.120305,0.111803,-0.050215,1751,1641,2543,3016,1600,3109
0.138854,-0.070679,0.522965,-0.125208,0.111353,-0.050395,1785,1641,2543,3018,1622,3109
0.137390,-0.071577,0.528270,-0.122667,0.112251,-0.055276,1797,1641,2543,3018,1630,3109
0.134979,-0.071432,0.528982,-0.123947,0.112106,-0.057439,1817,1641,2543,3018,1643,3109
0.135083,-0.071738,0.538204,-0.117589,0.112412,-0.064120,1839,1641,2543,3018,1658,3109
0.132246,-0.070921,0.535933,-0.121213,0.111596,-0.064390,1863,1640,2543,3018,1674,3109
0.129755,-0.070909,0.535152,-0.123569,0.111584,-0.065515,1886,1640,2543,3018,1693,3109
0.127047,-0.070374,0.534417,-0.126052,0.111049,-0.066822,1910,1640,2543,3018,1717,3109
0.126042,-0.070849,0.539230,-0.123509,0.111523,-0.071030,1931,1640,2543,3018,1738,3109
0.127319,-0.072294,0.552501,-0.113534,0.112968,-0.079876,1954,1640,2543,3018,1760,3109
0.127446,-0.072441,0.559539,-0.108647,0.113115,-0.084942,1980,1640,2543,3018,1782,3109
0.120335,-0.069788,0.535956,-0.129917,0.110462,-0.072521,2005,1640,2543,3018,1805,3109
0.123464,-0.071766,0.558715,-0.112124,0.112441,-0.087051,2034,1640,2543,3018,1831,3109
0.124219,-0.072380,0.567392,-0.105660,0.113055,-0.092889,2064,1640,2543,3019,1859,3109
0.124315,-0.073165,0.575385,-0.100145,0.113840,-0.098676,2096,1639,2543,3019,1891,3109
0.124748,-0.073734,0.581611,-0.095587,0.114408,-0.102939,2130,1638,2543,3019,1926,3109
0.122666,-0.072640,0.578940,-0.098931,0.113314,-0.102402,2168,1636,2543,3019,1964,3109
0.124213,-0.073751,0.590026,-0.090246,0.114426,-0.109464,2201,1634,2543,3019,2003,3109
0.121792,-0.072292,0.581192,-0.098036,0.112967,-0.104645,2236,1632,2543,3019,2040,3109
0.123117,-0.072506,0.588463,-0.092114,0.113181,-0.109066,2271,1632,2543,3019,2077,3109
0.125404,-0.074266,0.599837,-0.082691,0.114941,-0.115835,2308,1631,2543,3019,2116,3109
0.126402,-0.073400,0.601642,-0.080731,0.114075,-0.116478,2347,1631,2543,3019,2159,3109
0.130837,-0.075475,0.619477,-0.065335,0.116150,-0.126513,2374,1631,2543,3019,2187,3109
0.132009,-0.075090,0.620159,-0.064013,0.115765,-0.126214,2408,1631,2543,3017,2222,3109
0.132957,-0.074498,0.619855,-0.063526,0.115173,-0.125345,2439,1631,2543,3015,2258,3109
0.138051,-0.076526,0.641120,-0.045311,0.117201,-0.137444,2469,1631,2543,3013,2297,3109
0.138067,-0.075415,0.634099,-0.050082,0.116090,-0.132292,2502,1631,2543,3012,2334,3109
0.142212,-0.075866,0.644600,-0.039894,0.116541,-0.137157,2553,1631,2543,3010,2388,3109
0.142977,-0.075055,0.639628,-0.042721,0.115729,-0.132996,2575,1631,2542,3010,2414,3109
0.147630,-0.075495,0.651724,-0.031075,0.116170,-0.138682,2600,1631,2542,3009,2439,3109
0.150886,-0.076225,0.654447,-0.026835,0.116900,-0.138458,2630,1631,2540,3009,2474,3109
0.122207,-0.071125,0.584715,-0.095333,0.111799,-0.106943,2320,1632,2539,3009,2215,3109
0.129299,-0.075471,0.619420,-0.066500,0.116146,-0.127519,2320,1632,2538,3009,2215,3109
0.129059,-0.075490,0.618329,-0.067419,0.116165,-0.126883,2315,1634,2536,3009,2215,3109
0.127647,-0.074858,0.610900,-0.073513,0.115532,-0.122407,2311,1638,2532,3009,2214,3109
0.127524,-0.075321,0.613011,-0.072165,0.115996,-0.124036,2308,1639,2531,3008,2214,3109
0.127738,-0.076474,0.619256,-0.067755,0.117148,-0.128462,2308,1639,2530,3008,2214,3109
0.125363,-0.075918,0.612821,-0.073877,0.116593,-0.125369,2309,1639,2530,3008,2214,3109
0.126023,-0.076620,0.618698,-0.069390,0.117294,-0.129222,2311,1639,2530,3008,2214,3109
0.124341,-0.075875,0.610813,-0.075993,0.116550,-0.124595,2311,1639,2530,3008,2214,3109
0.124341,-0.075875,0.610813,-0.075993,0.116550,-0.124595,2311,1639,2530,3008,2214,3109
0.124650,-0.075876,0.611003,-0.075637,0.116551,-0.124523,2312,1639,2530,3008,2214,3109
0.124650,-0.075876,0.611003,-0.075637,0.116551,-0.124523,2312,1639,2530,3008,2214,3109
0.124650,-0.075876,0.611003,-0.075637,0.116551,-0.124523,2312,1639,2529,3008,2214,3109
0.119326,-0.076517,0.608305,-0.081373,0.117192,-0.126175,2311,1680,2512,2986,2172,3109
0.119838,-0.076573,0.618304,-0.074186,0.117248,-0.133146,2310,1697,2511,2974,2166,3109
0.119826,-0.076150,0.631456,-0.065237,0.116825,-0.142783,2311,1711,2511,2964,2164,3109
0.117542,-0.074041,0.629747,-0.068073,0.114715,-0.143088,2311,1719,2511,2959,2164,3109
0.117461,-0.073702,0.638121,-0.062428,0.114376,-0.149273,2311,1721,2511,2958,2164,3109
0.112409,-0.069898,0.617881,-0.079913,0.110572,-0.137898,2311,1720,2511,2958,2164,3109
0.113968,-0.070890,0.626227,-0.073087,0.111565,-0.142945,2312,1719,2511,2958,2164,3109
0.114196,-0.071751,0.627304,-0.072187,0.112425,-0.143579,2310,1719,2510,2958,2164,3109
0.112438,-0.070934,0.618041,-0.079783,0.111608,-0.137995,2309,1719,2510,2958,2164,3109
0.110853,-0.070196,0.609791,-0.086564,0.110870,-0.133035,2309,1719,2509,2958,2164,3109
0.110853,-0.070196,0.609791,-0.086564,0.110870,-0.133035,2308,1719,2505,2958,2164,3109
0.113449,-0.072954,0.626207,-0.073480,0.113629,-0.143285,2307,1719,2501,2958,2164,3109
0.109235,-0.069990,0.602623,-0.092630,0.110664,-0.128889,2306,1719,2496,2958,2164,3109
0.112455,-0.073313,0.626173,-0.074231,0.113988,-0.143937,2295,1719,2493,2958,2163,3109
0.112320,-0.075051,0.629534,-0.072041,0.115725,-0.146490,2285,1719,2492,2958,2163,3109
0.107668,-0.073533,0.609715,-0.088947,0.114208,-0.135149,2278,1719,2491,2958,2162,3109
0.109932,-0.075206,0.626649,-0.075754,0.115881,-0.146004,2272,1719,2491,2958,2162,3109
0.109262,-0.075615,0.625776,-0.076839,0.116289,-0.145822,2269,1720,2491,2958,2156,3109
0.108154,-0.075365,0.621261,-0.080726,0.116040,-0.143271,2268,1720,2491,2958,2136,3109
0.102706,-0.070886,0.587670,-0.107597,0.111560,-0.122389,2261,1720,2491,2958,2112,3109
0.107469,-0.075087,0.618668,-0.082994,0.115762,-0.141839,2248,1721,2491,2958,2087,3109
0.105409,-0.073564,0.608699,-0.091293,0.114238,-0.135943,2234,1723,2492,2958,2069,3109
0.106540,-0.074636,0.619187,-0.083321,0.115311,-0.142851,2222,1723,2492,2958,2057,3109
0.104574,-0.073476,0.609228,-0.091544,0.114151,-0.136900,2209,1723,2495,2958,2048,3109
0.103693,-0.072836,0.605148,-0.094968,0.113511,-0.134513,2194,1721,2499,2958,2039,3109
0.104773,-0.073198,0.605804,-0.093730,0.113872,-0.134258,2180,1720,2500,2962,2030,3109
0.103083,-0.070787,0.589295,-0.106213,0.111461,-0.123322,2167,1720,2501,2965,2016,3109
0.104738,-0.071430,0.590764,-0.104002,0.112105,-0.123271,2149,1720,2502,2965,1996,3109
0.105662,-0.071427,0.590718,-0.103356,0.112102,-0.122607,2127,1720,2502,2965,1972,3109
0.106143,-0.071424,0.590691,-0.103022,0.112098,-0.122259,2106,1720,2502,2965,1949,3109
0.106052,-0.071797,0.589637,-0.103807,0.112471,-0.121550,2085,1720,2502,2965,1930,3109
0.106351,-0.071778,0.587048,-0.105351,0.112453,-0.119451,2067,1720,2502,2965,1918,3109
0.106824,-0.072255,0.587003,-0.105035,0.112929,-0.119096,2049,1720,2502,2966,1909,3109
0.107098,-0.071794,0.580204,-0.109467,0.112469,-0.113932,2032,1720,2502,2966,1903,3109
0.107419,-0.071924,0.578508,-0.110388,0.112599,-0.112471,2015,1720,2503,2966,1895,3109
0.106875,-0.071184,0.569060,-0.117221,0.111859,-0.105926,1998,1720,2503,2966,1883,3109
0.108466,-0.070961,0.570096,-0.115351,0.111635,-0.105600,1980,1720,2503,2966,1867,3109
0.107924,-0.070485,0.561741,-0.121439,0.111160,-0.099852,1960,1720,2503,2966,1849,3109
0.110674,-0.072153,0.569313,-0.114267,0.112828,-0.103523,1937,1720,2503,2966,1830,3109
0.108883,-0.070777,0.555074,-0.125279,0.111452,-0.094318,1914,1720,2503,2966,1809,3109
0.110967,-0.070785,0.555369,-0.123551,0.111460,-0.093114,1891,1720,2503,2966,1789,3109
0.110964,-0.070405,0.547126,-0.129169,0.111079,-0.087082,1867,1720,2503,2966,1767,3109
0.115122,-0.071730,0.555573,-0.120371,0.112404,-0.090433,1841,1720,2503,2966,1744,3109
0.115602,-0.071201,0.547378,-0.125602,0.111876,-0.084107,1816,1721,2503,2966,1723,3109
0.116730,-0.070578,0.539746,-0.129975,0.111252,-0.077751,1794,1721,2503,2966,1704,3109
0.116169,-0.068918,0.523882,-0.141191,0.109593,-0.066519,1772,1721,2503,2966,1684,3109
0.119128,-0.069350,0.523604,-0.139215,0.110025,-0.064299,1748,1721,2503,2966,1667,3109
0.124018,-0.070655,0.531931,-0.129963,0.111329,-0.067065,1726,1722,2503,2966,1654,3109
0.123991,-0.069526,0.517003,-0.140151,0.110200,-0.056155,1706,1722,2503,2966,1642,3109
0.125406,-0.068763,0.509775,-0.144039,0.109438,-0.049899,1686,1722,2503,2966,1632,3109
0.131535,-0.070778,0.521227,-0.131751,0.111452,-0.054108,1667,1722,2503,2966,1620,3109
0.131154,-0.069457,0.508529,-0.140680,0.110132,-0.045072,1648,1722,2503,2966,1607,3109
0.133303,-0.068883,0.503097,-0.142806,0.109558,-0.039631,1629,1722,2503,2966,1594,3109
0.137541,-0.070430,0.509648,-0.135241,0.111104,-0.041540,1612,1721,2503,2966,1579,3109
0.140508,-0.070892,0.509910,-0.132890,0.111566,-0.039710,1597,1721,2503,2966,1566,3109
0.141149,-0.070378,0.501650,-0.138049,0.111052,-0.033226,1582,1721,2503,2966,1554,3109
0.141881,-0.069220,0.494834,-0.142155,0.109895,-0.027738,1565,1721,2503,2966,1542,3109
0.142588,-0.069081,0.489875,-0.145015,0.109755,-0.023626,1544,1721,2503,2966,1527,3109
0.150279,-0.071000,0.503365,-0.130196,0.111674,-0.028263,1522,1721,2503,2966,1508,3109
0.150290,-0.069529,0.491889,-0.138005,0.110203,-0.019854,1502,1721,2503,2966,1489,3109
0.153484,-0.069386,0.488930,-0.137682,0.110060,-0.015512,1482,1721,2503,2966,1467,3109
0.157544,-0.069824,0.489150,-0.134560,0.110498,-0.012907,1462,1721,2503,2966,1448,3109
0.160882,-0.070021,0.487596,-0.133175,0.110695,-0.009496,1440,1721,2503,2966,1431,3109
0.162975,-0.069547,0.483058,-0.134734,0.110222,-0.004747,1416,1721,2503,2966,1415,3109
0.166815,-0.069268,0.480975,-0.133342,0.109943,-0.000607,1396,1721,2503,2966,1401,3109
0.172325,-0.070204,0.486709,-0.125401,0.110878,-0.001051,1375,1721,2503,2966,1387,3109
0.173823,-0.068697,0.475696,-0.131807,0.109371,0.008032,1352,1721,2503,2966,1371,3109
0.179154,-0.067531,0.465147,-0.135090,0.108206,0.019386,1305,1721,2503,2966,1342,3109
0.187957,-0.069091,0.475735,-0.121433,0.109765,0.017632,1283,1721,2503,2966,1328,3109
0.192700,-0.069564,0.476359,-0.117535,0.110239,0.020405,1262,1721,2503,2966,1316,3109
0.192149,-0.067587,0.462690,-0.127250,0.108262,0.030037,1240,1721,2503,2967,1305,3109
0.196752,-0.067772,0.464064,-0.122944,0.108447,0.032167,1211,1721,2504,2967,1291,3109
0.203143,-0.068597,0.468282,-0.115392,0.109272,0.033432,1202,1721,2504,2967,1286,3109
0.205374,-0.067662,0.463243,-0.117191,0.108336,0.038640,1188,1721,2504,2967,1279,3109
0.209373,-0.067829,0.464510,-0.113400,0.108504,0.040437,1176,1721,2504,2967,1273,3109
0.217587,-0.069030,0.475374,-0.099987,0.109705,0.038079,1168,1721,2504,2967,1269,3109
0.217228,-0.067384,0.464112,-0.107920,0.108059,0.046079,1180,1723,2504,2967,1266,3109
0.216061,-0.067427,0.464470,-0.108531,0.108101,0.045022,1195,1725,2504,2967,1269,3109
0.211490,-0.066783,0.458682,-0.115821,0.107458,0.046146,1214,1727,2504,2967,1273,3109
0.211510,-0.067500,0.465013,-0.111493,0.108175,0.041525,1235,1730,2504,2965,1275,3109
0.207463,-0.066745,0.464994,-0.114469,0.107419,0.038781,1258,1730,2504,2961,1276,3109
0.186690,-0.067893,0.482617,-0.117672,0.108568,0.011730,1407,1730,2504,2959,1374,3109
0.181776,-0.068183,0.489187,-0.116794,0.108858,0.003572,1436,1730,2504,2959,1399,3109
0.141119,-0.066797,0.497592,-0.140834,0.107471,-0.030276,1654,1730,2503,2967,1562,3110
0.136520,-0.066970,0.497648,-0.144163,0.107645,-0.033450,1678,1730,2503,2967,1584,3110
0.133631,-0.067067,0.502054,-0.143277,0.107742,-0.038644,1705,1730,2503,2967,1606,3110
0.128804,-0.066695,0.502000,-0.146847,0.107369,-0.041892,1735,1730,2503,2967,1628,3110
0.128498,-0.068077,0.513524,-0.139222,0.108752,-0.050537,1762,1730,2503,2967,1649,3110
0.126562,-0.068740,0.522659,-0.134416,0.109415,-0.058544,1786,1730,2503,2967,1669,3110
0.122496,-0.068046,0.520751,-0.138693,0.108720,-0.059917,1812,1729,2503,2967,1693,3110
0.119476,-0.068421,0.523410,-0.139092,0.109095,-0.063921,1840,1728,2503,2967,1719,3110
0.118640,-0.069684,0.535915,-0.131187,0.110358,-0.073645,1870,1726,2503,2967,1748,3110
0.113413,-0.067659,0.524020,-0.143116,0.108334,-0.068497,1899,1724,2503,2967,1778,3110
0.113040,-0.068820,0.536729,-0.134731,0.109494,-0.078056,1925,1722,2503,2967,1802,3110
0.112123,-0.070332,0.546215,-0.128941,0.111006,-0.085625,1950,1721,2503,2967,1826,3110
0.111887,-0.070789,0.555395,-0.122861,0.111464,-0.092507,1976,1721,2503,2967,1850,3110
0.108339,-0.069910,0.548899,-0.129883,0.110585,-0.090168,2000,1721,2503,2967,1875,3110
0.108006,-0.070404,0.557200,-0.124472,0.111079,-0.096472,2023,1721,2503,2967,1898,3110
0.108152,-0.070449,0.561957,-0.121125,0.111124,-0.099855,2047,1721,2503,2967,1920,3110
0.101028,-0.067247,0.534103,-0.145315,0.107922,-0.084316,2069,1721,2503,2967,1941,3110
0.105511,-0.069726,0.564696,-0.121192,0.110400,-0.103660,2090,1721,2503,2967,1960,3110
0.106263,-0.070528,0.571868,-0.115757,0.111202,-0.108398,2109,1721,2503,2965,1978,3110
0.108167,-0.072273,0.589947,-0.102048,0.112947,-0.120336,2131,1721,2503,2965,2003,3110
0.107034,-0.071804,0.589704,-0.103042,0.112479,-0.120930,2149,1721,2503,2965,2022,3110
0.107156,-0.071273,0.589726,-0.102938,0.111947,-0.120863,2173,1721,2503,2966,2048,3110
0.108404,-0.072151,0.598600,-0.095980,0.112825,-0.126510,2198,1721,2503,2966,2075,3110
0.109896,-0.072862,0.606422,-0.089558,0.113536,-0.131220,2223,1721,2503,2965,2106,3110
0.108653,-0.071377,0.600531,-0.094482,0.112051,-0.127754,2248,1721,2503,2965,2135,3110
0.110134,-0.072082,0.608859,-0.087725,0.112757,-0.132843,2272,1720,2503,2965,2164,3110
0.110645,-0.071264,0.610150,-0.086471,0.111939,-0.133439,2297,1720,2503,2962,2191,3110
0.112670,-0.072481,0.618651,-0.079198,0.113155,-0.138284,2319,1720,2503,2958,2214,3110
0.112398,-0.071535,0.616215,-0.081056,0.112210,-0.136686,2339,1720,2501,2958,2234,3110
0.114362,-0.072956,0.629358,-0.070666,0.113631,-0.144970,2357,1720,2497,2958,2253,3110
0.112500,-0.071197,0.617692,-0.079976,0.111871,-0.137697,2376,1720,2494,2958,2273,3110
0.118204,-0.075341,0.649301,-0.054268,0.116016,-0.156953,2395,1720,2493,2958,2293,3110
0.114942,-0.073515,0.629711,-0.070000,0.114190,-0.144833,2416,1720,2493,2957,2313,3110
0.112889,-0.072144,0.615195,-0.081392,0.112818,-0.135605,2439,1720,2493,2957,2335,3110
0.120609,-0.075575,0.651927,-0.050718,0.116250,-0.157238,2461,1720,2492,2957,2357,3110
0.121364,-0.075365,0.649546,-0.051788,0.116039,-0.154980,2484,1720,2492,2957,2379,3110
0.125115,-0.075400,0.658829,-0.042718,0.116074,-0.159221,2503,1720,2492,2957,2399,3110
0.125783,-0.074692,0.653474,-0.045877,0.115366,-0.154846,2520,1720,2493,2957,2418,3110
0.129008,-0.075533,0.662249,-0.037538,0.116207,-0.159073,2540,1720,2493,2957,2439,3110
0.132892,-0.076640,0.672113,-0.027975,0.117315,-0.163648,2559,1720,2493,2957,2460,3110
0.133454,-0.075291,0.665807,-0.031860,0.115965,-0.158649,2579,1720,2493,2957,2484,3110
0.136811,-0.076109,0.675198,-0.023005,0.116784,-0.163237,2599,1720,2493,2957,2511,3110
0.151527,-0.076403,0.690714,-0.001662,0.117077,-0.164573,2703,1720,2492,2957,2644,3110
0.175038,-0.076353,0.703269,0.024103,0.117028,-0.157749,2826,1720,2492,2957,2789,3110
0.180501,-0.076281,0.711067,0.033414,0.116955,-0.159736,2837,1720,2492,2957,2805,3110
0.176747,-0.074970,0.696233,0.020561,0.115644,-0.151433,2802,1720,2492,2957,2800,3110
0.170409,-0.076354,0.703283,0.020724,0.117029,-0.160912,2728,1720,2492,2957,2750,3110
0.160222,-0.075826,0.690562,0.004601,0.116501,-0.158538,2664,1720,2492,2957,2653,3110
0.156814,-0.075827,0.690575,0.002114,0.116502,-0.160869,2641,1720,2492,2957,2630,3110
0.147986,-0.075224,0.677481,-0.013269,0.115899,-0.157297,2601,1720,2491,2957,2588,3110
0.133578,-0.076331,0.665143,-0.032221,0.117005,-0.158078,2482,1719,2491,2957,2495,3110
0.131825,-0.076414,0.666020,-0.032907,0.117089,-0.159914,2457,1719,2491,2957,2477,3110
0.129797,-0.076198,0.664246,-0.035600,0.116872,-0.159997,2430,1719,2491,2957,2458,3110
0.123971,-0.076358,0.653764,-0.047006,0.117032,-0.156292,2382,1719,2491,2957,2416,3110
0.118679,-0.074122,0.630017,-0.067057,0.114797,-0.142511,2346,1719,2491,2957,2377,3110
0.115195,-0.075218,0.630842,-0.069045,0.115893,-0.145489,2285,1719,2491,2957,2310,3110
0.112933,-0.074850,0.621155,-0.077299,0.115525,-0.139938,2261,1719,2491,2957,2286,3110
0.113536,-0.076228,0.630257,-0.070658,0.116902,-0.146191,2239,1719,2491,2957,2263,3110
0.111287,-0.075284,0.620535,-0.078927,0.115959,-0.140605,2219,1719,2492,2957,2239,3110
0.110791,-0.075150,0.619262,-0.080157,0.115825,-0.140011,2199,1719,2494,2957,2218,3110
0.111360,-0.075877,0.621160,-0.078448,0.116552,-0.141012,2180,1719,2498,2957,2199,3110
0.110323,-0.074877,0.610938,-0.086171,0.115552,-0.134236,2161,1719,2501,2957,2180,3110
0.106857,-0.072358,0.590296,-0.102769,0.113033,-0.121485,2141,1719,2502,2958,2160,3110
0.109521,-0.073203,0.599533,-0.094527,0.113877,-0.126432,2122,1719,2502,2961,2140,3110
0.110504,-0.073201,0.599517,-0.093818,0.113875,-0.125750,2100,1719,2502,2961,2116,3110
0.110157,-0.071963,0.591146,-0.099774,0.112638,-0.119858,2077,1719,2502,2961,2089,3110
0.110612,-0.072787,0.589754,-0.100389,0.113462,-0.118530,2054,1719,2502,2958,2059,3110
0.108155,-0.071145,0.572804,-0.113734,0.111819,-0.107794,2030,1719,2502,2958,2029,3110
0.111337,-0.073845,0.590770,-0.099166,0.114519,-0.118780,2005,1719,2502,2958,2002,3110
0.108573,-0.072084,0.572731,-0.113477,0.112759,-0.107456,1982,1719,2502,2958,1978,3110
0.111416,-0.073258,0.580038,-0.106419,0.113933,-0.110869,1960,1719,2502,2958,1956,3110
0.109408,-0.071953,0.562346,-0.119940,0.112628,-0.099284,1937,1719,2502,2958,1935,3110
0.110829,-0.072422,0.562396,-0.118866,0.113096,-0.098353,1916,1719,2502,2958,1915,3110
0.112414,-0.072814,0.562303,-0.117769,0.113489,-0.097205,1896,1720,2502,2958,1895,3110
0.114921,-0.072536,0.563404,-0.115183,0.113211,-0.096304,1876,1720,2502,2958,1873,3110
0.114198,-0.071379,0.547606,-0.126474,0.112054,-0.085230,1855,1720,2502,2958,1848,3110
0.115752,-0.071373,0.547403,-0.125475,0.112047,-0.084022,1834,1720,2503,2958,1822,3110
0.116339,-0.070581,0.539758,-0.130253,0.111255,-0.078026,1812,1720,2503,2958,1791,3110
0.118520,-0.071002,0.539581,-0.128776,0.111676,-0.076411,1791,1721,2503,2958,1761,3110
0.118721,-0.070165,0.531661,-0.134024,0.110840,-0.070476,1768,1721,2503,2958,1731,3110
0.121335,-0.070375,0.529533,-0.133560,0.111049,-0.067137,1743,1722,2503,2958,1700,3110
0.123447,-0.070262,0.528631,-0.132629,0.110937,-0.065038,1718,1723,2503,2958,1671,3110
0.123440,-0.069459,0.516685,-0.140771,0.110133,-0.056297,1691,1723,2503,2958,1644,3110
0.128145,-0.070229,0.520299,-0.134865,0.110904,-0.055737,1665,1723,2503,2958,1619,3110
0.129457,-0.069723,0.512626,-0.139130,0.110398,-0.049227,1637,1724,2503,2958,1592,3110
0.131160,-0.068882,0.503101,-0.144373,0.109556,-0.041093,1609,1725,2503,2958,1560,3110
0.139060,-0.070424,0.513924,-0.131217,0.111099,-0.043636,1583,1726,2503,2958,1530,3110
0.138214,-0.068403,0.494834,-0.144840,0.109078,-0.030236,1555,1727,2503,2958,1498,3110
0.143147,-0.068585,0.496423,-0.140146,0.109259,-0.028039,1530,1727,2503,2958,1470,3110
0.145983,-0.068378,0.491535,-0.141400,0.109053,-0.022529,1504,1728,2503,2958,1442,3110
0.148310,-0.067794,0.486682,-0.143002,0.108469,-0.017390,1479,1728,2503,2958,1419,3110
0.152113,-0.067298,0.482214,-0.143261,0.107973,-0.011528,1453,1728,2503,2958,1400,3110
0.155230,-0.066916,0.477301,-0.144326,0.107591,-0.005809,1428,1729,2503,2958,1383,3110
0.162825,-0.067988,0.483377,-0.134627,0.108662,-0.005083,1403,1729,2503,2959,1367,3110
0.166029,-0.067218,0.476414,-0.137024,0.107892,0.002197,1380,1729,2503,2960,1352,3110
0.173064,-0.068347,0.483069,-0.127340,0.109022,0.002117,1357,1729,2503,2960,1334,3110
0.173362,-0.066928,0.470240,-0.135861,0.107603,0.011712,1337,1729,2503,2961,1315,3110
0.182223,-0.066723,0.468660,-0.130450,0.107397,0.018905,1294,1729,2503,2964,1276,3110
0.191121,-0.066976,0.470634,-0.122591,0.107650,0.023521,1252,1729,2504,2966,1241,3110
0.208294,-0.066939,0.470454,-0.110142,0.107613,0.035351,1246,1730,2504,2958,1196,3110
0.200661,-0.067034,0.468130,-0.117312,0.107709,0.031853,1283,1730,2502,2957,1213,3110
0.194851,-0.066762,0.465287,-0.123502,0.107436,0.029976,1306,1730,2502,2957,1234,3110
0.190060,-0.067189,0.465518,-0.126853,0.107864,0.026543,1334,1731,2502,2957,1253,3110
0.189558,-0.068103,0.475394,-0.120493,0.108778,0.018971,1360,1731,2502,2957,1270,3110
0.184305,-0.067915,0.475748,-0.124098,0.108589,0.015134,1387,1731,2502,2957,1289,3110
0.172862,-0.066909,0.477260,-0.131445,0.107583,0.006232,1444,1731,2503,2957,1339,3110
0.168658,-0.067233,0.481230,-0.131818,0.107908,0.000462,1477,1731,2504,2957,1362,3110
0.156501,-0.068226,0.501477,-0.126927,0.108901,-0.022642,1578,1731,2504,2959,1443,3110
0.142263,-0.066916,0.496192,-0.140950,0.107591,-0.028472,1651,1731,2504,2959,1510,3110
0.118934,-0.066890,0.516448,-0.144232,0.107564,-0.059193,1847,1731,2504,2964,1678,3110
0.115690,-0.067753,0.525597,-0.140374,0.108428,-0.068101,1890,1731,2504,2965,1715,3110
0.112992,-0.067924,0.532420,-0.137702,0.108599,-0.074934,1931,1731,2504,2966,1754,3110
0.112581,-0.068534,0.546545,-0.128381,0.109209,-0.085555,1972,1730,2504,2967,1795,3110
0.110291,-0.069021,0.557178,-0.122815,0.109696,-0.094899,2013,1730,2504,2967,1831,3110
0.108175,-0.068963,0.560662,-0.121990,0.109638,-0.098891,2053,1730,2504,2967,1865,3110
0.106125,-0.068803,0.563298,-0.121695,0.109478,-0.102217,2091,1730,2504,2967,1901,3110
0.105710,-0.068986,0.572068,-0.116025,0.109661,-0.108920,2132,1730,2504,2967,1940,3110
0.105242,-0.068652,0.577421,-0.112721,0.109327,-0.113159,2171,1729,2504,2967,1981,3110
0.105498,-0.069679,0.588584,-0.104930,0.110354,-0.121157,2216,1728,2504,2966,2028,3110
0.106351,-0.070126,0.598142,-0.097794,0.110801,-0.127573,2263,1726,2504,2965,2079,3110
0.108414,-0.070435,0.607633,-0.089819,0.111109,-0.133116,2309,1724,2504,2963,2127,3110
0.109667,-0.070903,0.615134,-0.083792,0.111577,-0.137755,2353,1722,2504,2961,2173,3110
0.111002,-0.071132,0.620058,-0.079461,0.111807,-0.140450,2399,1721,2503,2959,2224,3110
0.115776,-0.072843,0.639239,-0.062900,0.113518,-0.151240,2443,1721,2502,2958,2275,3110
0.119536,-0.073357,0.648021,-0.054164,0.114032,-0.155109,2485,1721,2501,2958,2324,3110
0.124148,-0.073868,0.659764,-0.042788,0.114543,-0.160564,2526,1721,2498,2958,2369,3110
0.127780,-0.074081,0.664798,-0.036701,0.114755,-0.161775,2566,1721,2495,2958,2408,3110
0.133400,-0.074904,0.674882,-0.025717,0.115579,-0.165330,2601,1721,2494,2958,2442,3111
0.140381,-0.075184,0.676330,-0.019621,0.115858,-0.161635,2674,1721,2492,2957,2516,3111
0.146241,-0.076185,0.688489,-0.007047,0.116860,-0.166544,2707,1720,2491,2957,2554,3111
0.149489,-0.075419,0.686607,-0.005951,0.116093,-0.162954,2739,1720,2490,2956,2592,3111
0.153263,-0.075331,0.685802,-0.003737,0.116006,-0.159793,2767,1720,2487,2956,2622,3111
0.145865,-0.076638,0.678197,-0.014333,0.117313,-0.159266,2616,1722,2477,2956,2460,3111
0.105004,-0.076161,0.619126,-0.084487,0.116835,-0.143853,2272,1720,2480,2957,2113,3111
0.104339,-0.075895,0.616890,-0.086497,0.116570,-0.142669,2258,1720,2480,2957,2099,3111
0.105018,-0.076543,0.618603,-0.084833,0.117218,-0.143460,2245,1720,2480,2957,2084,3111
0.099099,-0.072966,0.588928,-0.109381,0.113640,-0.125767,2232,1720,2480,2957,2072,3111
0.102052,-0.076047,0.608527,-0.093868,0.116722,-0.138104,2221,1720,2480,2957,2061,3111
0.102052,-0.076047,0.608527,-0.093868,0.116722,-0.138104,2210,1720,2480,2957,2051,3111
0.101885,-0.076274,0.610219,-0.092837,0.116948,-0.139457,2199,1720,2480,2957,2041,3111
0.101643,-0.076618,0.609068,-0.093798,0.117293,-0.138779,2193,1720,2480,2957,2034,3111
0.101119,-0.076013,0.604797,-0.097092,0.116688,-0.136009,2184,1720,2480,2957,2025,3111
0.101586,-0.076624,0.604486,-0.096962,0.117299,-0.135464,2143,1720,2480,2957,1982,3111
0.100586,-0.076143,0.598924,-0.101483,0.116818,-0.132073,2125,1720,2480,2957,1963,3111
0.097388,-0.074055,0.578698,-0.117601,0.114730,-0.119444,2105,1720,2480,2957,1945,3111
0.099279,-0.075981,0.589699,-0.108723,0.116656,-0.126209,2084,1720,2480,2957,1927,3111
0.098524,-0.075289,0.580975,-0.115219,0.115964,-0.120336,2064,1720,2480,2957,1909,3111
0.098462,-0.075211,0.576068,-0.118607,0.115885,-0.116786,2041,1720,2480,2957,1888,3111
0.099428,-0.075457,0.576312,-0.117734,0.116132,-0.116307,2016,1720,2480,2957,1865,3111
0.099766,-0.075181,0.563696,-0.126080,0.115856,-0.106840,1966,1720,2480,2957,1817,3111
0.100613,-0.075176,0.562177,-0.126494,0.115851,-0.105151,1938,1720,2480,2957,1794,3111
0.103718,-0.075412,0.555777,-0.128581,0.116086,-0.098350,1881,1720,2480,2957,1749,3111
0.104810,-0.075454,0.548841,-0.132506,0.116128,-0.092529,1855,1721,2480,2957,1728,3111
0.106168,-0.074615,0.540019,-0.137521,0.115290,-0.085145,1808,1721,2480,2957,1694,3111
0.109250,-0.075524,0.540152,-0.135174,0.116199,-0.083143,1781,1721,2480,2958,1674,3111
0.111066,-0.074762,0.535071,-0.137306,0.115436,-0.078187,1766,1721,2480,2958,1664,3111
0.113352,-0.075063,0.528692,-0.139978,0.115737,-0.071959,1739,1721,2480,2960,1647,3111
0.117364,-0.075537,0.524726,-0.139743,0.116212,-0.066323,1709,1722,2480,2963,1630,3111
0.119160,-0.074256,0.517408,-0.143412,0.114931,-0.059742,1678,1721,2480,2966,1612,3111
0.124398,-0.075070,0.517006,-0.139851,0.115744,-0.055879,1648,1721,2480,2966,1592,3111
0.128703,-0.074726,0.510477,-0.141147,0.115401,-0.048167,1620,1721,2480,2966,1572,3111
0.129764,-0.073140,0.496841,-0.149659,0.113815,-0.037461,1592,1721,2481,2966,1551,3111
0.136624,-0.074716,0.503280,-0.140251,0.115391,-0.037502,1566,1721,2481,2966,1533,3111
0.141648,-0.074669,0.502792,-0.136905,0.115343,-0.033722,1539,1721,2481,2967,1516,3111
0.142214,-0.073519,0.489909,-0.145266,0.114194,-0.023905,1511,1721,2481,2967,1498,3111
0.147257,-0.073824,0.488916,-0.142251,0.114498,-0.019743,1485,1721,2481,2967,1480,3111
0.152168,-0.073693,0.487980,-0.139293,0.114367,-0.015713,1461,1721,2481,2967,1463,3111
0.157864,-0.074627,0.488898,-0.134497,0.115302,-0.012504,1435,1721,2481,2967,1449,3111
0.160306,-0.074016,0.480922,-0.138143,0.114690,-0.005002,1411,1721,2481,2967,1437,3111
0.165823,-0.074177,0.482097,-0.133303,0.114852,-0.002104,1391,1721,2481,2967,1426,3111
0.167935,-0.073693,0.475536,-0.136227,0.114368,0.004138,1375,1721,2481,2967,1418,3111
0.172236,-0.073844,0.473412,-0.134524,0.114519,0.008623,1366,1721,2481,2967,1413,3111
0.173973,-0.073662,0.468624,-0.136515,0.114336,0.013311,1362,1721,2481,2967,1413,3111
0.172623,-0.071710,0.458804,-0.144192,0.112384,0.019581,1368,1721,2481,2967,1416,3111
0.174230,-0.072137,0.462599,-0.140430,0.112811,0.017897,1378,1721,2481,2967,1420,3111
0.175700,-0.073030,0.469616,-0.134574,0.113705,0.013762,1395,1721,2481,2967,1422,3111
0.174149,-0.073170,0.470661,-0.134998,0.113845,0.011940,1416,1722,2481,2967,1425,3111
0.168768,-0.072084,0.464906,-0.142857,0.112759,0.012488,1439,1723,2481,2967,1437,3111
0.167695,-0.073290,0.474980,-0.136781,0.113964,0.004381,1465,1724,2481,2967,1459,3111
0.161506,-0.071952,0.470551,-0.144329,0.112627,0.003408,1495,1724,2481,2967,1485,3111
0.160383,-0.073552,0.483452,-0.136363,0.114227,-0.006802,1529,1725,2481,2967,1510,3111
0.153171,-0.072063,0.479215,-0.144529,0.112738,-0.008612,1561,1727,2481,2967,1535,3111
0.147984,-0.071920,0.482336,-0.146201,0.112594,-0.014431,1594,1728,2481,2967,1562,3111
0.139624,-0.072214,0.496197,-0.142879,0.112888,-0.030273,1668,1728,2481,2967,1620,3111
0.136936,-0.073668,0.509135,-0.136034,0.114343,-0.041577,1705,1728,2481,2967,1649,3111
0.130915,-0.072802,0.508939,-0.140575,0.113477,-0.045535,1743,1728,2481,2967,1676,3111
0.126461,-0.073042,0.515116,-0.139628,0.113716,-0.053090,1780,1728,2481,2967,1703,3111
0.120660,-0.071861,0.512866,-0.145409,0.112536,-0.055395,1818,1728,2481,2967,1731,3111
0.117869,-0.072807,0.523955,-0.139898,0.113482,-0.065415,1858,1728,2481,2967,1765,3111
0.116736,-0.074590,0.539795,-0.129937,0.115265,-0.077783,1897,1727,2481,2967,1797,3111
0.110663,-0.072344,0.531623,-0.139950,0.113018,-0.075936,1935,1726,2481,2967,1829,3111
0.109125,-0.073665,0.544775,-0.132117,0.114340,-0.086613,1972,1725,2481,2967,1860,3111
0.107292,-0.074233,0.553955,-0.127206,0.114908,-0.094583,2017,1724,2481,2966,1897,3111
0.105988,-0.074930,0.564188,-0.121190,0.115604,-0.102962,2049,1722,2481,2965,1923,3111
0.104014,-0.075195,0.568972,-0.119375,0.115870,-0.107809,2087,1721,2481,2963,1953,3111
0.103816,-0.076272,0.581176,-0.111208,0.116947,-0.116879,2125,1721,2481,2959,1984,3111
0.101382,-0.076369,0.591305,-0.106089,0.117043,-0.125952,2206,1721,2480,2958,2056,3111
0.100119,-0.075317,0.590898,-0.107292,0.115992,-0.126515,2248,1720,2479,2958,2093,3111
0.099665,-0.076370,0.573036,-0.119792,0.117045,-0.113747,1984,1720,2479,2957,1862,3111
0.102034,-0.076324,0.563971,-0.124232,0.116999,-0.105497,1919,1720,2479,2957,1813,3111
0.103806,-0.076531,0.561926,-0.124328,0.117205,-0.102792,1893,1720,2480,2957,1794,3111
0.108781,-0.075304,0.538755,-0.136470,0.115978,-0.082440,1804,1720,2480,2957,1731,3111
0.112339,-0.076401,0.540036,-0.132992,0.117076,-0.080954,1777,1720,2480,2957,1709,3111
0.113316,-0.074945,0.526022,-0.141823,0.115620,-0.070029,1735,1720,2480,2957,1680,3111
0.116889,-0.075198,0.526544,-0.138851,0.115873,-0.067977,1718,1720,2480,2957,1667,3111
0.120378,-0.075927,0.524465,-0.137713,0.116602,-0.064079,1691,1720,2480,2958,1649,3111
0.120906,-0.073999,0.508532,-0.148181,0.114673,-0.052054,1663,1720,2480,2958,1629,3111
0.126941,-0.075893,0.516746,-0.138167,0.116568,-0.053957,1636,1720,2480,2959,1610,3111
0.130826,-0.075823,0.513171,-0.137757,0.116498,-0.048693,1604,1720,2480,2961,1586,3111
0.133705,-0.075342,0.505680,-0.140752,0.116016,-0.041248,1582,1720,2480,2963,1566,3111
0.136362,-0.074187,0.495399,-0.145810,0.114862,-0.031911,1555,1720,2480,2966,1542,3111
0.143271,-0.075037,0.502539,-0.135889,0.115711,-0.032432,1526,1720,2480,2966,1517,3111
0.144166,-0.073773,0.486875,-0.145904,0.114447,-0.020354,1498,1720,2481,2967,1495,3111
0.150152,-0.073943,0.490036,-0.139368,0.114617,-0.018591,1474,1721,2481,2967,1473,3111
0.153421,-0.073593,0.483627,-0.141341,0.114268,-0.011673,1450,1721,2481,2967,1453,3111
0.162142,-0.075849,0.495592,-0.126805,0.116524,-0.014491,1427,1721,2481,2967,1437,3111
0.161212,-0.073216,0.477177,-0.140031,0.113891,-0.001643,1406,1721,2481,2967,1423,3111
0.165001,-0.073222,0.474498,-0.139082,0.113897,0.002899,1389,1721,2481,2967,1412,3111
0.167702,-0.072708,0.470004,-0.140166,0.113383,0.008030,1376,1721,2481,2967,1402,3111
0.170389,-0.072472,0.468370,-0.139311,0.113146,0.011056,1367,1721,2481,2967,1396,3111
0.173626,-0.072984,0.469285,-0.136319,0.113658,0.012591,1363,1721,2481,2967,1394,3111
0.176037,-0.073086,0.470031,-0.134045,0.113761,0.013687,1362,1721,2481,2967,1394,3111
0.175341,-0.072816,0.464596,-0.138257,0.113491,0.017192,1364,1721,2481,2967,1394,3111
0.175334,-0.072429,0.464578,-0.138273,0.113104,0.017201,1366,1721,2481,2967,1398,3111
0.174580,-0.072817,0.464605,-0.138808,0.113492,0.016667,1375,1721,2481,2967,1402,3111
0.177835,-0.074365,0.477028,-0.127963,0.115040,0.009789,1390,1721,2481,2967,1404,3111
0.171203,-0.072519,0.465363,-0.140763,0.113193,0.013812,1405,1721,2480,2967,1406,3111
0.175621,-0.075003,0.482355,-0.125955,0.115677,0.004382,1422,1721,2480,2967,1418,3111
0.169135,-0.074124,0.475319,-0.135496,0.114798,0.005114,1445,1721,2480,2967,1442,3111
0.161910,-0.071980,0.464489,-0.148163,0.112654,0.008122,1471,1721,2480,2967,1473,3111
0.161999,-0.073584,0.477200,-0.139439,0.114259,-0.001124,1501,1721,2480,2967,1499,3111
0.157363,-0.073509,0.476810,-0.143098,0.114184,-0.003996,1528,1721,2480,2967,1520,3111
0.156122,-0.075246,0.490487,-0.134690,0.115921,-0.014855,1555,1721,2480,2967,1536,3111
0.154624,-0.076196,0.501908,-0.128007,0.116871,-0.024236,1584,1721,2480,2967,1556,3111
0.149166,-0.075488,0.502948,-0.131294,0.116162,-0.028715,1615,1721,2480,2967,1579,3111
0.143506,-0.074929,0.502080,-0.136030,0.115604,-0.031936,1646,1721,2480,2967,1602,3111
0.138943,-0.074682,0.503159,-0.138635,0.115357,-0.035834,1676,1721,2481,2967,1622,3111
0.131885,-0.073040,0.496284,-0.148486,0.113715,-0.035608,1703,1721,2481,2967,1639,3111
0.128157,-0.073072,0.500226,-0.148530,0.113746,-0.041034,1731,1721,2481,2968,1657,3111
0.125717,-0.073704,0.509361,-0.144093,0.114378,-0.049384,1758,1721,2481,2968,1677,3111
0.123030,-0.074061,0.515804,-0.141672,0.114735,-0.055932,1788,1721,2481,2968,1698,3111
0.119692,-0.074000,0.519685,-0.141472,0.114675,-0.061046,1817,1721,2481,2968,1722,3111
0.117876,-0.075169,0.529475,-0.136133,0.115843,-0.069451,1848,1720,2481,2968,1747,3111
0.116685,-0.075702,0.538405,-0.130922,0.116376,-0.076800,1878,1720,2481,2968,1774,3111
0.112450,-0.075145,0.537144,-0.134881,0.115819,-0.078762,1908,1720,2481,2968,1803,3111
0.109554,-0.074158,0.536993,-0.137104,0.114833,-0.080624,1939,1720,2481,2968,1832,3111
0.108450,-0.074993,0.545375,-0.132202,0.115668,-0.087512,1970,1720,2481,2968,1862,3111
0.107696,-0.075825,0.557468,-0.124517,0.116499,-0.096880,2001,1720,2481,2968,1893,3111
0.105210,-0.075463,0.556101,-0.127268,0.116138,-0.097572,2033,1720,2481,2967,1925,3111
0.104579,-0.076234,0.564636,-0.121915,0.116909,-0.104250,2063,1720,2481,2967,1954,3111
0.104188,-0.076361,0.573147,-0.116404,0.117035,-0.110747,2094,1720,2481,2967,1984,3111
0.101920,-0.075621,0.570774,-0.119682,0.116296,-0.110555,2125,1720,2481,2967,2016,3111
0.102433,-0.076306,0.581455,-0.112030,0.116980,-0.118026,2158,1720,2480,2966,2050,3111
0.103315,-0.076166,0.590018,-0.105551,0.116841,-0.123694,2188,1720,2480,2964,2082,3111
0.103686,-0.076389,0.597541,-0.100155,0.117063,-0.128948,2246,1719,2480,2959,2138,3111
0.105707,-0.075347,0.610657,-0.089741,0.116021,-0.137174,2365,1719,2479,2958,2241,3111
0.111199,-0.074640,0.622372,-0.077740,0.115314,-0.142010,2459,1719,2479,2958,2331,3111
0.109775,-0.072482,0.609009,-0.087885,0.113157,-0.133196,2487,1719,2479,2958,2358,3111
0.138407,-0.069682,0.502784,-0.139283,0.110357,-0.035924,1674,1647,2585,2958,1596,3111
0.134445,-0.067304,0.534504,-0.120576,0.107978,-0.061845,1772,1644,2555,2956,1651,3111
0.130266,-0.068408,0.527791,-0.128209,0.109083,-0.059778,1780,1646,2554,2956,1656,3111
0.129807,-0.069824,0.533519,-0.124643,0.110499,-0.064284,1786,1646,2557,2956,1665,3111
0.126177,-0.068015,0.523434,-0.134170,0.108690,-0.059374,1792,1646,2562,2956,1676,3111
0.126374,-0.068019,0.528129,-0.130827,0.108693,-0.062676,1803,1647,2564,2957,1687,3111
0.124133,-0.066871,0.543545,-0.121967,0.107546,-0.075489,1879,1648,2561,2956,1740,3111
0.123466,-0.067248,0.548292,-0.119222,0.107923,-0.079419,1893,1648,2560,2956,1750,3111
0.121573,-0.067202,0.547898,-0.120876,0.107876,-0.080420,1908,1648,2561,2956,1766,3111
0.120492,-0.067491,0.550375,-0.119980,0.108166,-0.082970,1928,1648,2564,2956,1789,3111
0.119751,-0.067136,0.588812,-0.094340,0.107811,-0.111614,2134,1648,2566,2956,2024,3111
0.119337,-0.066929,0.589938,-0.093876,0.107604,-0.112721,2161,1648,2565,2956,2048,3111
0.118356,-0.066923,0.589893,-0.094625,0.107598,-0.113356,2189,1648,2565,2956,2067,3111
0.118193,-0.066828,0.591567,-0.093604,0.107503,-0.114693,2217,1647,2565,2956,2084,3111
0.118951,-0.067466,0.598179,-0.088545,0.108140,-0.119017,2243,1646,2565,2956,2098,3111
0.119390,-0.067678,0.601260,-0.086125,0.108353,-0.120973,2271,1645,2564,2956,2115,3111
0.122976,-0.069495,0.619266,-0.071234,0.110169,-0.131713,2303,1644,2563,2956,2136,3111
0.122349,-0.069030,0.619288,-0.071678,0.109705,-0.132157,2338,1644,2561,2956,2160,3111
0.124083,-0.069671,0.627845,-0.064580,0.110346,-0.137240,2371,1644,2561,2956,2183,3111
0.120697,-0.067592,0.609047,-0.079863,0.108267,-0.125784,2400,1646,2561,2956,2209,3111
0.125737,-0.068799,0.629252,-0.062410,0.109474,-0.137144,2422,1647,2561,2956,2233,3111
0.127406,-0.068499,0.630968,-0.060020,0.109173,-0.137262,2434,1647,2561,2956,2252,3111
0.127029,-0.068142,0.627427,-0.062707,0.108817,-0.134927,2438,1647,2560,2956,2265,3111
0.131235,-0.069306,0.642782,-0.049169,0.109981,-0.143304,2436,1647,2558,2956,2270,3111
0.133616,-0.070209,0.651455,-0.041517,0.110884,-0.148031,2435,1647,2555,2956,2272,3111
0.133533,-0.071305,0.652133,-0.041116,0.111980,-0.148584,2425,1646,2554,2956,2272,3111
0.132901,-0.071791,0.651674,-0.041892,0.112466,-0.148679,2409,1645,2553,2956,2271,3111
0.129312,-0.071291,0.639454,-0.052844,0.111965,-0.142177,2393,1644,2552,2956,2270,3111
0.128567,-0.071493,0.638549,-0.054005,0.112168,-0.142022,2376,1642,2552,2956,2270,3111
0.127969,-0.072365,0.639697,-0.053661,0.113040,-0.143270,2360,1641,2552,2956,2269,3111
0.127483,-0.072527,0.638383,-0.054912,0.113202,-0.142639,2342,1640,2553,2956,2266,3111
0.125835,-0.071968,0.629751,-0.061999,0.112642,-0.137442,2323,1640,2555,2956,2247,3111
0.127411,-0.073166,0.638032,-0.055204,0.113841,-0.142431,2301,1640,2557,2956,2213,3111
0.123300,-0.070683,0.615731,-0.073405,0.111358,-0.128905,2273,1640,2558,2956,2173,3111
0.119183,-0.069230,0.600753,-0.086622,0.109904,-0.120743,2239,1640,2560,2956,2133,3111
0.121160,-0.070241,0.609990,-0.078882,0.110916,-0.126159,2194,1640,2561,2956,2084,3111
0.118304,-0.068854,0.597384,-0.089560,0.109529,-0.118876,2163,1640,2562,2956,2049,3111
0.116672,-0.067706,0.587759,-0.097312,0.108380,-0.112941,2119,1640,2562,2956,2006,3111
0.120974,-0.070912,0.606868,-0.081145,0.111586,-0.124001,2072,1640,2562,2956,1962,3111
0.119789,-0.070700,0.598879,-0.087454,0.111375,-0.118959,2027,1640,2562,2956,1918,3111
0.119861,-0.070358,0.590148,-0.093349,0.111032,-0.112518,1961,1640,2562,2957,1860,3111
0.120283,-0.070414,0.580316,-0.099737,0.111088,-0.105032,1932,1640,2563,2957,1835,3111
0.120771,-0.070017,0.571483,-0.105398,0.110692,-0.098233,1885,1640,2563,2959,1795,3111
0.123535,-0.069642,0.562490,-0.109500,0.110316,-0.089767,1836,1640,2563,2962,1756,3111
0.126168,-0.068907,0.554725,-0.112861,0.109582,-0.082288,1784,1640,2563,2964,1713,3111
0.128833,-0.068779,0.544505,-0.117872,0.109453,-0.072991,1731,1640,2563,2966,1674,3111
0.137024,-0.070499,0.553316,-0.105873,0.111174,-0.073862,1678,1640,2564,2967,1639,3111
0.136715,-0.067688,0.521947,-0.127468,0.108362,-0.051107,1631,1640,2564,2967,1609,3111
0.144655,-0.068060,0.525911,-0.118955,0.108734,-0.048600,1587,1639,2564,2967,1579,3111
0.147069,-0.067957,0.514614,-0.124883,0.108632,-0.038685,1546,1639,2564,2967,1549,3111
0.155535,-0.068447,0.515095,-0.118358,0.109122,-0.033270,1508,1639,2564,2967,1518,3111
0.165002,-0.070101,0.522755,-0.106209,0.110776,-0.032429,1476,1639,2564,2967,1489,3111
0.163844,-0.067873,0.501494,-0.121540,0.108548,-0.017653,1453,1639,2564,2967,1463,3111
0.169598,-0.067864,0.501419,-0.117378,0.108539,-0.013678,1435,1639,2564,2967,1446,3111
0.170600,-0.067273,0.492422,-0.122773,0.107947,-0.006409,1429,1639,2564,2967,1439,3111
0.173964,-0.067609,0.495094,-0.118490,0.108284,-0.006074,1436,1641,2564,2967,1439,3111
0.170119,-0.067243,0.504320,-0.115020,0.107918,-0.015447,1532,1647,2565,2967,1494,3111
0.143356,-0.067181,0.537659,-0.111904,0.107856,-0.058086,1814,1646,2571,2968,1740,3111
0.138691,-0.067827,0.641929,-0.044291,0.108502,-0.137600,2586,1638,2567,2956,2436,3111
0.145976,-0.069801,0.662442,-0.024985,0.110475,-0.147656,2632,1638,2561,2956,2466,3111
0.150043,-0.070327,0.667602,-0.018492,0.111001,-0.148663,2677,1638,2558,2956,2496,3111
0.150457,-0.069278,0.653161,-0.028026,0.109953,-0.137809,2720,1638,2557,2956,2534,3111
0.160421,-0.071656,0.678621,-0.003388,0.112331,-0.149660,2758,1638,2556,2956,2575,3111
0.163181,-0.071011,0.674337,-0.004285,0.111686,-0.144644,2815,1638,2556,2956,2642,3111
0.169472,-0.072058,0.682319,0.005757,0.112733,-0.146203,2832,1638,2556,2956,2663,3111
0.172984,-0.072382,0.684615,0.009893,0.113057,-0.145490,2709,1638,2556,2956,2576,3111
0.170696,-0.072726,0.688328,0.010747,0.113400,-0.149768,2676,1638,2556,2956,2545,3111
0.165865,-0.072657,0.681796,0.002760,0.113331,-0.148277,2642,1638,2556,2956,2512,3111
0.157401,-0.071023,0.662085,-0.016863,0.111697,-0.139612,2606,1638,2556,2956,2478,3111
0.154581,-0.071884,0.667739,-0.015076,0.112558,-0.145672,2572,1638,2556,2956,2446,3111
0.152441,-0.073696,0.673457,-0.012749,0.114371,-0.151316,2536,1638,2556,2956,2416,3111
0.145991,-0.071839,0.660094,-0.026573,0.112514,-0.145926,2499,1638,2556,2956,2383,3111
0.144265,-0.072798,0.663227,-0.025702,0.113472,-0.149396,2464,1638,2556,2956,2352,3111
0.140983,-0.073271,0.662134,-0.028850,0.113945,-0.150831,2428,1638,2556,2956,2317,3111
0.136445,-0.072219,0.650678,-0.039976,0.112894,-0.145536,2391,1638,2556,2956,2280,3111
0.134005,-0.073355,0.650767,-0.041701,0.114030,-0.147263,2357,1638,2556,2956,2241,3111
0.123567,-0.068859,0.605861,-0.079933,0.109534,-0.121497,2320,1638,2556,2956,2203,3111
0.128004,-0.073439,0.639869,-0.053519,0.114113,-0.143372,2285,1638,2556,2956,2169,3111
0.122745,-0.071648,0.620105,-0.070832,0.112322,-0.132485,2250,1638,2556,2956,2136,3111
0.121596,-0.071768,0.616352,-0.074229,0.112442,-0.130520,2219,1638,2556,2956,2104,3111
0.121198,-0.072525,0.618603,-0.072987,0.113199,-0.132439,2187,1638,2556,2956,2071,3111
0.118883,-0.071919,0.606957,-0.082615,0.112593,-0.125490,2159,1638,2556,2956,2039,3111
0.119159,-0.072224,0.605260,-0.083569,0.112899,-0.124059,2128,1638,2556,2956,2009,3111
0.118243,-0.072228,0.600987,-0.087151,0.112903,-0.121556,2098,1638,2557,2957,1981,3111
0.116620,-0.071127,0.588038,-0.097159,0.111802,-0.113180,2067,1638,2557,2957,1952,3111
0.118242,-0.071719,0.589359,-0.095072,0.112394,-0.113043,2026,1638,2557,2957,1917,3111
0.117144,-0.071088,0.579493,-0.102596,0.111763,-0.106568,1991,1638,2558,2957,1891,3111
0.118676,-0.071475,0.577773,-0.102647,0.112150,-0.104265,1959,1638,2558,2957,1865,3111
0.119456,-0.071308,0.570666,-0.106916,0.111982,-0.098531,1937,1638,2558,2957,1847,3111
0.119278,-0.070302,0.560172,-0.114196,0.110976,-0.090969,1905,1638,2557,2957,1820,3111
0.123660,-0.072068,0.568667,-0.105201,0.112743,-0.094204,1873,1638,2557,2957,1791,3111
0.123201,-0.071189,0.554889,-0.114922,0.111863,-0.084429,1842,1638,2557,2957,1761,3111
0.126366,-0.072087,0.554745,-0.112703,0.112762,-0.082167,1810,1638,2557,2957,1735,3111
0.125596,-0.070422,0.538411,-0.124393,0.111097,-0.070735,1783,1638,2557,2957,1710,3111
0.131245,-0.072268,0.548700,-0.113249,0.112942,-0.074419,1756,1638,2557,2957,1690,3111
0.133448,-0.071692,0.542742,-0.115695,0.112367,-0.068556,1734,1638,2557,2957,1672,3111
0.131539,-0.069703,0.523281,-0.130349,0.110378,-0.055609,1713,1638,2557,2958,1660,3111
0.136371,-0.071246,0.529617,-0.122495,0.111921,-0.056956,1698,1638,2558,2959,1655,3111
0.137326,-0.070499,0.522462,-0.126670,0.111174,-0.051068,1689,1638,2560,2959,1653,3111
0.139896,-0.070494,0.522420,-0.124817,0.111169,-0.049287,1683,1638,2562,2958,1655,3111
0.139591,-0.069059,0.516690,-0.128943,0.109734,-0.045299,1683,1638,2562,2958,1658,3111
0.141425,-0.069368,0.520289,-0.125150,0.110042,-0.046685,1685,1638,2562,2958,1659,3111
0.142072,-0.069749,0.523412,-0.122548,0.110423,-0.048530,1693,1638,2562,2958,1659,3111
0.140001,-0.068597,0.516408,-0.128836,0.109272,-0.044813,1708,1638,2563,2958,1660,3111
0.138441,-0.068056,0.515514,-0.130586,0.108731,-0.045221,1725,1638,2563,2958,1661,3111
0.138613,-0.068879,0.523370,-0.125110,0.109554,-0.050855,1741,1638,2564,2958,1663,3111
0.138288,-0.069307,0.530553,-0.120455,0.109981,-0.056336,1761,1638,2564,2958,1673,3111
0.133573,-0.067934,0.522951,-0.129085,0.108609,-0.053982,1786,1638,2564,2958,1696,3111
0.134317,-0.069354,0.536887,-0.119047,0.110029,-0.063678,1814,1638,2564,2958,1724,3111
0.128957,-0.067535,0.527764,-0.129185,0.108210,-0.060650,1841,1638,2567,2958,1752,3111
0.130771,-0.069842,0.546121,-0.115353,0.110517,-0.072854,1871,1638,2568,2963,1781,3111
0.128208,-0.068236,0.543746,-0.118847,0.108911,-0.072860,1903,1638,2568,2965,1810,3111
0.126878,-0.067678,0.546772,-0.117759,0.108352,-0.075981,1935,1638,2568,2965,1840,3111
0.126433,-0.067844,0.553894,-0.113234,0.108519,-0.081500,1966,1638,2568,2965,1871,3111
0.124697,-0.068556,0.557146,-0.112289,0.109231,-0.085063,1999,1638,2568,2965,1902,3111
0.121217,-0.066667,0.551842,-0.118450,0.107342,-0.083550,2032,1638,2568,2965,1932,3111
0.123277,-0.068690,0.572179,-0.103088,0.109364,-0.097036,2068,1638,2568,2965,1964,3111
0.121984,-0.068278,0.575032,-0.102092,0.108952,-0.100006,2104,1638,2568,2964,1999,3111
0.122933,-0.069102,0.587885,-0.092642,0.109777,-0.108768,2161,1638,2568,2963,2052,3111
0.122094,-0.069380,0.589809,-0.091946,0.110054,-0.110749,2181,1638,2568,2961,2070,3111
0.119548,-0.067623,0.580999,-0.099811,0.108298,-0.106033,2217,1638,2568,2958,2101,3111
0.121963,-0.068727,0.599263,-0.085602,0.109402,-0.117759,2265,1638,2568,2958,2140,3111
0.124721,-0.069778,0.616750,-0.071670,0.110453,-0.128683,2310,1638,2567,2958,2179,3111
0.122756,-0.068627,0.609314,-0.078174,0.109302,-0.124577,2356,1638,2567,2958,2220,3111
0.122696,-0.067682,0.608022,-0.079098,0.108357,-0.123673,2408,1638,2567,2958,2267,3111
0.128470,-0.069396,0.629944,-0.059938,0.110071,-0.135788,2459,1638,2567,2958,2317,3111
0.134505,-0.070613,0.650749,-0.041348,0.111288,-0.146909,2515,1638,2567,2958,2368,3111
0.135858,-0.069092,0.640729,-0.047183,0.109767,-0.138652,2565,1638,2567,2957,2418,3111
0.141762,-0.069160,0.652132,-0.035093,0.109834,-0.142979,2615,1638,2567,2957,2465,3111
0.150954,-0.071189,0.676462,-0.011790,0.111863,-0.154529,2665,1638,2566,2957,2513,3111
0.152024,-0.069321,0.660835,-0.021651,0.109996,-0.142360,2715,1638,2562,2957,2565,3111
0.155493,-0.068306,0.655656,-0.022639,0.108980,-0.136204,2762,1638,2558,2957,2615,3111
0.167875,-0.071688,0.688940,0.009098,0.112363,-0.152137,2807,1638,2556,2957,2661,3111
0.176292,-0.073377,0.702712,0.024641,0.114051,-0.156486,2846,1638,2556,2956,2702,3111
0.172167,-0.069553,0.702485,0.021467,0.110228,-0.159130,2702,1639,2565,2888,2562,3111
0.165804,-0.069912,0.699115,0.014513,0.110586,-0.160998,2665,1639,2566,2888,2525,3111
0.154996,-0.067373,0.673756,-0.010674,0.108048,-0.149794,2628,1639,2566,2889,2486,3111
0.153359,-0.069012,0.684858,-0.004310,0.109687,-0.159037,2591,1639,2567,2889,2447,3111
0.148645,-0.069654,0.682419,-0.009423,0.110329,-0.160463,2553,1639,2568,2891,2408,3111
0.141031,-0.067442,0.662056,-0.028867,0.108117,-0.150742,2514,1639,2568,2894,2367,3111
0.139001,-0.068367,0.670112,-0.024866,0.109041,-0.158022,2470,1639,2568,2896,2323,3111
0.134274,-0.068576,0.662464,-0.033537,0.109251,-0.155643,2425,1639,2568,2896,2278,3111
0.130532,-0.069121,0.658903,-0.038702,0.109795,-0.155585,2380,1639,2568,2895,2233,3111
0.125416,-0.068799,0.645312,-0.051705,0.109474,-0.149120,2336,1639,2568,2890,2186,3111
0.120595,-0.068380,0.636890,-0.060972,0.109055,-0.146238,2293,1639,2567,2889,2145,3111
0.117372,-0.068960,0.635909,-0.064000,0.109634,-0.147716,2252,1639,2566,2889,2104,3111
0.113628,-0.069396,0.625356,-0.073930,0.110070,-0.142540,2208,1639,2563,2889,2064,3111
0.111236,-0.070147,0.619584,-0.079612,0.110821,-0.139944,2169,1639,2561,2889,2026,3111
0.109137,-0.070950,0.613725,-0.085140,0.111625,-0.137084,2131,1639,2560,2889,1990,3111
0.105707,-0.070513,0.596726,-0.099231,0.111187,-0.126975,2094,1639,2560,2889,1956,3111
0.103914,-0.069174,0.579706,-0.112137,0.109849,-0.115736,2062,1639,2560,2889,1927,3111
0.102067,-0.069401,0.567327,-0.121922,0.110075,-0.107931,2031,1638,2561,2889,1904,3111
0.106742,-0.071162,0.584864,-0.106553,0.111837,-0.117586,2001,1638,2565,2889,1885,3111
0.108729,-0.072169,0.585199,-0.104870,0.112844,-0.116477,1973,1638,2567,2889,1868,3111
0.111088,-0.071762,0.581275,-0.105817,0.112437,-0.111998,1946,1638,2567,2889,1852,3111
0.111282,-0.070285,0.571223,-0.112521,0.110960,-0.104507,1919,1638,2567,2890,1832,3111
0.109697,-0.067795,0.549827,-0.128257,0.108469,-0.089922,1893,1638,2567,2890,1809,3111
0.113478,-0.069687,0.556817,-0.120727,0.110362,-0.092463,1869,1638,2567,2890,1783,3111
0.116395,-0.070243,0.557611,-0.118050,0.110918,-0.091058,1849,1638,2567,2890,1759,3111
0.117029,-0.069861,0.551661,-0.121640,0.110536,-0.086270,1829,1638,2567,2890,1737,3111
0.116923,-0.069269,0.540831,-0.129095,0.109943,-0.078414,1810,1638,2567,2890,1719,3111
0.118044,-0.069163,0.535662,-0.131795,0.109838,-0.073866,1792,1638,2567,2890,1706,3111
0.120837,-0.069745,0.538805,-0.127610,0.110420,-0.074264,1776,1638,2567,2890,1699,3111
0.122107,-0.070101,0.536069,-0.128543,0.110775,-0.071396,1762,1638,2567,2890,1698,3111
0.123508,-0.069548,0.532207,-0.130148,0.110223,-0.067614,1751,1638,2567,2890,1698,3111
0.123734,-0.068259,0.523242,-0.136090,0.108933,-0.060898,1747,1638,2568,2895,1698,3111
0.125456,-0.068258,0.523239,-0.134831,0.108933,-0.059722,1746,1638,2568,2899,1702,3111
0.126421,-0.067683,0.520898,-0.135719,0.108358,-0.057351,1748,1638,2569,2899,1704,3111
0.128204,-0.067862,0.524922,-0.131672,0.108537,-0.059082,1754,1638,2569,2899,1706,3111
0.126806,-0.066722,0.519898,-0.136119,0.107397,-0.056356,1771,1638,2569,2900,1707,3111
0.127126,-0.067582,0.528311,-0.130153,0.108257,-0.062298,1790,1639,2569,2900,1708,3111
0.126698,-0.067892,0.532229,-0.127798,0.108567,-0.065458,1810,1639,2569,2900,1712,3111
0.124398,-0.067687,0.534107,-0.128202,0.108362,-0.068399,1832,1639,2569,2900,1729,3111
0.122354,-0.066978,0.536044,-0.128379,0.107653,-0.071210,1859,1639,2569,2900,1754,3111
0.120115,-0.066959,0.535899,-0.130117,0.107634,-0.072629,1889,1639,2569,2900,1783,3111
0.118960,-0.067789,0.545410,-0.124484,0.108463,-0.080378,1919,1639,2570,2900,1810,3111
0.116823,-0.066885,0.546361,-0.125400,0.107559,-0.082530,1949,1639,2573,2900,1839,3111
0.115655,-0.066666,0.553852,-0.121152,0.107340,-0.088810,1982,1639,2580,2900,1873,3111
0.150907,-0.067559,0.668342,-0.017355,0.108233,-0.148616,2561,1568,2603,2892,2529,3111
0.150812,-0.069023,0.671716,-0.015127,0.109698,-0.151151,2551,1560,2603,2895,2529,3111
0.149295,-0.069780,0.668520,-0.018414,0.110454,-0.149844,2541,1553,2604,2898,2529,3111
0.146493,-0.069308,0.655541,-0.029307,0.109983,-0.142251,2532,1548,2609,2898,2524,3111
0.149633,-0.071493,0.668933,-0.017885,0.112168,-0.149917,2525,1546,2613,2899,2503,3111
0.150795,-0.071666,0.670297,-0.016106,0.112340,-0.150124,2512,1545,2614,2900,2467,3111
0.144866,-0.068263,0.643800,-0.038495,0.108937,-0.134764,2496,1545,2614,2900,2422,3111
0.147431,-0.069599,0.658419,-0.026660,0.110274,-0.143719,2477,1545,2614,2901,2375,3111
0.143504,-0.068520,0.646085,-0.037936,0.109195,-0.137364,2456,1545,2614,2901,2331,3111
0.142070,-0.068879,0.646145,-0.038946,0.109554,-0.138385,2436,1545,2614,2901,2293,3111
0.137945,-0.068111,0.637732,-0.047696,0.108786,-0.135036,2415,1545,2614,2901,2261,3111
0.135231,-0.068245,0.632824,-0.053026,0.108919,-0.133291,2396,1545,2614,2901,2237,3111
0.135169,-0.069410,0.638853,-0.048965,0.110085,-0.137747,2378,1547,2614,2901,2219,3111
0.132980,-0.068796,0.635971,-0.052530,0.109470,-0.137129,2362,1549,2614,2901,2207,3111
0.132549,-0.069264,0.635864,-0.052919,0.109939,-0.137344,2346,1552,2614,2901,2199,3111
0.129326,-0.067978,0.623198,-0.063907,0.108652,-0.130266,2330,1555,2615,2901,2191,3111
0.128727,-0.067004,0.622809,-0.064610,0.107679,-0.130390,2311,1556,2615,2901,2181,3111
0.129135,-0.067320,0.624585,-0.063102,0.107994,-0.131411,2291,1556,2615,2901,2168,3111
0.126481,-0.066992,0.614601,-0.071846,0.107666,-0.125911,2249,1557,2615,2901,2136,3111
0.126188,-0.067249,0.614189,-0.072340,0.107924,-0.125809,2228,1557,2615,2901,2121,3111
0.124585,-0.066759,0.606039,-0.079066,0.107433,-0.120933,2168,1557,2615,2901,2063,3111
0.121318,-0.067020,0.582467,-0.097515,0.107695,-0.105902,2052,1558,2615,2900,1948,3111
0.122671,-0.067339,0.585037,-0.094774,0.108014,-0.106862,2036,1558,2615,2900,1936,3111
0.121756,-0.067481,0.572174,-0.104205,0.108156,-0.098068,1992,1558,2614,2891,1912,3111
0.122765,-0.068033,0.572122,-0.103502,0.108707,-0.097342,1981,1558,2613,2890,1903,3111
0.122765,-0.068033,0.572122,-0.103502,0.108707,-0.097342,1971,1558,2609,2889,1891,3111
0.121629,-0.067910,0.565486,-0.108854,0.108585,-0.093259,1963,1559,2604,2889,1878,3111
0.120737,-0.068358,0.561988,-0.111891,0.109033,-0.091305,1955,1559,2602,2887,1856,3111
0.121607,-0.069997,0.568905,-0.106542,0.110672,-0.095776,1945,1559,2601,2887,1827,3112
0.120064,-0.070741,0.565973,-0.109669,0.111416,-0.094680,1934,1559,2600,2887,1801,3112
0.118414,-0.071308,0.561765,-0.113743,0.111982,-0.092724,1924,1560,2596,2887,1785,3112
0.117250,-0.071304,0.555127,-0.119117,0.111978,-0.088657,1915,1563,2591,2887,1777,3112
0.117642,-0.071441,0.554631,-0.119168,0.112115,-0.088027,1908,1573,2588,2888,1774,3112
0.118201,-0.072240,0.555296,-0.118306,0.112915,-0.088133,1901,1588,2587,2888,1769,3112
0.116279,-0.071327,0.545026,-0.126708,0.112002,-0.081924,1894,1609,2586,2888,1764,3112
0.117970,-0.070791,0.551815,-0.120846,0.111466,-0.085742,1888,1634,2585,2888,1760,3112
0.095017,-0.067984,0.534017,-0.149774,0.108659,-0.088348,1872,1793,2431,2889,1755,3112
0.094104,-0.073238,0.549209,-0.140094,0.113913,-0.100092,1863,1804,2414,2889,1748,3112
0.089553,-0.075790,0.546659,-0.145162,0.116465,-0.101325,1856,1819,2398,2889,1740,3112
0.084548,-0.075416,0.529431,-0.160562,0.116090,-0.092122,1852,1838,2387,2889,1734,3112
0.081901,-0.075643,0.524823,-0.165639,0.116317,-0.090551,1851,1860,2380,2890,1728,3112
0.078688,-0.073805,0.516494,-0.173665,0.114480,-0.086642,1844,1884,2375,2892,1721,3112
0.078262,-0.072447,0.521541,-0.170539,0.113121,-0.090626,1836,1905,2372,2898,1712,3112
0.077551,-0.069841,0.521981,-0.170759,0.110516,-0.091433,1828,1921,2371,2899,1702,3112
0.078670,-0.068035,0.664649,-0.072756,0.108709,-0.195119,2417,1909,2369,2889,2347,3112
0.081946,-0.069294,0.673805,-0.064121,0.109969,-0.199591,2446,1907,2369,2889,2374,3112
0.085110,-0.069553,0.676506,-0.059964,0.110227,-0.199414,2475,1906,2369,2889,2399,3112
0.090040,-0.070641,0.689891,-0.047237,0.111316,-0.205854,2507,1906,2370,2889,2424,3112
0.094197,-0.070063,0.689941,-0.044160,0.110738,-0.203059,2535,1906,2371,2890,2452,3112
0.097610,-0.069430,0.689365,-0.042054,0.110105,-0.200312,2561,1906,2372,2891,2482,3112
0.104339,-0.069947,0.703048,-0.027807,0.110621,-0.205746,2585,1906,2372,2893,2516,3112
0.108805,-0.070113,0.708063,-0.021121,0.110788,-0.206375,2610,1905,2372,2893,2549,3112
0.111953,-0.069232,0.701476,-0.023303,0.109907,-0.199408,2630,1905,2372,2892,2573,3112
0.117748,-0.070445,0.716837,-0.008597,0.111120,-0.206707,2647,1905,2372,2890,2590,3112
0.121403,-0.069828,0.716664,-0.006039,0.110503,-0.204090,2659,1905,2370,2889,2598,3112
0.125346,-0.070402,0.725940,0.003166,0.111076,-0.208195,2667,1905,2370,2889,2599,3112
0.128731,-0.071342,0.738788,0.014396,0.112016,-0.215296,2670,1905,2370,2889,2599,3112
0.128359,-0.070933,0.731076,0.008871,0.111608,-0.209904,2670,1905,2370,2889,2598,3112
0.128841,-0.070265,0.730402,0.008765,0.110940,-0.209082,2668,1905,2370,2889,2597,3112
0.127578,-0.069850,0.725681,0.004624,0.110525,-0.206485,2663,1905,2370,2889,2587,3112
0.123424,-0.067625,0.702963,-0.013892,0.108299,-0.192684,2651,1905,2370,2889,2561,3112
0.128731,-0.071342,0.738788,0.014396,0.112016,-0.215296,2632,1905,2370,2890,2522,3112
0.124132,-0.070391,0.725830,0.002203,0.111065,-0.208942,2610,1905,2370,2892,2480,3112
0.117688,-0.068792,0.703051,-0.018032,0.109467,-0.196655,2584,1905,2370,2895,2442,3112
0.113748,-0.071278,0.722791,-0.007470,0.111953,-0.213790,2522,1905,2370,2898,2383,3112
0.105138,-0.069326,0.690035,-0.036086,0.110000,-0.195674,2484,1905,2371,2898,2350,3112
0.103198,-0.071117,0.703165,-0.028562,0.111792,-0.206609,2446,1905,2371,2898,2315,3112
0.096295,-0.070078,0.689974,-0.042601,0.110753,-0.201654,2404,1905,2370,2898,2277,3112
0.093302,-0.071541,0.696398,-0.040417,0.112216,-0.208396,2361,1905,2370,2895,2235,3112
0.086092,-0.071076,0.675474,-0.059949,0.111751,-0.197988,2316,1905,2370,2891,2193,3112
0.079620,-0.070091,0.657690,-0.076801,0.110766,-0.189378,2272,1905,2369,2889,2151,3112
0.074986,-0.070151,0.651427,-0.084460,0.110826,-0.187948,2228,1905,2369,2889,2108,3112
0.070638,-0.069574,0.638775,-0.096262,0.110249,-0.181649,2186,1905,2368,2889,2065,3112
0.067011,-0.069701,0.627466,-0.106621,0.110375,-0.175839,2147,1905,2367,2889,2022,3112
0.063758,-0.068986,0.607613,-0.122526,0.109661,-0.163520,2107,1905,2366,2889,1979,3112
0.063902,-0.070209,0.609874,-0.120880,0.110883,-0.165078,2066,1905,2365,2889,1938,3112
0.061998,-0.068978,0.589833,-0.135926,0.109653,-0.151703,2025,1905,2365,2889,1899,3112
0.062445,-0.070001,0.589607,-0.135753,0.110676,-0.151233,1985,1905,2365,2889,1869,3112
0.062803,-0.069666,0.572409,-0.147206,0.110340,-0.138398,1947,1905,2365,2889,1840,3112
0.063990,-0.069729,0.562540,-0.153060,0.110403,-0.130364,1908,1905,2365,2889,1812,3112
0.066538,-0.068798,0.554212,-0.156867,0.109473,-0.122532,1871,1905,2365,2889,1783,3112
0.069340,-0.068548,0.542588,-0.162733,0.109222,-0.112113,1834,1905,2365,2889,1752,3112
0.072610,-0.068832,0.536181,-0.164704,0.109507,-0.105196,1797,1905,2365,2889,1722,3112
0.076127,-0.068307,0.523502,-0.170766,0.108982,-0.093517,1764,1905,2365,2889,1696,3112
0.078992,-0.067698,0.512473,-0.176182,0.108372,-0.083491,1735,1906,2365,2889,1675,3112
0.083992,-0.067712,0.507988,-0.175576,0.108386,-0.076802,1712,1906,2366,2889,1662,3112
0.088354,-0.067112,0.502056,-0.176423,0.107786,-0.069488,1694,1906,2366,2890,1658,3112
0.088999,-0.067079,0.502978,-0.175323,0.107753,-0.069723,1793,1906,2366,2896,1756,3112
0.085933,-0.066789,0.503970,-0.176892,0.107464,-0.072537,1821,1906,2366,2892,1787,3112
0.082592,-0.066850,0.508295,-0.176391,0.107525,-0.077980,1852,1906,2366,2890,1811,3112
0.075251,-0.066829,0.521209,-0.172969,0.107503,-0.092435,1923,1906,2366,2889,1858,3112
0.072497,-0.068122,0.534006,-0.166269,0.108797,-0.103679,1959,1906,2366,2889,1887,3112
0.068540,-0.067134,0.533964,-0.169194,0.107808,-0.106345,1996,1906,2366,2889,1920,3112
0.067615,-0.069660,0.558667,-0.153044,0.110335,-0.125060,2035,1906,2366,2893,1957,3112
0.064494,-0.067705,0.552219,-0.159721,0.108380,-0.122465,2071,1905,2366,2898,1995,3112
0.065152,-0.068716,0.572346,-0.145528,0.109391,-0.136752,2111,1905,2366,2899,2036,3112
0.064882,-0.068672,0.571773,-0.146116,0.109347,-0.136516,2153,1905,2366,2899,2077,3112
0.065860,-0.069235,0.588958,-0.133694,0.109909,-0.148431,2198,1905,2366,2891,2114,3112
0.066955,-0.070151,0.604521,-0.122291,0.110826,-0.159079,2244,1905,2363,2889,2153,3112
0.065369,-0.069554,0.603643,-0.124051,0.110229,-0.159517,2286,1905,2354,2888,2187,3112
0.066996,-0.071435,0.629524,-0.105230,0.112109,-0.177356,2323,1905,2342,2888,2220,3112
0.067364,-0.072203,0.638173,-0.099069,0.112878,-0.183437,2360,1906,2329,2888,2250,3112
0.068837,-0.074510,0.651869,-0.088661,0.115185,-0.192461,2396,1906,2320,2889,2283,3112
0.069451,-0.075625,0.652188,-0.087994,0.116299,-0.192277,2440,1906,2316,2889,2319,3112
0.043267,-0.076519,0.586312,-0.152038,0.117193,-0.161884,2031,1966,2278,2888,1899,3112
0.041301,-0.069829,0.546056,-0.180898,0.110503,-0.133752,2004,1979,2268,2888,1875,3112
0.043055,-0.072287,0.573083,-0.161204,0.112961,-0.152344,1980,1991,2255,2888,1847,3112
0.041753,-0.071293,0.561340,-0.170156,0.111968,-0.144633,1959,2001,2241,2888,1820,3112
0.039431,-0.070265,0.547134,-0.181533,0.110940,-0.135815,1938,2008,2225,2888,1798,3112
0.038471,-0.072519,0.552165,-0.178810,0.113193,-0.140152,1920,2015,2210,2888,1784,3112
0.036679,-0.073152,0.543669,-0.185908,0.113826,-0.135153,1903,2023,2194,2888,1777,3112
0.034528,-0.073899,0.531129,-0.196026,0.114574,-0.127438,1887,2032,2180,2888,1776,3112
0.033537,-0.075702,0.530624,-0.197095,0.116376,-0.127743,1874,2043,2168,2888,1776,3112
0.031616,-0.075081,0.515193,-0.209012,0.115755,-0.117754,1865,2056,2158,2889,1776,3112
0.030734,-0.075589,0.514673,-0.210013,0.116264,-0.117974,1862,2069,2151,2892,1776,3112
0.030241,-0.074390,0.508282,-0.214727,0.115065,-0.113632,1866,2081,2148,2898,1776,3112
0.029353,-0.072490,0.506231,-0.216774,0.113164,-0.112735,1881,2089,2150,2899,1783,3112
0.028373,-0.068586,0.500663,-0.221284,0.109261,-0.109326,1904,2092,2151,2899,1786,3112
0.027741,-0.067599,0.515255,-0.211807,0.108274,-0.120439,1925,2092,2149,2899,1791,3112
0.026320,-0.066797,0.520339,-0.209385,0.107471,-0.125129,1946,2088,2147,2896,1812,3112
0.023901,-0.068515,0.537262,-0.199628,0.109189,-0.139167,1970,2086,2147,2891,1838,3112
0.020005,-0.068633,0.529622,-0.207685,0.109308,-0.136227,1999,2086,2146,2889,1863,3112
0.017727,-0.071456,0.544452,-0.199250,0.112131,-0.148636,2029,2087,2146,2889,1887,3112
0.014570,-0.069784,0.538222,-0.205805,0.110458,-0.146226,2062,2090,2147,2889,1912,3112
0.013623,-0.070479,0.561759,-0.190466,0.111153,-0.164102,2096,2090,2147,2890,1942,3112
0.013352,-0.068981,0.570760,-0.184532,0.109655,-0.170877,2128,2088,2147,2892,1978,3112
0.013532,-0.069859,0.589876,-0.171379,0.110533,-0.184749,2160,2085,2147,2895,2025,3112
0.014047,-0.070733,0.599171,-0.164670,0.111407,-0.191203,2197,2084,2147,2896,2073,3112
0.016019,-0.072770,0.616296,-0.151561,0.113444,-0.202397,2239,2084,2147,2890,2117,3112
0.017519,-0.071566,0.608348,-0.155877,0.112241,-0.195556,2277,2084,2145,2889,2151,3112
0.019130,-0.072729,0.626863,-0.142085,0.113404,-0.208014,2313,2084,2139,2888,2180,3112
0.020746,-0.072519,0.636949,-0.134032,0.113194,-0.214297,2345,2084,2128,2888,2207,3112
0.022510,-0.073250,0.649844,-0.123956,0.113924,-0.222536,2377,2086,2116,2888,2238,3112
0.025990,-0.075955,0.674080,-0.104899,0.116629,-0.237909,2411,2088,2107,2889,2273,3112
0.010723,-0.076143,0.619195,-0.153464,0.116817,-0.208127,2079,2089,2133,2900,1923,3112
0.010784,-0.074503,0.598081,-0.167801,0.115178,-0.192628,2058,2089,2138,2900,1904,3112
0.011562,-0.074062,0.588543,-0.173729,0.114737,-0.185115,2025,2087,2145,2900,1877,3112
0.013789,-0.072653,0.579416,-0.178315,0.113327,-0.176916,1989,2085,2152,2900,1847,3112
0.015979,-0.071748,0.569908,-0.183189,0.112422,-0.168463,1955,2084,2156,2900,1814,3112
0.018220,-0.070193,0.554061,-0.192343,0.110868,-0.155335,1923,2084,2157,2900,1785,3112
0.021947,-0.070812,0.551574,-0.191309,0.111487,-0.150976,1890,2084,2157,2900,1755,3112
0.023789,-0.068794,0.530986,-0.203985,0.109469,-0.134649,1860,2084,2155,2900,1728,3112
0.027064,-0.070021,0.530522,-0.201904,0.110696,-0.132077,1833,2084,2152,2900,1705,3112
0.029544,-0.069045,0.513156,-0.211917,0.109720,-0.117675,1806,2084,2150,2900,1688,3112
0.032709,-0.069461,0.504904,-0.215221,0.110135,-0.109477,1783,2084,2150,2900,1674,3112
0.036389,-0.072301,0.507972,-0.210437,0.112976,-0.109217,1760,2084,2151,2900,1664,3112
0.039186,-0.068971,0.477155,-0.229382,0.109646,-0.084750,1739,2083,2156,2900,1659,3112
0.044390,-0.070144,0.482087,-0.222212,0.110818,-0.084815,1722,2083,2158,2901,1657,3112
0.048990,-0.069549,0.476436,-0.222694,0.110223,-0.077545,1713,2083,2159,2902,1657,3112
0.052075,-0.067713,0.465628,-0.227797,0.108388,-0.067531,1708,2083,2159,2902,1657,3112
0.054951,-0.067883,0.464335,-0.226572,0.108558,-0.064625,1710,2083,2159,2902,1657,3112
0.055952,-0.067749,0.464254,-0.225895,0.108424,-0.063884,1718,2083,2159,2902,1657,3112
0.055716,-0.067768,0.464117,-0.226162,0.108442,-0.063945,1730,2083,2159,2902,1658,3112
0.055034,-0.068417,0.469956,-0.222683,0.109091,-0.068683,1745,2083,2159,2902,1663,3112
0.052940,-0.068301,0.472847,-0.222247,0.108976,-0.072227,1761,2083,2159,2902,1666,3112
0.049496,-0.067793,0.471974,-0.225363,0.108467,-0.073934,1781,2083,2160,2902,1668,3112
0.046410,-0.067698,0.478161,-0.223407,0.108372,-0.080565,1803,2083,2160,2902,1679,3112
0.043246,-0.066672,0.480080,-0.224417,0.107347,-0.084126,1828,2083,2160,2902,1704,3112
0.040760,-0.068103,0.495116,-0.215995,0.108778,-0.096827,1856,2083,2160,2902,1737,3112
0.036635,-0.067472,0.495197,-0.218959,0.108147,-0.099696,1886,2083,2160,2902,1774,3112
0.033812,-0.068459,0.507861,-0.212400,0.109133,-0.110890,1916,2083,2160,2902,1805,3112
0.030805,-0.068801,0.515863,-0.209150,0.109476,-0.118798,1950,2083,2160,2902,1835,3112
0.027639,-0.067809,0.521623,-0.207544,0.108484,-0.125171,1982,2083,2160,2902,1863,3112
0.025733,-0.068934,0.538465,-0.197467,0.109608,-0.138800,2016,2083,2160,2902,1894,3112
0.023405,-0.069703,0.554159,-0.188481,0.110378,-0.151875,2049,2083,2160,2902,1929,3112
0.021427,-0.068969,0.555326,-0.189134,0.109644,-0.154076,2085,2083,2160,2902,1966,3112
0.020975,-0.070414,0.576175,-0.175263,0.111088,-0.169649,2122,2083,2159,2901,2001,3112
0.020031,-0.070214,0.589030,-0.167198,0.110888,-0.179702,2162,2083,2158,2900,2037,3112
0.019800,-0.069781,0.595791,-0.162761,0.110456,-0.184810,2197,2083,2157,2895,2067,3112
0.019559,-0.070056,0.608206,-0.154480,0.110731,-0.194063,2235,2083,2153,2891,2099,3112
0.020188,-0.071262,0.627633,-0.140787,0.111937,-0.207857,2272,2083,2149,2890,2134,3112
0.020664,-0.070453,0.629892,-0.138899,0.111128,-0.209186,2311,2083,2148,2889,2167,3112
0.022451,-0.072365,0.651765,-0.122691,0.113040,-0.223983,2349,2083,2147,2889,2198,3112
0.025300,-0.074121,0.672255,-0.106648,0.114795,-0.237043,2384,2084,2147,2888,2227,3112
0.028849,-0.073394,0.676053,-0.101462,0.114069,-0.237406,2414,2085,2147,2888,2250,3112
0.034187,-0.073527,0.695062,-0.084605,0.114201,-0.247686,2436,2085,2147,2888,2269,3112
0.038253,-0.073149,0.700191,-0.078135,0.113824,-0.248671,2458,2084,2147,2888,2285,3112
0.041718,-0.071980,0.700380,-0.075469,0.112654,-0.246449,2459,2084,2147,2888,2286,3112
0.044027,-0.071984,0.700420,-0.073752,0.112659,-0.244906,2460,2083,2147,2888,2285,3112
0.046401,-0.074370,0.717137,-0.060627,0.115044,-0.255528,2458,2083,2147,2888,2284,3112
0.043652,-0.070583,0.672529,-0.093026,0.111257,-0.224742,2451,2083,2147,2888,2283,3112
0.044418,-0.072818,0.695130,-0.077069,0.113493,-0.240767,2434,2083,2147,2888,2275,3112
0.043995,-0.074283,0.702327,-0.072476,0.114957,-0.246324,2411,2083,2147,2889,2251,3112
0.039765,-0.075616,0.701813,-0.075924,0.116291,-0.248829,2359,2082,2147,2890,2177,3112
0.035756,-0.076550,0.699580,-0.080380,0.117224,-0.249925,2328,2082,2147,2891,2142,3112
0.027623,-0.076181,0.670948,-0.105837,0.116855,-0.234504,2263,2082,2147,2897,2082,3112
0.024781,-0.075919,0.661502,-0.114352,0.116594,-0.229524,2230,2082,2147,2899,2052,3112
0.022188,-0.075523,0.651389,-0.123140,0.116197,-0.223887,2196,2082,2147,2899,2019,3112
0.019926,-0.075186,0.636651,-0.134835,0.115860,-0.214637,2144,2082,2148,2900,1966,3112
0.018327,-0.074799,0.626833,-0.142693,0.115473,-0.208539,2127,2082,2148,2900,1949,3112
0.016524,-0.073597,0.608563,-0.156459,0.114272,-0.196392,2096,2082,2148,2900,1923,3112
0.015559,-0.072520,0.589202,-0.170354,0.113194,-0.182875,2062,2082,2148,2900,1895,3112
0.015547,-0.074575,0.598217,-0.164222,0.115250,-0.189483,2027,2082,2148,2900,1868,3112
0.016010,-0.074532,0.588155,-0.170737,0.115206,-0.181801,1989,2082,2148,2900,1837,3112
0.016278,-0.072344,0.558041,-0.191054,0.113019,-0.159571,1955,2082,2148,2900,1807,3112
0.017809,-0.074099,0.561050,-0.187884,0.114773,-0.160731,1920,2082,2148,2900,1777,3112
0.019973,-0.073436,0.545937,-0.196594,0.114110,-0.148193,1887,2082,2148,2900,1747,3112
0.022459,-0.072665,0.530489,-0.205297,0.113339,-0.135191,1854,2082,2148,2900,1719,3112
0.025452,-0.072163,0.515574,-0.213266,0.112838,-0.122232,1824,2082,2148,2900,1696,3112
0.029333,-0.072840,0.513676,-0.211717,0.113515,-0.118199,1794,2082,2148,2900,1675,3112
0.033046,-0.072058,0.502181,-0.216829,0.112732,-0.107254,1764,2082,2148,2900,1656,3112
0.037881,-0.072029,0.494723,-0.218370,0.112704,-0.098500,1734,2082,2148,2900,1638,3112
0.041426,-0.069762,0.475930,-0.228576,0.110437,-0.082327,1706,2082,2148,2900,1619,3112
0.047557,-0.071575,0.478882,-0.222077,0.112249,-0.080312,1677,2082,2148,2900,1597,3112
0.053796,-0.071991,0.477034,-0.218768,0.112666,-0.074709,1652,2083,2149,2900,1579,3112
0.063603,-0.069782,0.451891,-0.228716,0.110456,-0.049621,1600,2083,2151,2900,1542,3112
0.068358,-0.068743,0.441419,-0.232368,0.109417,-0.038715,1577,2083,2154,2900,1527,3112
0.080937,-0.068089,0.431675,-0.229796,0.108764,-0.023013,1528,2083,2156,2900,1500,3112
0.087780,-0.068169,0.430362,-0.225680,0.108843,-0.017390,1506,2083,2157,2900,1485,3112
0.104176,-0.066827,0.413652,-0.225060,0.107501,0.006012,1442,2083,2157,2900,1435,3112
0.110100,-0.066954,0.409807,-0.223341,0.107629,0.012862,1423,2083,2157,2900,1420,3112
0.127328,-0.066950,0.400429,-0.217118,0.107624,0.031463,1360,2085,2151,2899,1374,3112
0.137453,-0.068849,0.409836,-0.203297,0.109524,0.031474,1339,2085,2151,2899,1362,3112
0.139573,-0.066982,0.392132,-0.213804,0.107657,0.045878,1319,2084,2156,2899,1352,3112
0.146457,-0.066961,0.389291,-0.210700,0.107635,0.052648,1303,2084,2158,2900,1342,3112
0.155241,-0.067405,0.392797,-0.201881,0.108079,0.056065,1291,2084,2158,2901,1332,3112
0.018377,-0.066928,0.578990,-0.175248,0.107603,-0.173479,2095,2083,2172,2889,1918,3112
0.017723,-0.067554,0.586405,-0.170675,0.108229,-0.179353,2095,2083,2172,2889,1918,3112
0.016957,-0.067672,0.587504,-0.170487,0.108347,-0.180680,2095,2083,2172,2889,1918,3112
0.016706,-0.068248,0.585777,-0.171847,0.108923,-0.179586,2090,2083,2172,2889,1912,3112
0.016960,-0.068652,0.587603,-0.170418,0.109326,-0.180749,2074,2082,2172,2891,1910,3112
0.016940,-0.068019,0.580256,-0.175436,0.108694,-0.175384,2057,2081,2172,2893,1909,3112
0.018180,-0.069046,0.581026,-0.174004,0.109720,-0.175104,2038,2081,2172,2894,1908,3112
0.019343,-0.069832,0.579342,-0.174300,0.110507,-0.173079,2013,2081,2172,2894,1903,3112
0.020327,-0.069630,0.567854,-0.181405,0.110305,-0.163998,1986,2081,2172,2894,1880,3112
0.021538,-0.069855,0.561908,-0.184569,0.110530,-0.158819,1958,2081,2172,2893,1847,3112
0.022769,-0.069340,0.554642,-0.188617,0.110015,-0.152661,1927,2081,2172,2893,1807,3112
0.024308,-0.070125,0.549715,-0.190846,0.110799,-0.148006,1894,2081,2172,2893,1769,3112
0.026240,-0.069378,0.537526,-0.197735,0.110053,-0.137767,1861,2081,2172,2893,1734,3112
0.028134,-0.068982,0.522032,-0.206903,0.109657,-0.125133,1826,2081,2172,2894,1703,3112
0.031990,-0.069320,0.515410,-0.208590,0.109995,-0.117658,1794,2081,2172,2899,1677,3112
0.036692,-0.070145,0.515183,-0.205303,0.110819,-0.114290,1760,2081,2173,2900,1654,3112
0.041681,-0.067578,0.495090,-0.215338,0.108252,-0.096180,1720,2081,2176,2901,1632,3112
0.048421,-0.067835,0.490527,-0.213512,0.108509,-0.088249,1687,2081,2178,2901,1612,3112
0.070608,-0.067602,0.469551,-0.211557,0.108277,-0.057779,1577,2081,2178,2901,1526,3112
0.078611,-0.066794,0.458947,-0.212922,0.107469,-0.044564,1538,2081,2178,2901,1494,3112
0.059101,-0.067702,0.463038,-0.224418,0.108376,-0.060849,1769,2081,2156,2930,1686,3112
0.054105,-0.069362,0.472053,-0.221935,0.110036,-0.070852,1800,2081,2155,2931,1709,3112
0.048972,-0.070255,0.477882,-0.221722,0.110930,-0.078616,1832,2081,2155,2931,1737,3112
0.044954,-0.071746,0.493640,-0.213929,0.112421,-0.092889,1883,2081,2155,2930,1790,3112
0.040310,-0.071720,0.500072,-0.212948,0.112395,-0.100761,1899,2081,2155,2929,1809,3112
0.037055,-0.072642,0.515249,-0.204992,0.113316,-0.114090,1929,2081,2155,2926,1841,3112
0.033183,-0.072327,0.523300,-0.202343,0.113002,-0.122622,1963,2081,2155,2923,1873,3112
0.029564,-0.071787,0.531678,-0.199286,0.112462,-0.131221,1995,2081,2154,2921,1905,3112
0.026369,-0.072198,0.543218,-0.193764,0.112873,-0.141846,2027,2081,2153,2920,1933,3112
0.023911,-0.071757,0.551084,-0.190204,0.112432,-0.149279,2058,2081,2153,2919,1960,3112
0.021629,-0.073693,0.570452,-0.178682,0.114368,-0.165013,2089,2082,2150,2919,1989,3112
0.019384,-0.070277,0.554080,-0.191478,0.110951,-0.154556,2116,2082,2145,2919,2021,3112
0.019656,-0.072961,0.586636,-0.169102,0.113635,-0.178205,2150,2082,2140,2919,2063,3112
0.018512,-0.071216,0.579449,-0.174835,0.111891,-0.173723,2159,2082,2139,2919,2074,3112
0.018810,-0.074292,0.605872,-0.156619,0.114967,-0.192864,2171,2082,2139,2919,2088,3112
0.018655,-0.074415,0.607466,-0.155646,0.115089,-0.194137,2179,2082,2138,2919,2094,3112
0.019398,-0.076616,0.624821,-0.143281,0.117291,-0.206336,2180,2082,2138,2919,2094,3112
0.019503,-0.074727,0.609738,-0.153478,0.115402,-0.195223,2177,2082,2138,2920,2091,3112
0.019038,-0.074476,0.607458,-0.155372,0.115150,-0.193870,2165,2082,2139,2921,2089,3112
0.018830,-0.071837,0.588752,-0.168266,0.112512,-0.180317,2144,2082,2139,2925,2084,3112
0.020043,-0.075497,0.607623,-0.154523,0.116171,-0.193306,2129,2082,2139,2929,2077,3112
0.020662,-0.075444,0.607688,-0.154026,0.116119,-0.192933,2105,2082,2140,2929,2060,3112
0.021802,-0.076289,0.605860,-0.154436,0.116963,-0.190817,2075,2082,2141,2929,2037,3112
0.021543,-0.075052,0.586144,-0.168056,0.115727,-0.176560,2046,2082,2141,2929,2014,3112
0.022550,-0.075287,0.586394,-0.167149,0.115962,-0.176056,2016,2082,2141,2929,1989,3112
0.022253,-0.073875,0.565994,-0.181263,0.114550,-0.161324,1985,2082,2141,2928,1964,3112
0.023521,-0.075617,0.570786,-0.177069,0.116291,-0.163969,1951,2082,2140,2925,1940,3112
0.024849,-0.074821,0.554797,-0.186989,0.115495,-0.151358,1917,2082,2140,2922,1913,3112
0.026258,-0.073953,0.546530,-0.191589,0.114627,-0.144347,1884,2082,2140,2922,1885,3112
0.027920,-0.073089,0.530650,-0.201190,0.113764,-0.131588,1848,2083,2140,2922,1854,3112
0.031408,-0.073227,0.523618,-0.203426,0.113901,-0.124064,1809,2083,2141,2922,1822,3112
0.036165,-0.074128,0.523871,-0.199771,0.114802,-0.121009,1769,2083,2141,2922,1790,3112
0.040773,-0.072456,0.499613,-0.212921,0.113131,-0.100110,1729,2083,2141,2922,1758,3112
0.046419,-0.072826,0.491486,-0.214324,0.113500,-0.090315,1691,2083,2140,2922,1728,3112
0.158740,-0.066906,0.389809,-0.201355,0.107581,0.060636,1296,2090,2147,2927,1441,3112
0.041500,-0.066743,0.496834,-0.214283,0.107417,-0.097581,1909,2094,2140,2921,1897,3112
0.035507,-0.069718,0.523370,-0.200594,0.110392,-0.121091,1952,2092,2139,2920,1928,3112
0.028837,-0.068792,0.522606,-0.205998,0.109466,-0.125075,1994,2089,2139,2920,1956,3112
0.024115,-0.070376,0.538309,-0.198758,0.111051,-0.139787,2031,2087,2138,2920,1985,3112
0.021434,-0.071942,0.553385,-0.190451,0.112617,-0.152650,2069,2085,2138,2920,2018,3112
0.019371,-0.073055,0.569648,-0.180883,0.113729,-0.165962,2107,2085,2139,2920,2049,3112
0.018805,-0.073751,0.580341,-0.174014,0.114426,-0.174176,2141,2085,2141,2921,2078,3112
0.018506,-0.074595,0.598388,-0.161939,0.115270,-0.187592,2173,2085,2146,2922,2104,3112
0.019977,-0.072750,0.599537,-0.160080,0.113425,-0.187432,2207,2086,2149,2925,2127,3112
0.022116,-0.072250,0.616790,-0.146761,0.112925,-0.198606,2237,2087,2149,2929,2147,3112
0.025368,-0.071603,0.630857,-0.134797,0.112278,-0.206689,2263,2086,2149,2929,2164,3112
0.026030,-0.067640,0.598983,-0.156025,0.108314,-0.182903,2287,2084,2144,2929,2178,3112
0.028340,-0.070152,0.627561,-0.134867,0.110827,-0.202251,2304,2084,2140,2929,2179,3112
0.030374,-0.073420,0.650759,-0.117575,0.114094,-0.217849,2307,2083,2140,2927,2179,3112
0.030308,-0.074640,0.649895,-0.118213,0.115315,-0.217262,2308,2083,2139,2924,2176,3112
0.030353,-0.074894,0.650105,-0.118036,0.115568,-0.217385,2306,2083,2139,2924,2170,3112
0.027976,-0.072455,0.628452,-0.134526,0.113130,-0.203152,2293,2083,2139,2925,2168,3112
0.028483,-0.076162,0.651883,-0.118195,0.116836,-0.219960,2250,2083,2139,2930,2159,3112
0.028483,-0.076162,0.651883,-0.118195,0.116836,-0.219960,2227,2082,2140,2931,2131,3112
0.027746,-0.076220,0.641093,-0.126085,0.116895,-0.212563,2199,2082,2142,2932,2088,3112
0.026367,-0.074639,0.621008,-0.140775,0.115313,-0.198797,2166,2082,2143,2932,2037,3112
0.024908,-0.074939,0.617388,-0.144309,0.115614,-0.197141,2131,2082,2142,2932,1991,3112
0.023513,-0.074853,0.607030,-0.152387,0.115528,-0.190509,2095,2082,2141,2932,1953,3112
0.022595,-0.076170,0.609021,-0.151702,0.116845,-0.192592,2059,2082,2141,2932,1925,3112
0.021703,-0.075809,0.596191,-0.161095,0.116484,-0.183806,2021,2082,2141,2932,1902,3112
0.021367,-0.076589,0.589068,-0.166194,0.117264,-0.178820,1981,2082,2143,2932,1879,3112
0.022308,-0.074522,0.564556,-0.182202,0.115196,-0.160234,1939,2082,2147,2932,1852,3112
0.025104,-0.073614,0.555842,-0.186090,0.114289,-0.151949,1899,2083,2149,2932,1822,3112
0.027967,-0.071907,0.539639,-0.195032,0.112582,-0.138137,1855,2083,2149,2932,1787,3112
0.033619,-0.074963,0.555767,-0.179908,0.115637,-0.146095,1808,2083,2149,2931,1747,3112
0.036891,-0.070204,0.515532,-0.204920,0.110879,-0.114410,1761,2083,2146,2931,1708,3112
0.041737,-0.069195,0.493842,-0.216147,0.109870,-0.095228,1712,2084,2142,2931,1673,3112
0.050972,-0.073832,0.510049,-0.198346,0.114507,-0.100803,1634,2084,2140,2928,1625,3112
0.064622,-0.066936,0.464212,-0.219577,0.107611,-0.057947,1770,2070,2182,2927,1757,3112
0.050639,-0.070760,0.506384,-0.201086,0.111435,-0.098347,1877,2028,2181,2921,1848,3112
0.029226,-0.075413,0.606872,-0.148312,0.116088,-0.186501,2213,2040,2188,2921,2081,3112
0.031153,-0.076199,0.630011,-0.131138,0.116873,-0.202129,2239,2046,2187,2921,2096,3112
0.031859,-0.073654,0.627791,-0.132134,0.114329,-0.200022,2261,2053,2182,2921,2110,3112
0.033015,-0.073037,0.640985,-0.122300,0.113712,-0.208895,2279,2060,2176,2920,2121,3112
0.032482,-0.070174,0.627750,-0.131706,0.110849,-0.199568,2291,2065,2173,2919,2126,3112
0.033050,-0.072257,0.650493,-0.115798,0.112932,-0.215832,2297,2069,2166,2919,2126,3112
0.032051,-0.070361,0.642708,-0.121832,0.111035,-0.210813,2297,2070,2158,2919,2121,3112
0.031833,-0.071306,0.652133,-0.115571,0.111981,-0.217861,2295,2070,2153,2919,2118,3112
0.031243,-0.073054,0.665411,-0.106958,0.113728,-0.227984,2283,2072,2149,2919,2116,3112
0.029276,-0.073996,0.663773,-0.109515,0.114671,-0.228125,2263,2075,2147,2919,2104,3112
0.027156,-0.073407,0.650647,-0.120008,0.114082,-0.219959,2241,2079,2143,2919,2075,3112
0.024842,-0.074196,0.648659,-0.123056,0.114871,-0.220080,2218,2083,2140,2920,2037,3112
0.022928,-0.073486,0.640325,-0.130135,0.114160,-0.215282,2189,2088,2136,2920,1998,3112
0.019755,-0.072888,0.630180,-0.139368,0.113563,-0.210016,2156,2092,2134,2920,1965,3112
0.018112,-0.073211,0.631290,-0.139815,0.113886,-0.211949,2120,2095,2131,2920,1935,3112
0.015754,-0.071160,0.609477,-0.156401,0.111834,-0.197585,2081,2096,2131,2920,1910,3112
0.014235,-0.070902,0.596233,-0.166534,0.111576,-0.188924,2036,2096,2131,2920,1885,3112
0.014364,-0.070646,0.587484,-0.172399,0.111320,-0.182431,1989,2096,2131,2921,1859,3112
0.016300,-0.072019,0.587332,-0.171085,0.112693,-0.181001,1939,2096,2132,2921,1830,3112
0.018297,-0.070113,0.554808,-0.191778,0.110788,-0.155829,1888,2096,2132,2921,1796,3112
0.021578,-0.070478,0.543711,-0.196936,0.111153,-0.145470,1833,2096,2132,2921,1757,3112
0.026270,-0.068547,0.513510,-0.214073,0.109222,-0.120164,1777,2096,2131,2921,1718,3112
0.032388,-0.069670,0.506429,-0.214417,0.110345,-0.110812,1723,2096,2129,2920,1680,3112
0.041595,-0.073682,0.516398,-0.200887,0.114357,-0.111839,1666,2096,2129,2920,1642,3112
0.164498,-0.067162,0.390573,-0.196619,0.107836,0.063999,1345,2097,2129,2930,1391,3112
0.105182,-0.069365,0.437029,-0.208399,0.110040,-0.010418,1555,2097,2130,2930,1560,3112
0.094693,-0.067609,0.426605,-0.223178,0.108283,-0.009931,1577,2097,2130,2930,1570,3112
0.087990,-0.066902,0.425457,-0.228868,0.107577,-0.013656,1595,2097,2130,2930,1576,3112
0.082631,-0.067623,0.431467,-0.228698,0.108298,-0.021707,1611,2097,2129,2930,1586,3112
0.077651,-0.066668,0.426949,-0.235421,0.107343,-0.021792,1623,2096,2129,2931,1596,3112
0.074964,-0.067724,0.436067,-0.231177,0.108399,-0.030297,1633,2095,2129,2931,1604,3112
0.072758,-0.069101,0.443420,-0.227783,0.109775,-0.037183,1641,2093,2129,2931,1607,3112
0.069562,-0.069038,0.443015,-0.230399,0.109713,-0.039064,1646,2090,2130,2932,1607,3112
0.069003,-0.070099,0.448671,-0.226956,0.110774,-0.043585,1648,2088,2130,2932,1607,3112
0.066571,-0.069137,0.441028,-0.233942,0.109811,-0.039647,1647,2087,2130,2932,1607,3112
0.067541,-0.070854,0.448778,-0.227953,0.111529,-0.044660,1645,2087,2130,2932,1607,3112
0.067568,-0.071490,0.447887,-0.228540,0.112165,-0.043989,1643,2087,2130,2932,1606,3112
0.067938,-0.071491,0.447894,-0.228264,0.112166,-0.043742,1642,2087,2130,2932,1603,3112
0.069669,-0.072893,0.453162,-0.223409,0.113568,-0.046420,1641,2087,2130,2932,1601,3112
0.069414,-0.072232,0.447905,-0.227176,0.112907,-0.042744,1636,2086,2130,2932,1600,3112
0.069619,-0.071611,0.443025,-0.230351,0.112286,-0.039032,1626,2086,2130,2932,1599,3112
0.070891,-0.072973,0.447914,-0.226089,0.113648,-0.041745,1616,2086,2130,2932,1599,3112
0.072033,-0.072394,0.443475,-0.228277,0.113068,-0.037717,1607,2086,2130,2932,1598,3112
0.074284,-0.072562,0.442888,-0.227028,0.113236,-0.035754,1594,2086,2130,2932,1598,3112
0.077434,-0.072940,0.442113,-0.225250,0.113614,-0.033041,1578,2086,2130,2932,1597,3112
0.080263,-0.072951,0.437542,-0.226293,0.113625,-0.027767,1560,2086,2130,2932,1597,3112
0.085947,-0.074017,0.442857,-0.218511,0.114692,-0.027787,1545,2086,2131,2933,1593,3112
0.088606,-0.072169,0.430929,-0.224689,0.112844,-0.017243,1527,2086,2131,2933,1571,3112
0.093724,-0.071705,0.427254,-0.223447,0.112379,-0.011066,1511,2086,2131,2933,1539,3112
0.096592,-0.071611,0.421395,-0.225337,0.112286,-0.004823,1497,2086,2131,2933,1510,3112
0.099484,-0.070663,0.414682,-0.227793,0.111338,0.002062,1482,2086,2130,2933,1485,3112
0.103606,-0.071490,0.415557,-0.224179,0.112165,0.004228,1471,2086,2128,2932,1470,3112
0.108419,-0.072572,0.418016,-0.218980,0.113247,0.005707,1467,2087,2126,2931,1465,3112
0.108043,-0.070614,0.403868,-0.228893,0.111288,0.015809,1467,2091,2120,2931,1468,3112
0.110687,-0.072185,0.410199,-0.222645,0.112859,0.012975,1481,2094,2119,2926,1475,3112
0.107275,-0.071192,0.405518,-0.228332,0.111866,0.014078,1503,2096,2120,2922,1488,3112
0.102546,-0.069072,0.403217,-0.233361,0.109747,0.012541,1525,2098,2121,2921,1504,3112
0.097058,-0.067235,0.405280,-0.235974,0.107910,0.007292,1546,2098,2123,2921,1521,3112
0.087255,-0.067182,0.422032,-0.231739,0.107856,-0.011650,1594,2098,2127,2921,1555,3112
0.084576,-0.069216,0.442045,-0.220067,0.109891,-0.028126,1613,2098,2127,2921,1576,3112
0.072360,-0.067083,0.441505,-0.229379,0.107758,-0.036052,1637,2097,2128,2922,1599,3112
0.068872,-0.067387,0.441965,-0.231620,0.108061,-0.038765,1638,2097,2128,2925,1598,3112
0.066969,-0.067541,0.442731,-0.232491,0.108215,-0.040622,1628,2096,2128,2930,1597,3112
0.066425,-0.067303,0.437575,-0.236402,0.107978,-0.037218,1619,2096,2128,2930,1596,3112
0.069605,-0.069000,0.442945,-0.230415,0.109675,-0.038984,1601,2095,2128,2930,1595,3112
0.073655,-0.069812,0.443168,-0.227298,0.110487,-0.036387,1577,2095,2128,2931,1582,3112
0.077125,-0.069618,0.436045,-0.229610,0.110292,-0.028809,1550,2092,2128,2931,1552,3112
0.085197,-0.071080,0.442730,-0.219147,0.111754,-0.028205,1522,2088,2128,2932,1516,3112
0.093292,-0.073119,0.446424,-0.210704,0.113794,-0.025395,1494,2085,2128,2932,1484,3112
0.106916,-0.075809,0.433660,-0.209425,0.116484,-0.006770,1440,2085,2124,2932,1448,3112
0.113077,-0.076000,0.422701,-0.212379,0.116674,0.005450,1421,2085,2123,2932,1442,3112
0.121597,-0.073307,0.398311,-0.222756,0.113981,0.029110,1408,2085,2123,2932,1440,3112
0.124810,-0.072948,0.394867,-0.222749,0.113622,0.033821,1425,2085,2123,2932,1444,3112
0.126174,-0.073486,0.398664,-0.219164,0.114161,0.031969,1449,2089,2124,2931,1446,3112
0.122623,-0.072563,0.401147,-0.220072,0.113238,0.027733,1476,2093,2124,2931,1453,3112
0.115392,-0.070815,0.400749,-0.225638,0.111490,0.023099,1506,2095,2124,2929,1473,3112
0.049905,-0.071678,0.466686,-0.228665,0.112352,-0.069783,1803,2087,2123,2931,1732,3112
0.045913,-0.075369,0.492299,-0.214141,0.116043,-0.091254,1841,2085,2126,2931,1773,3112
0.039689,-0.074682,0.489401,-0.220671,0.115356,-0.093372,1879,2085,2127,2931,1812,3112
0.036182,-0.075273,0.503306,-0.213767,0.115948,-0.105941,1917,2085,2127,2931,1843,3112
0.030953,-0.074886,0.507900,-0.214466,0.115560,-0.112866,1954,2085,2127,2931,1869,3112
0.027191,-0.075264,0.523863,-0.206346,0.115939,-0.127116,1989,2085,2127,2932,1893,3112
0.023964,-0.074853,0.530413,-0.204247,0.115527,-0.134110,2022,2084,2127,2932,1921,3112
0.086855,-0.071846,0.617161,-0.099112,0.112520,-0.154778,2239,1782,2478,2856,2159,3112
0.088791,-0.070429,0.629735,-0.089130,0.111103,-0.162664,2239,1782,2491,2838,2159,3112
0.088097,-0.067759,0.630856,-0.088874,0.108434,-0.163958,2239,1782,2502,2821,2159,3112
