# {"arm": "left", "target_base_y": 0.086332, "hover_height_m": 0.12, "y_tolerance_m": 0.005, "grid_x_min": -0.256004, "grid_z_min": -0.321837, "recorded_at": "2026-04-14T17:39:45"}
cam_x,cam_y,cam_z,base_x,base_y,base_z,shoulder_pan,shoulder_lift,elbow_flex,wrist_flex,wrist_roll,gripper
-0.015767,-0.058433,0.546229,-0.198492,0.081355,-0.155504,2146,1987,2374,2776,2329,1994
-0.011821,-0.059245,0.562394,-0.211518,0.083148,-0.145273,2108,1983,2374,2776,2329,1994
-0.011809,-0.058437,0.551190,-0.204662,0.081555,-0.154028,2110,1984,2374,2776,2329,1994
-0.011588,-0.060544,0.572576,-0.217934,0.085149,-0.137512,2115,1984,2374,2776,2329,1994
-0.013048,-0.058530,0.564535,-0.211872,0.082633,-0.142782,2117,1987,2375,2776,2329,1994
-0.012118,-0.058525,0.564493,-0.212580,0.082590,-0.143384,2117,1987,2374,2776,2329,1994
-0.012118,-0.058525,0.564493,-0.212580,0.082590,-0.143384,2117,1987,2374,2776,2329,1994
-0.012118,-0.058525,0.564493,-0.212580,0.082590,-0.143384,2117,1987,2374,2776,2329,1994
-0.062921,-0.073579,0.446614,-0.099940,0.091271,-0.206151,2521,1984,2292,2868,2598,1994
-0.059058,-0.071746,0.427447,-0.091250,0.087949,-0.223445,2521,1985,2287,2879,2598,1994
-0.058076,-0.072020,0.424104,-0.089969,0.087949,-0.226698,2523,1986,2279,2914,2598,1994
-0.060520,-0.072869,0.427825,-0.090312,0.089151,-0.222341,2526,1986,2276,2931,2597,1994
-0.069850,-0.072554,0.428123,-0.083134,0.089218,-0.216366,2534,1992,2259,2977,2597,1994
-0.067888,-0.072384,0.423646,-0.081938,0.088658,-0.221075,2532,1992,2259,2975,2597,1994
-0.068098,-0.071337,0.422407,-0.081025,0.087536,-0.221838,2535,1992,2259,2975,2597,1994
-0.068816,-0.071915,0.423635,-0.081204,0.088225,-0.220479,2535,1992,2259,2975,2597,1994
-0.068816,-0.071915,0.423635,-0.081204,0.088225,-0.220479,2534,1993,2262,2974,2597,1994
-0.069079,-0.072148,0.428130,-0.083753,0.088784,-0.216801,2533,1996,2265,2974,2597,1994
-0.069140,-0.071135,0.428094,-0.083695,0.087774,-0.216711,2532,2003,2265,2974,2596,1994
-0.069279,-0.068836,0.432695,-0.086439,0.085811,-0.212827,2532,2025,2265,2974,2593,1994
-0.055133,-0.069329,0.436525,-0.099950,0.086027,-0.218520,2528,2083,2167,2973,2597,1994
-0.053284,-0.071373,0.433452,-0.099498,0.087776,-0.222231,2532,2083,2162,2973,2597,1994
-0.051051,-0.069176,0.413625,-0.089120,0.084108,-0.239018,2535,2083,2162,2973,2598,1994
-0.052545,-0.070266,0.413570,-0.087894,0.085248,-0.238231,2544,2083,2162,2974,2598,1994
-0.053282,-0.069748,0.409631,-0.084901,0.084483,-0.240836,2552,2084,2164,2974,2599,1994
-0.056716,-0.072095,0.425186,-0.091706,0.088048,-0.226686,2560,2084,2167,2974,2609,1994
-0.061093,-0.069767,0.417726,-0.083702,0.085372,-0.229687,2577,2084,2166,2975,2627,1994
-0.073594,-0.068470,0.390620,-0.057215,0.082657,-0.243242,2634,2084,2162,2974,2677,1994
-0.078341,-0.070737,0.399862,-0.059111,0.085748,-0.233245,2647,2084,2162,2974,2687,1994
-0.094158,-0.068022,0.369174,-0.027825,0.081496,-0.247473,2701,2087,2148,2973,2736,1994
-0.087547,-0.069297,0.369506,-0.033232,0.082535,-0.251364,2694,2135,2104,2973,2737,1994
-0.086856,-0.068137,0.369972,-0.034077,0.081385,-0.251328,2694,2153,2093,2974,2737,1994
-0.088347,-0.067815,0.379556,-0.038787,0.081794,-0.242852,2694,2170,2082,2974,2738,1994
-0.075201,-0.072959,0.346214,-0.028637,0.084074,-0.277533,2729,2264,1917,2982,2793,1994
0.016141,-0.069578,0.441660,-0.159364,0.083890,-0.258167,2448,2329,1821,3034,2574,1994
0.015806,-0.068046,0.436130,-0.155725,0.081987,-0.262188,2444,2338,1821,3036,2574,1994
-0.027451,-0.070834,0.428638,-0.116944,0.085906,-0.241800,2464,2137,2083,2982,2500,1994
-0.025894,-0.070313,0.419189,-0.112380,0.084663,-0.250143,2464,2138,2085,2982,2500,1994
-0.024967,-0.069541,0.418483,-0.112689,0.083808,-0.251205,2463,2142,2087,2982,2500,1994
-0.025218,-0.069012,0.424258,-0.116041,0.083696,-0.246468,2463,2148,2088,2982,2500,1994
-0.024401,-0.065701,0.442506,-0.127928,0.081646,-0.232356,2441,2161,2083,2984,2477,1994
-0.019857,-0.066760,0.458501,-0.141317,0.083651,-0.222646,2412,2161,2083,2984,2460,1994
-0.014918,-0.066040,0.458811,-0.145416,0.082765,-0.225371,2392,2161,2083,2984,2457,1994
-0.010325,-0.067111,0.464909,-0.152771,0.084084,-0.223474,2374,2160,2082,2984,2442,1994
-0.008105,-0.067838,0.468376,-0.156642,0.084966,-0.222165,2359,2160,2082,2984,2431,1994
-0.007005,-0.067795,0.471111,-0.159189,0.085073,-0.220685,2350,2160,2082,2983,2429,1994
-0.004355,-0.065371,0.459500,-0.154186,0.081739,-0.231247,2341,2160,2082,2983,2422,1994
-0.002750,-0.068024,0.481224,-0.168752,0.085848,-0.215357,2345,2160,2082,2983,2424,1994
-0.004355,-0.065371,0.459500,-0.154186,0.081739,-0.231247,2368,2160,2082,2983,2428,1994
-0.018489,-0.074498,0.386605,-0.098176,0.086261,-0.280635,2566,2302,1834,3035,2698,1994
-0.018996,-0.075822,0.387954,-0.098586,0.087695,-0.279368,2566,2302,1832,3049,2698,1994
-0.027278,-0.070373,0.373070,-0.082983,0.081537,-0.285569,2570,2303,1822,3120,2697,1994
-0.028501,-0.070365,0.373037,-0.081997,0.081573,-0.284845,2570,2303,1821,3122,2696,1994
-0.029121,-0.070994,0.373121,-0.081551,0.082230,-0.284448,2570,2303,1821,3120,2696,1994
-0.029507,-0.071851,0.373867,-0.081694,0.083152,-0.283693,2570,2303,1821,3117,2696,1994
-0.028409,-0.071381,0.369861,-0.080108,0.082359,-0.287479,2569,2307,1821,3115,2696,1994
-0.028140,-0.070924,0.372437,-0.081907,0.082075,-0.285582,2569,2311,1821,3114,2696,1994
-0.041388,-0.079822,0.351824,-0.058685,0.090006,-0.294379,2637,2315,1766,3124,2751,1994
-0.050218,-0.077788,0.340913,-0.045044,0.087553,-0.297389,2663,2316,1765,3123,2781,1994
-0.050786,-0.078585,0.340973,-0.044623,0.088373,-0.297057,2660,2316,1765,3121,2780,1994
-0.050506,-0.078309,0.340981,-0.044852,0.088088,-0.297201,2656,2316,1765,3117,2779,1994
-0.014965,-0.072012,0.359715,-0.084486,0.081758,-0.303743,2578,2386,1679,3124,2679,1994
-0.018250,-0.079240,0.372036,-0.089362,0.089955,-0.292614,2593,2390,1658,3142,2783,1994
-0.024826,-0.073243,0.358227,-0.075773,0.083260,-0.298970,2601,2399,1653,3187,2747,1994
-0.024562,-0.072620,0.355557,-0.074351,0.082441,-0.301182,2598,2399,1653,3187,2747,1994
-0.024547,-0.073287,0.358448,-0.076129,0.083309,-0.298971,2597,2399,1653,3187,2748,1994
-0.024443,-0.074025,0.362431,-0.078646,0.084320,-0.295960,2594,2399,1653,3187,2749,1994
-0.022576,-0.074078,0.369021,-0.084163,0.084764,-0.291926,2592,2403,1653,3187,2750,1994
-0.000066,-0.080514,0.323255,-0.073764,0.087098,-0.342216,2617,2557,1388,3131,2798,1994
0.020758,-0.073067,0.360973,-0.113446,0.081522,-0.324723,2514,2554,1386,3206,2544,1994
0.020851,-0.074679,0.363703,-0.115174,0.083317,-0.322761,2513,2554,1386,3206,2558,1994
0.020733,-0.073309,0.356702,-0.110801,0.081464,-0.328085,2513,2554,1386,3207,2586,1994
0.021690,-0.073641,0.359864,-0.113494,0.081980,-0.326211,2517,2554,1386,3207,2664,1994
0.026885,-0.071457,0.400924,-0.142821,0.082488,-0.296932,2443,2476,1528,3207,2577,1994
0.026495,-0.071277,0.394580,-0.138623,0.081878,-0.301668,2439,2476,1528,3207,2556,1994
0.027236,-0.072604,0.399819,-0.142406,0.083540,-0.298106,2435,2476,1528,3207,2534,1994
0.027230,-0.071932,0.399737,-0.142359,0.082864,-0.298114,2433,2477,1529,3207,2515,1994
0.027568,-0.071523,0.405352,-0.146077,0.082839,-0.293874,2426,2477,1529,3207,2497,1994
0.028203,-0.071251,0.404377,-0.145984,0.082474,-0.295008,2423,2477,1529,3207,2501,1994
0.029442,-0.071761,0.404730,-0.147173,0.082959,-0.295529,2420,2477,1529,3207,2503,1994
0.029785,-0.071785,0.404880,-0.147535,0.082981,-0.295624,2420,2477,1528,3206,2503,1994
0.030915,-0.071629,0.403914,-0.147836,0.082714,-0.297063,2417,2477,1527,3206,2504,1994
0.033308,-0.074894,0.424584,-0.162368,0.087328,-0.282533,2417,2477,1524,3205,2504,1994
0.032664,-0.070946,0.405531,-0.150217,0.082079,-0.296809,2415,2477,1520,3205,2504,1994
0.034097,-0.071549,0.408186,-0.152970,0.082812,-0.295646,2408,2478,1516,3205,2504,1994
0.035021,-0.072099,0.409263,-0.154354,0.083400,-0.295409,2403,2478,1515,3203,2504,1994
0.038472,-0.075901,0.426976,-0.167900,0.088302,-0.283894,2399,2478,1514,3202,2504,1994
0.038714,-0.073528,0.412671,-0.159343,0.084922,-0.295104,2397,2478,1514,3201,2504,1994
0.039528,-0.074578,0.414564,-0.161133,0.086070,-0.294198,2396,2477,1514,3201,2504,1994
0.040548,-0.075016,0.414139,-0.161672,0.086438,-0.295192,2396,2477,1514,3201,2502,1994
0.040885,-0.074567,0.414506,-0.162169,0.086002,-0.295074,2395,2478,1514,3200,2499,1994
0.041090,-0.073869,0.412658,-0.161206,0.085169,-0.296598,2394,2478,1514,3200,2499,1994
0.040838,-0.073414,0.412684,-0.161029,0.084727,-0.296387,2391,2479,1514,3200,2497,1994
0.041720,-0.073185,0.414226,-0.162674,0.084574,-0.295696,2384,2479,1514,3200,2497,1994
0.041591,-0.071999,0.408877,-0.159305,0.083021,-0.299730,2379,2478,1514,3200,2496,1994
0.042736,-0.073466,0.417122,-0.165250,0.085017,-0.294063,2376,2478,1514,3200,2496,1994
0.044155,-0.074131,0.419086,-0.167567,0.085764,-0.293441,2374,2478,1514,3200,2496,1994
0.044888,-0.074730,0.421999,-0.169926,0.086537,-0.291646,2370,2478,1514,3200,2496,1994
0.045824,-0.074477,0.421864,-0.170585,0.086240,-0.292306,2366,2478,1514,3199,2496,1994
0.046672,-0.074240,0.423320,-0.172151,0.086073,-0.291662,2365,2478,1514,3199,2496,1994
0.048601,-0.073705,0.426430,-0.175589,0.085684,-0.290356,2363,2479,1513,3199,2496,1994
0.049023,-0.074033,0.428484,-0.177179,0.086139,-0.289025,2363,2482,1513,3198,2496,1994
0.049102,-0.073941,0.431545,-0.179121,0.086259,-0.286659,2361,2484,1511,3197,2496,1994
0.049834,-0.072777,0.428046,-0.177567,0.084825,-0.289767,2360,2487,1506,3197,2495,1994
0.049975,-0.071553,0.426162,-0.176537,0.083467,-0.291237,2360,2489,1499,3197,2495,1994
0.050425,-0.070370,0.422310,-0.174543,0.082000,-0.294449,2359,2489,1493,3197,2495,1994
0.051363,-0.070830,0.426036,-0.177565,0.082684,-0.292130,2359,2490,1488,3197,2495,1994
0.053790,-0.073434,0.432949,-0.183690,0.085672,-0.288386,2358,2490,1483,3197,2495,1994
0.054008,-0.072788,0.427307,-0.180408,0.084623,-0.292906,2357,2491,1481,3197,2495,1994
0.053971,-0.073445,0.427013,-0.180190,0.085259,-0.293166,2353,2492,1481,3197,2495,1994
0.053933,-0.072643,0.425072,-0.178979,0.084325,-0.294606,2352,2494,1480,3197,2495,1994
0.055051,-0.073127,0.427218,-0.181173,0.084914,-0.293642,2352,2498,1479,3197,2494,1994
0.055372,-0.073075,0.430659,-0.183538,0.085092,-0.291128,2352,2500,1479,3197,2494,1994
0.055771,-0.072781,0.431008,-0.184071,0.084808,-0.291076,2352,2501,1479,3197,2494,1994
0.055270,-0.071353,0.424902,-0.179946,0.082975,-0.295457,2354,2501,1480,3199,2494,1994
0.055020,-0.070973,0.426967,-0.181021,0.082751,-0.293650,2356,2501,1480,3205,2494,1994
0.053960,-0.070261,0.426915,-0.180161,0.082079,-0.292985,2358,2501,1485,3205,2494,1994
0.051450,-0.071301,0.428543,-0.179166,0.083326,-0.290250,2360,2497,1492,3206,2495,1994
0.049975,-0.071200,0.426164,-0.176542,0.083115,-0.291208,2361,2497,1493,3207,2495,1994
0.049122,-0.071353,0.427971,-0.176976,0.083427,-0.289277,2362,2497,1494,3207,2495,1994
0.048237,-0.070872,0.426315,-0.175268,0.082866,-0.289999,2368,2497,1495,3207,2495,1994
0.047504,-0.070823,0.426026,-0.174512,0.082825,-0.289774,2373,2497,1496,3207,2495,1994
0.046113,-0.069866,0.421310,-0.170531,0.081593,-0.292554,2376,2497,1498,3207,2495,1994
0.045277,-0.069957,0.423711,-0.171345,0.081885,-0.290161,2377,2496,1503,3207,2495,1994
0.044210,-0.069574,0.423495,-0.170375,0.081529,-0.289647,2379,2492,1512,3207,2495,1994
0.043552,-0.069540,0.435594,-0.177280,0.082370,-0.279726,2376,2488,1528,3207,2495,1994
0.042850,-0.070287,0.427123,-0.171518,0.082547,-0.286017,2376,2488,1520,3206,2496,1994
0.042661,-0.069889,0.421459,-0.167898,0.081759,-0.290324,2377,2488,1520,3206,2498,1994
0.042413,-0.070144,0.421555,-0.167758,0.082030,-0.290117,2377,2488,1520,3206,2496,1994
0.042985,-0.070547,0.421230,-0.168005,0.082387,-0.290754,2377,2488,1520,3206,2496,1994
0.042383,-0.070248,0.418592,-0.165914,0.081926,-0.292437,2377,2488,1520,3206,2496,1994
0.043238,-0.071405,0.427485,-0.172032,0.083672,-0.286058,2377,2488,1520,3206,2496,1994
0.042413,-0.070144,0.421555,-0.167758,0.082030,-0.290117,2377,2488,1520,3206,2496,1994
0.043320,-0.070028,0.423183,-0.169474,0.081994,-0.289383,2377,2488,1520,3206,2496,1994
0.042823,-0.069583,0.423548,-0.169312,0.081595,-0.288756,2377,2488,1520,3206,2496,1994
0.042823,-0.069583,0.423548,-0.169312,0.081595,-0.288756,2377,2488,1520,3206,2496,1994
0.044500,-0.070471,0.431936,-0.175772,0.083005,-0.283258,2374,2488,1520,3204,2496,1994
0.046151,-0.069312,0.428462,-0.174959,0.081542,-0.286910,2370,2489,1520,3204,2502,1994
0.045274,-0.070239,0.428596,-0.174337,0.082509,-0.286340,2371,2489,1520,3204,2502,1994
0.044891,-0.069641,0.422938,-0.170570,0.081531,-0.290507,2371,2489,1520,3204,2502,1994
0.083245,-0.070476,0.431111,-0.205852,0.081460,-0.307643,2332,2652,1213,3206,2504,1994
0.083520,-0.070691,0.428007,-0.204162,0.081445,-0.310269,2330,2654,1211,3206,2504,1994
0.086457,-0.071635,0.435830,-0.211269,0.082822,-0.305992,2325,2653,1208,3206,2504,1994
0.085555,-0.071896,0.432067,-0.208244,0.082853,-0.308419,2321,2653,1208,3206,2504,1994
0.085906,-0.071893,0.432047,-0.208510,0.082835,-0.308649,2319,2653,1208,3206,2504,1994
0.087175,-0.072353,0.435832,-0.211828,0.083511,-0.306487,2317,2654,1208,3206,2504,1994
0.091958,-0.073492,0.457650,-0.228979,0.085995,-0.292349,2309,2655,1208,3206,2504,1994
0.098313,-0.071576,0.470977,-0.242200,0.084776,-0.285611,2276,2659,1208,3206,2504,1994
0.095998,-0.069904,0.459940,-0.233620,0.082423,-0.292740,2275,2659,1208,3206,2504,1994
0.095531,-0.069217,0.456713,-0.231280,0.081530,-0.294937,2277,2658,1208,3206,2504,1994
0.096003,-0.070665,0.459961,-0.233627,0.083183,-0.292786,2284,2658,1208,3206,2504,1994
0.095597,-0.071403,0.459830,-0.233217,0.083926,-0.292700,2294,2658,1208,3206,2504,1994
0.094433,-0.072500,0.459616,-0.232153,0.085048,-0.292241,2314,2658,1208,3206,2502,1994
0.090608,-0.070734,0.447345,-0.221625,0.082574,-0.299408,2325,2658,1209,3206,2499,1994
0.090463,-0.071385,0.450239,-0.223278,0.083432,-0.297095,2332,2658,1210,3206,2498,1994
0.087915,-0.070491,0.445764,-0.218532,0.082324,-0.298983,2338,2658,1212,3206,2498,1994
0.067036,-0.071471,0.409380,-0.179707,0.081549,-0.314881,2388,2642,1257,3208,2507,1994
0.060509,-0.070198,0.428312,-0.186190,0.081862,-0.295893,2388,2567,1372,3208,2506,1994
0.055921,-0.071497,0.415607,-0.174754,0.082441,-0.303177,2387,2547,1399,3208,2506,1994
0.053892,-0.072130,0.410396,-0.169946,0.082783,-0.306082,2388,2537,1414,3208,2504,1994
0.052503,-0.073689,0.411602,-0.169569,0.084476,-0.304405,2391,2528,1430,3208,2499,1994
0.049912,-0.073732,0.410751,-0.167001,0.084558,-0.303491,2393,2521,1448,3208,2499,1994
0.050321,-0.077782,0.433088,-0.180981,0.090149,-0.286496,2394,2515,1462,3208,2498,1994
0.045896,-0.073594,0.413798,-0.165703,0.084790,-0.298623,2394,2509,1477,3208,2498,1994
0.043505,-0.072130,0.409692,-0.161315,0.083134,-0.300272,2394,2502,1489,3208,2498,1994
0.041983,-0.071945,0.413398,-0.162389,0.083269,-0.296410,2394,2495,1500,3208,2497,1994
0.040282,-0.071605,0.413409,-0.161058,0.082996,-0.295333,2395,2487,1509,3208,2497,1994
0.038437,-0.070830,0.407902,-0.156231,0.081908,-0.298472,2398,2480,1516,3208,2497,1994
0.037463,-0.072494,0.414339,-0.159392,0.084056,-0.292945,2402,2475,1523,3208,2497,1994
0.036550,-0.073672,0.413544,-0.158168,0.085209,-0.293104,2405,2469,1531,3208,2497,1994
0.034875,-0.074412,0.413890,-0.157049,0.086036,-0.291864,2406,2466,1540,3208,2497,1994
0.032765,-0.073932,0.408361,-0.151996,0.085251,-0.294882,2409,2462,1548,3208,2497,1994
0.030954,-0.074095,0.409337,-0.151163,0.085552,-0.293017,2415,2459,1555,3207,2497,1994
0.025421,-0.074596,0.406639,-0.145133,0.086074,-0.291789,2430,2433,1569,3207,2497,1994
-0.004499,-0.078182,0.392512,-0.112798,0.089809,-0.284853,2480,2358,1708,3206,2496,1994
-0.005887,-0.076797,0.392222,-0.111541,0.088461,-0.284120,2482,2360,1708,3206,2496,1994
-0.006609,-0.075498,0.392758,-0.111317,0.087232,-0.283154,2482,2361,1708,3206,2496,1994
-0.007158,-0.075066,0.395898,-0.112817,0.087044,-0.280314,2482,2361,1708,3206,2496,1994
-0.006795,-0.073360,0.391050,-0.110150,0.084988,-0.284214,2482,2360,1708,3206,2496,1994
-0.006728,-0.074598,0.396591,-0.113587,0.086609,-0.279995,2481,2360,1706,3205,2496,1994
-0.006729,-0.075257,0.396623,-0.113598,0.087268,-0.280021,2480,2362,1704,3205,2496,1994
-0.006355,-0.074908,0.392586,-0.111420,0.086622,-0.283398,2479,2367,1699,3203,2496,1994
-0.005708,-0.074242,0.392484,-0.111876,0.085926,-0.283821,2477,2368,1697,3200,2496,1994
-0.004552,-0.073531,0.392319,-0.112697,0.085162,-0.284603,2476,2368,1696,3199,2495,1994
-0.002246,-0.072521,0.389921,-0.113058,0.083897,-0.287822,2475,2368,1695,3198,2495,1994
-0.001501,-0.073414,0.396022,-0.117379,0.085188,-0.283552,2474,2368,1694,3198,2494,1994
-0.000542,-0.074508,0.397819,-0.119225,0.086368,-0.282812,2474,2368,1694,3198,2494,1994
0.000123,-0.075260,0.397129,-0.119317,0.087043,-0.283822,2474,2368,1694,3198,2494,1994
0.000123,-0.075260,0.397129,-0.119317,0.087043,-0.283822,2474,2369,1694,3198,2494,1994
-0.000317,-0.074934,0.397014,-0.118903,0.086727,-0.283617,2474,2369,1695,3198,2494,1994
0.000112,-0.073858,0.397839,-0.119762,0.085696,-0.283146,2472,2369,1703,3198,2495,1994
0.000127,-0.073236,0.396785,-0.119135,0.085000,-0.283935,2464,2371,1707,3199,2495,1994
-0.000547,-0.070917,0.392000,-0.115696,0.082379,-0.287101,2457,2371,1708,3198,2495,1994
0.001372,-0.069722,0.407719,-0.126873,0.082218,-0.275820,2453,2371,1706,3198,2495,1994
0.003650,-0.069569,0.403834,-0.126289,0.081705,-0.280259,2453,2374,1695,3198,2495,1994
0.003553,-0.070702,0.403150,-0.125778,0.082790,-0.280827,2452,2374,1695,3197,2495,1994
0.005225,-0.075377,0.426445,-0.141335,0.089023,-0.263902,2450,2374,1694,3197,2495,1994
0.006566,-0.072325,0.402909,-0.127988,0.084275,-0.282992,2449,2374,1694,3197,2495,1994
0.006564,-0.072573,0.401141,-0.126898,0.084398,-0.284400,2449,2374,1695,3197,2495,1994
0.006487,-0.072786,0.402898,-0.127913,0.084737,-0.282988,2449,2374,1695,3197,2495,1994
0.006497,-0.075720,0.421848,-0.139514,0.088992,-0.268324,2449,2374,1695,3197,2495,1994
0.006568,-0.071941,0.401859,-0.127350,0.083818,-0.283788,2449,2374,1695,3197,2495,1994
0.006956,-0.071891,0.401055,-0.127164,0.083697,-0.284654,2449,2374,1695,3197,2496,1994
0.007219,-0.072838,0.403942,-0.129131,0.084834,-0.282620,2450,2374,1696,3197,2500,1994
0.006958,-0.072572,0.401171,-0.127228,0.084384,-0.284618,2450,2374,1696,3197,2501,1994
0.006503,-0.075374,0.418505,-0.137471,0.088412,-0.270929,2450,2374,1696,3197,2501,1994
0.005798,-0.072149,0.401952,-0.126797,0.084062,-0.283260,2450,2373,1697,3197,2502,1994
0.005665,-0.072783,0.405125,-0.128630,0.084922,-0.280733,2450,2373,1696,3197,2507,1994
0.006130,-0.073131,0.405138,-0.129002,0.085252,-0.281035,2450,2369,1695,3197,2526,1994
0.006497,-0.077111,0.421848,-0.139496,0.090379,-0.268433,2449,2363,1694,3197,2558,1994
0.007722,-0.076264,0.410302,-0.133388,0.088676,-0.278197,2449,2360,1694,3197,2589,1994
0.007411,-0.076859,0.397088,-0.125025,0.088353,-0.288445,2458,2367,1706,3205,2505,1994
-0.004723,-0.069898,0.406479,-0.121298,0.082541,-0.273076,2469,2376,1710,3205,2439,1994
-0.015639,-0.070187,0.406325,-0.112583,0.083239,-0.266532,2504,2337,1794,3185,2595,1994
-0.004864,-0.068686,0.424285,-0.132131,0.082589,-0.258891,2462,2337,1794,3173,2548,1994
-0.004734,-0.069688,0.425771,-0.133132,0.083688,-0.257881,2461,2337,1796,3173,2555,1994
-0.004883,-0.069857,0.411701,-0.124377,0.082874,-0.268868,2457,2305,1824,3173,2553,1994
-0.005560,-0.071241,0.411868,-0.123928,0.084291,-0.268432,2457,2293,1840,3173,2540,1994
-0.008993,-0.071362,0.406706,-0.118048,0.084181,-0.270397,2456,2265,1880,3166,2517,1994
-0.012299,-0.073926,0.418023,-0.122351,0.087659,-0.259675,2456,2248,1903,3152,2514,1994
-0.015451,-0.073658,0.416323,-0.118823,0.087394,-0.259060,2456,2232,1926,3131,2516,1994
-0.016252,-0.073476,0.412932,-0.116112,0.087006,-0.261221,2456,2219,1947,3105,2516,1994
-0.017486,-0.074218,0.418043,-0.118264,0.088152,-0.256504,2456,2209,1967,3077,2520,1994
-0.017748,-0.074092,0.418893,-0.118581,0.088096,-0.255666,2456,2199,1988,3049,2531,1994
-0.017483,-0.073823,0.418818,-0.118748,0.087812,-0.255865,2456,2191,2009,3023,2542,1994
-0.016296,-0.072095,0.411837,-0.115422,0.085554,-0.261946,2456,2183,2029,2999,2546,1994
-0.016129,-0.071507,0.418300,-0.119528,0.085415,-0.256919,2457,2174,2047,2983,2548,1994
-0.016136,-0.070042,0.417234,-0.118887,0.083880,-0.257638,2457,2165,2061,2973,2547,1994
-0.016820,-0.069347,0.417192,-0.118330,0.083210,-0.257196,2457,2156,2072,2968,2547,1994
-0.018237,-0.070086,0.423525,-0.121089,0.084447,-0.251406,2457,2146,2079,2966,2547,1994
-0.019257,-0.070011,0.422754,-0.119811,0.084357,-0.251383,2457,2138,2084,2966,2547,1994
-0.021146,-0.074245,0.441983,-0.130067,0.090001,-0.235438,2456,2130,2088,2968,2547,1994
-0.021017,-0.071511,0.418587,-0.115846,0.085627,-0.253700,2456,2124,2091,2969,2551,1994
-0.021950,-0.073407,0.422509,-0.117491,0.087829,-0.250194,2456,2119,2095,2971,2553,1994
-0.022842,-0.074988,0.423620,-0.117450,0.089517,-0.248898,2456,2115,2101,2971,2550,1994
-0.023930,-0.075191,0.421992,-0.115588,0.089647,-0.249528,2457,2111,2111,2971,2547,1994
-0.029967,-0.074895,0.429554,-0.115468,0.090115,-0.239860,2460,2090,2146,2972,2547,1994
-0.036460,-0.072456,0.425215,-0.107710,0.087629,-0.239101,2460,2050,2191,2972,2547,1994
-0.107432,-0.075438,0.395980,-0.033703,0.091282,-0.218848,2677,1954,2277,3020,2667,1994
-0.107570,-0.074777,0.400320,-0.036265,0.090933,-0.215298,2677,1969,2274,3019,2666,1994
-0.106287,-0.073691,0.395355,-0.034245,0.089453,-0.219902,2677,1971,2274,3014,2667,1994
-0.105660,-0.073494,0.396121,-0.035213,0.089285,-0.219669,2677,1972,2274,3008,2668,1994
-0.105300,-0.071838,0.395989,-0.035437,0.087612,-0.219862,2674,1972,2275,2992,2668,1994
-0.104643,-0.071945,0.396660,-0.036366,0.087740,-0.219746,2673,1972,2276,2986,2669,1994
-0.102926,-0.073773,0.398335,-0.038726,0.089614,-0.219624,2672,1970,2280,2979,2669,1994
-0.102343,-0.073364,0.395317,-0.037340,0.088972,-0.222322,2673,1970,2283,2979,2669,1994
-0.102025,-0.072941,0.395414,-0.037656,0.088544,-0.222407,2674,1970,2285,2979,2669,1994
-0.102908,-0.071883,0.394288,-0.036281,0.087445,-0.222669,2675,1970,2287,2979,2669,1994
-0.103591,-0.071372,0.395111,-0.036253,0.087020,-0.221562,2675,1970,2287,2979,2669,1994
-0.103849,-0.070676,0.394853,-0.035900,0.086318,-0.221552,2675,1970,2287,2979,2668,1994
-0.105180,-0.071418,0.399995,-0.037997,0.087470,-0.216752,2674,1970,2287,2979,2666,1994
-0.102386,-0.070031,0.390340,-0.034294,0.085302,-0.225946,2674,1970,2287,2979,2666,1994
-0.104888,-0.072104,0.400142,-0.038308,0.088153,-0.216869,2673,1970,2287,2979,2665,1994
-0.102386,-0.070031,0.390340,-0.034294,0.085302,-0.225946,2673,1970,2287,2979,2664,1994
-0.103577,-0.070711,0.395055,-0.036239,0.086356,-0.221563,2672,1970,2287,2979,2664,1994
-0.104218,-0.071436,0.400096,-0.038818,0.087458,-0.217263,2672,1970,2286,2979,2664,1994
-0.104202,-0.071755,0.400037,-0.038790,0.087771,-0.217344,2671,1970,2286,2979,2664,1994
-0.103564,-0.071438,0.400114,-0.039345,0.087437,-0.217650,2670,1970,2286,2979,2664,1994
-0.103548,-0.071758,0.400056,-0.039317,0.087750,-0.217731,2669,1970,2286,2979,2664,1994
-0.102540,-0.071955,0.399251,-0.039616,0.087852,-0.218997,2666,1971,2285,2979,2664,1994
-0.102271,-0.072116,0.400216,-0.040419,0.088069,-0.218415,2660,1971,2282,2979,2664,1994
-0.101617,-0.072119,0.400234,-0.040946,0.088048,-0.218802,2656,1971,2279,2979,2664,1994
-0.100308,-0.072125,0.400271,-0.042002,0.088006,-0.219575,2653,1971,2276,2979,2664,1994
-0.097618,-0.071937,0.396566,-0.041854,0.087455,-0.224122,2648,1971,2276,2979,2663,1994
-0.096793,-0.072860,0.398739,-0.043828,0.088496,-0.222992,2645,1971,2276,2979,2663,1994
-0.096515,-0.073541,0.404058,-0.047303,0.089538,-0.219033,2644,1971,2281,2979,2663,1994
-0.095088,-0.072822,0.400492,-0.046250,0.088516,-0.222655,2642,1971,2284,2979,2663,1994
-0.094417,-0.072152,0.400442,-0.046758,0.087819,-0.223052,2636,1971,2286,2979,2662,1994
-0.094140,-0.071202,0.400669,-0.047128,0.086877,-0.222968,2632,1971,2287,2979,2662,1994
-0.093421,-0.070254,0.401048,-0.047940,0.085931,-0.223036,2627,1971,2287,2979,2661,1994
-0.092417,-0.069582,0.400986,-0.048703,0.085218,-0.223647,2620,1971,2287,2979,2651,1994
-0.092389,-0.070784,0.409844,-0.054147,0.087037,-0.216793,2614,1971,2287,2979,2633,1994
-0.088731,-0.070014,0.409181,-0.056637,0.086083,-0.219494,2595,1972,2288,2979,2602,1994
-0.089765,-0.073427,0.432497,-0.070086,0.091163,-0.200795,2583,1972,2287,2978,2598,1994
-0.086355,-0.073017,0.432274,-0.072646,0.090607,-0.203027,2572,1972,2285,2978,2597,1994
-0.083093,-0.073453,0.432302,-0.075233,0.090917,-0.205038,2561,1973,2281,2978,2597,1994
-0.079037,-0.071566,0.421089,-0.071577,0.088093,-0.216191,2556,1977,2280,2978,2596,1994
-0.077456,-0.071461,0.423080,-0.074049,0.088067,-0.215586,2549,1984,2277,2978,2592,1994
-0.075151,-0.070289,0.419100,-0.073441,0.086531,-0.220035,2541,1991,2275,2978,2579,1994
-0.072580,-0.069197,0.416142,-0.073669,0.085135,-0.223850,2531,1998,2275,2978,2560,1994
-0.071292,-0.068420,0.419593,-0.076814,0.084553,-0.221864,2523,2004,2275,2977,2544,1994
-0.069079,-0.066790,0.446124,-0.094864,0.084706,-0.202226,2498,2021,2272,2974,2530,1994
-0.062624,-0.064214,0.446003,-0.099918,0.081882,-0.206073,2482,2022,2272,2938,2533,1994
-0.043542,-0.064002,0.454705,-0.120326,0.081547,-0.210903,2449,2043,2273,2862,2528,1994
-0.056141,-0.070905,0.401177,-0.077441,0.085153,-0.245825,2541,2064,2151,3013,2583,1994
-0.116584,-0.074328,0.406247,-0.032793,0.091249,-0.205079,2669,1909,2355,3000,2619,1994
-0.114416,-0.072823,0.405099,-0.033819,0.089585,-0.207191,2662,1917,2352,3000,2611,1994
-0.079725,-0.072297,0.423694,-0.072624,0.089031,-0.213779,2530,2002,2267,3000,2520,1994
-0.089597,-0.066190,0.411491,-0.057419,0.082466,-0.216845,2598,1977,2302,3003,2604,1994
-0.092318,-0.066883,0.417112,-0.058712,0.083657,-0.210811,2596,1969,2307,3003,2602,1994
-0.091372,-0.066637,0.412577,-0.056679,0.083056,-0.214938,2589,1962,2311,3002,2602,1994
-0.091912,-0.068000,0.417499,-0.059256,0.084781,-0.210844,2573,1959,2312,3002,2601,1994
-0.092095,-0.069970,0.427655,-0.065319,0.087465,-0.202901,2559,1958,2311,3002,2600,1994
-0.091435,-0.071914,0.437039,-0.071575,0.090037,-0.196080,2547,1959,2308,3002,2592,1994
-0.084013,-0.068810,0.417837,-0.065689,0.085309,-0.215483,2524,1966,2305,3002,2565,1994
-0.072866,-0.065647,0.415103,-0.072851,0.081534,-0.224211,2481,1970,2305,3002,2523,1994
-0.066913,-0.066950,0.442031,-0.094059,0.084496,-0.206785,2432,1970,2303,3001,2485,1994
-0.058487,-0.069433,0.469120,-0.117305,0.088549,-0.190841,2370,1974,2301,3001,2418,1994
-0.055392,-0.068028,0.467066,-0.118506,0.086885,-0.194241,2358,1980,2299,3001,2407,1994
-0.053806,-0.067049,0.468685,-0.120764,0.085961,-0.193862,2346,1987,2297,3001,2398,1994
-0.049622,-0.066157,0.474780,-0.127818,0.085340,-0.191562,2324,1999,2296,3000,2381,1994
-0.046569,-0.064004,0.469888,-0.127254,0.082732,-0.197109,2310,2004,2296,2999,2370,1994
-0.044545,-0.062916,0.485800,-0.138631,0.082688,-0.185749,2282,2015,2292,2999,2345,1994
-0.040311,-0.064329,0.517885,-0.161646,0.086187,-0.163223,2241,2027,2265,2999,2328,1994
-0.022274,-0.063670,0.505933,-0.168558,0.083996,-0.183621,2193,2073,2203,2999,2327,1994
-0.010374,-0.063376,0.513234,-0.182437,0.083757,-0.185146,2168,2117,2150,2999,2314,1994
0.002881,-0.062659,0.536550,-0.207219,0.084170,-0.174874,2142,2173,2095,3000,2276,1994
0.006568,-0.060849,0.536347,-0.210029,0.082209,-0.177149,2137,2191,2080,3000,2267,1994
0.016252,-0.059587,0.555662,-0.229544,0.081935,-0.167793,2136,2204,2049,3012,2261,1994
0.013494,-0.061484,0.533715,-0.213872,0.082390,-0.183512,2136,2181,2079,3012,2257,1994
0.011720,-0.061966,0.531815,-0.211300,0.082806,-0.183958,2134,2170,2092,3012,2256,1994
0.009099,-0.062366,0.533733,-0.210403,0.083440,-0.180875,2131,2157,2108,3009,2254,1994
0.007448,-0.061182,0.524733,-0.203592,0.081692,-0.186848,2130,2146,2123,3006,2254,1994
0.002600,-0.062635,0.532305,-0.204393,0.083858,-0.178038,2129,2119,2155,3004,2253,1994
-0.001162,-0.063949,0.533881,-0.202373,0.085424,-0.174598,2128,2103,2170,3004,2253,1994
-0.007214,-0.066773,0.542872,-0.203078,0.089103,-0.164043,2128,2069,2200,3004,2253,1994
-0.010719,-0.066226,0.525462,-0.189633,0.087470,-0.175544,2128,2051,2215,3004,2253,1994
-0.067779,-0.064685,0.543533,-0.155698,0.089402,-0.126254,2046,1812,2501,2896,2119,1994
-0.066045,-0.064151,0.549849,-0.160950,0.089245,-0.122307,2045,1822,2493,2889,2119,1994
-0.059989,-0.061553,0.533764,-0.155892,0.085294,-0.138461,2045,1830,2484,2887,2119,1994
-0.059323,-0.063820,0.554398,-0.169053,0.088976,-0.122822,2045,1839,2473,2887,2119,1994
-0.056715,-0.064148,0.554617,-0.171242,0.089218,-0.124274,2045,1848,2461,2887,2119,1994
-0.048832,-0.065709,0.554991,-0.177675,0.090497,-0.128932,2045,1887,2412,2894,2120,1994
-0.001808,-0.061779,0.543741,-0.207942,0.083978,-0.166277,2046,2091,2200,2897,2145,1994
0.002237,-0.062421,0.561633,-0.222108,0.085719,-0.154735,2046,2105,2186,2897,2147,1994
0.003873,-0.061079,0.556937,-0.220534,0.083989,-0.159325,2046,2119,2171,2897,2147,1994
0.008126,-0.061349,0.569207,-0.231418,0.084956,-0.152303,2046,2131,2158,2897,2147,1994
0.009926,-0.059814,0.561975,-0.228421,0.082848,-0.158971,2046,2143,2144,2897,2147,1994
0.013316,-0.058653,0.560990,-0.230507,0.081492,-0.161730,2045,2157,2131,2897,2147,1994
0.021290,-0.061262,0.576886,-0.246524,0.084902,-0.154322,2044,2180,2058,3007,2142,1994
-0.018213,-0.067387,0.545343,-0.195903,0.090313,-0.155410,2049,2071,2197,3002,2119,1994
-0.003242,-0.065374,0.568111,-0.221720,0.089329,-0.146518,2034,2139,2134,3002,2119,1994
0.001636,-0.060773,0.558686,-0.219845,0.083892,-0.156554,2033,2159,2116,3002,2119,1994
0.003295,-0.060619,0.567415,-0.226514,0.084288,-0.150695,2033,2167,2109,3002,2119,1994
0.005804,-0.059208,0.566897,-0.228196,0.082749,-0.152527,2033,2174,2103,3002,2119,1994
0.007442,-0.058015,0.569096,-0.230853,0.081651,-0.151707,2033,2178,2100,3002,2119,1994
0.009090,-0.059323,0.574573,-0.235499,0.083276,-0.148513,2033,2169,2104,3003,2119,1994
0.007959,-0.059656,0.567158,-0.230051,0.083131,-0.153678,2033,2166,2107,3004,2119,1994
0.006863,-0.061155,0.566796,-0.228945,0.084642,-0.153409,2033,2161,2108,3007,2119,1994
-0.002070,-0.067996,0.547016,-0.209667,0.090416,-0.164032,2032,2106,2166,3003,2117,1994
-0.009104,-0.064978,0.547788,-0.204625,0.087733,-0.158878,2021,2071,2203,3003,2088,1994
-0.024219,-0.067386,0.543659,-0.190129,0.090425,-0.153055,2020,2003,2276,3003,2082,1994
-0.093837,-0.063226,0.563242,-0.147242,0.090335,-0.094676,2041,1704,2602,2892,2089,1994
-0.090287,-0.062209,0.562642,-0.149689,0.089142,-0.097242,2037,1724,2597,2879,2086,1994
-0.078580,-0.057652,0.589343,-0.175375,0.086024,-0.083056,2027,1796,2549,2866,2084,1994
-0.071825,-0.055315,0.559917,-0.162679,0.081368,-0.110150,2027,1804,2533,2868,2087,1994
-0.072174,-0.058672,0.577440,-0.173114,0.085958,-0.096422,2027,1811,2520,2870,2090,1994
-0.063672,-0.059547,0.558793,-0.168371,0.085193,-0.116364,2027,1829,2502,2870,2091,1994
-0.063155,-0.061005,0.566842,-0.173700,0.087192,-0.110465,2027,1840,2493,2870,2091,1994
-0.058331,-0.058895,0.549675,-0.167000,0.083697,-0.126755,2027,1853,2483,2869,2091,1994
-0.058201,-0.060201,0.561338,-0.174244,0.085814,-0.117765,2026,1867,2471,2869,2091,1994
-0.056087,-0.060924,0.571513,-0.182148,0.087167,-0.111116,2026,1882,2456,2869,2091,1994
-0.054656,-0.062552,0.589613,-0.194364,0.090007,-0.097888,2026,1896,2441,2870,2091,1994
-0.046787,-0.060630,0.571498,-0.189484,0.086516,-0.116802,2026,1925,2411,2870,2091,1994
-0.038582,-0.057958,0.547761,-0.181428,0.081868,-0.140284,2025,1956,2383,2870,2091,1994
-0.035337,-0.058936,0.563820,-0.193832,0.083846,-0.129721,2022,1973,2366,2870,2091,1994
-0.030350,-0.059649,0.577706,-0.206282,0.085341,-0.121912,2017,2004,2335,2870,2090,1994
0.008761,-0.060504,0.578722,-0.237770,0.084757,-0.145142,2005,2112,2171,2941,2083,1994
-0.020595,-0.064896,0.554945,-0.199948,0.088596,-0.146203,1998,1982,2314,2933,2051,1994
-0.059655,-0.065367,0.532550,-0.155363,0.088996,-0.139922,2060,1878,2424,2937,2101,1994
-0.006230,-0.064516,0.579216,-0.226187,0.089369,-0.135887,2042,2057,2243,2941,2112,1994
-0.023158,-0.063835,0.549622,-0.194671,0.087264,-0.148735,2044,2001,2304,2942,2118,1994
-0.048407,-0.066542,0.540159,-0.168897,0.090269,-0.140922,2050,1874,2430,2942,2115,1994
-0.070213,-0.064802,0.547749,-0.156363,0.089907,-0.121457,2051,1794,2517,2942,2119,1994
-0.082287,-0.064245,0.559753,-0.154205,0.090660,-0.104576,2051,1760,2557,2938,2119,1994
-0.087387,-0.062269,0.565554,-0.153764,0.089295,-0.096734,2051,1754,2567,2934,2119,1994
-0.087073,-0.061176,0.561475,-0.151522,0.087907,-0.100047,2051,1760,2565,2933,2119,1994
-0.084790,-0.059985,0.552450,-0.147801,0.085998,-0.108449,2051,1764,2560,2933,2119,1994
-0.087137,-0.061710,0.574644,-0.159548,0.089366,-0.089694,2051,1766,2557,2933,2119,1994
-0.084994,-0.060454,0.565129,-0.155416,0.087364,-0.098390,2056,1769,2555,2933,2119,1994
-0.083209,-0.059779,0.561458,-0.154581,0.086364,-0.102317,2061,1774,2554,2933,2122,1994
-0.081399,-0.058470,0.551033,-0.149629,0.084258,-0.111521,2066,1781,2553,2932,2135,1994
-0.080494,-0.058471,0.551048,-0.150352,0.084225,-0.112064,2067,1789,2550,2932,2148,1994
-0.079730,-0.058213,0.559742,-0.156294,0.084549,-0.105674,2067,1808,2534,2932,2160,1994
-0.077649,-0.056725,0.551969,-0.153185,0.082439,-0.112944,2067,1820,2524,2932,2163,1994
-0.075951,-0.056649,0.550997,-0.153930,0.082230,-0.114742,2067,1833,2513,2932,2163,1994
-0.073788,-0.056541,0.548746,-0.154257,0.081881,-0.117829,2067,1844,2504,2932,2162,1994
-0.066363,-0.056782,0.551638,-0.161890,0.082039,-0.120123,2067,1883,2463,2932,2163,1994
-0.064471,-0.057676,0.560638,-0.168896,0.083489,-0.114275,2067,1895,2450,2933,2164,1994
-0.060167,-0.057350,0.555391,-0.169078,0.082629,-0.121012,2067,1910,2438,2933,2164,1994
-0.051465,-0.059427,0.582534,-0.192579,0.086271,-0.105162,2062,1959,2391,2934,2165,1994
-0.045138,-0.057035,0.568475,-0.188976,0.082656,-0.119905,2059,1981,2371,2940,2166,1994
-0.042912,-0.056205,0.564651,-0.188397,0.081475,-0.124211,2059,1990,2364,2940,2166,1994
-0.022071,-0.056878,0.566723,-0.206112,0.081487,-0.135403,2058,2041,2282,2936,2162,1994
-0.019469,-0.058206,0.561241,-0.204786,0.082326,-0.141413,2058,2036,2281,2938,2162,1994
-0.019565,-0.059172,0.560294,-0.204117,0.083226,-0.142175,2057,2032,2281,2939,2161,1994
-0.019214,-0.060680,0.561288,-0.204984,0.084785,-0.141728,2057,2030,2281,2940,2161,1994
-0.020497,-0.061978,0.560621,-0.203545,0.086082,-0.141568,2057,2028,2281,2940,2161,1994
-0.020641,-0.062942,0.559410,-0.202676,0.086963,-0.142509,2057,2028,2281,2940,2161,1994
-0.019586,-0.065715,0.560990,-0.204443,0.089798,-0.142132,2054,2028,2280,2933,2161,1994
-0.018345,-0.065657,0.559931,-0.204774,0.089618,-0.143720,2050,2025,2280,2933,2160,1994
-0.018028,-0.065255,0.554849,-0.201911,0.088849,-0.147879,2047,2017,2280,2932,2160,1994
-0.041892,-0.065818,0.537987,-0.172715,0.089144,-0.146564,2055,1935,2364,2934,2142,1994
-0.029562,-0.065624,0.555556,-0.193234,0.089710,-0.140287,2053,1997,2306,2933,2141,1994
-0.026641,-0.063203,0.542252,-0.187406,0.086250,-0.152347,2053,2013,2291,2933,2141,1994
-0.013647,-0.059871,0.540369,-0.196551,0.082296,-0.161524,2052,2072,2228,2933,2141,1994
-0.007320,-0.062054,0.571690,-0.220741,0.086428,-0.140943,2051,2100,2197,2933,2141,1994
0.003277,-0.060146,0.571514,-0.229022,0.084106,-0.147422,2050,2137,2154,2933,2141,1994
0.011314,-0.059591,0.560013,-0.228315,0.082435,-0.161346,2038,2149,2136,2943,2136,1994
0.011577,-0.062974,0.589121,-0.246344,0.087841,-0.138885,2037,2140,2150,2942,2134,1994
0.007384,-0.059201,0.556991,-0.223363,0.081985,-0.161285,2037,2110,2180,2942,2134,1994
0.004246,-0.061830,0.569341,-0.228432,0.085594,-0.149858,2037,2093,2195,2942,2134,1994
-0.002265,-0.061541,0.545279,-0.208528,0.083867,-0.164768,2037,2055,2229,2942,2134,1994
-0.005654,-0.063139,0.545656,-0.206064,0.085617,-0.162522,2037,2041,2245,2942,2134,1994
-0.019317,-0.066008,0.545427,-0.195101,0.088986,-0.154559,2040,1997,2303,2941,2134,1994
-0.040194,-0.066739,0.547843,-0.180093,0.090689,-0.139927,2045,1907,2392,2941,2134,1994
-0.045900,-0.067315,0.543021,-0.172622,0.091144,-0.140269,2046,1875,2421,2941,2134,1994
-0.074845,-0.064735,0.534631,-0.144657,0.089098,-0.128930,2047,1723,2567,2934,2134,1994
-0.090352,-0.064594,0.553448,-0.143964,0.090877,-0.104621,2048,1694,2595,2933,2133,1994
-0.085911,-0.064287,0.557648,-0.150051,0.090694,-0.104014,2055,1729,2567,2926,2133,1994
-0.084970,-0.064270,0.557495,-0.150701,0.090630,-0.104710,2055,1747,2553,2923,2133,1994
0.056985,-0.064141,0.597808,-0.287506,0.087866,-0.159964,2034,2304,1892,2974,2142,1994
0.052769,-0.062470,0.567372,-0.265521,0.084225,-0.181184,2033,2301,1893,2974,2142,1994
0.052601,-0.062962,0.571261,-0.267769,0.084995,-0.178062,2033,2299,1894,2975,2142,1994
0.052601,-0.062962,0.571261,-0.267769,0.084995,-0.178062,2033,2298,1894,2975,2143,1994
0.052387,-0.064129,0.575962,-0.270470,0.086496,-0.174326,2033,2297,1894,2975,2143,1994
0.051678,-0.064866,0.571449,-0.267131,0.086942,-0.177498,2034,2295,1895,2979,2144,1994
0.051821,-0.066165,0.577134,-0.270716,0.088631,-0.173218,2034,2291,1894,2988,2144,1994
0.051136,-0.066187,0.570651,-0.266196,0.088223,-0.177899,2035,2286,1890,3001,2144,1994
0.049516,-0.065934,0.562761,-0.260078,0.087479,-0.183091,2035,2283,1884,3019,2144,1994
0.048004,-0.067020,0.555729,-0.254556,0.088126,-0.187780,2037,2280,1881,3037,2143,1994
-0.070033,-0.066184,0.532056,-0.146856,0.090176,-0.134017,2051,1819,2483,3002,2097,1994
-0.101020,-0.059713,0.559874,-0.139549,0.086873,-0.092646,2053,1663,2662,2912,2099,1994
-0.105814,-0.059084,0.576811,-0.146167,0.087620,-0.076340,2052,1650,2679,2904,2098,1994
-0.104494,-0.055693,0.561211,-0.137678,0.083094,-0.089148,2051,1637,2693,2899,2097,1994
-0.123831,-0.054542,0.586798,-0.138131,0.084489,-0.057089,2054,1569,2725,2908,2106,1994
-0.124797,-0.054542,0.586797,-0.137367,0.084526,-0.056499,2054,1568,2729,2908,2106,1994
-0.122454,-0.053774,0.583556,-0.137238,0.083442,-0.060421,2053,1581,2715,2908,2106,1994
-0.098645,-0.058016,0.568713,-0.146870,0.085711,-0.087015,2048,1711,2609,2907,2106,1994
-0.091688,-0.055930,0.544950,-0.137805,0.081694,-0.109800,2047,1720,2599,2907,2106,1994
-0.092321,-0.059275,0.567264,-0.150957,0.086621,-0.092129,2047,1728,2590,2907,2106,1994
-0.087096,-0.059625,0.560301,-0.150804,0.086279,-0.100833,2046,1743,2576,2907,2106,1994
-0.079470,-0.060062,0.559390,-0.156259,0.086358,-0.106257,2044,1778,2544,2906,2106,1994
-0.075255,-0.060766,0.556738,-0.157950,0.086710,-0.110980,2044,1807,2518,2906,2106,1994
-0.074663,-0.062427,0.570844,-0.167054,0.089334,-0.100381,2044,1821,2506,2906,2106,1994
-0.071417,-0.062429,0.570838,-0.169612,0.089210,-0.102374,2044,1841,2491,2906,2106,1994
-0.068279,-0.062353,0.569991,-0.171571,0.088954,-0.104957,2043,1855,2479,2906,2106,1994
-0.058526,-0.061475,0.570654,-0.179688,0.087750,-0.110341,2040,1902,2435,2906,2106,1994
-0.051348,-0.060847,0.569162,-0.184446,0.086743,-0.115862,2035,1926,2410,2906,2106,1994
-0.045775,-0.061190,0.579098,-0.194940,0.087568,-0.111490,2034,1953,2384,2906,2106,1994
-0.038097,-0.058900,0.563508,-0.191463,0.083895,-0.128272,2033,1979,2355,2906,2106,1994
-0.033359,-0.060675,0.578652,-0.204474,0.086545,-0.119406,2033,2006,2324,2906,2106,1994
-0.019204,-0.057543,0.559154,-0.203723,0.081508,-0.143164,2033,2065,2257,2906,2107,1994
-0.007931,-0.062226,0.605063,-0.240737,0.088967,-0.114337,2029,2061,2260,2907,2105,1994
-0.012400,-0.061295,0.580060,-0.221876,0.086455,-0.131188,2031,2042,2276,2907,2105,1994
-0.013961,-0.060197,0.562521,-0.209894,0.084189,-0.143938,2036,2034,2285,2907,2105,1994
-0.015998,-0.060823,0.559647,-0.206514,0.084689,-0.144999,2040,2027,2294,2907,2105,1994
-0.018401,-0.062230,0.568668,-0.210136,0.086817,-0.136544,2042,2019,2302,2907,2105,1994
-0.020284,-0.062730,0.568960,-0.208822,0.087410,-0.135201,2044,2011,2308,2907,2105,1994
-0.021747,-0.062682,0.562483,-0.203692,0.086963,-0.139395,2045,2004,2313,2907,2105,1994
-0.024820,-0.063505,0.560307,-0.199920,0.087748,-0.139288,2046,1988,2327,2907,2105,1994
-0.027919,-0.064675,0.558848,-0.196564,0.088932,-0.138629,2046,1972,2341,2907,2105,1994
-0.032646,-0.065666,0.559976,-0.193512,0.090180,-0.134925,2047,1948,2365,2907,2105,1994
-0.034604,-0.066006,0.559724,-0.191807,0.090578,-0.133951,2047,1940,2373,2907,2105,1994
-0.035936,-0.065394,0.551322,-0.185607,0.089428,-0.139693,2047,1933,2380,2907,2105,1994
-0.037028,-0.064791,0.544972,-0.180856,0.088423,-0.143970,2047,1926,2387,2907,2105,1994
-0.065928,-0.064990,0.552342,-0.162562,0.090253,-0.120485,2057,1799,2515,2907,2105,1994
-0.070231,-0.064137,0.548742,-0.156966,0.089316,-0.120613,2063,1775,2536,2907,2106,1994
-0.072897,-0.064313,0.550309,-0.155821,0.089703,-0.117761,2064,1762,2546,2907,2106,1994
-0.081740,-0.064823,0.555097,-0.151772,0.090888,-0.108619,2064,1721,2582,2907,2106,1994
-0.089467,-0.062966,0.554837,-0.145537,0.089317,-0.103942,2064,1679,2622,2907,2106,1994
-0.092273,-0.061945,0.553699,-0.142635,0.088328,-0.103037,2064,1666,2632,2907,2106,1994
-0.097217,-0.060989,0.553298,-0.138499,0.087537,-0.100248,2064,1643,2651,2907,2106,1994
-0.099524,-0.060096,0.553465,-0.136791,0.086747,-0.098632,2064,1635,2657,2907,2106,1994
-0.102672,-0.059615,0.553242,-0.134176,0.086373,-0.096842,2064,1628,2662,2907,2106,1994
-0.103547,-0.059266,0.554405,-0.134203,0.086141,-0.095363,2064,1630,2662,2907,2106,1994
-0.103569,-0.058696,0.553171,-0.133435,0.085487,-0.096275,2064,1637,2659,2907,2106,1994
-0.104365,-0.059196,0.560628,-0.137377,0.086540,-0.089963,2064,1640,2653,2907,2106,1994
-0.100859,-0.057686,0.545914,-0.131134,0.083866,-0.103562,2064,1642,2650,2905,2106,1994
-0.100734,-0.057994,0.551466,-0.134637,0.084558,-0.099297,2064,1651,2648,2899,2106,1994
-0.100109,-0.058896,0.561583,-0.141327,0.086144,-0.091795,2063,1660,2646,2898,2106,1994
-0.098008,-0.057856,0.554055,-0.138379,0.084498,-0.098920,2062,1673,2641,2897,2104,1994
-0.102385,-0.061590,0.589787,-0.156805,0.090898,-0.068434,2059,1689,2630,2897,2101,1994
-0.093842,-0.056292,0.552504,-0.140735,0.082669,-0.102569,2058,1708,2615,2898,2104,1994
-0.092562,-0.056501,0.554212,-0.142792,0.082949,-0.102026,2057,1727,2600,2899,2105,1994
-0.084891,-0.058950,0.562325,-0.153796,0.085663,-0.100540,2057,1790,2542,2903,2105,1994
-0.014150,-0.058086,0.576354,-0.218261,0.083063,-0.132777,2019,2035,2298,2907,2101,1994
-0.026832,-0.060013,0.568722,-0.203541,0.084936,-0.131161,2019,1984,2351,2907,2103,1994
-0.028459,-0.058909,0.552171,-0.192113,0.082736,-0.143093,2019,1970,2365,2907,2102,1994
-0.033644,-0.062915,0.588462,-0.210241,0.089479,-0.111694,2019,1955,2380,2907,2100,1994
-0.037708,-0.060455,0.560576,-0.189950,0.085224,-0.130940,2019,1927,2408,2907,2099,1994
-0.045445,-0.062244,0.568889,-0.188921,0.087889,-0.119803,2020,1895,2436,2907,2099,1994
-0.050744,-0.062442,0.561870,-0.180428,0.087797,-0.122093,2021,1863,2463,2907,2099,1994
-0.055865,-0.063644,0.568730,-0.180580,0.089675,-0.113656,2023,1851,2474,2907,2099,1994
-0.057078,-0.063033,0.561337,-0.175093,0.088593,-0.118678,2024,1838,2486,2907,2099,1994
-0.085813,-0.061755,0.568590,-0.156877,0.088935,-0.095269,2029,1722,2598,2907,2098,1994
-0.085558,-0.060400,0.558171,-0.150701,0.086843,-0.103512,2030,1710,2608,2907,2098,1994
-0.090492,-0.060815,0.568572,-0.153184,0.088178,-0.092343,2030,1700,2617,2907,2098,1994
-0.092685,-0.060826,0.568690,-0.151525,0.088281,-0.090907,2030,1691,2625,2907,2099,1994
-0.092024,-0.058390,0.550943,-0.141186,0.084581,-0.105076,2031,1680,2633,2907,2099,1994
-0.097042,-0.059876,0.568550,-0.148011,0.087492,-0.088273,2036,1669,2642,2907,2102,1994
-0.100691,-0.060570,0.577388,-0.150546,0.088946,-0.079143,2042,1661,2650,2907,2105,1994
-0.098977,-0.058102,0.558155,-0.140128,0.085068,-0.095122,2045,1650,2658,2907,2106,1994
-0.106081,-0.060865,0.587254,-0.152342,0.090139,-0.068105,2047,1641,2665,2907,2106,1994
-0.101694,-0.056844,0.552874,-0.134757,0.083548,-0.097511,2047,1634,2671,2907,2106,1994
-0.103340,-0.056528,0.552931,-0.133497,0.083301,-0.096433,2047,1629,2674,2907,2106,1994
-0.108090,-0.058236,0.571169,-0.140918,0.086467,-0.079316,2046,1629,2675,2907,2106,1994
-0.105040,-0.055358,0.551555,-0.131325,0.082103,-0.096381,2046,1634,2674,2907,2106,1994
-0.106711,-0.056328,0.560869,-0.135710,0.083788,-0.088109,2042,1639,2667,2906,2103,1994
-0.111173,-0.058578,0.588623,-0.149192,0.088153,-0.063728,2041,1642,2662,2904,2103,1994
-0.105858,-0.056767,0.570417,-0.142237,0.084864,-0.081157,2041,1649,2661,2898,2104,1994
-0.100333,-0.055387,0.562134,-0.141534,0.082693,-0.090947,2038,1677,2652,2896,2097,1994
-0.098144,-0.055133,0.560925,-0.142522,0.082271,-0.093218,2037,1694,2638,2896,2097,1994
-0.055930,-0.058231,0.578314,-0.186480,0.084955,-0.105651,2056,1869,2487,2898,2105,1994
-0.059324,-0.057548,0.565961,-0.176228,0.083537,-0.113232,2069,1857,2498,2898,2105,1994
-0.064027,-0.059160,0.578124,-0.179959,0.086179,-0.100914,2085,1844,2510,2898,2106,1994
-0.069265,-0.058526,0.558659,-0.163887,0.084382,-0.112962,2121,1820,2525,2898,2120,1994
-0.072396,-0.059160,0.553499,-0.158240,0.084772,-0.115152,2145,1809,2529,2898,2135,1994
-0.073365,-0.058530,0.545468,-0.152554,0.083617,-0.120823,2170,1801,2531,2898,2152,1994
-0.079012,-0.063091,0.567983,-0.161856,0.089962,-0.100019,2198,1794,2532,2898,2171,1994
-0.078834,-0.062215,0.530906,-0.139253,0.086478,-0.129216,2254,1784,2531,2898,2207,1994
-0.079431,-0.063228,0.522912,-0.133863,0.086949,-0.135216,2273,1779,2531,2898,2218,1994
-0.081877,-0.065280,0.508685,-0.123174,0.088089,-0.145069,2305,1772,2531,2898,2240,1994
-0.083436,-0.066193,0.509374,-0.122355,0.089107,-0.143644,2318,1771,2530,2898,2250,1994
-0.084319,-0.066262,0.501878,-0.117056,0.088684,-0.149003,2334,1771,2530,2898,2269,1994
-0.084650,-0.065603,0.495343,-0.112793,0.087581,-0.153888,2350,1771,2530,2898,2292,1994
-0.088519,-0.066160,0.489164,-0.105940,0.087851,-0.156420,2410,1771,2521,2898,2374,1994
-0.089041,-0.066186,0.481734,-0.100967,0.087375,-0.161945,2426,1771,2518,2898,2395,1994
-0.091011,-0.067765,0.481671,-0.099353,0.089021,-0.160913,2446,1771,2517,2898,2418,1994
-0.093220,-0.069418,0.482139,-0.097876,0.090787,-0.159323,2460,1771,2517,2898,2430,1994
-0.094415,-0.069908,0.479878,-0.095538,0.091162,-0.160407,2476,1771,2517,2898,2443,1994
-0.091423,-0.066655,0.454497,-0.082365,0.086021,-0.181943,2492,1772,2517,2898,2457,1994
-0.100466,-0.067389,0.454785,-0.075394,0.087121,-0.176234,2553,1773,2516,2898,2525,1994
-0.102801,-0.067725,0.452973,-0.072434,0.087419,-0.176255,2577,1773,2516,2897,2553,1994
-0.109861,-0.070329,0.464220,-0.073730,0.091077,-0.163291,2599,1772,2516,2897,2577,1994
-0.122966,-0.068513,0.431109,-0.043087,0.087445,-0.181158,2664,1773,2516,2897,2644,1994
-0.123969,-0.068119,0.428529,-0.040717,0.086910,-0.182541,2654,1774,2516,2897,2644,1994
-0.124441,-0.068646,0.431986,-0.042459,0.087696,-0.179575,2638,1775,2516,2897,2644,1994
-0.123882,-0.069048,0.437065,-0.046012,0.088432,-0.175955,2616,1778,2516,2897,2639,1994
-0.096839,-0.063797,0.459009,-0.080895,0.083698,-0.174850,2446,1783,2519,2897,2522,1994
-0.093726,-0.063938,0.463994,-0.086410,0.084069,-0.172848,2427,1783,2521,2897,2517,1994
-0.093638,-0.065954,0.483148,-0.098209,0.087420,-0.158000,2404,1783,2522,2898,2506,1994
-0.089673,-0.066134,0.501264,-0.112455,0.088719,-0.146196,2359,1783,2530,2901,2472,1994
-0.084358,-0.061871,0.483370,-0.105724,0.083009,-0.163187,2338,1783,2531,2905,2450,1994
-0.083021,-0.061418,0.508214,-0.122032,0.084251,-0.144433,2270,1783,2532,2906,2390,1994
-0.080722,-0.060450,0.507257,-0.123271,0.083130,-0.146517,2248,1783,2532,2906,2372,1994
-0.077959,-0.059859,0.504601,-0.123830,0.082248,-0.150252,2223,1783,2532,2906,2346,1994
-0.075955,-0.059878,0.506865,-0.126801,0.082349,-0.149701,2198,1783,2532,2904,2318,1994
-0.074426,-0.059690,0.510444,-0.130207,0.082353,-0.147808,2173,1783,2532,2902,2291,1994
-0.074016,-0.060652,0.523106,-0.138289,0.084186,-0.138178,2151,1784,2532,2901,2267,1994
-0.071127,-0.060196,0.527395,-0.143208,0.083922,-0.136539,2106,1784,2532,2899,2221,1994
-0.071307,-0.061415,0.542816,-0.152515,0.086227,-0.124398,2086,1784,2532,2899,2200,1994
-0.071128,-0.061205,0.547841,-0.155743,0.086364,-0.120539,2066,1784,2532,2899,2181,1994
-0.070463,-0.061122,0.551039,-0.158231,0.086480,-0.118425,2049,1784,2532,2899,2166,1994
-0.070779,-0.061863,0.559726,-0.163304,0.087842,-0.111459,2031,1784,2532,2899,2148,1994
-0.070529,-0.061184,0.561777,-0.164769,0.087299,-0.109945,1991,1784,2532,2900,2112,1994
-0.071775,-0.061760,0.568642,-0.167990,0.088403,-0.103829,1975,1784,2532,2900,2096,1994
-0.072316,-0.061114,0.573394,-0.170488,0.088114,-0.099709,1940,1784,2532,2900,2061,1994
-0.074316,-0.061513,0.584895,-0.175962,0.089397,-0.089472,1920,1784,2532,2902,2042,1994
-0.074539,-0.060407,0.581612,-0.173786,0.088072,-0.091829,1918,1784,2533,2903,2040,1994
-0.076047,-0.060999,0.588833,-0.177019,0.089228,-0.085274,1920,1785,2533,2904,2043,1994
-0.074165,-0.059757,0.579300,-0.172670,0.087248,-0.093825,1923,1787,2533,2905,2045,1994
-0.076494,-0.061050,0.591089,-0.178050,0.089454,-0.083230,1933,1791,2533,2905,2054,1994
-0.076250,-0.060557,0.584954,-0.174484,0.088522,-0.088165,1948,1796,2533,2905,2067,1994
-0.075416,-0.059825,0.580626,-0.172495,0.087457,-0.092021,1965,1799,2533,2905,2084,1994
-0.075899,-0.059784,0.586025,-0.175428,0.087813,-0.087476,1980,1803,2533,2900,2104,1994
-0.074510,-0.060047,0.590793,-0.179448,0.088357,-0.084598,2022,1806,2532,2898,2145,1994
-0.072886,-0.059210,0.585856,-0.177710,0.087114,-0.089409,2042,1806,2532,2898,2164,1994
-0.070053,-0.057070,0.562117,-0.165405,0.083203,-0.109644,2061,1806,2532,2898,2182,1994
-0.069442,-0.057071,0.554435,-0.161174,0.082642,-0.116060,2085,1806,2532,2898,2203,1994
-0.070019,-0.057803,0.555216,-0.161188,0.083448,-0.115150,2117,1806,2532,2899,2237,1994
-0.071139,-0.057938,0.539456,-0.150630,0.082519,-0.126868,2179,1806,2532,2901,2309,1994
-0.072620,-0.058276,0.532403,-0.145128,0.082417,-0.131534,2221,1805,2531,2901,2353,1994
-0.076694,-0.058968,0.529340,-0.140023,0.083049,-0.131501,2283,1805,2531,2903,2412,1994
-0.081906,-0.059022,0.514494,-0.126797,0.082260,-0.139988,2346,1804,2531,2904,2469,1994
-0.085738,-0.059543,0.512047,-0.122263,0.082756,-0.139605,2387,1804,2531,2903,2506,1994
-0.098512,-0.061052,0.499984,-0.104756,0.083904,-0.141385,2489,1802,2531,2900,2602,1994
-0.099140,-0.059839,0.486759,-0.096160,0.081790,-0.151306,2507,1801,2531,2901,2618,1994
-0.046990,-0.054645,0.596556,-0.204778,0.082317,-0.096499,2001,1897,2474,2828,2162,1994
-0.050595,-0.058882,0.606605,-0.208046,0.087386,-0.086722,2017,1881,2477,2833,2164,1994
-0.048488,-0.058016,0.570672,-0.187667,0.083917,-0.116203,2025,1874,2473,2852,2164,1994
-0.048737,-0.057915,0.561007,-0.181541,0.083147,-0.123643,2029,1872,2468,2866,2164,1994
-0.050907,-0.060748,0.571170,-0.186028,0.086769,-0.114546,2034,1869,2464,2881,2164,1994
-0.051282,-0.061456,0.565704,-0.182369,0.087104,-0.118670,2040,1868,2463,2896,2166,1994
-0.051667,-0.062148,0.557310,-0.176905,0.087219,-0.125090,2047,1867,2462,2910,2173,1994
-0.053937,-0.063240,0.554245,-0.173218,0.088180,-0.126196,2052,1861,2462,2921,2180,1994
-0.057407,-0.065401,0.562010,-0.175217,0.091013,-0.118134,2055,1843,2462,2930,2185,1994
-0.057458,-0.066069,0.553235,-0.169783,0.091064,-0.125057,2036,1835,2468,2922,2157,1994
-0.059173,-0.065330,0.562850,-0.174339,0.091070,-0.116387,2030,1836,2471,2922,2152,1994
-0.059666,-0.064282,0.562957,-0.174028,0.090051,-0.115917,2030,1836,2471,2922,2152,1994
-0.058159,-0.062917,0.551394,-0.168139,0.087821,-0.125826,2022,1836,2470,2921,2152,1994
-0.058939,-0.064721,0.571804,-0.180027,0.091083,-0.109440,2005,1841,2470,2921,2146,1994
-0.059501,-0.064332,0.570996,-0.179091,0.090660,-0.109701,2007,1846,2469,2921,2150,1994
-0.059322,-0.064155,0.570970,-0.179220,0.090475,-0.109817,2009,1846,2469,2921,2150,1994
-0.058406,-0.062778,0.565996,-0.176908,0.088718,-0.114181,2010,1847,2466,2921,2151,1994
-0.058561,-0.064332,0.570986,-0.179827,0.090622,-0.110285,2013,1846,2465,2921,2151,1994
-0.057819,-0.063512,0.558112,-0.172523,0.088872,-0.120798,2019,1846,2465,2921,2152,1994
-0.058315,-0.064770,0.566201,-0.177080,0.090713,-0.114232,2021,1846,2465,2921,2152,1994
-0.058315,-0.064770,0.566201,-0.177080,0.090713,-0.114232,2021,1846,2464,2921,2152,1994
-0.058315,-0.064770,0.566201,-0.177080,0.090713,-0.114232,2021,1846,2464,2921,2152,1994
-0.058315,-0.064770,0.566201,-0.177080,0.090713,-0.114232,2021,1846,2464,2921,2152,1994
-0.058315,-0.064770,0.566201,-0.177080,0.090713,-0.114232,2020,1846,2464,2921,2152,1994
-0.058315,-0.064770,0.566201,-0.177080,0.090713,-0.114232,2020,1846,2464,2921,2152,1994
-0.058315,-0.064770,0.566201,-0.177080,0.090713,-0.114232,2021,1846,2464,2921,2152,1994
-0.058315,-0.064770,0.566201,-0.177080,0.090713,-0.114232,2021,1846,2464,2921,2152,1994
-0.058790,-0.065020,0.565208,-0.176092,0.090912,-0.114743,2036,1846,2466,2922,2152,1994
-0.057784,-0.063113,0.548710,-0.166786,0.087813,-0.128182,2042,1846,2466,2922,2152,1994
-0.060111,-0.065342,0.562959,-0.173664,0.091126,-0.115727,2065,1846,2466,2924,2153,1994
-0.060156,-0.064587,0.559399,-0.171455,0.090125,-0.118440,2074,1845,2466,2925,2153,1994
-0.060151,-0.064692,0.554047,-0.168172,0.089853,-0.122659,2083,1845,2466,2926,2153,1994
-0.061078,-0.064664,0.546627,-0.162887,0.089339,-0.127925,2108,1845,2466,2927,2153,1994
-0.062259,-0.065262,0.550731,-0.164466,0.090269,-0.124021,2119,1845,2466,2928,2153,1994
-0.061654,-0.064063,0.537071,-0.156576,0.088092,-0.135040,2131,1845,2467,2928,2153,1994
-0.064727,-0.065619,0.547073,-0.160268,0.090464,-0.125414,2158,1845,2468,2928,2153,1994
-0.065076,-0.065354,0.542097,-0.156942,0.089863,-0.129092,2175,1844,2468,2928,2153,1994
-0.066395,-0.065052,0.538123,-0.153466,0.089334,-0.131385,2191,1844,2468,2928,2153,1994
-0.068422,-0.065136,0.529580,-0.146621,0.088895,-0.136869,2224,1842,2468,2928,2153,1994
-0.069045,-0.064730,0.520943,-0.140834,0.087908,-0.143246,2238,1841,2468,2928,2153,1994
-0.068798,-0.063151,0.504807,-0.131147,0.085191,-0.155963,2255,1840,2468,2928,2153,1994
-0.072785,-0.065912,0.520095,-0.137346,0.089171,-0.141716,2272,1840,2468,2927,2153,1994
-0.073144,-0.064541,0.505977,-0.128416,0.086826,-0.152490,2286,1839,2468,2927,2160,1994
-0.076564,-0.066420,0.499749,-0.121870,0.088394,-0.155441,2332,1837,2464,2922,2259,1994
-0.075669,-0.066078,0.492572,-0.118176,0.087513,-0.161606,2351,1836,2464,2922,2299,1994
-0.075700,-0.066407,0.487629,-0.115114,0.087496,-0.165501,2370,1836,2464,2922,2334,1994
-0.076729,-0.067092,0.486702,-0.113724,0.088153,-0.165653,2386,1836,2464,2924,2358,1994
-0.076869,-0.065692,0.473700,-0.105652,0.085849,-0.175682,2404,1836,2465,2927,2380,1994
-0.085544,-0.066198,0.474604,-0.099352,0.086752,-0.169697,2456,1836,2468,2929,2442,1994
-0.087515,-0.065396,0.470421,-0.095239,0.085734,-0.171715,2471,1836,2469,2929,2468,1994
-0.088589,-0.064558,0.463414,-0.090102,0.084448,-0.176501,2492,1836,2469,2929,2515,1994
-0.090458,-0.063929,0.456989,-0.084691,0.083442,-0.180358,2501,1836,2469,2929,2535,1994
-0.092782,-0.064604,0.460315,-0.084889,0.084438,-0.176373,2513,1836,2469,2929,2565,1994
-0.094139,-0.064513,0.458732,-0.082847,0.084288,-0.176779,2525,1836,2471,2929,2594,1994
-0.095115,-0.064087,0.455353,-0.080009,0.083664,-0.178805,2538,1836,2473,2929,2615,1994
-0.100698,-0.066057,0.469693,-0.084377,0.086850,-0.164263,2554,1836,2475,2929,2636,1994
-0.106368,-0.065122,0.468345,-0.079086,0.086041,-0.161775,2589,1836,2477,2930,2677,1994
-0.104964,-0.062637,0.449819,-0.068856,0.082209,-0.177008,2598,1836,2477,2930,2688,1994
-0.113079,-0.062844,0.437495,-0.054884,0.081862,-0.181745,2621,1835,2477,2930,2711,1994
-0.113102,-0.062455,0.436548,-0.054289,0.081408,-0.182444,2618,1835,2477,2930,2710,1994
-0.106654,-0.062646,0.443442,-0.063608,0.081835,-0.180988,2565,1835,2474,2930,2680,1994
-0.087954,-0.063638,0.480474,-0.101085,0.084705,-0.163401,2411,1840,2476,2929,2554,1994
-0.076655,-0.061396,0.486251,-0.113579,0.082441,-0.165603,2327,1841,2476,2929,2485,1994
-0.069757,-0.060502,0.490032,-0.121355,0.081549,-0.166784,2272,1840,2476,2929,2439,1994
-0.068273,-0.060897,0.492753,-0.124192,0.082077,-0.165585,2255,1839,2475,2929,2422,1994
-0.069575,-0.064186,0.520686,-0.140266,0.087368,-0.143081,2239,1839,2474,2929,2404,1994
-0.064590,-0.062221,0.507999,-0.136440,0.084326,-0.155957,2211,1839,2473,2927,2378,1994
-0.064687,-0.063579,0.519264,-0.143259,0.086475,-0.147146,2198,1840,2473,2926,2368,1994
-0.063486,-0.063232,0.519939,-0.144626,0.086130,-0.147323,2185,1840,2472,2925,2360,1994
-0.062227,-0.063904,0.526479,-0.149625,0.087211,-0.143005,2173,1840,2471,2924,2350,1994
-0.060849,-0.063191,0.522558,-0.148316,0.086172,-0.146876,2160,1841,2471,2923,2339,1994
-0.061652,-0.065630,0.544920,-0.161374,0.090205,-0.128991,2148,1841,2471,2923,2329,1994
-0.059736,-0.064146,0.537988,-0.158651,0.088164,-0.135499,2123,1841,2471,2923,2308,1994
-0.058405,-0.063433,0.533117,-0.156722,0.087061,-0.140089,2111,1841,2471,2923,2299,1994
-0.058400,-0.063249,0.537909,-0.159669,0.087214,-0.136309,2100,1841,2472,2923,2290,1994
-0.058215,-0.063305,0.544881,-0.164093,0.087752,-0.130944,2078,1841,2473,2923,2273,1994
-0.057944,-0.063759,0.549464,-0.167114,0.088516,-0.127542,2068,1842,2474,2923,2264,1994
-0.057950,-0.063313,0.549525,-0.167152,0.088076,-0.127455,2058,1842,2476,2923,2255,1994
-0.058764,-0.062844,0.553855,-0.169173,0.087944,-0.123514,2049,1842,2476,2923,2248,1994
-0.059234,-0.063526,0.561807,-0.173673,0.089200,-0.117027,2040,1842,2476,2923,2241,1994
-0.059114,-0.062045,0.557309,-0.171027,0.087403,-0.120521,2022,1841,2476,2924,2230,1994
-0.059653,-0.062594,0.561789,-0.173344,0.088286,-0.116711,1977,1837,2477,2928,2194,1994
-0.060806,-0.063829,0.572407,-0.178934,0.090307,-0.107752,1969,1837,2477,2928,2188,1994
-0.061666,-0.064699,0.573559,-0.178951,0.091288,-0.106388,1963,1837,2477,2928,2184,1994
-0.062520,-0.064082,0.579360,-0.181845,0.091114,-0.101255,1979,1836,2477,2929,2189,1994
-0.061966,-0.064261,0.569566,-0.176269,0.090583,-0.109310,2004,1836,2477,2929,2207,1994
-0.062488,-0.064526,0.568819,-0.175395,0.090816,-0.109599,2018,1836,2477,2929,2227,1994
-0.061599,-0.064110,0.565379,-0.173991,0.090125,-0.112815,2038,1836,2476,2929,2248,1994
-0.061252,-0.064701,0.566489,-0.174938,0.090778,-0.112202,2059,1836,2473,2929,2269,1994
-0.059412,-0.064628,0.553264,-0.168276,0.089705,-0.123723,2095,1836,2470,2929,2301,1994
-0.059711,-0.065622,0.554191,-0.168597,0.090773,-0.122890,2112,1836,2470,2929,2312,1994
-0.059131,-0.065122,0.545066,-0.163460,0.089612,-0.130381,2130,1836,2469,2929,2325,1994
-0.059694,-0.066574,0.546415,-0.163825,0.091175,-0.129090,2148,1836,2469,2929,2339,1994
-0.060048,-0.066673,0.541922,-0.160787,0.090972,-0.132415,2167,1836,2468,2929,2354,1994
-0.060876,-0.066435,0.534603,-0.155644,0.090253,-0.137644,2201,1836,2468,2929,2382,1994
-0.061087,-0.065602,0.526928,-0.150778,0.088891,-0.143485,2219,1836,2468,2929,2396,1994
-0.061566,-0.065614,0.519113,-0.145604,0.088372,-0.149337,2236,1836,2468,2929,2407,1994
-0.063524,-0.065843,0.520269,-0.144765,0.088757,-0.147247,2251,1836,2468,2929,2416,1994
-0.062444,-0.063904,0.500396,-0.133446,0.085387,-0.163383,2267,1836,2469,2927,2427,1994
-0.064791,-0.064710,0.504804,-0.134288,0.086591,-0.158543,2281,1836,2470,2925,2439,1994
-0.067607,-0.064871,0.505978,-0.132783,0.086942,-0.155908,2310,1836,2471,2924,2467,1994
-0.068659,-0.064524,0.501288,-0.129080,0.086307,-0.158924,2325,1836,2472,2924,2479,1994
-0.069689,-0.064203,0.498467,-0.126539,0.085829,-0.160486,2340,1836,2472,2924,2491,1994
-0.070868,-0.064139,0.493913,-0.122814,0.085490,-0.163340,2353,1836,2473,2924,2501,1994
-0.070914,-0.062690,0.481573,-0.115224,0.083181,-0.172901,2368,1836,2473,2924,2514,1994
-0.076850,-0.066817,0.507695,-0.126516,0.089359,-0.149049,2382,1836,2473,2924,2526,1994
-0.074134,-0.063055,0.477160,-0.109968,0.083359,-0.174428,2395,1836,2473,2923,2538,1994
-0.076269,-0.063642,0.478534,-0.109119,0.084122,-0.172085,2408,1836,2473,2923,2549,1994
-0.080772,-0.066404,0.497775,-0.117337,0.088401,-0.154415,2419,1836,2472,2923,2560,1994
-0.079424,-0.064172,0.478309,-0.106483,0.084756,-0.170371,2431,1836,2472,2923,2569,1994
-0.078220,-0.062280,0.464022,-0.098689,0.081821,-0.182195,2441,1836,2473,2922,2577,1994
-0.083935,-0.065999,0.488043,-0.108873,0.087435,-0.160098,2452,1836,2473,2922,2583,1994
-0.085494,-0.065458,0.484311,-0.105358,0.086694,-0.162034,2461,1836,2474,2922,2591,1994
-0.083256,-0.062571,0.461748,-0.093314,0.082145,-0.180921,2472,1836,2475,2922,2601,1994
-0.085268,-0.062335,0.460424,-0.090917,0.081894,-0.180711,2482,1836,2476,2922,2612,1994
-0.087345,-0.062282,0.460861,-0.089547,0.081952,-0.179090,2494,1838,2476,2922,2624,1994
-0.088420,-0.061854,0.457860,-0.086862,0.081356,-0.180758,2505,1839,2476,2922,2634,1994
-0.090361,-0.062046,0.458162,-0.085512,0.081644,-0.179347,2519,1842,2476,2922,2648,1994
-0.108642,-0.064005,0.457745,-0.070800,0.084271,-0.168630,2571,1842,2474,2922,2732,1994
-0.072143,-0.061920,0.506453,-0.129532,0.084208,-0.152521,2290,1845,2477,2922,2475,1994
-0.066941,-0.060735,0.500643,-0.130088,0.082419,-0.160184,2253,1845,2477,2922,2447,1994
-0.065448,-0.060404,0.500714,-0.131314,0.082036,-0.161017,2236,1845,2477,2922,2431,1994
-0.062831,-0.060013,0.505780,-0.136495,0.081902,-0.158605,2203,1845,2477,2922,2405,1994
-0.062702,-0.060728,0.515486,-0.142543,0.083292,-0.151108,2186,1845,2477,2922,2394,1994
-0.064128,-0.064035,0.542868,-0.158181,0.088566,-0.128962,2171,1845,2477,2922,2383,1994
-0.059525,-0.060158,0.513152,-0.143627,0.082437,-0.154845,2156,1845,2477,2922,2371,1994
-0.060441,-0.061227,0.532325,-0.154656,0.084884,-0.139290,2125,1845,2477,2922,2344,1994
-0.059558,-0.061219,0.532260,-0.155314,0.084838,-0.139881,2110,1845,2477,2922,2333,1994
-0.059646,-0.061602,0.541347,-0.160816,0.085862,-0.132712,2097,1845,2477,2922,2321,1994
-0.059192,-0.062286,0.548476,-0.165541,0.087027,-0.127438,2082,1844,2477,2922,2307,1994
-0.059309,-0.061740,0.548502,-0.165472,0.086488,-0.127302,2066,1843,2477,2922,2293,1994
-0.059246,-0.062125,0.551688,-0.167472,0.087093,-0.124866,2051,1843,2477,2922,2280,1994
-0.059222,-0.062589,0.561698,-0.173628,0.088258,-0.117046,2020,1843,2477,2924,2254,1994
-0.060162,-0.063861,0.572707,-0.179627,0.090336,-0.107913,2004,1843,2477,2926,2239,1994
-0.060061,-0.063292,0.569285,-0.177613,0.089524,-0.110620,1987,1842,2478,2926,2225,1994
-0.060585,-0.062619,0.568525,-0.176742,0.088820,-0.110844,1973,1842,2478,2927,2214,1994
-0.061553,-0.063115,0.579239,-0.182546,0.090105,-0.101865,1956,1842,2478,2928,2202,1994
-0.061553,-0.063115,0.579239,-0.182546,0.090105,-0.101865,1939,1842,2478,2928,2190,1994
-0.062113,-0.062050,0.578055,-0.181391,0.088982,-0.102369,1907,1841,2478,2928,2163,1994
-0.083724,-0.058354,0.639989,-0.202388,0.090480,-0.040132,1690,1879,2478,2921,1966,1994
-0.084093,-0.057753,0.644764,-0.205034,0.090231,-0.036103,1690,1883,2478,2921,1966,1994
-0.084078,-0.056681,0.644648,-0.204988,0.089153,-0.036119,1690,1884,2478,2921,1966,1994
-0.084126,-0.056506,0.648417,-0.207266,0.089245,-0.033112,1690,1884,2478,2921,1966,1994
-0.082150,-0.055076,0.631315,-0.198349,0.086543,-0.047658,1690,1884,2478,2921,1965,1994
-0.085195,-0.057147,0.658963,-0.212886,0.090667,-0.024215,1690,1884,2478,2920,1966,1994
-0.085195,-0.057147,0.658963,-0.212886,0.090667,-0.024215,1690,1884,2478,2920,1966,1994
-0.084338,-0.056226,0.654356,-0.210748,0.089392,-0.028289,1690,1884,2478,2920,1966,1994
-0.085195,-0.057147,0.658963,-0.212886,0.090667,-0.024215,1690,1884,2478,2920,1966,1994
-0.084281,-0.056530,0.651252,-0.208883,0.089474,-0.030789,1690,1884,2478,2920,1967,1994
-0.084407,-0.056646,0.653671,-0.210267,0.089765,-0.028819,1690,1884,2478,2920,1967,1994
-0.084407,-0.056646,0.653671,-0.210267,0.089765,-0.028819,1696,1884,2478,2920,1968,1994
-0.081836,-0.055609,0.634994,-0.200848,0.087321,-0.045000,1698,1884,2478,2920,1969,1994
-0.083014,-0.056678,0.644625,-0.205814,0.089108,-0.036789,1699,1883,2478,2920,1969,1994
-0.081917,-0.056305,0.639644,-0.203628,0.088344,-0.041348,1700,1883,2478,2920,1969,1994
-0.081958,-0.056322,0.640822,-0.204319,0.088445,-0.040398,1704,1883,2478,2920,1969,1994
-0.081958,-0.056322,0.640822,-0.204319,0.088445,-0.040398,1715,1883,2478,2920,1977,1994
-0.079843,-0.057373,0.640779,-0.205949,0.089409,-0.041811,1750,1879,2476,2920,2038,1994
-0.075576,-0.057710,0.635077,-0.205813,0.089180,-0.048936,1787,1876,2473,2921,2069,1994
-0.073681,-0.058313,0.629998,-0.204184,0.089351,-0.054138,1802,1876,2471,2921,2081,1994
-0.067402,-0.059457,0.615481,-0.200218,0.089230,-0.069492,1848,1875,2470,2921,2113,1994
-0.065723,-0.058894,0.609153,-0.197667,0.088160,-0.075452,1875,1875,2472,2922,2128,1994
-0.065899,-0.059447,0.615295,-0.201290,0.089148,-0.070558,1889,1875,2473,2922,2137,1994
-0.065899,-0.059447,0.615295,-0.201290,0.089148,-0.070558,1904,1875,2473,2922,2146,1994
-0.063351,-0.057901,0.594088,-0.190307,0.086020,-0.088674,1920,1875,2474,2922,2160,1994
-0.063279,-0.058018,0.595458,-0.191202,0.086230,-0.087650,1935,1875,2474,2922,2172,1994
-0.061511,-0.057380,0.586312,-0.186993,0.084883,-0.095875,1972,1875,2474,2922,2202,1994
-0.060323,-0.056685,0.576991,-0.182220,0.083490,-0.103878,1992,1875,2474,2922,2217,1994
-0.061259,-0.057578,0.583863,-0.185687,0.084899,-0.097971,2009,1875,2475,2922,2231,1994
-0.059759,-0.056861,0.573761,-0.180680,0.083416,-0.106777,2030,1875,2476,2922,2244,1994
-0.060038,-0.056458,0.570385,-0.178393,0.082789,-0.109230,2049,1875,2477,2922,2256,1994
-0.062544,-0.059256,0.593138,-0.190344,0.087273,-0.090023,2068,1875,2477,2922,2267,1994
-0.059530,-0.056270,0.557803,-0.171075,0.081698,-0.119420,2084,1875,2477,2922,2277,1994
-0.060869,-0.056872,0.562886,-0.173130,0.082707,-0.114650,2101,1875,2477,2923,2286,1994
-0.061916,-0.056775,0.547688,-0.162978,0.081583,-0.125953,2131,1875,2476,2923,2306,1994
-0.061698,-0.057870,0.577560,-0.181468,0.084764,-0.102682,2024,1875,2477,2925,2240,1994
-0.059801,-0.056486,0.562703,-0.173866,0.082268,-0.115418,2001,1875,2478,2927,2212,1994
-0.062156,-0.057777,0.580328,-0.182806,0.084884,-0.100217,1975,1875,2478,2928,2185,1994
-0.062008,-0.056935,0.574668,-0.179461,0.083641,-0.104692,1952,1875,2478,2928,2162,1994
-0.063927,-0.057498,0.582454,-0.182717,0.084823,-0.097438,1928,1874,2478,2928,2139,1994
-0.064219,-0.057599,0.585671,-0.184460,0.085161,-0.094738,1906,1874,2478,2928,2119,1994
-0.064635,-0.056674,0.584006,-0.183121,0.084138,-0.095719,1882,1874,2478,2927,2098,1994
-0.068331,-0.059839,0.616198,-0.199920,0.089696,-0.068389,1865,1874,2478,2926,2088,1994
-0.067552,-0.058078,0.603856,-0.192983,0.087044,-0.078433,1844,1874,2478,2925,2075,1994
-0.067900,-0.058090,0.603860,-0.192710,0.087070,-0.078217,1825,1874,2478,2923,2060,1994
-0.068651,-0.057807,0.606095,-0.193493,0.086974,-0.075977,1804,1874,2478,2923,2046,1994
-0.072327,-0.058716,0.621535,-0.200054,0.089106,-0.061655,1764,1874,2477,2922,2014,1994
-0.073258,-0.057901,0.618331,-0.197363,0.088105,-0.063540,1745,1874,2477,2922,1999,1994
-0.078111,-0.058863,0.636377,-0.204596,0.090517,-0.046451,1706,1874,2477,2922,1970,1994
-0.079782,-0.058294,0.635995,-0.203049,0.089988,-0.045683,1689,1874,2477,2922,1958,1994
-0.081989,-0.058457,0.641073,-0.204421,0.090592,-0.040351,1673,1874,2477,2922,1943,1994
-0.082914,-0.057724,0.635247,-0.200125,0.089488,-0.044307,1656,1874,2477,2922,1929,1994
-0.077787,-0.059390,0.636470,-0.204902,0.091037,-0.046618,1815,1874,2473,2921,2072,1994
-0.073507,-0.059820,0.635259,-0.207531,0.091216,-0.050227,1856,1874,2474,2921,2106,1994
-0.066565,-0.056375,0.596884,-0.189504,0.084818,-0.084385,1894,1875,2474,2921,2139,1994
-0.067447,-0.058985,0.618989,-0.202341,0.089007,-0.066668,1930,1875,2475,2921,2167,1994
-0.063526,-0.057325,0.597709,-0.192398,0.085706,-0.085673,1970,1876,2477,2921,2199,1994
-0.060811,-0.055719,0.576754,-0.181702,0.082529,-0.103689,2037,1877,2477,2922,2264,1994
-0.059496,-0.055458,0.566901,-0.176696,0.081526,-0.112222,2066,1878,2477,2922,2295,1994
-0.062480,-0.055448,0.566844,-0.174306,0.081627,-0.110438,1986,1876,2479,2928,2198,1994
-0.064102,-0.056944,0.589861,-0.187132,0.084798,-0.091463,1947,1875,2479,2925,2165,1994
-0.062575,-0.054956,0.573614,-0.178391,0.081616,-0.105017,1932,1874,2479,2925,2149,1994
-0.063340,-0.056732,0.584755,-0.184602,0.084199,-0.095928,1918,1874,2479,2926,2132,1994
-0.063675,-0.056676,0.584020,-0.183887,0.084104,-0.096296,1905,1874,2479,2928,2114,1994
-0.064635,-0.056674,0.584006,-0.183121,0.084138,-0.095719,1893,1873,2479,2929,2098,1994
-0.068940,-0.059449,0.615329,-0.198910,0.089270,-0.068668,1883,1873,2480,2929,2088,1994
-0.068377,-0.058293,0.601241,-0.190724,0.087107,-0.080001,1877,1872,2480,2930,2080,1994
-0.071130,-0.059931,0.615122,-0.197048,0.089821,-0.067528,1873,1872,2480,2930,2077,1994
-0.069164,-0.058022,0.595516,-0.186592,0.086464,-0.084000,1871,1867,2481,2930,2077,1994
-0.069296,-0.057752,0.591074,-0.183765,0.085889,-0.087390,1870,1860,2483,2930,2077,1994
-0.071321,-0.059815,0.606334,-0.191506,0.089095,-0.074313,1870,1850,2490,2930,2079,1994
-0.070908,-0.060102,0.604090,-0.190451,0.089207,-0.076353,1870,1836,2502,2930,2081,1994
-0.070989,-0.059518,0.590473,-0.182037,0.087672,-0.086965,1871,1817,2518,2927,2081,1994
-0.085095,-0.060141,0.595390,-0.173911,0.089181,-0.074506,1871,1724,2607,2920,2075,1994
-0.095656,-0.054898,0.574863,-0.153044,0.082920,-0.083764,1880,1680,2653,2920,2082,1994
-0.100769,-0.055059,0.587279,-0.156625,0.084150,-0.070880,1884,1675,2661,2920,2082,1994
-0.105057,-0.054691,0.593217,-0.156888,0.084365,-0.063555,1892,1673,2666,2920,2083,1994
-0.107495,-0.053648,0.595759,-0.156538,0.083598,-0.059979,1898,1673,2667,2920,2091,1994
-0.106556,-0.052363,0.584778,-0.150557,0.081509,-0.069088,1904,1673,2663,2920,2108,1994
-0.102494,-0.053148,0.576038,-0.148389,0.081521,-0.078513,1928,1673,2654,2920,2139,1994
-0.101716,-0.053922,0.576891,-0.149516,0.082323,-0.078379,1938,1673,2654,2920,2143,1994
-0.099843,-0.053647,0.569276,-0.146325,0.081442,-0.085493,1945,1673,2654,2920,2143,1994
-0.100836,-0.054275,0.576302,-0.149845,0.082599,-0.079410,1957,1673,2654,2921,2143,1994
-0.101343,-0.054427,0.574936,-0.148605,0.082675,-0.080185,1974,1673,2654,2922,2146,1994
-0.101795,-0.054280,0.576362,-0.149125,0.082646,-0.078775,1996,1673,2654,2924,2161,1994
-0.101953,-0.054059,0.567217,-0.143391,0.081790,-0.085853,2052,1672,2654,2925,2214,1994
-0.107278,-0.057016,0.592008,-0.154364,0.086683,-0.063328,2088,1672,2654,2922,2246,1994
-0.101641,-0.054241,0.558403,-0.138226,0.081339,-0.092989,2119,1672,2654,2922,2273,1994
-0.101478,-0.054835,0.551049,-0.133834,0.081409,-0.098919,2179,1672,2654,2922,2315,1994
-0.105394,-0.052497,0.586109,-0.152289,0.081692,-0.068764,1789,1671,2666,2921,2048,1994
-0.108330,-0.051851,0.595887,-0.155980,0.081848,-0.059225,1762,1672,2666,2921,2028,1994
-0.110988,-0.052175,0.602513,-0.157944,0.082739,-0.052412,1739,1672,2666,2920,2013,1994
-0.110301,-0.051471,0.595120,-0.153958,0.081491,-0.058590,1723,1672,2664,2920,2002,1994
-0.114288,-0.052155,0.612775,-0.161637,0.083567,-0.042318,1714,1672,2663,2920,1999,1994
-0.115314,-0.052994,0.616981,-0.163398,0.084738,-0.038448,1716,1672,2663,2920,1999,1994
-0.115179,-0.052837,0.614827,-0.162184,0.084425,-0.040212,1720,1672,2662,2920,1999,1994
-0.113328,-0.052723,0.605304,-0.157802,0.083571,-0.048826,1738,1672,2662,2920,2000,1994
-0.114687,-0.053942,0.615955,-0.163251,0.085587,-0.039714,1751,1672,2662,2920,2002,1994
-0.114206,-0.054030,0.613496,-0.162120,0.085483,-0.041949,1764,1672,2662,2920,2010,1994
-0.111370,-0.053133,0.603800,-0.158420,0.083799,-0.051241,1781,1672,2662,2920,2026,1994
-0.111795,-0.053272,0.605344,-0.159030,0.084062,-0.049778,1804,1672,2662,2920,2045,1994
-0.109023,-0.052609,0.595073,-0.154923,0.082573,-0.059500,1831,1672,2662,2920,2066,1994
-0.115001,-0.056614,0.634454,-0.174322,0.089562,-0.025186,1859,1672,2662,2920,2090,1994
-0.109699,-0.055161,0.612484,-0.165043,0.086366,-0.045596,1917,1672,2661,2920,2137,1994
-0.104664,-0.054372,0.577422,-0.147509,0.082922,-0.076191,2129,1672,2659,2920,2301,1994
-0.115054,-0.056389,0.535713,-0.113684,0.082403,-0.102785,2383,1672,2654,2920,2480,1994
-0.109498,-0.052562,0.603646,-0.159811,0.083147,-0.052464,1782,1672,2666,2920,2040,1994
-0.110502,-0.052568,0.603703,-0.159053,0.083195,-0.051804,1759,1672,2666,2920,2020,1994
-0.109566,-0.051759,0.596940,-0.155652,0.081878,-0.057633,1738,1672,2664,2920,2004,1994
-0.111506,-0.052573,0.603759,-0.158294,0.083243,-0.051146,1721,1672,2663,2920,1991,1994
-0.114188,-0.053802,0.614908,-0.163004,0.085355,-0.040832,1705,1672,2662,2920,1981,1994
-0.114610,-0.053823,0.614491,-0.162415,0.085362,-0.040904,1691,1672,2661,2920,1973,1994
-0.115733,-0.053955,0.616126,-0.162530,0.085652,-0.038940,1677,1672,2661,2920,1966,1994
-0.116345,-0.054017,0.617066,-0.162623,0.085804,-0.037831,1665,1672,2660,2920,1962,1994
-0.118919,-0.054890,0.624412,-0.165088,0.087289,-0.030546,1654,1672,2659,2920,1957,1994
-0.117448,-0.053965,0.616287,-0.161275,0.085740,-0.037764,1644,1672,2659,2920,1953,1994
-0.120097,-0.055100,0.626436,-0.165397,0.087685,-0.028249,1634,1672,2659,2920,1949,1994
-0.121833,-0.054530,0.626187,-0.163882,0.087167,-0.027336,1618,1672,2660,2920,1940,1994
-0.124363,-0.055173,0.635886,-0.167829,0.088586,-0.018210,1620,1672,2666,2919,1939,1994
-0.123700,-0.053633,0.627603,-0.163288,0.086444,-0.025008,1622,1672,2667,2919,1939,1994
-0.122022,-0.051937,0.616340,-0.157722,0.083897,-0.034760,1622,1672,2667,2919,1939,1994
-0.123867,-0.052967,0.625829,-0.162076,0.085662,-0.026249,1623,1672,2664,2919,1939,1994
-0.124111,-0.053482,0.627980,-0.163197,0.086336,-0.024449,1623,1672,2662,2919,1939,1994
-0.124363,-0.055173,0.635886,-0.167829,0.088586,-0.018210,1623,1672,2667,2920,1948,1994
-0.124048,-0.053698,0.628165,-0.163357,0.086562,-0.024359,1623,1672,2667,2920,1947,1994
-0.124258,-0.052808,0.626130,-0.161954,0.085539,-0.025760,1624,1672,2667,2920,1943,1994
-0.125475,-0.053407,0.633593,-0.165566,0.086708,-0.019192,1625,1672,2665,2920,1942,1994
-0.122022,-0.051937,0.616340,-0.157722,0.083897,-0.034760,1631,1672,2661,2920,1942,1994
-0.125083,-0.053863,0.633491,-0.165806,0.087140,-0.019549,1643,1672,2656,2920,1942,1994
-0.127398,-0.056150,0.650556,-0.174423,0.090708,-0.004892,1658,1672,2655,2920,1942,1994
-0.117857,-0.055039,0.617152,-0.161469,0.086886,-0.036918,1701,1672,2654,2920,1944,1994
-0.116255,-0.054892,0.615162,-0.161514,0.086538,-0.039453,1712,1672,2654,2920,1947,1994
-0.117976,-0.056754,0.627387,-0.167634,0.089319,-0.028932,1727,1672,2654,2920,1948,1994
-0.114236,-0.055908,0.615189,-0.163112,0.087476,-0.040748,1742,1672,2654,2920,1949,1994
-0.112489,-0.055446,0.607629,-0.159857,0.086416,-0.047727,1758,1672,2654,2920,1949,1994
-0.111994,-0.055448,0.607656,-0.160264,0.086401,-0.048009,1774,1672,2654,2920,1950,1994
-0.112934,-0.056678,0.614795,-0.163888,0.088165,-0.041917,1788,1672,2654,2920,1950,1994
-0.110176,-0.055920,0.603866,-0.159367,0.086536,-0.052141,1803,1672,2654,2920,1952,1994
-0.110656,-0.056349,0.606332,-0.160497,0.087155,-0.049942,1819,1672,2654,2920,1966,1994
-0.110656,-0.056349,0.606332,-0.160497,0.087155,-0.049942,1839,1672,2654,2920,1988,1994
-0.110158,-0.056295,0.606287,-0.160863,0.087079,-0.050279,1864,1672,2654,2920,2015,1994
-0.107120,-0.055578,0.595368,-0.156569,0.085480,-0.060669,1893,1672,2654,2920,2044,1994
-0.104097,-0.055397,0.586301,-0.153393,0.084546,-0.069637,1949,1672,2653,2920,2089,1994
-0.102034,-0.055018,0.576154,-0.148799,0.083376,-0.078850,1978,1672,2653,2920,2108,1994
-0.100842,-0.054833,0.570059,-0.146002,0.082717,-0.084359,2005,1672,2653,2920,2124,1994
-0.100977,-0.055267,0.568713,-0.145064,0.083061,-0.085369,2032,1672,2653,2920,2139,1994
-0.102412,-0.055630,0.568908,-0.144047,0.083491,-0.084366,2081,1672,2653,2920,2167,1994
-0.100908,-0.054879,0.551308,-0.134442,0.081449,-0.099068,2127,1672,2653,2920,2199,1994
-0.103818,-0.056420,0.559987,-0.137451,0.083706,-0.090582,2149,1672,2653,2920,2218,1994
-0.101888,-0.055272,0.544306,-0.129366,0.081386,-0.104005,2171,1672,2653,2920,2236,1994
-0.110864,-0.057076,0.544377,-0.122300,0.083535,-0.098593,2315,1672,2653,2920,2372,1994
-0.122767,-0.057488,0.521640,-0.098945,0.082808,-0.109214,2447,1671,2653,2920,2505,1994
-0.125137,-0.057190,0.513079,-0.091824,0.082000,-0.114471,2450,1671,2653,2920,2510,1994
-0.111831,-0.056299,0.528901,-0.112049,0.081711,-0.110110,2283,1671,2653,2920,2385,1994
-0.105714,-0.056938,0.557739,-0.134569,0.084138,-0.091230,2182,1671,2653,2920,2311,1994
-0.107531,-0.056992,0.539919,-0.122197,0.083010,-0.104134,2309,1671,2653,2920,2434,1994
-0.109125,-0.056192,0.528030,-0.113653,0.081439,-0.112444,2341,1671,2653,2920,2462,1994
-0.114095,-0.056838,0.526114,-0.108545,0.082140,-0.110957,2378,1671,2653,2920,2505,1994
-0.118122,-0.058481,0.523073,-0.103479,0.083719,-0.111011,2411,1661,2647,2920,2537,1994
-0.112741,-0.058824,0.493067,-0.089307,0.081745,-0.137932,2435,1643,2635,2921,2566,1994
-0.112359,-0.060843,0.490930,-0.088271,0.083593,-0.140006,2442,1634,2634,2921,2574,1994
-0.113951,-0.062885,0.493033,-0.088278,0.085838,-0.137539,2448,1624,2635,2923,2578,1994
-0.113656,-0.063632,0.487968,-0.085394,0.086215,-0.141761,2452,1616,2638,2926,2579,1994
-0.114978,-0.064990,0.489419,-0.085224,0.087722,-0.139918,2457,1611,2643,2926,2581,1994
-0.117230,-0.064695,0.484915,-0.080685,0.087198,-0.142057,2465,1602,2648,2929,2582,1994
-0.119910,-0.064566,0.489107,-0.081144,0.087467,-0.137109,2468,1598,2648,2930,2583,1994
-0.122255,-0.064937,0.493178,-0.081786,0.088213,-0.132500,2474,1598,2648,2930,2583,1994
-0.120918,-0.063763,0.483648,-0.077009,0.086322,-0.140720,2482,1598,2648,2930,2588,1994
-0.120852,-0.063614,0.480118,-0.074896,0.085923,-0.143524,2491,1598,2648,2930,2602,1994
-0.123733,-0.063934,0.482807,-0.074268,0.086542,-0.139670,2507,1606,2648,2930,2621,1994
-0.124255,-0.063880,0.482650,-0.073760,0.086498,-0.139470,2508,1609,2648,2930,2621,1994
-0.124368,-0.062919,0.480920,-0.072621,0.085422,-0.140685,2508,1610,2648,2929,2621,1994
-0.123064,-0.061699,0.476301,-0.070831,0.083832,-0.145020,2507,1611,2648,2926,2621,1994
-0.124396,-0.061346,0.481033,-0.072689,0.083863,-0.140455,2507,1611,2648,2924,2621,1994
-0.124148,-0.061439,0.482224,-0.073615,0.084029,-0.139677,2507,1611,2648,2923,2622,1994
-0.121475,-0.060272,0.471903,-0.069405,0.082038,-0.149339,2507,1613,2648,2923,2622,1994
-0.123586,-0.061338,0.480968,-0.073288,0.083819,-0.141002,2507,1618,2648,2923,2622,1994
-0.121195,-0.060158,0.471296,-0.069255,0.081872,-0.149978,2507,1626,2647,2923,2622,1994
-0.123600,-0.060551,0.481025,-0.073323,0.083040,-0.140885,2507,1637,2645,2922,2622,1994
-0.123614,-0.059764,0.481083,-0.073357,0.082260,-0.140769,2507,1646,2641,2922,2622,1994
-0.123262,-0.059385,0.481259,-0.073748,0.081880,-0.140816,2506,1654,2636,2922,2622,1994
-0.119588,-0.061543,0.509155,-0.093740,0.085850,-0.121301,2426,1662,2639,2921,2558,1994
-0.103227,-0.058111,0.558501,-0.136984,0.085265,-0.092247,2136,1663,2648,2921,2378,1994
-0.097622,-0.055659,0.550705,-0.136656,0.082058,-0.101617,2060,1663,2648,2922,2341,1994
-0.096056,-0.055106,0.560983,-0.144207,0.082168,-0.094451,1986,1663,2648,2922,2297,1994
-0.097082,-0.056070,0.568511,-0.148005,0.083697,-0.087978,1961,1662,2648,2922,2280,1994
-0.097722,-0.056459,0.575120,-0.151550,0.084574,-0.082420,1911,1662,2648,2922,2238,1994
-0.097347,-0.056237,0.577001,-0.153004,0.084470,-0.081152,1883,1662,2648,2922,2213,1994
-0.099204,-0.056561,0.587875,-0.158207,0.085628,-0.071489,1857,1662,2648,2922,2188,1994
-0.104004,-0.058771,0.613205,-0.169935,0.089796,-0.048803,1830,1661,2648,2922,2161,1994
-0.105024,-0.058777,0.613267,-0.169168,0.089845,-0.048131,1806,1660,2648,2922,2137,1994
-0.104339,-0.057962,0.607766,-0.166343,0.088620,-0.052812,1781,1659,2648,2921,2110,1994
-0.105376,-0.058148,0.606430,-0.164702,0.088751,-0.053241,1757,1657,2648,2921,2084,1994
-0.111245,-0.059270,0.618799,-0.167646,0.090965,-0.040008,1693,1655,2648,2921,2019,1994
-0.112863,-0.058410,0.614734,-0.163884,0.089885,-0.042145,1659,1654,2648,2921,1986,1994
-0.116666,-0.058765,0.618903,-0.163437,0.090678,-0.036565,1624,1654,2648,2921,1952,1994
-0.122372,-0.058523,0.624854,-0.162587,0.091074,-0.028370,1643,1654,2648,2922,1921,1994
-0.120293,-0.058512,0.624740,-0.164158,0.090975,-0.029733,1687,1654,2648,2924,1947,1994
-0.115636,-0.058312,0.613087,-0.160686,0.089778,-0.041734,1741,1654,2648,2926,1982,1994
-0.114592,-0.058295,0.612900,-0.161396,0.089707,-0.042519,1760,1654,2649,2927,1993,1994
-0.113720,-0.058946,0.615140,-0.163449,0.090481,-0.041344,1787,1655,2649,2928,2006,1994
-0.110834,-0.058013,0.602099,-0.157737,0.088523,-0.053294,1816,1657,2649,2928,2018,1994
-0.108422,-0.056892,0.592984,-0.154061,0.086673,-0.061850,1842,1658,2649,2928,2032,1994
-0.108555,-0.057569,0.597844,-0.156930,0.087694,-0.058000,1868,1658,2649,2928,2048,1994
-0.106510,-0.057085,0.588413,-0.152763,0.086470,-0.066631,1893,1658,2649,2928,2066,1994
-0.107523,-0.057588,0.595880,-0.156539,0.087535,-0.060179,1916,1658,2649,2928,2086,1994
-0.104066,-0.056963,0.579850,-0.149438,0.085652,-0.074853,1941,1658,2649,2927,2109,1994
-0.108758,-0.059826,0.606348,-0.161960,0.090549,-0.051367,1966,1657,2649,2924,2133,1994
-0.100856,-0.056120,0.565174,-0.142976,0.083658,-0.088294,1991,1657,2649,2923,2157,1994
-0.100874,-0.056659,0.567987,-0.144682,0.084393,-0.086113,2018,1657,2649,2923,2180,1994
-0.100843,-0.057498,0.568880,-0.145244,0.085291,-0.085497,2046,1657,2649,2922,2202,1994
-0.105502,-0.060441,0.595545,-0.157893,0.090278,-0.061906,2070,1657,2648,2922,2220,1994
-0.098361,-0.056352,0.551308,-0.136434,0.082819,-0.100746,2096,1656,2648,2922,2244,1994
-0.103554,-0.059791,0.576347,-0.147657,0.088206,-0.078145,2126,1656,2648,2922,2268,1994
-0.098799,-0.057184,0.545595,-0.132571,0.083264,-0.105036,2156,1656,2648,2922,2290,1994
-0.099831,-0.057275,0.543540,-0.130494,0.083250,-0.106026,2185,1656,2648,2922,2312,1994
-0.100308,-0.056968,0.537053,-0.126140,0.082507,-0.110811,2211,1656,2648,2922,2331,1994
-0.104514,-0.057168,0.528489,-0.117562,0.082266,-0.114986,2286,1658,2648,2921,2383,1994
-0.109158,-0.059001,0.542892,-0.122711,0.085284,-0.100958,2309,1658,2648,2921,2401,1994
-0.136576,-0.058932,0.486233,-0.066296,0.082291,-0.128713,2602,1654,2648,2921,2683,1994
-0.138411,-0.059978,0.501510,-0.074209,0.084478,-0.115657,2540,1654,2648,2921,2677,1994
-0.119563,-0.058492,0.513298,-0.096341,0.083099,-0.117817,2404,1654,2649,2921,2590,1994
-0.110001,-0.058412,0.515821,-0.105440,0.082828,-0.121684,2363,1654,2648,2921,2565,1994
-0.106525,-0.058542,0.504558,-0.101270,0.082032,-0.132681,2363,1653,2635,2924,2567,1994
-0.105600,-0.059191,0.502869,-0.100955,0.082525,-0.134628,2363,1652,2634,2924,2568,1994
-0.104213,-0.059996,0.497639,-0.098830,0.082907,-0.139654,2363,1652,2634,2922,2569,1994
-0.104282,-0.061363,0.498771,-0.099453,0.084352,-0.138830,2363,1652,2634,2922,2569,1994
-0.106813,-0.062931,0.512320,-0.105751,0.086964,-0.126748,2363,1652,2634,2922,2569,1994
-0.106930,-0.063220,0.515067,-0.107341,0.087449,-0.124538,2364,1652,2633,2922,2569,1994
-0.102513,-0.060800,0.493306,-0.097502,0.083338,-0.144166,2366,1651,2633,2923,2569,1994
-0.104325,-0.062486,0.502681,-0.101804,0.085747,-0.135817,2368,1651,2633,2923,2570,1994
-0.103976,-0.062907,0.501448,-0.101318,0.086067,-0.137034,2369,1649,2632,2925,2571,1994
-0.103735,-0.062757,0.498116,-0.099465,0.085674,-0.139790,2370,1643,2628,2927,2571,1994
-0.103391,-0.062466,0.493622,-0.096983,0.085055,-0.143512,2370,1638,2623,2929,2572,1994
-0.103971,-0.063785,0.498417,-0.099450,0.086729,-0.139490,2370,1634,2619,2929,2572,1994
-0.103788,-0.065662,0.498357,-0.099535,0.088588,-0.139797,2372,1630,2615,2929,2572,1994
-0.104033,-0.067624,0.499495,-0.100015,0.090633,-0.138908,2372,1627,2613,2929,2572,1994
-0.101186,-0.068354,0.485089,-0.093412,0.090240,-0.152038,2372,1625,2614,2929,2572,1994
-0.103517,-0.067177,0.492500,-0.096134,0.089677,-0.144689,2372,1625,2621,2931,2574,1994
-0.104884,-0.067642,0.499638,-0.099430,0.090694,-0.138275,2371,1625,2623,2931,2574,1994
-0.104695,-0.066947,0.498771,-0.099055,0.089934,-0.139018,2371,1625,2624,2932,2574,1994
-0.105269,-0.065878,0.498725,-0.098588,0.088887,-0.138618,2371,1625,2625,2932,2574,1994
-0.105679,-0.065979,0.499518,-0.098750,0.089059,-0.137751,2371,1625,2625,2932,2575,1994
-0.105679,-0.065979,0.499518,-0.098750,0.089059,-0.137751,2371,1625,2625,2933,2592,1994
-0.104075,-0.064499,0.492429,-0.095685,0.087024,-0.144191,2371,1625,2625,2933,2596,1994
-0.104828,-0.065962,0.499381,-0.099338,0.089000,-0.138379,2371,1625,2625,2933,2596,1994
-0.104828,-0.065962,0.499381,-0.099338,0.089000,-0.138379,2371,1625,2625,2935,2597,1994
-0.105750,-0.065452,0.499394,-0.098625,0.088527,-0.137763,2371,1625,2626,2944,2597,1994
-0.105712,-0.065488,0.498891,-0.098345,0.088526,-0.138185,2371,1625,2626,2958,2597,1994
-0.108564,-0.064654,0.498804,-0.096051,0.087799,-0.136440,2371,1625,2622,2996,2597,1994
-0.110725,-0.064412,0.499553,-0.094808,0.087694,-0.134508,2372,1625,2617,3011,2597,1994
-0.112179,-0.064481,0.498685,-0.093126,0.087757,-0.134305,2373,1624,2614,3016,2597,1994
-0.115425,-0.067471,0.501833,-0.092458,0.091084,-0.130077,2384,1624,2613,3018,2595,1994
-0.115311,-0.067310,0.500353,-0.091641,0.090815,-0.131299,2385,1624,2613,3018,2595,1994
-0.114749,-0.066251,0.496615,-0.089804,0.089475,-0.134499,2385,1624,2613,3018,2591,1994
-0.115263,-0.067118,0.500145,-0.091554,0.090607,-0.131476,2384,1624,2613,3018,2590,1994
-0.115263,-0.067118,0.500145,-0.091554,0.090607,-0.131476,2383,1624,2614,3017,2589,1994
-0.114431,-0.066454,0.500106,-0.092196,0.089911,-0.131964,2375,1624,2616,3017,2588,1994
-0.115602,-0.066910,0.504935,-0.094229,0.090749,-0.127486,2361,1624,2616,3017,2588,1994
-0.113015,-0.065374,0.496173,-0.090914,0.088503,-0.135839,2349,1624,2616,3017,2587,1994
-0.114189,-0.066802,0.506712,-0.096436,0.090712,-0.126945,2338,1624,2616,3017,2583,1994
-0.112635,-0.066618,0.505330,-0.096817,0.090372,-0.128970,2325,1624,2617,3017,2569,1994
-0.110774,-0.066163,0.506345,-0.098915,0.089918,-0.129276,2309,1624,2617,3017,2547,1994
-0.109820,-0.065843,0.505788,-0.099330,0.089523,-0.130273,2293,1624,2617,3017,2524,1994
-0.107495,-0.064488,0.498716,-0.096843,0.087586,-0.137151,2280,1624,2618,3017,2504,1994
-0.109222,-0.065987,0.511740,-0.103454,0.090062,-0.125970,2264,1624,2618,3017,2486,1994
-0.109450,-0.066550,0.518368,-0.107334,0.091098,-0.120663,2248,1624,2619,3017,2473,1994
-0.107281,-0.065522,0.524882,-0.113057,0.090446,-0.116787,2186,1624,2623,3017,2424,1994
-0.107640,-0.065555,0.529768,-0.115772,0.090836,-0.112727,2169,1624,2624,3017,2409,1994
-0.106258,-0.065098,0.537803,-0.121800,0.090892,-0.107220,2118,1624,2624,3017,2366,1994
-0.105421,-0.064355,0.538362,-0.122813,0.090159,-0.107234,2082,1624,2625,3017,2338,1994
-0.104517,-0.064344,0.538270,-0.123471,0.090107,-0.107859,2062,1624,2625,3017,2324,1994
-0.099991,-0.063612,0.565560,-0.143801,0.091120,-0.089113,2078,1637,2627,2963,2314,1994
-0.099383,-0.062724,0.552969,-0.136565,0.089327,-0.099317,2149,1638,2627,2962,2368,1994
-0.103401,-0.064440,0.546192,-0.129212,0.090716,-0.102320,2262,1638,2626,2962,2451,1994
-0.105510,-0.062572,0.515846,-0.108947,0.086803,-0.124745,2359,1638,2626,2962,2540,1994
-0.109322,-0.064076,0.522904,-0.110250,0.088945,-0.116978,2387,1638,2625,2962,2568,1994
-0.105836,-0.060869,0.491145,-0.093553,0.083383,-0.143836,2415,1638,2625,2962,2593,1994
-0.109831,-0.060817,0.481114,-0.084243,0.082781,-0.149272,2465,1638,2625,2962,2638,1994
-0.115988,-0.062817,0.492466,-0.086324,0.085809,-0.136731,2480,1638,2625,2962,2651,1994
-0.117256,-0.062310,0.485042,-0.080773,0.084831,-0.141753,2485,1638,2623,2962,2657,1994
-0.124241,-0.065483,0.506841,-0.088597,0.089794,-0.120581,2483,1638,2622,2962,2657,1994
-0.118293,-0.062322,0.480580,-0.077217,0.084569,-0.144627,2473,1639,2621,2962,2649,1994
-0.117491,-0.062524,0.480368,-0.077716,0.084725,-0.145300,2455,1639,2621,2961,2636,1994
-0.115476,-0.062320,0.478812,-0.078355,0.084334,-0.147743,2432,1639,2621,2961,2614,1994
-0.111357,-0.061763,0.480673,-0.082756,0.083751,-0.148759,2378,1639,2622,2961,2557,1994
-0.110685,-0.062429,0.490665,-0.089410,0.085091,-0.141366,2350,1639,2623,2961,2529,1994
-0.108641,-0.061725,0.492903,-0.092406,0.084468,-0.140802,2321,1639,2623,2961,2505,1994
-0.106554,-0.062036,0.498996,-0.097789,0.085126,-0.137313,2287,1639,2623,2961,2478,1994
-0.098628,-0.059856,0.491252,-0.099321,0.082103,-0.148087,2219,1639,2622,2961,2417,1994
-0.098080,-0.061217,0.504043,-0.107587,0.084337,-0.138472,2179,1639,2622,2961,2382,1994
-0.098010,-0.062460,0.517763,-0.116046,0.086538,-0.127823,2137,1639,2620,2961,2344,1994
-0.095727,-0.062855,0.528705,-0.124558,0.087612,-0.120649,2066,1639,2619,2961,2276,1994
-0.094035,-0.062638,0.530014,-0.126700,0.087422,-0.120638,2028,1639,2619,2961,2239,1994
-0.096370,-0.063957,0.561324,-0.144056,0.091027,-0.094690,1932,1639,2619,2961,2151,1994
-0.092671,-0.060637,0.567583,-0.150859,0.088015,-0.091772,2053,1706,2586,2960,2295,1994
-0.089096,-0.061002,0.554748,-0.145800,0.087339,-0.104084,2088,1709,2580,2960,2329,1994
-0.087737,-0.063889,0.551289,-0.144713,0.089922,-0.107865,2201,1718,2577,2960,2423,1994
-0.085675,-0.061673,0.528797,-0.132565,0.086053,-0.126641,2243,1721,2576,2960,2458,1994
-0.091121,-0.063886,0.545285,-0.138357,0.089627,-0.110514,2281,1724,2576,2960,2490,1994
-0.090497,-0.061708,0.520978,-0.123959,0.085724,-0.129838,2326,1725,2576,2960,2530,1994
-0.108875,-0.060351,0.477468,-0.082766,0.082023,-0.152688,2439,1726,2576,2960,2632,1994
-0.104992,-0.061539,0.500422,-0.099904,0.084670,-0.137110,2356,1726,2576,2960,2552,1994
-0.090732,-0.060653,0.507927,-0.115778,0.083765,-0.139874,2205,1726,2576,2961,2413,1994
-0.088546,-0.061134,0.524505,-0.127671,0.085325,-0.128215,2139,1726,2576,2961,2353,1994
-0.085312,-0.059357,0.514623,-0.124183,0.082735,-0.137827,2111,1726,2576,2961,2325,1994
-0.090860,-0.063796,0.560228,-0.147735,0.090577,-0.098914,2079,1726,2576,2961,2293,1994
-0.086385,-0.060978,0.540566,-0.139236,0.086214,-0.116896,2045,1726,2576,2961,2260,1994
-0.086668,-0.061919,0.551048,-0.145434,0.087900,-0.108553,2015,1726,2576,2961,2230,1994
-0.086614,-0.061379,0.556302,-0.148708,0.087728,-0.104413,1944,1726,2577,2961,2167,1994
-0.087842,-0.061418,0.567380,-0.154537,0.088593,-0.094951,1908,1726,2577,2961,2140,1994
-0.087842,-0.061418,0.567380,-0.154537,0.088593,-0.094951,1875,1726,2577,2961,2112,1994
-0.086777,-0.062033,0.550950,-0.145286,0.088011,-0.108573,2142,1724,2577,2961,2337,1994
-0.087309,-0.062466,0.547759,-0.142903,0.088238,-0.110790,2171,1724,2577,2960,2364,1994
-0.087015,-0.061444,0.534106,-0.134768,0.086250,-0.121626,2197,1724,2576,2960,2389,1994
-0.087367,-0.061424,0.529217,-0.131490,0.085900,-0.125254,2226,1724,2576,2960,2417,1994
-0.087463,-0.060712,0.519689,-0.125576,0.084524,-0.132632,2253,1724,2576,2960,2440,1994
-0.093112,-0.064162,0.543829,-0.135887,0.089876,-0.110460,2279,1725,2576,2960,2462,1994
-0.091254,-0.061742,0.518964,-0.122125,0.085646,-0.130961,2301,1725,2576,2960,2481,1994
-0.093906,-0.061944,0.519182,-0.120163,0.085964,-0.129180,2321,1725,2576,2960,2498,1994
-0.095514,-0.061123,0.502755,-0.108823,0.084054,-0.141049,2352,1725,2576,2960,2524,1994
-0.097215,-0.061154,0.502993,-0.107626,0.084167,-0.139822,2359,1725,2576,2960,2528,1994
-0.102817,-0.064584,0.521279,-0.114381,0.089087,-0.122281,2360,1725,2576,2960,2529,1994
-0.097700,-0.060958,0.493409,-0.101363,0.083318,-0.147046,2359,1725,2576,2960,2529,1994
-0.101753,-0.063713,0.516111,-0.112061,0.087815,-0.126928,2357,1725,2576,2960,2529,1994
-0.096856,-0.060938,0.493244,-0.101929,0.083254,-0.147692,2349,1725,2576,2960,2528,1994
-0.096767,-0.060622,0.496040,-0.103719,0.083131,-0.145522,2341,1725,2576,2960,2528,1994
-0.096126,-0.060503,0.493867,-0.102893,0.082836,-0.147614,2333,1725,2576,2960,2527,1994
-0.096801,-0.061135,0.500782,-0.106596,0.083978,-0.141813,2323,1725,2576,2960,2521,1994
-0.094654,-0.060411,0.495675,-0.105165,0.082814,-0.147087,2307,1725,2576,2960,2504,1994
-0.095183,-0.061316,0.507179,-0.111797,0.084545,-0.137788,2290,1725,2576,2960,2485,1994
-0.093849,-0.061200,0.505442,-0.111786,0.084255,-0.139962,2268,1725,2576,2960,2463,1994
-0.093043,-0.061187,0.508457,-0.114272,0.084424,-0.138084,2244,1725,2576,2960,2440,1994
-0.096790,-0.064753,0.541515,-0.131557,0.090444,-0.110074,2218,1725,2576,2960,2416,1994
-0.088746,-0.060259,0.506174,-0.116275,0.083172,-0.142438,2196,1725,2576,2960,2394,1994
-0.089863,-0.062643,0.536580,-0.134023,0.087728,-0.118032,2141,1725,2576,2960,2339,1994
-0.087720,-0.062539,0.535375,-0.134977,0.087457,-0.120283,2117,1725,2576,2960,2315,1994
-0.086449,-0.061514,0.535678,-0.136179,0.086408,-0.120742,2090,1725,2576,2960,2287,1994
-0.087040,-0.061925,0.543482,-0.140497,0.087388,-0.114276,2063,1725,2576,2960,2262,1994
-0.087695,-0.062041,0.551016,-0.144602,0.088059,-0.107960,2039,1725,2576,2960,2238,1994
-0.089030,-0.063700,0.569557,-0.154906,0.091066,-0.092692,1993,1724,2576,2960,2191,1994
-0.086945,-0.062581,0.561722,-0.151757,0.089320,-0.100042,1970,1724,2576,2960,2170,1994
-0.086617,-0.061621,0.561238,-0.151732,0.088317,-0.100548,1903,1724,2576,2960,2108,1994
-0.089199,-0.063114,0.579313,-0.160767,0.091173,-0.084870,1881,1723,2576,2960,2089,1994
-0.089642,-0.063113,0.579318,-0.160421,0.091190,-0.084594,1857,1723,2576,2960,2067,1994
-0.120144,-0.057447,0.634105,-0.170037,0.090566,-0.022375,1558,1770,2575,2957,1783,1994
-0.117613,-0.054998,0.643842,-0.178042,0.088711,-0.016075,1558,1770,2588,2889,1791,1994
-0.117343,-0.054323,0.645636,-0.179365,0.088154,-0.014776,1558,1770,2589,2886,1791,1994
-0.119408,-0.055530,0.658749,-0.185767,0.090358,-0.003294,1558,1771,2589,2885,1791,1994
-0.116874,-0.053697,0.647247,-0.180731,0.087624,-0.013747,1558,1772,2589,2885,1791,1994
-0.116709,-0.053918,0.645430,-0.179744,0.087711,-0.015295,1558,1772,2589,2885,1791,1994
-0.118855,-0.054514,0.655809,-0.184411,0.089117,-0.005865,1558,1773,2590,2886,1791,1994
-0.119389,-0.054436,0.658648,-0.185734,0.089259,-0.003300,1558,1773,2590,2889,1791,1994
-0.117067,-0.053009,0.645363,-0.179432,0.086815,-0.015056,1558,1773,2590,2890,1791,1994
-0.118314,-0.053329,0.646394,-0.179076,0.087254,-0.013507,1558,1773,2590,2891,1791,1994
-0.118142,-0.053015,0.645428,-0.178624,0.086866,-0.014347,1558,1774,2590,2892,1792,1994
-0.118142,-0.053015,0.645428,-0.178624,0.086866,-0.014347,1558,1774,2590,2892,1792,1994
-0.118142,-0.053015,0.645428,-0.178624,0.086866,-0.014347,1558,1774,2590,2892,1792,1994
-0.118142,-0.053015,0.645428,-0.178624,0.086866,-0.014347,1558,1774,2590,2892,1792,1994
-0.118142,-0.053015,0.645428,-0.178624,0.086866,-0.014347,1558,1774,2590,2893,1792,1994
-0.118142,-0.053015,0.645428,-0.178624,0.086866,-0.014347,1558,1774,2590,2893,1792,1994
-0.118142,-0.053015,0.645428,-0.178624,0.086866,-0.014347,1558,1774,2590,2893,1792,1994
-0.120166,-0.053658,0.655769,-0.183364,0.088311,-0.005026,1558,1774,2590,2893,1792,1994
-0.118182,-0.052923,0.646400,-0.179189,0.086845,-0.013550,1558,1774,2590,2893,1792,1994
-0.118142,-0.053015,0.645428,-0.178624,0.086866,-0.014347,1559,1774,2590,2893,1792,1994
-0.118142,-0.053015,0.645428,-0.178624,0.086866,-0.014347,1559,1774,2590,2893,1792,1994
-0.118142,-0.053015,0.645428,-0.178624,0.086866,-0.014347,1559,1774,2590,2893,1792,1994
-0.118142,-0.053015,0.645428,-0.178624,0.086866,-0.014347,1562,1775,2590,2893,1792,1994
-0.118142,-0.053015,0.645428,-0.178624,0.086866,-0.014347,1571,1775,2590,2893,1793,1994
-0.118407,-0.053278,0.648237,-0.180135,0.087335,-0.011996,1583,1775,2590,2893,1794,1994
-0.116796,-0.052656,0.643017,-0.178211,0.086287,-0.017039,1593,1775,2590,2894,1799,1994
-0.116288,-0.053121,0.645966,-0.180415,0.086938,-0.015068,1608,1775,2590,2894,1814,1994
-0.113192,-0.052116,0.633217,-0.175048,0.084922,-0.026911,1627,1775,2590,2894,1835,1994
-0.114688,-0.053041,0.645717,-0.181527,0.086780,-0.016238,1649,1775,2590,2894,1861,1994
-0.111637,-0.052833,0.642430,-0.181920,0.086223,-0.020675,1673,1775,2590,2894,1888,1994
-0.108655,-0.054359,0.648353,-0.187890,0.088046,-0.017965,1724,1775,2590,2895,1935,1994
-0.104183,-0.053389,0.634008,-0.182629,0.085899,-0.031909,1750,1775,2591,2895,1956,1994
-0.101134,-0.052580,0.623325,-0.178490,0.084225,-0.042114,1777,1775,2591,2895,1974,1994
-0.102272,-0.054342,0.641419,-0.188673,0.087296,-0.027327,1806,1775,2591,2895,1993,1994
-0.095766,-0.052539,0.616686,-0.178654,0.083511,-0.050620,1859,1776,2591,2895,2031,1994
-0.095220,-0.053005,0.619593,-0.180863,0.084159,-0.048706,1888,1776,2591,2895,2048,1994
-0.092108,-0.051635,0.603711,-0.173590,0.081558,-0.062994,1913,1776,2591,2895,2062,1994
-0.081041,-0.055722,0.584771,-0.170651,0.083875,-0.084991,1894,1766,2577,2891,2093,1994
-0.081953,-0.056976,0.587547,-0.171619,0.085354,-0.082348,1859,1766,2577,2891,2074,1994
-0.082788,-0.057910,0.591034,-0.173088,0.086563,-0.079169,1842,1765,2577,2891,2063,1994
-0.085678,-0.059626,0.611494,-0.183341,0.089822,-0.061443,1825,1765,2577,2890,2054,1994
-0.085082,-0.058640,0.604046,-0.179254,0.088293,-0.067588,1809,1765,2577,2889,2045,1994
-0.086019,-0.058472,0.607919,-0.180893,0.088433,-0.063955,1796,1765,2576,2889,2038,1994
-0.087807,-0.059395,0.614408,-0.183451,0.089878,-0.057829,1765,1762,2576,2888,2017,1994
-0.088402,-0.059451,0.615012,-0.183352,0.089999,-0.056995,1749,1756,2576,2887,2006,1994
-0.087050,-0.059867,0.593954,-0.171490,0.088882,-0.074417,1884,1723,2589,2894,2122,1994
-0.087305,-0.060328,0.598963,-0.174357,0.089704,-0.070357,1912,1724,2589,2894,2141,1994
-0.084699,-0.059472,0.587901,-0.169637,0.087973,-0.080586,1940,1725,2589,2894,2164,1994
-0.084605,-0.060409,0.586161,-0.168631,0.088781,-0.082085,1968,1725,2589,2894,2185,1994
-0.081962,-0.059423,0.575443,-0.164152,0.086944,-0.092055,1993,1725,2589,2894,2202,1994
-0.081796,-0.060139,0.571434,-0.161814,0.087369,-0.095366,2042,1725,2589,2894,2234,1994
-0.080384,-0.059136,0.559350,-0.155525,0.085467,-0.105654,2064,1726,2589,2894,2251,1994
-0.080643,-0.059076,0.556161,-0.153365,0.085193,-0.107999,2090,1726,2589,2893,2275,1994
-0.083878,-0.061278,0.574998,-0.162343,0.088835,-0.091378,2107,1726,2589,2891,2292,1994
-0.081466,-0.059400,0.551839,-0.150059,0.085243,-0.110919,2142,1726,2589,2889,2325,1994
-0.080171,-0.058320,0.540646,-0.144225,0.083331,-0.120429,2157,1726,2589,2889,2340,1994
-0.081089,-0.059231,0.540830,-0.143601,0.084287,-0.119794,2179,1726,2589,2889,2360,1994
-0.081362,-0.059041,0.536206,-0.140551,0.083784,-0.123248,2200,1726,2589,2889,2380,1994
-0.082439,-0.059344,0.533433,-0.137995,0.083933,-0.124793,2221,1726,2589,2889,2399,1994
-0.082898,-0.059348,0.528505,-0.134608,0.083608,-0.128388,2242,1726,2589,2889,2422,1994
-0.084981,-0.058493,0.519702,-0.127572,0.082218,-0.133966,2284,1726,2589,2888,2469,1994
-0.085776,-0.058190,0.514513,-0.123764,0.081582,-0.137537,2305,1726,2589,2888,2489,1994
-0.091724,-0.061401,0.537465,-0.133113,0.086624,-0.116097,2325,1726,2589,2888,2508,1994
-0.088775,-0.058445,0.507941,-0.117359,0.081490,-0.140887,2341,1726,2589,2888,2521,1994
-0.095974,-0.061311,0.527290,-0.123515,0.085983,-0.121487,2362,1726,2589,2888,2540,1994
-0.087969,-0.058428,0.508825,-0.118539,0.081504,-0.140684,2228,1726,2590,2894,2408,1994
-0.083088,-0.057762,0.521700,-0.130302,0.081557,-0.133497,2142,1726,2590,2890,2344,1994
-0.080953,-0.057769,0.521762,-0.132025,0.081485,-0.134758,2114,1726,2590,2889,2324,1994
-0.079564,-0.057734,0.539126,-0.143779,0.082617,-0.121950,2061,1726,2590,2889,2282,1994
-0.079608,-0.058458,0.551551,-0.151360,0.084214,-0.112209,2033,1726,2590,2891,2259,1994
-0.079485,-0.058686,0.553515,-0.152660,0.084574,-0.110758,2010,1726,2590,2893,2238,1994
-0.080846,-0.059091,0.567423,-0.160115,0.086006,-0.099020,1957,1725,2590,2893,2188,1994
-0.081941,-0.059353,0.574700,-0.163714,0.086821,-0.092647,1934,1725,2590,2893,2170,1994
-0.081962,-0.059423,0.575443,-0.164152,0.086944,-0.092055,1909,1724,2590,2893,2150,1994
-0.083654,-0.060210,0.586246,-0.169437,0.088553,-0.082585,1883,1724,2590,2892,2128,1994
-0.083507,-0.059789,0.586045,-0.169434,0.088113,-0.082800,1858,1723,2590,2890,2109,1994
-0.085925,-0.060892,0.599638,-0.175854,0.090260,-0.070716,1833,1722,2590,2889,2093,1994
-0.085914,-0.060249,0.598009,-0.174871,0.089505,-0.071953,1811,1722,2590,2889,2081,1994
-0.089248,-0.061108,0.609199,-0.179095,0.091275,-0.061179,1759,1719,2590,2889,2051,1994
-0.089615,-0.060514,0.608071,-0.178121,0.090618,-0.061794,1738,1718,2590,2890,2038,1994
-0.099559,-0.060188,0.616858,-0.175668,0.091293,-0.048767,1757,1718,2590,2894,2061,1994
-0.085403,-0.061223,0.597879,-0.175182,0.090447,-0.072446,1930,1721,2590,2893,2206,1994
-0.083479,-0.059965,0.586530,-0.169752,0.088322,-0.082450,1959,1723,2590,2892,2229,1994
-0.081278,-0.059772,0.579063,-0.166910,0.087520,-0.089655,1992,1724,2590,2892,2254,1994
-0.081015,-0.059566,0.576900,-0.165792,0.087153,-0.091500,2024,1725,2590,2888,2278,1994
-0.083390,-0.061402,0.591831,-0.173058,0.090123,-0.078449,2057,1726,2590,2887,2304,1994
-0.079525,-0.059619,0.567980,-0.161493,0.086521,-0.099432,2085,1726,2590,2887,2327,1994
-0.082711,-0.062160,0.586413,-0.170259,0.090471,-0.083185,2117,1726,2590,2887,2351,1994
-0.079470,-0.060062,0.559390,-0.156259,0.086358,-0.106257,2148,1726,2590,2887,2375,1994
-0.077170,-0.058317,0.536010,-0.143748,0.082887,-0.125913,2172,1726,2590,2887,2393,1994
-0.081231,-0.058963,0.528956,-0.136205,0.083191,-0.129024,2247,1726,2590,2886,2451,1994
-0.082054,-0.058631,0.521759,-0.131143,0.082387,-0.134153,2272,1726,2590,2886,2472,1994
-0.086243,-0.058427,0.507802,-0.119273,0.081364,-0.142546,2343,1726,2590,2886,2536,1994
-0.094614,-0.060135,0.510184,-0.114105,0.083557,-0.135680,2404,1726,2590,2886,2588,1994
-0.097624,-0.060424,0.501522,-0.106409,0.083352,-0.140671,2428,1726,2590,2886,2606,1994
-0.099411,-0.060426,0.501460,-0.104961,0.083419,-0.139625,2386,1725,2590,2886,2584,1994
-0.099497,-0.061409,0.510310,-0.110311,0.085023,-0.132690,2372,1725,2590,2886,2567,1994
-0.082172,-0.058914,0.521769,-0.131053,0.082674,-0.134095,2178,1725,2590,2886,2404,1994
-0.081007,-0.058892,0.525873,-0.134491,0.082896,-0.131580,2156,1725,2590,2886,2384,1994
-0.078994,-0.058162,0.521384,-0.133335,0.081776,-0.136285,2136,1725,2590,2886,2367,1994
-0.078673,-0.058153,0.528539,-0.137979,0.082257,-0.130854,2116,1725,2590,2886,2349,1994
-0.079006,-0.059566,0.542253,-0.146115,0.084641,-0.119978,2097,1724,2590,2886,2331,1994
-0.078695,-0.059378,0.543698,-0.147250,0.084543,-0.119017,2080,1723,2590,2886,2316,1994
-0.078572,-0.060158,0.551479,-0.152112,0.085863,-0.113035,2064,1721,2590,2886,2305,1994
-0.076776,-0.059121,0.542251,-0.147880,0.084112,-0.121310,2046,1718,2590,2886,2295,1994
-0.078551,-0.061251,0.559396,-0.156973,0.087508,-0.106909,2027,1717,2590,2889,2286,1994
-0.078146,-0.060879,0.558371,-0.156669,0.087049,-0.107933,2011,1717,2590,2891,2276,1994
-0.079781,-0.062514,0.571596,-0.163473,0.089671,-0.096661,1990,1716,2590,2892,2262,1994
-0.080416,-0.062047,0.571661,-0.163018,0.089234,-0.096184,1969,1716,2590,2893,2245,1994
-0.080565,-0.061939,0.570867,-0.162414,0.089077,-0.096708,1949,1716,2590,2893,2229,1994
-0.082711,-0.062160,0.586413,-0.170259,0.090471,-0.083185,1903,1716,2590,2894,2192,1994
-0.083609,-0.062455,0.589005,-0.171137,0.090982,-0.080621,1880,1716,2590,2894,2170,1994
-0.085953,-0.062095,0.596694,-0.174009,0.091253,-0.073109,1812,1716,2590,2894,2097,1994
-0.089593,-0.060732,0.613476,-0.181453,0.091214,-0.057574,1893,1726,2590,2889,2196,1994
-0.081108,-0.059627,0.585268,-0.170854,0.087805,-0.084868,2041,1726,2590,2887,2329,1994
-0.081125,-0.060605,0.585394,-0.170905,0.088789,-0.084836,2076,1726,2590,2887,2361,1994
-0.077657,-0.058681,0.553471,-0.154076,0.084495,-0.111913,2143,1726,2590,2887,2419,1994
-0.078558,-0.059239,0.551385,-0.152077,0.084940,-0.113045,2189,1726,2590,2886,2458,1994
-0.078107,-0.058811,0.538783,-0.144704,0.083610,-0.123197,2209,1726,2590,2886,2475,1994
-0.080865,-0.059474,0.528646,-0.136298,0.083665,-0.129532,2271,1726,2590,2886,2529,1994
-0.082282,-0.059226,0.522105,-0.131168,0.083013,-0.133788,2302,1726,2590,2886,2557,1994
-0.090854,-0.061519,0.523112,-0.124989,0.085699,-0.127926,2377,1725,2590,2885,2624,1994
-0.091145,-0.059365,0.494355,-0.107139,0.081544,-0.150192,2403,1725,2590,2885,2643,1994
-0.088323,-0.059563,0.502506,-0.114367,0.082205,-0.145527,2280,1725,2589,2885,2518,1994
-0.085957,-0.058929,0.502138,-0.116017,0.081456,-0.147215,2255,1725,2589,2885,2489,1994
-0.084343,-0.058900,0.507194,-0.120394,0.081720,-0.144226,2228,1726,2589,2885,2462,1994
-0.081730,-0.058536,0.520065,-0.130361,0.082161,-0.135676,2173,1726,2589,2885,2413,1994
-0.080465,-0.059064,0.528885,-0.136766,0.083258,-0.129557,2150,1727,2589,2885,2391,1994
-0.079574,-0.059023,0.536054,-0.141869,0.083686,-0.124462,2126,1727,2589,2885,2368,1994
-0.080081,-0.061090,0.554456,-0.152736,0.087059,-0.109844,2101,1727,2588,2885,2346,1994
-0.075875,-0.059115,0.542184,-0.148551,0.084066,-0.121915,2057,1727,2587,2885,2301,1994
-0.076300,-0.059746,0.550043,-0.153030,0.085264,-0.115524,2033,1727,2586,2885,2279,1994
-0.076978,-0.060891,0.563151,-0.160524,0.087352,-0.104891,2010,1727,2584,2885,2257,1994
-0.075894,-0.059704,0.559310,-0.159037,0.085857,-0.108482,1989,1727,2582,2885,2237,1994
-0.075280,-0.059743,0.559663,-0.159739,0.085897,-0.108583,1968,1728,2580,2885,2217,1994
-0.075824,-0.061809,0.575552,-0.169034,0.089093,-0.095919,1924,1728,2578,2884,2174,1994
-0.077350,-0.062598,0.586029,-0.174249,0.090674,-0.086806,1901,1728,2577,2884,2152,1994
-0.077350,-0.062598,0.586029,-0.174249,0.090674,-0.086806,1874,1728,2577,2884,2124,1994
-0.076607,-0.061114,0.578096,-0.169986,0.088610,-0.093383,1847,1728,2577,2884,2093,1994
-0.082023,-0.061271,0.598322,-0.178122,0.090395,-0.074172,1780,1735,2577,2884,2022,1994
-0.086313,-0.058445,0.609085,-0.181376,0.088500,-0.062856,1738,1775,2572,2874,1979,1994
-0.088653,-0.058004,0.624851,-0.189211,0.089258,-0.048989,1738,1786,2567,2862,1983,1994
-0.086692,-0.055484,0.614413,-0.184385,0.085937,-0.058200,1740,1799,2561,2850,1989,1994
-0.086989,-0.057094,0.640047,-0.199862,0.089354,-0.037987,1742,1810,2557,2839,1997,1994
-0.079755,-0.054305,0.629263,-0.198989,0.085538,-0.050678,1756,1833,2551,2820,2012,1994
0.069588,-0.061392,0.569641,-0.280204,0.082662,-0.189618,2039,2393,1724,3064,2216,1994
0.070679,-0.062680,0.574790,-0.284209,0.084265,-0.186339,2038,2393,1727,3062,2207,1994
0.070529,-0.062041,0.571475,-0.282064,0.083401,-0.188804,2035,2395,1729,3061,2188,1994
0.070234,-0.061604,0.578824,-0.286347,0.083493,-0.182809,2026,2401,1728,3058,2169,1994
0.041595,-0.049663,0.728096,-0.355500,0.083180,-0.046932,1696,2469,1663,3057,1950,1994
0.038965,-0.050355,0.729577,-0.354325,0.084075,-0.044211,1688,2469,1662,3054,1942,1994
0.035165,-0.051670,0.744148,-0.360250,0.086555,-0.030528,1675,2470,1662,3053,1940,1994
0.033943,-0.050918,0.742471,-0.358266,0.085735,-0.031039,1677,2470,1662,3053,1940,1994
0.033921,-0.052309,0.757651,-0.367548,0.088189,-0.019198,1682,2470,1662,3053,1940,1994
0.034294,-0.052407,0.759248,-0.368821,0.088384,-0.018179,1686,2470,1662,3053,1940,1994
0.037249,-0.051609,0.743098,-0.361252,0.086341,-0.032625,1712,2474,1662,3054,1944,1994
0.039205,-0.051675,0.744271,-0.363515,0.086413,-0.032907,1723,2476,1662,3054,1947,1994
0.042685,-0.050334,0.742289,-0.365064,0.084804,-0.036491,1736,2479,1662,3054,1949,1994
0.045140,-0.049041,0.727651,-0.358034,0.082392,-0.049405,1749,2480,1662,3054,1949,1994
0.060393,-0.067366,0.481766,-0.218940,0.082798,-0.253562,2276,2432,1662,3113,2304,1994
0.047295,-0.067164,0.465420,-0.198570,0.081953,-0.258376,2277,2411,1661,3149,2303,1994
0.047546,-0.068782,0.466790,-0.199589,0.083652,-0.257581,2277,2411,1661,3149,2303,1994
0.048315,-0.070321,0.466792,-0.200177,0.085157,-0.258172,2278,2411,1661,3149,2303,1994
0.047910,-0.070407,0.461065,-0.196342,0.084856,-0.262435,2278,2411,1661,3149,2303,1994
0.047416,-0.069489,0.460926,-0.195878,0.083950,-0.262169,2278,2412,1661,3149,2303,1994
0.047535,-0.068696,0.458764,-0.194655,0.083003,-0.263879,2278,2414,1661,3149,2302,1994
0.048081,-0.068723,0.465610,-0.199287,0.083490,-0.258832,2277,2416,1661,3149,2300,1994
0.048092,-0.067360,0.463366,-0.197937,0.081974,-0.260495,2276,2418,1661,3149,2299,1994
0.066460,-0.064656,0.553537,-0.267810,0.084904,-0.200624,2100,2426,1662,3147,2174,1994
0.064811,-0.062582,0.545392,-0.261535,0.082329,-0.205855,2066,2426,1662,3147,2151,1994
0.067632,-0.065565,0.575249,-0.282049,0.087290,-0.184340,2053,2426,1662,3147,2139,1994
0.064622,-0.062815,0.553402,-0.266300,0.083131,-0.199459,2041,2426,1662,3147,2126,1994
0.064242,-0.062433,0.554043,-0.266398,0.082810,-0.198691,2029,2426,1662,3147,2115,1994
0.064948,-0.063639,0.568683,-0.275924,0.085013,-0.187707,2016,2426,1662,3147,2102,1994
0.065007,-0.064622,0.586100,-0.286647,0.087214,-0.174124,1989,2426,1662,3147,2076,1994
0.063518,-0.064508,0.589697,-0.287681,0.087411,-0.170374,1964,2425,1662,3147,2049,1994
0.062531,-0.065088,0.597040,-0.291401,0.088543,-0.164041,1950,2425,1662,3147,2033,1994
0.062283,-0.065880,0.606579,-0.297050,0.090012,-0.156450,1936,2425,1662,3147,2018,1994
0.059108,-0.065147,0.609303,-0.296224,0.089595,-0.152304,1908,2425,1662,3147,1992,1994
0.055795,-0.065441,0.619216,-0.299688,0.090711,-0.142502,1876,2425,1662,3147,1964,1994
0.054369,-0.065508,0.625520,-0.302431,0.091276,-0.136676,1861,2424,1662,3147,1948,1994
0.045891,-0.063039,0.638183,-0.303542,0.090031,-0.121329,1889,2426,1664,3148,1930,1994
0.048228,-0.061131,0.616020,-0.291808,0.086482,-0.140039,1913,2426,1663,3148,1950,1994
0.056139,-0.063548,0.618921,-0.299804,0.088791,-0.142795,1961,2426,1663,3148,1995,1994
0.062173,-0.064203,0.586680,-0.284772,0.086946,-0.171898,2049,2426,1663,3148,2067,1994
0.061835,-0.062199,0.558656,-0.267331,0.082993,-0.193571,2090,2426,1663,3148,2101,1994
0.062353,-0.062297,0.554415,-0.265137,0.082773,-0.197231,2110,2426,1663,3148,2120,1994
0.062254,-0.062202,0.546125,-0.259972,0.082100,-0.203682,2128,2426,1663,3148,2138,1994
0.061110,-0.056961,0.617943,-0.303211,0.081965,-0.146090,1907,2447,1661,3147,2019,1994
0.058761,-0.056821,0.616369,-0.300393,0.081806,-0.145876,1891,2447,1661,3147,2008,1994
0.059283,-0.059075,0.646967,-0.319555,0.086182,-0.122313,1876,2447,1661,3147,1997,1994
0.055788,-0.056832,0.628408,-0.305435,0.082776,-0.134589,1860,2447,1661,3147,1986,1994
0.054905,-0.058832,0.650647,-0.318360,0.086366,-0.116718,1846,2447,1661,3147,1973,1994
0.053249,-0.058148,0.648616,-0.315815,0.085606,-0.117246,1831,2447,1661,3147,1961,1994
0.050230,-0.056738,0.648802,-0.313564,0.084329,-0.115139,1816,2447,1662,3147,1950,1994
0.043302,-0.056408,0.662993,-0.316808,0.085264,-0.099708,1772,2447,1662,3147,1925,1994
0.043137,-0.059247,0.699756,-0.339204,0.090683,-0.070921,1756,2447,1662,3147,1915,1994
0.039176,-0.057218,0.685817,-0.327548,0.087833,-0.079296,1743,2447,1662,3147,1907,1994
0.035056,-0.055933,0.672664,-0.316240,0.085787,-0.087014,1728,2447,1662,3147,1895,1994
0.026732,-0.057736,0.713303,-0.334586,0.090760,-0.050099,1757,2448,1662,3147,1892,1994
0.045295,-0.057393,0.687910,-0.333660,0.087920,-0.081412,1856,2449,1662,3147,1945,1994
0.047482,-0.055839,0.662833,-0.320017,0.084525,-0.102349,1880,2449,1662,3147,1954,1994
0.026270,-0.070016,0.409895,-0.147860,0.081705,-0.289386,2416,2427,1642,3159,2528,1994
0.012627,-0.069658,0.414845,-0.140133,0.082222,-0.277107,2421,2337,1771,3148,2496,1994
0.009161,-0.069884,0.407878,-0.133118,0.082091,-0.280481,2428,2332,1777,3148,2497,1994
0.007722,-0.071422,0.413079,-0.135154,0.084044,-0.275630,2434,2330,1780,3148,2499,1994
0.005236,-0.071856,0.410847,-0.131816,0.084416,-0.275897,2440,2329,1780,3148,2501,1994
0.003641,-0.072784,0.413084,-0.131918,0.085560,-0.273234,2443,2329,1778,3147,2502,1994
0.002755,-0.072350,0.408783,-0.128584,0.084859,-0.276039,2451,2329,1776,3147,2502,1994
0.001520,-0.073835,0.409979,-0.128324,0.086471,-0.274460,2460,2328,1774,3147,2502,1994
0.000594,-0.073599,0.403378,-0.123545,0.085808,-0.279065,2467,2328,1774,3147,2502,1994
-0.000917,-0.073715,0.399826,-0.120171,0.085732,-0.280941,2476,2328,1774,3147,2503,1994
-0.003083,-0.072691,0.389702,-0.112261,0.084083,-0.287495,2485,2328,1772,3147,2505,1994
-0.005221,-0.074674,0.397324,-0.115225,0.086678,-0.280348,2495,2328,1770,3147,2517,1994
-0.007645,-0.074058,0.391264,-0.109601,0.085732,-0.283580,2506,2328,1768,3147,2535,1994
-0.013515,-0.074573,0.375641,-0.095372,0.085374,-0.292310,2544,2328,1767,3147,2570,1994
-0.016285,-0.074579,0.371816,-0.090838,0.085217,-0.293622,2553,2328,1767,3147,2573,1994
-0.018948,-0.073280,0.363125,-0.083419,0.083415,-0.298723,2565,2327,1768,3147,2578,1994
-0.030023,-0.076131,0.364927,-0.075745,0.086810,-0.290745,2596,2326,1768,3148,2604,1994
-0.035048,-0.076746,0.357957,-0.067493,0.087127,-0.293197,2608,2326,1767,3148,2614,1994
-0.036503,-0.075286,0.349560,-0.061210,0.085138,-0.298794,2609,2326,1767,3148,2614,1994
-0.038946,-0.077268,0.357621,-0.064203,0.087774,-0.291114,2607,2327,1767,3148,2614,1994
-0.038909,-0.075841,0.352482,-0.061096,0.085988,-0.295065,2604,2327,1767,3148,2613,1994
-0.037938,-0.074470,0.352116,-0.061656,0.084559,-0.295840,2600,2328,1767,3147,2613,1994
-0.036954,-0.074377,0.355127,-0.064282,0.084640,-0.294068,2587,2330,1767,3147,2610,1994
-0.033853,-0.071773,0.348033,-0.062409,0.081427,-0.301340,2574,2332,1767,3147,2608,1994
0.013923,-0.079307,0.402218,-0.133283,0.090902,-0.288594,2414,2347,1716,3149,2545,1994
0.018711,-0.075954,0.406130,-0.139506,0.087651,-0.288186,2391,2354,1716,3149,2544,1994
0.025372,-0.077613,0.433702,-0.161665,0.090984,-0.270715,2369,2358,1716,3150,2520,1994
0.026341,-0.074299,0.423694,-0.156330,0.086941,-0.278917,2358,2359,1716,3151,2506,1994
0.028186,-0.074983,0.433728,-0.163936,0.088257,-0.272211,2345,2359,1716,3151,2496,1994
0.029929,-0.074810,0.438804,-0.168429,0.088374,-0.269274,2336,2359,1716,3151,2494,1994
0.033940,-0.073471,0.440835,-0.172860,0.087027,-0.270027,2316,2359,1715,3149,2493,1994
0.037956,-0.073242,0.447256,-0.179973,0.087096,-0.267420,2295,2360,1715,3149,2473,1994
0.039537,-0.074208,0.458278,-0.187973,0.088771,-0.259798,2283,2360,1715,3149,2464,1994
0.041323,-0.074060,0.462643,-0.192064,0.088862,-0.257447,2272,2360,1715,3149,2457,1994
0.042008,-0.073717,0.464853,-0.193965,0.088649,-0.256102,2263,2360,1715,3149,2454,1994
0.043324,-0.073289,0.466901,-0.196266,0.088315,-0.255263,2251,2360,1715,3149,2448,1994
0.044695,-0.073720,0.470970,-0.199841,0.088978,-0.252937,2239,2360,1715,3149,2439,1994
0.047902,-0.074092,0.478791,-0.207167,0.089775,-0.248781,2214,2360,1715,3149,2418,1994
0.049199,-0.073706,0.481595,-0.209917,0.089537,-0.247341,2203,2361,1715,3149,2409,1994
0.050390,-0.073226,0.487580,-0.214536,0.089432,-0.243326,2195,2361,1715,3149,2401,1994
0.051737,-0.074127,0.499614,-0.222973,0.091124,-0.234759,2190,2362,1715,3148,2396,1994
0.053114,-0.073607,0.502287,-0.225708,0.090741,-0.233459,2189,2366,1715,3148,2396,1994
0.052476,-0.071548,0.494007,-0.220148,0.088132,-0.239416,2190,2370,1711,3148,2396,1994
0.054427,-0.073508,0.508769,-0.230723,0.091047,-0.229158,2193,2374,1706,3148,2396,1994
0.054938,-0.072417,0.505694,-0.229253,0.089724,-0.231803,2209,2380,1703,3148,2403,1994
0.054081,-0.070301,0.493819,-0.221316,0.086814,-0.240449,2222,2382,1703,3148,2404,1994
0.053965,-0.070017,0.494758,-0.221805,0.086600,-0.239617,2236,2384,1703,3148,2405,1994
0.050164,-0.068323,0.479863,-0.209684,0.084012,-0.248868,2262,2384,1703,3148,2406,1994
0.049000,-0.068798,0.478735,-0.208067,0.084451,-0.249079,2278,2384,1703,3148,2407,1994
0.047267,-0.069346,0.474776,-0.204262,0.084787,-0.251175,2293,2384,1703,3148,2418,1994
0.044850,-0.069634,0.470215,-0.199551,0.084846,-0.253303,2309,2383,1702,3148,2434,1994
0.042520,-0.069143,0.459452,-0.191113,0.083690,-0.260301,2327,2383,1702,3148,2446,1994
0.040428,-0.069938,0.455205,-0.186845,0.084265,-0.262422,2343,2382,1702,3148,2454,1994
0.037725,-0.069243,0.443615,-0.177607,0.082862,-0.269826,2359,2382,1702,3148,2458,1994
0.031137,-0.069930,0.430779,-0.164520,0.082900,-0.275937,2395,2381,1702,3148,2469,1994
0.028580,-0.071503,0.433698,-0.164273,0.084771,-0.272201,2413,2380,1702,3148,2477,1994
0.024174,-0.070367,0.418791,-0.151660,0.082761,-0.281134,2430,2378,1702,3148,2486,1994
-0.002183,-0.075133,0.381882,-0.108141,0.085934,-0.294389,2541,2369,1701,3148,2533,1994
-0.012096,-0.077055,0.373867,-0.095372,0.087668,-0.294771,2569,2369,1701,3148,2546,1994
-0.024274,-0.079091,0.369654,-0.083147,0.089871,-0.290784,2593,2369,1701,3148,2559,1994
-0.025542,-0.075176,0.348350,-0.069122,0.084521,-0.306452,2594,2369,1701,3148,2560,1994
-0.027365,-0.075649,0.351514,-0.069618,0.085284,-0.302884,2591,2369,1701,3148,2560,1994
-0.027390,-0.075041,0.349466,-0.068349,0.084536,-0.304432,2586,2369,1701,3148,2560,1994
-0.026637,-0.075621,0.352848,-0.071012,0.085323,-0.302278,2573,2369,1701,3148,2557,1994
-0.023591,-0.074730,0.351998,-0.072906,0.084257,-0.304743,2556,2369,1701,3148,2552,1994
-0.020836,-0.074078,0.352409,-0.075342,0.083531,-0.306055,2540,2369,1701,3148,2546,1994
0.025676,-0.069893,0.413791,-0.149784,0.081880,-0.285949,2347,2380,1701,3148,2449,1994
0.031274,-0.072917,0.441958,-0.171451,0.086657,-0.267467,2319,2382,1702,3148,2437,1994
0.039887,-0.068647,0.449399,-0.182871,0.082591,-0.266554,2276,2382,1702,3148,2422,1994
0.042484,-0.068821,0.457582,-0.189941,0.083239,-0.261724,2259,2382,1702,3148,2416,1994
0.045425,-0.068594,0.461742,-0.194819,0.083192,-0.260236,2242,2382,1702,3148,2410,1994
0.047269,-0.069130,0.471368,-0.202175,0.084331,-0.253839,2225,2382,1702,3148,2405,1994
0.050072,-0.070310,0.482888,-0.211443,0.086209,-0.246590,2209,2382,1702,3148,2399,1994
0.051530,-0.070117,0.486118,-0.214579,0.086187,-0.244927,2192,2382,1702,3148,2394,1994
0.053095,-0.069309,0.488397,-0.217223,0.085482,-0.244030,2176,2382,1702,3148,2389,1994
0.057627,-0.071138,0.512980,-0.235864,0.088857,-0.227619,2140,2382,1702,3148,2375,1994
0.058858,-0.071334,0.522675,-0.242783,0.089686,-0.220765,2121,2382,1705,3148,2365,1994
0.059661,-0.070242,0.525192,-0.244976,0.088743,-0.219191,2103,2382,1705,3148,2353,1994
0.059783,-0.069542,0.529992,-0.248026,0.088378,-0.215436,2086,2383,1705,3148,2343,1994
0.061118,-0.070043,0.543918,-0.257621,0.089805,-0.205342,2072,2383,1704,3148,2335,1994
0.061758,-0.070356,0.551651,-0.262867,0.090635,-0.199678,2057,2383,1704,3148,2326,1994
0.059191,-0.066980,0.579633,-0.278057,0.089335,-0.175833,2006,2384,1710,3148,2283,1994
0.060646,-0.068920,0.560280,-0.267304,0.089852,-0.192097,2093,2384,1705,3148,2305,1994
0.060561,-0.069284,0.545078,-0.257903,0.089151,-0.204028,2133,2384,1703,3148,2328,1994
0.059387,-0.068487,0.528471,-0.246794,0.087235,-0.216306,2154,2384,1703,3148,2336,1994
0.057724,-0.069695,0.519560,-0.239997,0.087878,-0.222390,2196,2384,1703,3148,2351,1994
0.056678,-0.070440,0.514130,-0.235830,0.088279,-0.226079,2218,2384,1705,3148,2359,1994
0.053624,-0.069531,0.501857,-0.225899,0.086628,-0.233787,2235,2383,1707,3148,2370,1994
0.050764,-0.068942,0.489770,-0.216230,0.085302,-0.241494,2254,2383,1707,3151,2383,1994
0.047847,-0.068410,0.481110,-0.208619,0.084276,-0.246474,2272,2383,1707,3154,2396,1994
0.042663,-0.067997,0.462945,-0.193384,0.082788,-0.257551,2305,2383,1706,3154,2422,1994
0.040495,-0.068628,0.460395,-0.190099,0.083322,-0.258278,2320,2383,1706,3153,2434,1994
0.038470,-0.068768,0.454008,-0.184579,0.083090,-0.262072,2338,2382,1706,3150,2445,1994
0.035663,-0.068797,0.447209,-0.178190,0.082750,-0.265701,2355,2382,1706,3149,2454,1994
0.033580,-0.068924,0.443882,-0.174503,0.082723,-0.267051,2372,2382,1706,3149,2461,1994
0.027729,-0.068499,0.427032,-0.159548,0.081341,-0.276684,2406,2382,1706,3149,2471,1994
0.021312,-0.070418,0.428247,-0.155204,0.083586,-0.271949,2439,2382,1704,3149,2484,1994
0.017407,-0.069240,0.413869,-0.143312,0.081552,-0.280770,2456,2381,1703,3149,2490,1994
0.001987,-0.073138,0.398464,-0.121635,0.084949,-0.283746,2507,2373,1707,3150,2503,1994
-0.005167,-0.075378,0.399990,-0.116896,0.087565,-0.278340,2521,2372,1709,3154,2504,1994
-0.007485,-0.071644,0.377596,-0.101369,0.082359,-0.294236,2524,2372,1710,3154,2504,1994
-0.009829,-0.071554,0.375371,-0.098155,0.082204,-0.294543,2525,2372,1710,3151,2504,1994
-0.009492,-0.070747,0.375492,-0.098506,0.081395,-0.294589,2513,2377,1706,3149,2504,1994
-0.007664,-0.073779,0.393471,-0.110944,0.085609,-0.281810,2501,2381,1704,3148,2503,1994
0.055516,-0.062064,0.567420,-0.267724,0.083718,-0.182797,2060,2403,1748,3148,2216,1994
0.043016,-0.061826,0.562564,-0.254878,0.083621,-0.178939,2066,2332,1805,3147,2198,1994
-0.013761,-0.078020,0.391385,-0.104797,0.089925,-0.280051,2516,2275,1837,3147,2565,1994
-0.023604,-0.078350,0.385401,-0.093349,0.090212,-0.278753,2533,2275,1837,3147,2584,1994
-0.025168,-0.078019,0.381644,-0.089813,0.089680,-0.280723,2531,2275,1837,3147,2582,1994
-0.025058,-0.077935,0.379871,-0.088813,0.089467,-0.282179,2525,2275,1837,3147,2579,1994
-0.024429,-0.078640,0.385460,-0.092731,0.090538,-0.278224,2511,2275,1837,3147,2579,1994
-0.022316,-0.076340,0.376788,-0.089106,0.087555,-0.286156,2498,2275,1836,3146,2577,1994
-0.019589,-0.076506,0.380863,-0.093757,0.087901,-0.284636,2484,2276,1836,3146,2567,1994
-0.012413,-0.074326,0.383071,-0.100805,0.085606,-0.287123,2449,2278,1836,3146,2530,1994
-0.009458,-0.074841,0.390958,-0.107972,0.086561,-0.282771,2431,2279,1836,3146,2517,1994
0.005387,-0.077165,0.433292,-0.145642,0.091279,-0.258758,2360,2284,1836,3146,2481,1994
0.008073,-0.073301,0.420115,-0.139725,0.086398,-0.270461,2343,2285,1836,3146,2470,1994
0.011390,-0.075343,0.439872,-0.154442,0.089694,-0.257117,2326,2286,1836,3146,2460,1994
0.014017,-0.072461,0.433526,-0.152659,0.086274,-0.263489,2312,2287,1836,3146,2452,1994
0.016420,-0.073099,0.443686,-0.160782,0.087532,-0.257023,2297,2287,1836,3146,2445,1994
0.019474,-0.074383,0.459878,-0.173114,0.089831,-0.246262,2282,2287,1836,3146,2437,1994
0.020876,-0.071252,0.448323,-0.167170,0.085844,-0.255959,2266,2287,1836,3146,2427,1994
0.023386,-0.073524,0.466238,-0.180117,0.089271,-0.243589,2250,2287,1836,3146,2417,1994
0.027254,-0.073828,0.479750,-0.191459,0.090374,-0.235356,2217,2288,1837,3146,2398,1994
0.028968,-0.073691,0.485357,-0.196255,0.090565,-0.231986,2199,2288,1837,3146,2386,1994
0.032174,-0.073553,0.497931,-0.206505,0.091187,-0.224052,2161,2289,1837,3146,2363,1994
0.033080,-0.072033,0.498857,-0.207807,0.089703,-0.223758,2144,2289,1837,3146,2354,1994
0.038814,-0.069092,0.549185,-0.243258,0.090085,-0.187460,2110,2303,1837,3146,2300,1994
0.038560,-0.069563,0.545301,-0.240668,0.090292,-0.190396,2127,2303,1837,3146,2305,1994
0.037772,-0.070496,0.546295,-0.240644,0.091322,-0.189206,2151,2302,1837,3146,2318,1994
0.036616,-0.071064,0.533181,-0.231676,0.091012,-0.198855,2174,2302,1836,3146,2332,1994
0.035347,-0.070256,0.517455,-0.221033,0.089150,-0.210382,2197,2301,1836,3146,2346,1994
0.034580,-0.072217,0.519488,-0.221650,0.091278,-0.208468,2222,2301,1831,3146,2357,1994
0.030249,-0.071470,0.490153,-0.200238,0.088639,-0.228824,2270,2301,1816,3146,2386,1994
0.037355,-0.066058,0.489377,-0.205441,0.082917,-0.233360,2194,2344,1777,3147,2310,1994
0.038024,-0.066350,0.492188,-0.207690,0.083379,-0.231582,2178,2340,1778,3147,2299,1994
0.039710,-0.068559,0.500580,-0.214143,0.086106,-0.226190,2165,2338,1778,3147,2289,1994
0.040988,-0.070339,0.505843,-0.218358,0.088200,-0.222975,2151,2337,1778,3147,2279,1994
0.032111,-0.059617,0.557530,-0.243209,0.081486,-0.176042,2073,2331,1863,3146,2281,1994
0.033344,-0.060803,0.555617,-0.242993,0.082486,-0.178396,2095,2321,1862,3146,2284,1994
0.033140,-0.062435,0.552068,-0.240633,0.083871,-0.181191,2104,2321,1862,3146,2286,1994
0.032308,-0.062870,0.546105,-0.236311,0.083918,-0.185405,2111,2321,1862,3146,2288,1994
0.031953,-0.062629,0.539787,-0.232157,0.083247,-0.190137,2119,2321,1862,3146,2289,1994
0.031757,-0.061978,0.536314,-0.229879,0.082362,-0.192696,2129,2321,1861,3146,2290,1994
0.030933,-0.061429,0.530003,-0.225362,0.081404,-0.197111,2138,2319,1861,3146,2296,1994
0.031013,-0.063023,0.534427,-0.228119,0.083300,-0.193807,2149,2313,1861,3146,2310,1994
0.030423,-0.063537,0.528023,-0.223717,0.083385,-0.198523,2160,2304,1861,3146,2325,1994
0.030095,-0.066439,0.519173,-0.217990,0.085669,-0.205510,2188,2289,1861,3146,2342,1994
0.026858,-0.070628,0.501965,-0.204821,0.088760,-0.217391,2220,2278,1862,3147,2350,1994
0.015147,-0.074235,0.454172,-0.166199,0.089449,-0.248086,2318,2269,1863,3147,2406,1994
-0.007052,-0.077834,0.415462,-0.124871,0.091172,-0.265212,2435,2268,1861,3147,2479,1994
0.004734,-0.076711,0.430345,-0.143324,0.090644,-0.260641,2328,2268,1860,3146,2424,1994
0.027199,-0.070280,0.534047,-0.224783,0.090653,-0.192343,2124,2277,1878,3148,2261,1994
0.027199,-0.070280,0.534047,-0.224783,0.090653,-0.192343,2127,2278,1878,3148,2268,1994
0.026670,-0.069841,0.531075,-0.222547,0.090027,-0.194321,2136,2278,1878,3147,2273,1994
0.026755,-0.069288,0.524762,-0.218747,0.089030,-0.199295,2140,2278,1878,3147,2276,1994
0.026755,-0.069288,0.524762,-0.218747,0.089030,-0.199295,2144,2278,1878,3147,2276,1994
0.026698,-0.070056,0.528743,-0.221136,0.090077,-0.196190,2149,2278,1878,3147,2276,1994
0.026027,-0.069367,0.522586,-0.216836,0.088984,-0.200566,2150,2278,1877,3147,2276,1994
0.025751,-0.068459,0.513471,-0.211036,0.087449,-0.207493,2152,2278,1877,3147,2276,1994
0.026173,-0.069886,0.522587,-0.216945,0.089495,-0.200696,2157,2279,1877,3147,2276,1994
0.025462,-0.068775,0.516360,-0.212577,0.087978,-0.205069,2159,2280,1877,3146,2276,1994
0.025247,-0.068244,0.513108,-0.210418,0.087228,-0.207453,2161,2280,1877,3146,2276,1994
0.024534,-0.067343,0.510365,-0.208183,0.086166,-0.209102,2163,2281,1877,3146,2276,1994
0.025366,-0.068326,0.521279,-0.215525,0.087880,-0.201107,2164,2281,1877,3146,2276,1994
0.024965,-0.066753,0.514071,-0.210806,0.085821,-0.206404,2164,2281,1877,3146,2276,1994
0.024971,-0.067015,0.510883,-0.208850,0.085858,-0.208936,2169,2281,1877,3146,2276,1994
0.024691,-0.067690,0.514092,-0.210590,0.086767,-0.206295,2173,2281,1877,3146,2276,1994
0.024691,-0.067690,0.514092,-0.210590,0.086767,-0.206295,2176,2281,1877,3146,2276,1994
0.024135,-0.067871,0.510995,-0.208248,0.086751,-0.208403,2191,2281,1877,3146,2276,1994
0.023223,-0.067889,0.508332,-0.205894,0.086617,-0.209940,2203,2281,1877,3146,2280,1994
0.022595,-0.068134,0.507119,-0.204650,0.086801,-0.210529,2214,2280,1877,3146,2291,1994
0.019960,-0.068335,0.493546,-0.194237,0.086149,-0.219604,2251,2280,1874,3146,2316,1994
0.019584,-0.069660,0.493458,-0.193870,0.087477,-0.219548,2270,2280,1873,3146,2325,1994
0.014905,-0.068604,0.470312,-0.175984,0.084979,-0.234800,2315,2280,1867,3146,2351,1994
0.012887,-0.068404,0.460704,-0.168498,0.084183,-0.241104,2341,2280,1866,3146,2368,1994
0.010103,-0.071519,0.468346,-0.170950,0.087932,-0.233635,2369,2280,1864,3146,2386,1994
-0.030880,-0.075525,0.390482,-0.090759,0.088034,-0.270076,2528,2268,1862,3146,2484,1994
-0.031003,-0.075120,0.383568,-0.086424,0.087149,-0.275406,2524,2268,1862,3146,2482,1994
-0.030066,-0.075777,0.383700,-0.087237,0.087777,-0.275928,2506,2268,1862,3146,2481,1994
-0.028372,-0.075540,0.385599,-0.089743,0.087610,-0.275453,2493,2268,1861,3146,2480,1994
0.012054,-0.073870,0.444287,-0.157695,0.088510,-0.253936,2293,2282,1838,3146,2343,1994
0.015195,-0.071617,0.439240,-0.157107,0.085789,-0.259651,2273,2282,1840,3146,2329,1994
0.018032,-0.073730,0.461272,-0.172840,0.089333,-0.244231,2251,2282,1841,3146,2316,1994
0.022593,-0.071347,0.465656,-0.179162,0.087091,-0.243388,2211,2282,1842,3146,2298,1994
0.025518,-0.073713,0.489386,-0.196004,0.091003,-0.226706,2193,2282,1845,3146,2289,1994
0.026814,-0.071773,0.483087,-0.193186,0.088577,-0.232300,2175,2283,1847,3146,2278,1994
0.028122,-0.071174,0.488535,-0.197569,0.088312,-0.228770,2160,2283,1848,3146,2266,1994
0.031774,-0.071251,0.518576,-0.218888,0.090358,-0.207389,2100,2297,1846,3146,2232,1994
0.033980,-0.070741,0.539602,-0.233540,0.091242,-0.192165,2054,2309,1841,3146,2207,1994
0.036509,-0.064959,0.558261,-0.247061,0.086692,-0.178584,1997,2333,1838,3146,2175,1994
0.037149,-0.062796,0.571881,-0.255953,0.085468,-0.168094,1977,2338,1838,3146,2162,1994
0.037164,-0.061917,0.587639,-0.265646,0.085699,-0.155642,1956,2343,1838,3146,2147,1994
0.036876,-0.060649,0.606780,-0.277183,0.085790,-0.140312,1936,2344,1838,3146,2132,1994
0.036521,-0.060080,0.621522,-0.285957,0.086272,-0.128457,1919,2345,1838,3146,2117,1994
0.035906,-0.060314,0.637794,-0.295455,0.087672,-0.115303,1905,2345,1837,3146,2103,1994
0.032777,-0.057550,0.613662,-0.278210,0.083342,-0.132144,1889,2345,1837,3146,2086,1994
0.031060,-0.056831,0.609028,-0.274020,0.082366,-0.134680,1874,2343,1837,3146,2074,1994
0.030242,-0.060049,0.634742,-0.289114,0.087412,-0.114212,1860,2342,1837,3146,2063,1994
0.028604,-0.060123,0.632999,-0.286750,0.087426,-0.114585,1849,2341,1837,3146,2056,1994
0.026753,-0.060960,0.638792,-0.288833,0.088739,-0.108962,1841,2341,1837,3146,2051,1994
0.025783,-0.060924,0.640932,-0.289382,0.088891,-0.106681,1838,2341,1837,3146,2050,1994
0.025200,-0.061886,0.653867,-0.296847,0.090781,-0.096228,1839,2341,1837,3146,2054,1994
0.025200,-0.061886,0.653867,-0.296847,0.090781,-0.096228,1854,2341,1837,3146,2059,1994
0.026275,-0.061883,0.653836,-0.297677,0.090735,-0.096911,1869,2341,1837,3146,2061,1994
0.026753,-0.060960,0.638792,-0.288833,0.088739,-0.108962,1886,2340,1837,3146,2068,1994
0.027567,-0.061175,0.633103,-0.285982,0.088523,-0.113950,1902,2339,1836,3146,2083,1994
0.029439,-0.061674,0.633153,-0.287484,0.088951,-0.115098,1923,2336,1836,3146,2099,1994
0.033869,-0.063707,0.624817,-0.285840,0.090221,-0.124528,1965,2333,1836,3146,2124,1994
0.034586,-0.063819,0.610470,-0.277599,0.089298,-0.136259,1982,2333,1836,3146,2134,1994
0.035591,-0.064324,0.601720,-0.273016,0.089147,-0.143796,2002,2333,1836,3146,2145,1994
0.035756,-0.064332,0.590777,-0.266430,0.088380,-0.152503,2021,2333,1836,3146,2157,1994
0.036874,-0.064888,0.590735,-0.267280,0.088889,-0.153264,2037,2333,1836,3146,2168,1994
0.037109,-0.064426,0.579992,-0.260878,0.087664,-0.161820,2055,2333,1836,3146,2182,1994
0.037442,-0.063521,0.569749,-0.254867,0.086030,-0.170008,2075,2333,1836,3146,2195,1994
0.037366,-0.062924,0.562298,-0.250241,0.084914,-0.175773,2092,2333,1836,3146,2207,1994
0.036569,-0.061872,0.539333,-0.235532,0.082283,-0.193262,2143,2333,1835,3146,2240,1994
0.035924,-0.062247,0.533045,-0.231159,0.082240,-0.197841,2156,2333,1833,3146,2247,1994
0.035217,-0.062799,0.529959,-0.228700,0.082601,-0.199878,2175,2333,1829,3146,2257,1994
0.033656,-0.062665,0.518363,-0.220352,0.081713,-0.208031,2196,2333,1822,3146,2269,1994
0.032218,-0.064857,0.506780,-0.212081,0.083140,-0.216432,2241,2333,1806,3146,2310,1994
0.031105,-0.065084,0.491512,-0.201829,0.082336,-0.227775,2261,2333,1796,3146,2333,1994
0.029651,-0.068922,0.476609,-0.191485,0.085171,-0.238907,2297,2333,1779,3147,2363,1994
0.028736,-0.070424,0.465775,-0.184096,0.085942,-0.246986,2316,2333,1774,3147,2371,1994
0.027814,-0.072673,0.464615,-0.182627,0.088138,-0.247510,2333,2333,1771,3147,2375,1994
0.025447,-0.072833,0.448918,-0.171123,0.087286,-0.258417,2350,2333,1771,3147,2377,1994
0.019867,-0.073247,0.438139,-0.160098,0.087156,-0.263508,2383,2333,1771,3147,2381,1994
0.004233,-0.074640,0.418006,-0.135382,0.087733,-0.269873,2464,2333,1770,3147,2452,1994
-0.005670,-0.073346,0.393536,-0.112563,0.085105,-0.282947,2485,2332,1770,3147,2466,1994
-0.007557,-0.073614,0.389470,-0.108575,0.085160,-0.285010,2484,2332,1770,3147,2466,1994
-0.008195,-0.073707,0.389292,-0.107961,0.085265,-0.284766,2480,2332,1770,3147,2464,1994
-0.006300,-0.076614,0.410350,-0.122343,0.089568,-0.269597,2451,2333,1770,3147,2459,1994
0.003399,-0.070493,0.396118,-0.121344,0.082094,-0.286247,2407,2334,1770,3147,2444,1994
0.010379,-0.071793,0.415347,-0.138638,0.084471,-0.275504,2366,2334,1770,3147,2424,1994
0.016920,-0.070774,0.421014,-0.147293,0.083602,-0.274974,2328,2334,1770,3147,2408,1994
0.022160,-0.074165,0.448605,-0.168319,0.088718,-0.256755,2307,2335,1771,3147,2397,1994
0.029149,-0.074091,0.466340,-0.184722,0.089621,-0.247084,2263,2338,1772,3147,2374,1994
0.031480,-0.072483,0.466698,-0.186802,0.087953,-0.248103,2242,2340,1775,3147,2363,1994
0.035540,-0.068574,0.469304,-0.191656,0.084084,-0.248232,2199,2343,1777,3147,2333,1994
0.038177,-0.068536,0.483870,-0.202678,0.084968,-0.238390,2178,2344,1779,3147,2318,1994
0.039893,-0.067576,0.489940,-0.207770,0.084372,-0.234591,2159,2344,1781,3147,2304,1994
0.041977,-0.067745,0.505591,-0.219018,0.085558,-0.223574,2139,2344,1782,3147,2287,1994
0.043753,-0.069098,0.523846,-0.231606,0.088122,-0.210413,2119,2342,1782,3147,2270,1994
0.045061,-0.068982,0.529154,-0.235898,0.088328,-0.207032,2081,2340,1782,3147,2232,1994
0.046221,-0.070098,0.540770,-0.243928,0.090212,-0.198696,2062,2339,1782,3147,2213,1994
0.046038,-0.070420,0.543418,-0.245404,0.090726,-0.196526,2046,2339,1780,3147,2195,1994
0.044300,-0.068908,0.566489,-0.258210,0.090906,-0.177199,2088,2344,1783,3147,2166,1994
0.044255,-0.068459,0.557166,-0.252460,0.089806,-0.184468,2114,2344,1783,3147,2190,1994
0.044048,-0.067793,0.544008,-0.244229,0.088225,-0.194635,2141,2344,1783,3147,2215,1994
0.043279,-0.068759,0.540758,-0.241615,0.088990,-0.196796,2170,2344,1783,3147,2238,1994
0.041605,-0.068086,0.525247,-0.230783,0.087293,-0.207915,2197,2344,1783,3147,2261,1994
0.040314,-0.068080,0.516980,-0.224690,0.086757,-0.213626,2222,2344,1782,3147,2284,1994
0.037464,-0.066917,0.495511,-0.209280,0.084199,-0.228671,2249,2344,1777,3147,2312,1994
0.035499,-0.066086,0.482227,-0.199586,0.082513,-0.237848,2274,2346,1773,3147,2339,1994
0.033703,-0.065995,0.471411,-0.191532,0.081732,-0.245246,2293,2346,1773,3147,2360,1994
0.032853,-0.067880,0.476673,-0.194066,0.084013,-0.240736,2315,2346,1773,3147,2379,1994
0.027744,-0.068650,0.468882,-0.185242,0.084431,-0.243794,2356,2345,1772,3147,2407,1994
-0.003487,-0.069746,0.397908,-0.117016,0.081740,-0.280561,2450,2341,1771,3147,2493,1994
0.003814,-0.071781,0.425930,-0.139951,0.085456,-0.263159,2404,2342,1775,3147,2431,1994
0.022536,-0.068432,0.438356,-0.162399,0.082270,-0.264592,2269,2334,1784,3147,2321,1994
0.026319,-0.070381,0.457549,-0.177140,0.085415,-0.251970,2245,2334,1784,3147,2301,1994
-0.015584,-0.075157,0.428710,-0.126300,0.089764,-0.249356,2433,2207,1950,3146,2460,1994
-0.017427,-0.074256,0.421137,-0.120210,0.088405,-0.254111,2453,2207,1950,3146,2472,1994
-0.029543,-0.076696,0.416094,-0.107519,0.090949,-0.250847,2509,2206,1949,3146,2521,1994
-0.033653,-0.077064,0.411694,-0.101569,0.091165,-0.251818,2526,2205,1949,3146,2537,1994
-0.045590,-0.076241,0.385837,-0.076288,0.088988,-0.264774,2555,2198,1949,3146,2565,1994
-0.048124,-0.078172,0.386937,-0.074937,0.091087,-0.262510,2548,2197,1949,3146,2561,1994
0.012599,-0.069536,0.425327,-0.146544,0.082837,-0.268837,2389,2294,1846,3076,2478,1994
0.013399,-0.075040,0.448770,-0.161493,0.089940,-0.251327,2382,2286,1846,3073,2478,1994
0.013826,-0.073271,0.427647,-0.148889,0.086676,-0.268060,2377,2279,1846,3071,2476,1994
0.015414,-0.075879,0.435593,-0.154986,0.089773,-0.262991,2371,2272,1846,3071,2474,1994
0.016947,-0.076355,0.425479,-0.149984,0.089477,-0.271921,2367,2271,1847,3071,2473,1994
0.018146,-0.076113,0.428223,-0.152618,0.089383,-0.270478,2361,2271,1847,3071,2472,1994
0.019316,-0.076989,0.434967,-0.157669,0.090685,-0.265961,2347,2271,1847,3071,2472,1994
0.020744,-0.076973,0.434870,-0.158736,0.090607,-0.266910,2331,2271,1847,3071,2469,1994
0.025447,-0.077149,0.441049,-0.166239,0.091035,-0.264946,2291,2272,1847,3074,2433,1994
0.028117,-0.076778,0.449406,-0.173480,0.091149,-0.259981,2266,2274,1847,3079,2409,1994
0.032332,-0.073939,0.464353,-0.186016,0.089208,-0.250585,2214,2285,1847,3079,2369,1994
0.037715,-0.072182,0.481953,-0.201090,0.088485,-0.239903,2160,2294,1847,3073,2322,1994
0.041375,-0.071836,0.500202,-0.215184,0.089281,-0.227767,2133,2298,1847,3073,2295,1994
0.042955,-0.068978,0.501694,-0.217383,0.086477,-0.227335,2109,2304,1847,3072,2271,1994
0.044989,-0.067656,0.515593,-0.227535,0.086057,-0.217546,2085,2310,1846,3071,2247,1994
0.046481,-0.067146,0.533186,-0.239516,0.086727,-0.204585,2060,2314,1845,3070,2223,1994
0.047759,-0.064594,0.553333,-0.252922,0.085548,-0.189323,2015,2317,1844,3070,2180,1994
0.049312,-0.065247,0.575649,-0.267836,0.087708,-0.172776,1990,2317,1844,3070,2154,1994
0.048627,-0.064883,0.584860,-0.272952,0.088018,-0.165084,1967,2317,1844,3070,2130,1994
0.033251,-0.060984,0.674361,-0.315792,0.091011,-0.084973,1872,2342,1842,3069,2036,1994
0.038398,-0.057978,0.647412,-0.303354,0.085923,-0.109081,1924,2343,1845,3073,2060,1994
0.042233,-0.060543,0.555247,-0.249787,0.081858,-0.184111,2029,2327,1847,3082,2155,1994
0.042131,-0.063704,0.569565,-0.258453,0.086019,-0.173039,2010,2318,1848,3082,2143,1994
0.042108,-0.064682,0.575865,-0.262289,0.087437,-0.168148,2002,2314,1850,3082,2140,1994
0.040914,-0.064549,0.568600,-0.256889,0.086840,-0.173120,1999,2311,1855,3082,2140,1994
0.041052,-0.067814,0.584465,-0.266693,0.091204,-0.160987,1999,2303,1866,3082,2136,1994
0.039380,-0.067737,0.576583,-0.260537,0.090637,-0.166155,1998,2289,1879,3082,2132,1994
-0.029882,-0.072818,0.464162,-0.136801,0.090473,-0.212532,2343,2095,2145,3068,2457,1994
-0.029190,-0.068210,0.463552,-0.137031,0.085810,-0.213071,2338,2106,2145,3068,2438,1994
-0.028619,-0.066055,0.462345,-0.136768,0.083556,-0.214200,2328,2107,2145,3068,2428,1994
-0.028498,-0.065001,0.464777,-0.138370,0.082671,-0.212278,2321,2103,2146,3068,2418,1994
-0.028815,-0.065966,0.470546,-0.141648,0.084050,-0.207623,2315,2099,2146,3068,2410,1994
-0.028535,-0.067255,0.475545,-0.144921,0.085676,-0.203965,2313,2096,2147,3068,2403,1994
-0.028804,-0.071338,0.481278,-0.148175,0.090159,-0.199615,2297,2086,2156,3068,2389,1994
-0.028429,-0.072336,0.481205,-0.148413,0.091134,-0.199982,2288,2074,2164,3068,2380,1994
-0.042492,-0.069920,0.498189,-0.147765,0.090460,-0.177818,2264,1927,2381,2874,2346,1994
-0.041436,-0.068079,0.507022,-0.154043,0.089205,-0.171374,2262,1927,2396,2862,2345,1994
-0.040479,-0.063548,0.497466,-0.148992,0.083980,-0.179116,2261,1928,2409,2856,2342,1994
-0.022052,-0.056109,0.588295,-0.219376,0.082236,-0.118389,1969,2002,2330,2866,2171,1994
-0.021276,-0.059483,0.607917,-0.231988,0.086948,-0.103701,1973,2002,2325,2871,2171,1994
-0.019324,-0.058479,0.588111,-0.221387,0.084481,-0.120393,1976,2002,2320,2878,2170,1994
-0.017852,-0.059588,0.577124,-0.215792,0.084757,-0.130022,1980,2002,2306,2898,2169,1994
-0.018825,-0.061824,0.587656,-0.221459,0.087763,-0.121321,1982,2002,2299,2909,2169,1994
-0.018865,-0.063641,0.589137,-0.222313,0.089680,-0.120275,1985,2002,2291,2922,2169,1994
-0.023097,-0.066627,0.556420,-0.198856,0.090522,-0.143647,2090,2033,2256,2990,2173,1994
-0.023075,-0.066085,0.550587,-0.195300,0.089570,-0.148205,2115,2036,2256,2990,2181,1994
-0.025625,-0.063288,0.531202,-0.181426,0.085519,-0.161666,2204,2038,2256,2985,2234,1994
-0.026964,-0.063107,0.520819,-0.173999,0.084661,-0.168996,2240,2038,2255,2984,2255,1994
-0.028323,-0.062657,0.506810,-0.164334,0.083280,-0.179144,2267,2038,2255,2984,2272,1994
-0.047084,-0.063872,0.456677,-0.118741,0.081692,-0.207172,2444,2034,2254,2984,2389,1994
-0.066100,-0.064921,0.426867,-0.085421,0.081376,-0.219048,2515,2032,2244,2983,2425,1994
-0.071507,-0.070321,0.447550,-0.093777,0.088420,-0.199897,2503,2035,2225,2983,2432,1994
-0.033284,-0.072382,0.450718,-0.125869,0.089225,-0.220985,2324,2039,2201,2985,2403,1994
-0.025737,-0.069591,0.453326,-0.133464,0.086336,-0.223338,2275,2040,2213,2989,2351,1994
-0.025016,-0.069755,0.468165,-0.143137,0.087513,-0.212122,2245,2041,2214,2990,2329,1994
-0.022223,-0.068721,0.494293,-0.161390,0.088210,-0.193205,2183,2051,2214,2986,2293,1994
-0.015969,-0.064657,0.490290,-0.163923,0.083637,-0.199863,2131,2066,2205,2984,2266,1994
-0.013722,-0.068475,0.537241,-0.194463,0.090655,-0.164619,2101,2074,2202,2984,2250,1994
-0.008416,-0.064208,0.536060,-0.197981,0.086115,-0.168461,2050,2090,2200,2983,2210,1994
-0.007624,-0.062366,0.543594,-0.203253,0.084777,-0.162876,2025,2096,2200,2983,2194,1994
-0.007520,-0.060506,0.583787,-0.228026,0.085742,-0.131185,1956,2099,2200,2983,2159,1994
-0.008135,-0.059487,0.583745,-0.227527,0.084748,-0.130760,1934,2098,2200,2983,2150,1994
-0.008937,-0.059642,0.584905,-0.227604,0.085014,-0.129369,1912,2096,2200,2983,2141,1994
-0.012706,-0.062511,0.615501,-0.243370,0.090169,-0.103226,1854,2092,2199,2983,2115,1994
-0.014071,-0.063278,0.620226,-0.245182,0.091317,-0.098735,1835,2092,2199,2983,2105,1994
-0.015451,-0.062427,0.614568,-0.240631,0.090125,-0.102271,1916,2092,2199,2983,2114,1994
-0.014162,-0.062675,0.615305,-0.242097,0.090375,-0.102502,1950,2092,2199,2983,2127,1994
-0.012201,-0.063108,0.604221,-0.236837,0.089952,-0.112453,1988,2091,2199,2983,2140,1994
-0.010059,-0.063439,0.595856,-0.233391,0.089611,-0.120370,2023,2091,2199,2983,2152,1994
-0.008617,-0.062657,0.576663,-0.222761,0.087429,-0.136285,2060,2090,2198,2983,2163,1994
-0.008120,-0.064143,0.575394,-0.222355,0.088801,-0.137704,2096,2090,2198,2983,2176,1994
-0.008073,-0.064362,0.566813,-0.217124,0.088415,-0.144499,2131,2089,2198,2983,2190,1994
-0.010604,-0.062631,0.527315,-0.190907,0.084012,-0.173873,2202,2088,2194,2983,2231,1994
-0.011965,-0.064340,0.524405,-0.188025,0.085564,-0.175463,2235,2088,2190,2984,2253,1994
-0.016404,-0.064273,0.600304,-0.231101,0.091000,-0.113051,1930,2086,2192,2992,2058,1994
-0.012340,-0.065387,0.584442,-0.224561,0.090839,-0.128103,2009,2085,2192,2992,2113,1994
-0.011235,-0.064255,0.563475,-0.212579,0.088196,-0.145179,2073,2085,2192,2992,2151,1994
-0.011301,-0.065541,0.564892,-0.213381,0.089580,-0.144125,2097,2085,2192,2992,2167,1994
-0.010938,-0.064818,0.548576,-0.203663,0.087699,-0.157121,2122,2085,2192,2992,2184,1994
-0.011352,-0.065510,0.546812,-0.202245,0.088281,-0.158310,2148,2084,2191,2992,2197,1994
-0.011787,-0.063860,0.527705,-0.190196,0.085311,-0.172939,2172,2084,2191,2992,2210,1994
-0.013292,-0.064950,0.525188,-0.187450,0.086278,-0.174082,2196,2084,2190,2992,2225,1994
-0.016796,-0.067609,0.529903,-0.187544,0.089394,-0.168438,2251,2083,2190,2992,2253,1994
-0.030332,-0.067080,0.476579,-0.144139,0.085643,-0.202038,2379,2076,2190,2992,2321,1994
-0.045581,-0.066071,0.433889,-0.105914,0.082226,-0.226187,2466,2078,2180,2992,2382,1994
-0.049727,-0.068491,0.445045,-0.109458,0.085581,-0.215065,2471,2078,2178,2992,2387,1994
-0.049952,-0.067197,0.431821,-0.101180,0.083371,-0.225225,2472,2077,2178,2992,2388,1994
-0.050164,-0.067617,0.429759,-0.099742,0.083653,-0.226750,2471,2077,2178,2992,2387,1994
-0.050198,-0.068009,0.426010,-0.097410,0.083782,-0.229707,2466,2077,2178,2992,2386,1994
-0.050397,-0.069210,0.432613,-0.101289,0.085451,-0.224488,2450,2077,2178,2992,2382,1994
-0.049774,-0.071161,0.445672,-0.109770,0.088289,-0.214755,2434,2077,2178,2991,2381,1994
-0.046300,-0.068830,0.432365,-0.104376,0.084896,-0.227163,2418,2077,2178,2989,2380,1994
-0.025784,-0.068827,0.470345,-0.143881,0.086771,-0.209864,2279,2077,2179,2990,2336,1994
-0.022487,-0.069083,0.476061,-0.149989,0.087301,-0.207409,2250,2076,2181,2991,2319,1994
-0.018969,-0.067368,0.470084,-0.149120,0.085036,-0.214130,2220,2076,2184,2991,2303,1994
-0.017062,-0.067035,0.475987,-0.154252,0.085045,-0.210629,2191,2076,2187,2991,2287,1994
-0.014681,-0.066404,0.481340,-0.159425,0.084701,-0.207828,2160,2076,2188,2992,2268,1994
-0.010426,-0.068950,0.537354,-0.197128,0.091010,-0.166587,2066,2076,2186,2992,2207,1994
-0.008041,-0.066056,0.526403,-0.192327,0.087264,-0.176431,2143,2083,2181,2992,2237,1994
-0.009079,-0.067268,0.534388,-0.196392,0.089072,-0.169612,2162,2083,2180,2992,2258,1994
-0.009327,-0.067859,0.531959,-0.194698,0.089500,-0.171417,2179,2082,2180,2992,2280,1994
-0.010053,-0.067960,0.527803,-0.191573,0.089337,-0.174248,2196,2080,2179,2992,2301,1994
-0.011175,-0.068003,0.517743,-0.184513,0.088717,-0.181476,2213,2078,2179,2992,2320,1994
-0.012014,-0.068596,0.513503,-0.181241,0.089042,-0.184343,2230,2077,2180,2992,2336,1994
-0.012746,-0.068472,0.505580,-0.175802,0.088390,-0.190116,2246,2077,2180,2992,2351,1994
-0.015049,-0.068094,0.496452,-0.168387,0.087461,-0.195852,2259,2076,2181,2992,2365,1994
-0.016229,-0.068630,0.493991,-0.165938,0.087868,-0.197107,2270,2076,2183,2992,2379,1994
-0.017422,-0.068815,0.491943,-0.163737,0.087954,-0.198002,2280,2076,2185,2992,2388,1994
-0.020216,-0.067316,0.485932,-0.157861,0.086146,-0.200898,2296,2081,2191,2992,2393,1994
-0.022088,-0.064987,0.478663,-0.151952,0.083386,-0.205284,2302,2084,2191,2993,2398,1994
-0.023821,-0.063751,0.478396,-0.150437,0.082201,-0.204334,2311,2085,2192,2993,2410,1994
-0.033582,-0.062858,0.479736,-0.143565,0.081782,-0.197230,2354,2086,2194,2993,2427,1994
-0.033080,-0.062952,0.480420,-0.144379,0.081904,-0.197007,2350,2086,2194,2992,2426,1994
-0.032713,-0.063512,0.484191,-0.146976,0.082713,-0.194311,2348,2085,2194,2992,2426,1994
-0.029008,-0.064844,0.473691,-0.143440,0.083160,-0.204943,2306,2077,2194,2992,2376,1994
-0.028901,-0.067484,0.491194,-0.154232,0.087017,-0.191453,2292,2077,2194,2992,2363,1994
-0.026348,-0.064876,0.473854,-0.145640,0.083101,-0.206447,2273,2077,2194,2992,2349,1994
-0.024487,-0.064949,0.480642,-0.151274,0.083579,-0.202255,2253,2077,2193,2992,2332,1994
-0.022162,-0.064291,0.480617,-0.153102,0.082831,-0.203646,2232,2079,2193,2992,2310,1994
-0.020021,-0.063791,0.485575,-0.157841,0.082600,-0.201020,2206,2081,2193,2992,2286,1994
-0.018566,-0.064612,0.499903,-0.167773,0.084368,-0.190708,2180,2083,2193,2992,2262,1994
-0.017104,-0.064687,0.512517,-0.176667,0.085272,-0.181690,2156,2085,2193,2990,2240,1994
-0.010036,-0.064906,0.567752,-0.216143,0.089099,-0.142601,2045,2088,2193,2985,2155,1994
-0.009130,-0.061640,0.548452,-0.205055,0.084453,-0.158076,2020,2088,2193,2985,2133,1994
-0.009006,-0.063427,0.566810,-0.216397,0.087519,-0.143856,1993,2087,2193,2985,2111,1994
-0.008835,-0.064183,0.573200,-0.220443,0.088715,-0.138996,1970,2087,2193,2985,2089,1994
-0.009775,-0.064973,0.584925,-0.226887,0.090362,-0.129261,1946,2087,2193,2985,2067,1994
-0.011351,-0.064273,0.587611,-0.227300,0.089913,-0.126129,1922,2087,2193,2985,2047,1994
-0.013455,-0.064285,0.594233,-0.229703,0.090472,-0.119633,1880,2087,2193,2985,2023,1994
-0.019181,-0.061323,0.621865,-0.242179,0.089681,-0.094161,1875,2103,2193,2985,2015,1994
-0.018156,-0.061319,0.621832,-0.242967,0.089635,-0.094815,1892,2108,2193,2986,2015,1994
-0.016970,-0.060519,0.620423,-0.243050,0.088693,-0.096586,1910,2112,2193,2987,2015,1994
-0.015637,-0.058087,0.603782,-0.233920,0.085049,-0.110296,1930,2117,2193,2988,2015,1994
-0.015015,-0.056933,0.601880,-0.233258,0.083740,-0.112082,1949,2121,2193,2988,2016,1994
-0.014449,-0.056162,0.598947,-0.231915,0.082744,-0.114674,1967,2124,2192,2988,2029,1994
-0.007476,-0.059045,0.548079,-0.206165,0.081776,-0.159177,2083,2115,2189,2988,2253,1994
-0.007150,-0.058736,0.573565,-0.222067,0.083246,-0.139310,1976,2114,2190,2989,2197,1994
-0.008043,-0.057895,0.574827,-0.222147,0.082531,-0.137703,1940,2114,2190,2989,2182,1994
-0.009526,-0.059724,0.593077,-0.232154,0.085693,-0.122588,1921,2114,2190,2990,2173,1994
-0.009773,-0.059262,0.593235,-0.232062,0.085253,-0.122276,1905,2114,2189,2990,2164,1994
-0.010724,-0.060090,0.603926,-0.237862,0.086866,-0.113352,1886,2114,2188,2990,2155,1994
-0.011347,-0.060610,0.611557,-0.242046,0.087944,-0.107010,1868,2114,2186,2990,2145,1994
-0.012633,-0.061607,0.624326,-0.248855,0.089885,-0.096259,1849,2114,2184,2990,2135,1994
-0.013808,-0.061986,0.630537,-0.251735,0.090743,-0.090685,1833,2114,2182,2990,2124,1994
-0.016747,-0.062649,0.624462,-0.245677,0.091091,-0.093715,1903,2114,2180,2991,2042,1994
-0.014702,-0.060998,0.606226,-0.236121,0.088086,-0.109178,1933,2114,2180,2991,2062,1994
-0.012445,-0.061275,0.600003,-0.234080,0.087838,-0.115476,1967,2114,2180,2991,2085,1994
-0.010978,-0.061991,0.600006,-0.235231,0.088495,-0.116429,1996,2114,2179,2991,2107,1994
-0.009179,-0.061707,0.591643,-0.231522,0.087556,-0.124085,2027,2114,2178,2991,2132,1994
-0.006795,-0.060703,0.555808,-0.211424,0.083946,-0.153647,2121,2114,2178,2988,2199,1994
-0.006733,-0.061275,0.547555,-0.206401,0.083933,-0.160220,2152,2114,2178,2987,2221,1994
-0.006976,-0.061445,0.543530,-0.203737,0.083829,-0.163251,2183,2114,2177,2986,2244,1994
-0.011550,-0.061829,0.523613,-0.187898,0.082989,-0.176141,2259,2114,2177,2985,2309,1994
-0.016009,-0.062103,0.511927,-0.177203,0.082613,-0.182621,2299,2114,2177,2985,2352,1994
-0.008893,-0.064373,0.532139,-0.195195,0.086021,-0.171265,2167,2113,2176,2984,2288,1994
-0.007780,-0.061712,0.512546,-0.184084,0.081950,-0.187145,2145,2113,2176,2984,2268,1994
-0.005552,-0.062794,0.533761,-0.198849,0.084433,-0.171911,2099,2113,2177,2984,2225,1994
-0.004672,-0.061900,0.533634,-0.199477,0.083499,-0.172479,2076,2113,2177,2984,2203,1994
-0.004526,-0.061333,0.542211,-0.204863,0.083530,-0.165780,2052,2113,2177,2984,2180,1994
-0.003996,-0.064974,0.584940,-0.231459,0.090142,-0.132790,2003,2113,2177,2984,2135,1994
-0.003975,-0.062760,0.569528,-0.222045,0.086851,-0.144748,1979,2113,2177,2984,2108,1994
-0.004697,-0.061756,0.569108,-0.221230,0.085849,-0.144556,1955,2113,2176,2984,2082,1994
-0.006515,-0.063297,0.587553,-0.231095,0.088750,-0.129059,1902,2113,2176,2983,2028,1994
-0.007611,-0.064628,0.604240,-0.240454,0.091291,-0.115371,1875,2113,2176,2983,2002,1994
-0.012835,-0.061769,0.633642,-0.254411,0.090708,-0.088822,1898,2117,2177,2986,2125,1994
-0.010692,-0.061976,0.630434,-0.254131,0.090607,-0.092674,1928,2117,2177,2987,2144,1994
-0.009093,-0.060606,0.614887,-0.245869,0.088087,-0.105772,1960,2118,2177,2987,2165,1994
-0.007496,-0.062642,0.624384,-0.252932,0.090723,-0.099443,1992,2119,2177,2985,2186,1994
-0.005464,-0.060225,0.594878,-0.236459,0.086163,-0.123700,2019,2119,2176,2984,2204,1994
-0.003675,-0.059522,0.583560,-0.230934,0.084598,-0.133641,2049,2119,2176,2984,2222,1994
-0.002542,-0.060417,0.582843,-0.231377,0.085395,-0.134970,2077,2119,2176,2984,2237,1994
-0.002299,-0.059547,0.566052,-0.221276,0.083340,-0.148254,2104,2118,2176,2984,2252,1994
-0.013725,-0.062968,0.512282,-0.179212,0.083412,-0.183810,2302,2114,2175,2983,2400,1994
-0.005098,-0.059520,0.548042,-0.208014,0.082155,-0.160700,2046,2115,2178,2984,2191,1994
-0.004042,-0.059367,0.549695,-0.209863,0.082078,-0.160036,2019,2115,2177,2984,2167,1994
-0.004338,-0.060347,0.558406,-0.214964,0.083679,-0.153081,1992,2114,2177,2984,2142,1994
-0.004112,-0.064877,0.601935,-0.241798,0.091243,-0.119347,1968,2114,2176,2984,2119,1994
-0.004706,-0.060874,0.566703,-0.219758,0.084800,-0.146373,1942,2114,2176,2984,2091,1994
-0.005547,-0.062319,0.587460,-0.231814,0.087731,-0.129648,1915,2114,2176,2984,2066,1994
-0.007312,-0.062093,0.592646,-0.233607,0.087939,-0.124471,1894,2114,2176,2984,2044,1994
-0.008814,-0.063114,0.606162,-0.240703,0.089964,-0.113002,1870,2114,2176,2985,2023,1994
-0.009604,-0.062224,0.595267,-0.233404,0.088342,-0.121016,1981,2114,2176,2991,2167,1994
-0.007014,-0.061588,0.585084,-0.229207,0.086893,-0.130560,2015,2114,2176,2991,2206,1994
-0.005316,-0.062310,0.582571,-0.228997,0.087370,-0.133633,2054,2114,2176,2991,2247,1994
-0.004045,-0.062423,0.572612,-0.223886,0.086734,-0.142253,2094,2114,2175,2991,2290,1994
-0.003698,-0.062818,0.566142,-0.220185,0.086660,-0.147584,2132,2114,2175,2991,2331,1994
-0.003733,-0.062973,0.556714,-0.214369,0.086154,-0.154991,2173,2113,2175,2989,2376,1994
-0.004067,-0.062481,0.540560,-0.204198,0.084541,-0.167450,2216,2113,2175,2987,2423,1994
-0.005528,-0.061179,0.519081,-0.189879,0.081791,-0.183343,2259,2113,2175,2985,2466,1994
-0.100746,-0.076557,0.377278,-0.027489,0.090826,-0.237740,2734,2088,2133,2991,2856,1994
-0.098665,-0.073675,0.362192,-0.019910,0.086813,-0.250650,2739,2088,2134,2991,2859,1994
-0.099404,-0.072682,0.359226,-0.017519,0.085643,-0.252451,2743,2088,2134,2991,2861,1994
-0.101457,-0.072470,0.360168,-0.016480,0.085578,-0.250436,2747,2089,2135,2992,2861,1994
-0.101304,-0.070845,0.353342,-0.012432,0.083472,-0.255768,2751,2090,2135,2992,2861,1994
-0.103026,-0.070031,0.353108,-0.010939,0.082711,-0.254834,2753,2091,2136,2992,2861,1994
-0.105151,-0.070283,0.356591,-0.011396,0.083289,-0.250813,2754,2093,2136,2992,2861,1994
-0.106406,-0.070071,0.358272,-0.011439,0.083244,-0.248706,2754,2094,2139,2992,2861,1994
-0.106897,-0.069097,0.356536,-0.009999,0.082169,-0.249692,2758,2095,2143,2992,2861,1994
-0.013230,-0.061994,0.511349,-0.179043,0.082357,-0.184769,2161,2098,2182,2992,2281,1994
-0.011340,-0.062570,0.517419,-0.184253,0.083285,-0.181199,2140,2098,2182,2992,2260,1994
-0.009787,-0.062982,0.526518,-0.191058,0.084275,-0.175028,2116,2098,2182,2992,2237,1994
-0.008835,-0.062728,0.530875,-0.194487,0.084291,-0.172165,2093,2098,2182,2992,2212,1994
-0.008189,-0.062806,0.533880,-0.196839,0.084555,-0.170204,2070,2098,2181,2991,2187,1994
-0.007207,-0.063152,0.542506,-0.202904,0.085468,-0.164049,2046,2097,2181,2991,2161,1994
-0.007474,-0.063428,0.550886,-0.207833,0.086342,-0.157317,2028,2096,2181,2991,2142,1994
-0.007580,-0.064611,0.564904,-0.216337,0.088510,-0.146322,2009,2094,2181,2991,2120,1994
-0.007762,-0.064776,0.566464,-0.217149,0.088791,-0.144996,1990,2092,2181,2991,2097,1994
-0.008742,-0.065620,0.576388,-0.222456,0.090367,-0.136659,1965,2090,2181,2991,2070,1994
-0.008849,-0.066264,0.577713,-0.223175,0.091106,-0.135603,1955,2089,2180,2991,2059,1994
-0.007478,-0.059384,0.587151,-0.230138,0.084859,-0.128476,1954,2132,2179,2983,2096,1994
-0.006735,-0.055214,0.599442,-0.238320,0.081537,-0.118936,1948,2144,2172,2983,2096,1994
0.003659,-0.055280,0.605500,-0.250242,0.081628,-0.120545,2001,2142,2168,2932,2129,1994
-0.038939,-0.068133,0.425366,-0.105901,0.083427,-0.237122,2483,2082,2173,2939,2482,1994
-0.040943,-0.068983,0.423171,-0.102961,0.084197,-0.237687,2490,2081,2176,2939,2493,1994
-0.043912,-0.071622,0.435057,-0.107878,0.087777,-0.226730,2495,2081,2178,2939,2504,1994
-0.046141,-0.071262,0.432753,-0.104709,0.087341,-0.227147,2498,2081,2179,2939,2515,1994
-0.047093,-0.070255,0.430738,-0.102734,0.086233,-0.228070,2502,2081,2180,2939,2525,1994
-0.050384,-0.065740,0.424885,-0.096601,0.081448,-0.230299,2523,2090,2181,2939,2545,1994
-0.054938,-0.068775,0.416575,-0.087867,0.084065,-0.234284,2538,2078,2175,2940,2609,1994
-0.053117,-0.067834,0.408142,-0.084141,0.082464,-0.241957,2538,2074,2175,2940,2609,1994
-0.051942,-0.067852,0.403120,-0.081987,0.082085,-0.246628,2538,2067,2175,2940,2609,1994
-0.052464,-0.071000,0.408961,-0.085119,0.085653,-0.241964,2538,2058,2177,2940,2609,1994
-0.051652,-0.071836,0.403378,-0.082324,0.086062,-0.246918,2540,2050,2179,2940,2609,1994
-0.052320,-0.073172,0.403424,-0.081808,0.087423,-0.246578,2542,2045,2180,2941,2609,1994
-0.053727,-0.075986,0.407354,-0.083073,0.090559,-0.242847,2544,2041,2181,2941,2611,1994
-0.055756,-0.075673,0.407480,-0.081552,0.090333,-0.241481,2544,2045,2182,2941,2615,1994
-0.055082,-0.075333,0.407456,-0.082074,0.089967,-0.241886,2545,2045,2182,2941,2615,1994
-0.054876,-0.074053,0.402159,-0.079002,0.088311,-0.246076,2546,2045,2182,2941,2615,1994
-0.056025,-0.075412,0.406727,-0.080881,0.090031,-0.241887,2551,2045,2182,2941,2615,1994
-0.057574,-0.076344,0.408643,-0.080822,0.091155,-0.239505,2562,2044,2182,2941,2615,1994
-0.057894,-0.075805,0.403101,-0.077175,0.090240,-0.243625,2573,2044,2182,2941,2616,1994
-0.060239,-0.076639,0.404627,-0.076250,0.091269,-0.241055,2583,2043,2182,2941,2616,1994
-0.062945,-0.076700,0.399964,-0.071251,0.091106,-0.243068,2591,2042,2182,2941,2616,1994
-0.063634,-0.074763,0.387639,-0.063168,0.088336,-0.252185,2602,2042,2182,2941,2617,1994
-0.084398,-0.077657,0.374940,-0.038946,0.091129,-0.249680,2658,2037,2181,2941,2662,1994
-0.021679,-0.074330,0.443472,-0.130560,0.090211,-0.233948,2336,2046,2182,2940,2530,1994
-0.045811,-0.075444,0.423920,-0.099495,0.090877,-0.234627,2536,2047,2182,2940,2623,1994
-0.066969,-0.072893,0.388007,-0.060785,0.086627,-0.249705,2621,2047,2182,2940,2686,1994
-0.072872,-0.072661,0.387009,-0.055516,0.086552,-0.246855,2628,2055,2182,2938,2689,1994
-0.074317,-0.072090,0.385612,-0.053525,0.085941,-0.247023,2627,2065,2182,2935,2688,1994
-0.074277,-0.070525,0.382547,-0.051695,0.084164,-0.249334,2624,2073,2182,2933,2686,1994
-0.073724,-0.068794,0.384063,-0.053084,0.082524,-0.248344,2620,2087,2181,2932,2683,1994
-0.071564,-0.076999,0.376047,-0.049765,0.090056,-0.256620,2621,2052,2167,2937,2678,1994
-0.053977,-0.075718,0.395722,-0.075740,0.089484,-0.251821,2537,2053,2178,2939,2621,1994
-0.053516,-0.075837,0.405596,-0.082162,0.090278,-0.244348,2531,2053,2179,2939,2618,1994
-0.052045,-0.075061,0.404485,-0.082651,0.089370,-0.246061,2527,2053,2179,2939,2617,1994
-0.050077,-0.074674,0.406163,-0.085240,0.089026,-0.245917,2523,2053,2180,2940,2616,1994
-0.049878,-0.075042,0.411072,-0.088405,0.089731,-0.242207,2520,2053,2181,2940,2616,1994
-0.049187,-0.074433,0.414001,-0.090756,0.089303,-0.240279,2520,2053,2181,2940,2616,1994
-0.048037,-0.073950,0.411949,-0.090411,0.088633,-0.242559,2520,2053,2181,2940,2618,1994
-0.048343,-0.073655,0.411450,-0.089866,0.088315,-0.242741,2520,2052,2181,2940,2620,1994
-0.048028,-0.073209,0.407645,-0.087786,0.087591,-0.245891,2524,2052,2181,2936,2621,1994
-0.048706,-0.074254,0.411701,-0.089726,0.088944,-0.242368,2527,2052,2181,2933,2624,1994
-0.049043,-0.074772,0.411968,-0.089617,0.089492,-0.241993,2528,2052,2181,2931,2624,1994
-0.048647,-0.074357,0.407375,-0.087117,0.088741,-0.245815,2530,2052,2180,2931,2624,1994
-0.048996,-0.074593,0.407069,-0.086650,0.088968,-0.245860,2532,2053,2180,2931,2623,1994
-0.050106,-0.074953,0.409026,-0.086970,0.089507,-0.243670,2537,2055,2180,2931,2623,1994
-0.050704,-0.074811,0.407569,-0.085606,0.089286,-0.244438,2539,2056,2180,2931,2623,1994
-0.051024,-0.074617,0.407204,-0.085132,0.089079,-0.244513,2539,2058,2180,2931,2623,1994
-0.051818,-0.073687,0.406385,-0.084014,0.088125,-0.244598,2539,2061,2180,2931,2623,1994
-0.052147,-0.073732,0.409154,-0.085453,0.088377,-0.242222,2539,2062,2179,2931,2623,1994
-0.051409,-0.072086,0.404655,-0.083296,0.086393,-0.246082,2539,2063,2178,2931,2623,1994
-0.050951,-0.071295,0.402660,-0.082443,0.085446,-0.247869,2539,2063,2177,2931,2623,1994
-0.050688,-0.070888,0.403450,-0.083141,0.085086,-0.247376,2539,2063,2176,2931,2623,1994
-0.050736,-0.070741,0.404599,-0.083810,0.085022,-0.246432,2540,2063,2176,2931,2623,1994
-0.050592,-0.071290,0.406073,-0.084821,0.085667,-0.245405,2541,2063,2176,2931,2623,1994
-0.050951,-0.071295,0.402660,-0.082443,0.085446,-0.247869,2541,2063,2177,2931,2623,1994
-0.051597,-0.071743,0.404603,-0.083120,0.086054,-0.245981,2541,2063,2179,2931,2623,1994
-0.051620,-0.071302,0.402705,-0.081942,0.085482,-0.247424,2541,2063,2181,2931,2623,1994
-0.052062,-0.070733,0.404543,-0.082729,0.085060,-0.245663,2539,2063,2181,2931,2623,1994
-0.051711,-0.069150,0.403679,-0.082496,0.083409,-0.246432,2537,2064,2181,2931,2623,1994
-0.053266,-0.071803,0.423055,-0.093126,0.087475,-0.230452,2535,2064,2181,2931,2623,1994
-0.050249,-0.067972,0.404483,-0.084158,0.082235,-0.246603,2534,2064,2182,2931,2623,1994
-0.050384,-0.068457,0.407774,-0.086066,0.082954,-0.243970,2534,2064,2182,2931,2623,1994
-0.049700,-0.068442,0.407678,-0.086546,0.082906,-0.244463,2534,2064,2182,2931,2621,1994
-0.049681,-0.068418,0.408194,-0.086879,0.082918,-0.244067,2534,2064,2182,2931,2621,1994
-0.049357,-0.068592,0.407309,-0.086589,0.083017,-0.244975,2534,2064,2182,2931,2620,1994
-0.049711,-0.069332,0.411948,-0.089147,0.084094,-0.241169,2534,2064,2183,2931,2620,1994
-0.049368,-0.068109,0.407713,-0.086834,0.082564,-0.244613,2534,2064,2183,2931,2620,1994
-0.049359,-0.067923,0.407322,-0.086604,0.082351,-0.244912,2534,2064,2183,2931,2620,1994
-0.049359,-0.067923,0.407322,-0.086604,0.082351,-0.244912,2534,2064,2183,2931,2620,1994
-0.049761,-0.068286,0.408876,-0.087236,0.082837,-0.243472,2534,2064,2183,2931,2619,1994
-0.049682,-0.068242,0.407222,-0.086283,0.082675,-0.244817,2534,2064,2183,2931,2619,1994
-0.049384,-0.068530,0.407792,-0.086865,0.082990,-0.244574,2534,2064,2183,2931,2619,1994
-0.049711,-0.069332,0.411948,-0.089147,0.084094,-0.241169,2534,2064,2183,2931,2622,1994
-0.049007,-0.068571,0.407178,-0.086786,0.082974,-0.245291,2534,2064,2183,2931,2623,1994
-0.049007,-0.068571,0.407178,-0.086786,0.082974,-0.245291,2534,2064,2183,2931,2623,1994
-0.051219,-0.071955,0.423816,-0.095207,0.087600,-0.231119,2534,2064,2183,2931,2623,1994
-0.049704,-0.069117,0.407693,-0.086545,0.083580,-0.244502,2534,2064,2183,2931,2622,1994
-0.050099,-0.069789,0.410066,-0.087680,0.084432,-0.242448,2534,2064,2183,2931,2621,1994
-0.049706,-0.069791,0.407707,-0.086542,0.084254,-0.244544,2534,2064,2183,2931,2621,1994
-0.050409,-0.070713,0.412084,-0.088662,0.085507,-0.240744,2534,2064,2183,2931,2622,1994
-0.050021,-0.069824,0.407488,-0.086158,0.084283,-0.244525,2534,2064,2183,2931,2621,1994
-0.050211,-0.068842,0.408096,-0.086394,0.083354,-0.243853,2534,2066,2183,2931,2621,1994
-0.050384,-0.068457,0.407774,-0.086066,0.082954,-0.243970,2534,2068,2183,2931,2623,1994
-0.050762,-0.069096,0.409958,-0.087100,0.083760,-0.242072,2535,2069,2183,2931,2623,1994
-0.050433,-0.068287,0.408884,-0.086710,0.082865,-0.243054,2535,2070,2183,2931,2623,1994
-0.050716,-0.066936,0.407453,-0.085626,0.081429,-0.243899,2536,2074,2183,2931,2623,1994
-0.049893,-0.071479,0.426243,-0.097749,0.087246,-0.229986,2524,2063,2182,2936,2617,1994
-0.049423,-0.071665,0.416623,-0.092214,0.086737,-0.237853,2525,2061,2183,2936,2617,1994
-0.049393,-0.072232,0.411784,-0.089260,0.086961,-0.241722,2526,2061,2183,2937,2617,1994
-0.050037,-0.072391,0.411936,-0.088844,0.087155,-0.241221,2526,2061,2183,2937,2617,1994
-0.050098,-0.072642,0.412198,-0.088953,0.087426,-0.240997,2526,2062,2183,2936,2617,1994
-0.049708,-0.071869,0.407667,-0.086489,0.086322,-0.244738,2526,2063,2183,2935,2617,1994
-0.050064,-0.071598,0.413864,-0.090015,0.086501,-0.239625,2526,2063,2183,2935,2617,1994
-0.049538,-0.070187,0.408086,-0.086902,0.084668,-0.244380,2526,2063,2183,2935,2617,1994
-0.049453,-0.070016,0.409138,-0.087617,0.084568,-0.243591,2526,2063,2183,2935,2617,1994
-0.049453,-0.070016,0.409138,-0.087617,0.084568,-0.243591,2526,2063,2183,2936,2617,1994
-0.050098,-0.070604,0.412170,-0.088962,0.085393,-0.240858,2526,2063,2183,2936,2617,1994
-0.049913,-0.070595,0.408535,-0.086878,0.085121,-0.243829,2526,2063,2183,2936,2617,1994
-0.049680,-0.070587,0.407189,-0.086235,0.085009,-0.245030,2526,2063,2183,2935,2617,1994
-0.050098,-0.070604,0.412170,-0.088962,0.085393,-0.240858,2526,2065,2183,2935,2617,1994
-0.049706,-0.069791,0.407707,-0.086542,0.084254,-0.244544,2526,2066,2183,2935,2617,1994
-0.049385,-0.069203,0.407796,-0.086858,0.083661,-0.244624,2525,2067,2183,2936,2620,1994
-0.049000,-0.068404,0.408119,-0.087370,0.082873,-0.244542,2525,2068,2183,2937,2621,1994
-0.049424,-0.068907,0.412131,-0.089491,0.083672,-0.241168,2525,2068,2183,2937,2621,1994
-0.049383,-0.067857,0.407789,-0.086872,0.082319,-0.244524,2526,2068,2183,2937,2621,1994
-0.050021,-0.068087,0.408210,-0.086624,0.082602,-0.243821,2526,2068,2183,2937,2621,1994
-0.050093,-0.068280,0.408840,-0.086952,0.082842,-0.243296,2526,2069,2183,2937,2621,1994
-0.050107,-0.067962,0.408956,-0.087016,0.082533,-0.243171,2526,2069,2183,2937,2621,1994
-0.049383,-0.067857,0.407789,-0.086872,0.082319,-0.244524,2526,2069,2183,2937,2621,1994
-0.049755,-0.067603,0.408822,-0.087216,0.082152,-0.243464,2526,2069,2183,2937,2621,1994
-0.049361,-0.067590,0.407340,-0.086618,0.082021,-0.244870,2526,2069,2183,2937,2621,1994
-0.052004,-0.071077,0.426233,-0.096082,0.086925,-0.228669,2526,2068,2183,2937,2621,1994
-0.050079,-0.068407,0.409863,-0.087589,0.083040,-0.242510,2526,2068,2183,2937,2621,1994
-0.049374,-0.068180,0.407710,-0.086826,0.082635,-0.244618,2526,2068,2183,2937,2621,1994
-0.049359,-0.068260,0.407327,-0.086603,0.082687,-0.244933,2526,2068,2183,2937,2621,1994
-0.050412,-0.069014,0.412096,-0.088689,0.083815,-0.240598,2526,2068,2183,2937,2621,1994
-0.049714,-0.068186,0.407740,-0.086576,0.082656,-0.244386,2526,2068,2183,2937,2621,1994
-0.050078,-0.069029,0.412186,-0.089007,0.083823,-0.240733,2526,2069,2183,2937,2621,1994
-0.049383,-0.067857,0.407789,-0.086872,0.082319,-0.244524,2526,2069,2183,2937,2621,1994
-0.049361,-0.067590,0.407340,-0.086618,0.082021,-0.244870,2526,2070,2183,2937,2621,1994
-0.050066,-0.067713,0.409750,-0.087539,0.082339,-0.242552,2526,2070,2183,2937,2621,1994
-0.049863,-0.067143,0.407983,-0.086622,0.081639,-0.244021,2526,2071,2183,2937,2621,1994
-0.050115,-0.067236,0.412258,-0.089045,0.082042,-0.240512,2526,2071,2183,2937,2621,1994
-0.050115,-0.067236,0.412258,-0.089045,0.082042,-0.240512,2526,2072,2183,2937,2621,1994
-0.051697,-0.069365,0.423378,-0.094593,0.085006,-0.230967,2526,2072,2183,2937,2621,1994
-0.050115,-0.067236,0.412258,-0.089045,0.082042,-0.240512,2526,2072,2183,2937,2621,1994
-0.052006,-0.069676,0.426259,-0.096114,0.085531,-0.228536,2526,2072,2183,2937,2621,1994
-0.050115,-0.067236,0.412258,-0.089045,0.082042,-0.240512,2526,2072,2183,2937,2621,1994
-0.050115,-0.067236,0.412258,-0.089045,0.082042,-0.240512,2526,2071,2183,2937,2621,1994
-0.052033,-0.070347,0.427530,-0.096864,0.086289,-0.227573,2526,2071,2183,2937,2621,1994
-0.050037,-0.067261,0.407384,-0.086116,0.081722,-0.244395,2526,2071,2183,2937,2621,1994
-0.050462,-0.067586,0.412338,-0.088815,0.082410,-0.240264,2526,2071,2183,2937,2621,1994
-0.050215,-0.066999,0.409349,-0.087183,0.081606,-0.242720,2526,2071,2183,2937,2621,1994
-0.052080,-0.070059,0.427938,-0.097081,0.086034,-0.227201,2526,2071,2183,2937,2621,1994
-0.050053,-0.067019,0.409638,-0.087489,0.081640,-0.242594,2526,2071,2183,2937,2621,1994
-0.052007,-0.070028,0.426276,-0.096119,0.085883,-0.228550,2526,2071,2183,2937,2621,1994
-0.051159,-0.069147,0.421790,-0.094046,0.084656,-0.232527,2526,2071,2183,2937,2621,1994
-0.050426,-0.067261,0.408810,-0.086683,0.081837,-0.243036,2526,2071,2183,2937,2621,1994
-0.050053,-0.067019,0.409638,-0.087489,0.081640,-0.242594,2526,2071,2183,2937,2621,1994
-0.050053,-0.067019,0.409638,-0.087489,0.081640,-0.242594,2526,2071,2183,2937,2621,1994
-0.050462,-0.067586,0.412338,-0.088815,0.082410,-0.240264,2526,2071,2183,2937,2621,1994
-0.050053,-0.067019,0.409638,-0.087489,0.081640,-0.242594,2526,2072,2183,2937,2621,1994
-0.051449,-0.069064,0.428433,-0.097896,0.085052,-0.227119,2526,2073,2183,2937,2621,1994
-0.049718,-0.067305,0.412046,-0.089228,0.082081,-0.240928,2526,2072,2183,2937,2621,1994
-0.049382,-0.067185,0.407785,-0.086879,0.081649,-0.244474,2526,2072,2183,2937,2621,1994
-0.049773,-0.067568,0.412237,-0.089298,0.082358,-0.240764,2525,2072,2183,2937,2621,1994
-0.049378,-0.067017,0.409630,-0.088017,0.081611,-0.243013,2525,2072,2183,2937,2621,1994
-0.049677,-0.067119,0.413513,-0.090163,0.081997,-0.239784,2525,2073,2183,2937,2621,1994
-0.049771,-0.066886,0.412210,-0.089292,0.081676,-0.240733,2525,2073,2183,2937,2621,1994
-0.049746,-0.067162,0.411921,-0.089131,0.081930,-0.240997,2525,2073,2183,2937,2621,1994
-0.049730,-0.066975,0.412114,-0.089264,0.081757,-0.240841,2525,2073,2183,2937,2621,1994
-0.049730,-0.066975,0.412114,-0.089264,0.081757,-0.240841,2525,2073,2183,2937,2621,1994
-0.049730,-0.066975,0.412114,-0.089264,0.081757,-0.240841,2525,2073,2183,2937,2621,1994
-0.049771,-0.066886,0.412210,-0.089292,0.081676,-0.240733,2525,2073,2183,2937,2621,1994
-0.051272,-0.069471,0.426339,-0.096745,0.085303,-0.228906,2525,2073,2183,2937,2621,1994
-0.051679,-0.069637,0.427503,-0.097136,0.085566,-0.227755,2525,2073,2183,2937,2621,1994
-0.049735,-0.067659,0.412141,-0.089268,0.082441,-0.240871,2525,2072,2183,2937,2621,1994
-0.049773,-0.067568,0.412237,-0.089298,0.082358,-0.240764,2525,2072,2183,2937,2621,1994
-0.049773,-0.067568,0.412237,-0.089298,0.082358,-0.240764,2525,2072,2183,2937,2621,1994
-0.050108,-0.067559,0.412167,-0.088991,0.082357,-0.240614,2525,2073,2183,2937,2621,1994
-0.049730,-0.066975,0.412114,-0.089264,0.081757,-0.240841,2525,2073,2183,2937,2621,1994
-0.049771,-0.066886,0.412210,-0.089292,0.081676,-0.240733,2525,2071,2183,2937,2621,1994
-0.049378,-0.067017,0.409630,-0.088017,0.081611,-0.243013,2525,2070,2183,2937,2621,1994
-0.051296,-0.070368,0.426191,-0.096624,0.086188,-0.229079,2525,2070,2183,2937,2621,1994
-0.049554,-0.067691,0.409458,-0.087763,0.082278,-0.243094,2525,2071,2183,2937,2621,1994
-0.051294,-0.070716,0.426172,-0.096609,0.086534,-0.229123,2525,2072,2183,2937,2621,1994
-0.049426,-0.067218,0.412156,-0.089527,0.081990,-0.241013,2523,2073,2183,2937,2621,1994
-0.051238,-0.070188,0.432345,-0.100449,0.086439,-0.224262,2523,2073,2183,2937,2621,1994
-0.051018,-0.069346,0.427895,-0.097902,0.085278,-0.227829,2523,2073,2183,2937,2621,1994
-0.051018,-0.069346,0.427895,-0.097902,0.085278,-0.227829,2524,2073,2183,2937,2621,1994
-0.050708,-0.069473,0.426388,-0.097220,0.085287,-0.229214,2524,2073,2183,2937,2621,1994
-0.050051,-0.069784,0.428515,-0.099041,0.085722,-0.227968,2521,2073,2183,2937,2621,1994
-0.051266,-0.068762,0.426301,-0.096735,0.084594,-0.228884,2524,2074,2183,2937,2621,1994
-0.049378,-0.067017,0.409630,-0.088017,0.081611,-0.243013,2525,2071,2183,2937,2621,1994
-0.049382,-0.067185,0.407785,-0.086879,0.081649,-0.244474,2525,2071,2183,2937,2621,1994
-0.049417,-0.067601,0.408815,-0.087479,0.082137,-0.243676,2525,2072,2183,2937,2621,1994
-0.049430,-0.067283,0.408930,-0.087543,0.081828,-0.243552,2525,2072,2183,2937,2621,1994
-0.049771,-0.066886,0.412210,-0.089292,0.081676,-0.240733,2525,2073,2183,2937,2621,1994
-0.051718,-0.069620,0.431195,-0.099371,0.085811,-0.224827,2525,2073,2183,2937,2621,1994
-0.049378,-0.067017,0.409630,-0.088017,0.081611,-0.243013,2525,2072,2183,2937,2621,1994
-0.049382,-0.067185,0.407785,-0.086879,0.081649,-0.244474,2525,2072,2183,2937,2621,1994
-0.049773,-0.067568,0.412237,-0.089298,0.082358,-0.240764,2525,2073,2183,2937,2621,1994
-0.049378,-0.067017,0.409630,-0.088017,0.081611,-0.243013,2525,2073,2183,2937,2621,1994
-0.051326,-0.069635,0.427496,-0.097411,0.085551,-0.227977,2525,2073,2183,2937,2621,1994
-0.049677,-0.067119,0.413513,-0.090163,0.081997,-0.239784,2525,2073,2183,2937,2621,1994
-0.049378,-0.067017,0.409630,-0.088017,0.081611,-0.243013,2525,2073,2183,2937,2621,1994
-0.050748,-0.068009,0.422860,-0.095042,0.083581,-0.231848,2525,2074,2183,2937,2621,1994
-0.051299,-0.068967,0.426217,-0.096655,0.084794,-0.228947,2524,2074,2183,2937,2621,1994
-0.051266,-0.068762,0.426301,-0.096735,0.084594,-0.228884,2524,2074,2183,2937,2621,1994
-0.051258,-0.068994,0.428136,-0.097864,0.084954,-0.227465,2523,2074,2183,2937,2621,1994
-0.051346,-0.069243,0.431014,-0.099559,0.085407,-0.225167,2523,2074,2183,2937,2621,1994
-0.051371,-0.069347,0.427904,-0.097628,0.085294,-0.227606,2524,2073,2183,2937,2621,1994
-0.051271,-0.069719,0.428253,-0.097917,0.085685,-0.227422,2523,2073,2183,2937,2621,1994
-0.050589,-0.069659,0.426149,-0.097165,0.085451,-0.229489,2524,2073,2183,2937,2621,1994
-0.049415,-0.066857,0.412025,-0.089459,0.081621,-0.241094,2524,2073,2183,2937,2621,1994
-0.048631,-0.066743,0.413291,-0.090857,0.081566,-0.240570,2521,2074,2183,2937,2621,1994
-0.050618,-0.068924,0.427460,-0.097956,0.084812,-0.228382,2522,2074,2183,2937,2621,1994
-0.048631,-0.066743,0.413291,-0.090857,0.081566,-0.240570,2520,2074,2183,2937,2621,1994
-0.049674,-0.068984,0.427913,-0.098979,0.084868,-0.228610,2519,2074,2183,2937,2621,1994
-0.049846,-0.068989,0.428114,-0.098966,0.084893,-0.228346,2519,2074,2183,2937,2621,1994
-0.048022,-0.067173,0.416455,-0.093273,0.082193,-0.238489,2519,2074,2183,2937,2621,1994
-0.049904,-0.069205,0.430797,-0.100564,0.085299,-0.226218,2519,2074,2183,2937,2621,1994
-0.049815,-0.069476,0.432333,-0.101573,0.085674,-0.225086,2519,2074,2183,2938,2621,1994
-0.048022,-0.067173,0.416455,-0.093273,0.082193,-0.238489,2519,2074,2183,2938,2621,1994
-0.048022,-0.067173,0.416455,-0.093273,0.082193,-0.238489,2519,2074,2183,2938,2621,1994
-0.047483,-0.066887,0.413918,-0.092146,0.081710,-0.240792,2519,2074,2183,2938,2621,1994
-0.047483,-0.066887,0.413918,-0.092146,0.081710,-0.240792,2519,2074,2183,2938,2621,1994
-0.048022,-0.067173,0.416455,-0.093273,0.082193,-0.238489,2519,2074,2183,2938,2621,1994
-0.048022,-0.067173,0.416455,-0.093273,0.082193,-0.238489,2519,2074,2183,2938,2621,1994
-0.048022,-0.067173,0.416455,-0.093273,0.082193,-0.238489,2519,2074,2183,2938,2621,1994
-0.048022,-0.067173,0.416455,-0.093273,0.082193,-0.238489,2519,2074,2183,2938,2621,1994
-0.048022,-0.067173,0.416455,-0.093273,0.082193,-0.238489,2519,2074,2183,2938,2621,1994
-0.048022,-0.067173,0.416455,-0.093273,0.082193,-0.238489,2519,2074,2183,2938,2621,1994
-0.048022,-0.067173,0.416455,-0.093273,0.082193,-0.238489,2519,2074,2183,2938,2621,1994
-0.048022,-0.067173,0.416455,-0.093273,0.082193,-0.238489,2519,2074,2183,2938,2621,1994
-0.048022,-0.067173,0.416455,-0.093273,0.082193,-0.238489,2519,2074,2183,2938,2621,1994
-0.048022,-0.067173,0.416455,-0.093273,0.082193,-0.238489,2519,2074,2183,2938,2621,1994
-0.047483,-0.066887,0.413918,-0.092146,0.081710,-0.240792,2519,2074,2183,2938,2621,1994
-0.047483,-0.066887,0.413918,-0.092146,0.081710,-0.240792,2519,2074,2183,2938,2621,1994
-0.048022,-0.067173,0.416455,-0.093273,0.082193,-0.238489,2519,2074,2183,2938,2621,1994
-0.048022,-0.067173,0.416455,-0.093273,0.082193,-0.238489,2519,2074,2183,2938,2621,1994
-0.049917,-0.068928,0.427488,-0.098527,0.084791,-0.228790,2520,2074,2183,2938,2621,1994
-0.047279,-0.066753,0.413345,-0.091957,0.081528,-0.241356,2519,2071,2183,2938,2621,1994
-0.048028,-0.067866,0.416493,-0.093283,0.082887,-0.238510,2521,2069,2183,2938,2621,1994
-0.047339,-0.067145,0.407533,-0.088337,0.081512,-0.245921,2523,2066,2183,2938,2621,1994
-0.048315,-0.068191,0.411164,-0.089782,0.082848,-0.242551,2524,2063,2183,2938,2621,1994
-0.049030,-0.069881,0.413762,-0.090791,0.084742,-0.240203,2525,2062,2183,2938,2621,1994
-0.049026,-0.070511,0.407583,-0.086994,0.084937,-0.245115,2525,2062,2183,2938,2621,1994
-0.050038,-0.071716,0.411948,-0.088858,0.086483,-0.241157,2523,2062,2183,2938,2621,1994
-0.049726,-0.072743,0.412030,-0.089142,0.087501,-0.241365,2520,2062,2183,2938,2621,1994
-0.048356,-0.071520,0.407585,-0.087511,0.085916,-0.245603,2519,2062,2183,2938,2621,1994
-0.047675,-0.070834,0.407502,-0.088007,0.085201,-0.246031,2519,2062,2183,2938,2621,1994
-0.047715,-0.070921,0.412050,-0.090766,0.085608,-0.242437,2520,2062,2183,2938,2621,1994
-0.049500,-0.073707,0.426052,-0.097914,0.089438,-0.230553,2520,2061,2183,2938,2621,1994
-0.049590,-0.074001,0.423238,-0.096112,0.089536,-0.232734,2521,2061,2183,2938,2621,1994
-0.050213,-0.075127,0.426142,-0.097388,0.090887,-0.230158,2520,2061,2183,2938,2621,1994
-0.049097,-0.073749,0.416748,-0.092521,0.088810,-0.238120,2519,2061,2183,2938,2621,1994
-0.047676,-0.072178,0.407506,-0.087991,0.086540,-0.246133,2519,2061,2183,2938,2621,1994
-0.047794,-0.072241,0.410567,-0.089776,0.086823,-0.243660,2519,2061,2183,2938,2621,1994
-0.047647,-0.072019,0.411755,-0.090624,0.086679,-0.242798,2519,2061,2183,2938,2621,1994
-0.048050,-0.073037,0.416607,-0.093270,0.088050,-0.238816,2520,2061,2183,2938,2621,1994
-0.047916,-0.072480,0.411261,-0.090103,0.087115,-0.243058,2520,2061,2183,2938,2621,1994
-0.048759,-0.073412,0.416796,-0.092822,0.088465,-0.238263,2520,2061,2183,2938,2621,1994
-0.048347,-0.072713,0.411844,-0.090117,0.087404,-0.242354,2519,2061,2183,2938,2621,1994
-0.047676,-0.071506,0.407505,-0.087999,0.085870,-0.246082,2519,2061,2183,2938,2621,1994
-0.048742,-0.073044,0.416658,-0.092755,0.088087,-0.238352,2519,2061,2183,2938,2621,1994
-0.049907,-0.075220,0.430835,-0.100508,0.091297,-0.226662,2519,2061,2183,2938,2621,1994
-0.047780,-0.071543,0.410447,-0.089722,0.086118,-0.243707,2520,2061,2183,2938,2621,1994
-0.047676,-0.071506,0.407505,-0.087999,0.085870,-0.246082,2520,2061,2183,2938,2621,1994
-0.048329,-0.072027,0.411803,-0.090115,0.086717,-0.242343,2520,2061,2183,2938,2621,1994
-0.048404,-0.072298,0.412172,-0.090279,0.087016,-0.242029,2519,2061,2183,2938,2621,1994
-0.048380,-0.072642,0.413992,-0.091410,0.087486,-0.240639,2519,2061,2183,2938,2621,1994
-0.047676,-0.071506,0.407505,-0.087999,0.085870,-0.246082,2519,2061,2183,2938,2621,1994
-0.048397,-0.073044,0.416639,-0.093016,0.088073,-0.238578,2519,2061,2183,2938,2621,1994
-0.048397,-0.073044,0.416639,-0.093016,0.088073,-0.238578,2519,2061,2183,2938,2621,1994
-0.048397,-0.073044,0.416639,-0.093016,0.088073,-0.238578,2519,2061,2183,2938,2621,1994
-0.048395,-0.073382,0.416619,-0.093001,0.088408,-0.238623,2519,2061,2183,2938,2621,1994
-0.047919,-0.072569,0.413042,-0.091192,0.087328,-0.241663,2519,2061,2183,2938,2621,1994
-0.047970,-0.072888,0.415111,-0.092417,0.087793,-0.240030,2519,2061,2183,2938,2621,1994
-0.048397,-0.073044,0.416639,-0.093016,0.088073,-0.238578,2519,2061,2183,2938,2621,1994
-0.048397,-0.073044,0.416639,-0.093016,0.088073,-0.238578,2519,2061,2183,2938,2621,1994
-0.048397,-0.073044,0.416639,-0.093016,0.088073,-0.238578,2519,2061,2183,2938,2621,1994
-0.047967,-0.072540,0.415083,-0.092407,0.087445,-0.240026,2519,2061,2183,2938,2621,1994
-0.048434,-0.072593,0.416757,-0.093065,0.087633,-0.238428,2519,2061,2183,2938,2621,1994
-0.048486,-0.072514,0.415030,-0.091965,0.087435,-0.239748,2519,2061,2183,2938,2621,1994
-0.048042,-0.072304,0.414000,-0.091686,0.087136,-0.240813,2519,2061,2183,2938,2621,1994
-0.047950,-0.071525,0.410177,-0.089423,0.086088,-0.243814,2519,2061,2183,2938,2621,1994
-0.047780,-0.071543,0.410447,-0.089722,0.086118,-0.243707,2519,2061,2183,2938,2621,1994
-0.047780,-0.071543,0.410447,-0.089722,0.086118,-0.243707,2519,2061,2183,2938,2621,1994
-0.047950,-0.071525,0.410177,-0.089423,0.086088,-0.243814,2519,2061,2183,2938,2621,1994
-0.047950,-0.071525,0.410177,-0.089423,0.086088,-0.243814,2519,2061,2183,2938,2621,1994
-0.047780,-0.071543,0.410447,-0.089722,0.086118,-0.243707,2519,2061,2183,2938,2621,1994
-0.047780,-0.071543,0.410447,-0.089722,0.086118,-0.243707,2519,2061,2183,2938,2621,1994
-0.047569,-0.071449,0.411178,-0.090339,0.086068,-0.243255,2519,2061,2183,2938,2621,1994
-0.048046,-0.072347,0.416588,-0.093270,0.087361,-0.238778,2519,2061,2183,2938,2621,1994
-0.048046,-0.072347,0.416588,-0.093270,0.087361,-0.238778,2519,2061,2183,2938,2621,1994
-0.048394,-0.072354,0.416622,-0.093017,0.087384,-0.238539,2519,2061,2183,2938,2621,1994
-0.048394,-0.072354,0.416622,-0.093017,0.087384,-0.238539,2519,2061,2183,2938,2621,1994
-0.048433,-0.071904,0.416734,-0.093061,0.086944,-0.238392,2519,2061,2183,2938,2621,1994
-0.048433,-0.071904,0.416734,-0.093061,0.086944,-0.238392,2519,2061,2183,2938,2621,1994
-0.048040,-0.071410,0.412861,-0.091000,0.086165,-0.241640,2519,2061,2183,2938,2621,1994
-0.049883,-0.074671,0.430964,-0.100614,0.090759,-0.226532,2519,2061,2183,2938,2621,1994
-0.050234,-0.074332,0.430968,-0.100344,0.090434,-0.226287,2519,2061,2183,2938,2621,1994
-0.048433,-0.071904,0.416734,-0.093061,0.086944,-0.238392,2519,2061,2183,2938,2621,1994
-0.048433,-0.071904,0.416734,-0.093061,0.086944,-0.238392,2519,2061,2183,2938,2621,1994
-0.048394,-0.072354,0.416622,-0.093017,0.087384,-0.238539,2519,2061,2183,2938,2621,1994
-0.048394,-0.072354,0.416622,-0.093017,0.087384,-0.238539,2519,2061,2183,2938,2621,1994
-0.047649,-0.071343,0.411765,-0.090637,0.086006,-0.242736,2519,2061,2183,2938,2621,1994
-0.049501,-0.074410,0.426055,-0.097906,0.090139,-0.230606,2519,2061,2183,2938,2621,1994
-0.049907,-0.075220,0.430835,-0.100508,0.091297,-0.226662,2519,2061,2183,2938,2621,1994
-0.047780,-0.071543,0.410447,-0.089722,0.086118,-0.243707,2519,2061,2183,2938,2621,1994
-0.047569,-0.071449,0.411178,-0.090339,0.086068,-0.243255,2519,2061,2183,2938,2621,1994
-0.047697,-0.071959,0.413974,-0.091947,0.086778,-0.241017,2519,2061,2183,2938,2621,1994
-0.048394,-0.072354,0.416622,-0.093017,0.087384,-0.238539,2519,2061,2183,2938,2621,1994
-0.048394,-0.072354,0.416622,-0.093017,0.087384,-0.238539,2519,2061,2183,2938,2621,1994
-0.048046,-0.072347,0.416588,-0.093270,0.087361,-0.238778,2519,2061,2183,2938,2621,1994
-0.048046,-0.072347,0.416588,-0.093270,0.087361,-0.238778,2519,2061,2183,2938,2621,1994
-0.048046,-0.072347,0.416588,-0.093270,0.087361,-0.238778,2519,2061,2183,2938,2621,1994
-0.048046,-0.072347,0.416588,-0.093270,0.087361,-0.238778,2519,2061,2183,2938,2621,1994
-0.048433,-0.071904,0.416734,-0.093061,0.086944,-0.238392,2519,2061,2183,2938,2621,1994
-0.047642,-0.070905,0.411210,-0.090308,0.085530,-0.243142,2519,2062,2183,2938,2621,1994
-0.047691,-0.071270,0.413925,-0.091930,0.086087,-0.241006,2519,2062,2183,2938,2621,1994
-0.047650,-0.070668,0.411776,-0.090651,0.085334,-0.242673,2519,2062,2183,2938,2621,1994
-0.047691,-0.071270,0.413925,-0.091930,0.086087,-0.241006,2519,2062,2183,2938,2621,1994
-0.049908,-0.074511,0.430846,-0.100523,0.090592,-0.226597,2519,2062,2183,2938,2621,1994
-0.048433,-0.071904,0.416734,-0.093061,0.086944,-0.238392,2519,2062,2183,2938,2621,1994
-0.047697,-0.071959,0.413974,-0.091947,0.086778,-0.241017,2519,2062,2183,2938,2621,1994
-0.047649,-0.071343,0.411765,-0.090637,0.086006,-0.242736,2519,2062,2183,2938,2621,1994
-0.047710,-0.071248,0.411984,-0.090724,0.085929,-0.242518,2519,2062,2183,2938,2621,1994
-0.047691,-0.071270,0.413925,-0.091930,0.086087,-0.241006,2519,2062,2183,2938,2621,1994
-0.046994,-0.070149,0.407419,-0.088502,0.084485,-0.246459,2519,2062,2183,2938,2621,1994
-0.046994,-0.070149,0.407419,-0.088502,0.084485,-0.246459,2519,2062,2183,2938,2621,1994
-0.046994,-0.070149,0.407419,-0.088502,0.084485,-0.246459,2519,2062,2183,2938,2621,1994
-0.047691,-0.071270,0.413925,-0.091930,0.086087,-0.241006,2519,2062,2183,2938,2621,1994
-0.047691,-0.071270,0.413925,-0.091930,0.086087,-0.241006,2519,2062,2183,2938,2621,1994
-0.046994,-0.070149,0.407419,-0.088502,0.084485,-0.246459,2519,2062,2183,2938,2621,1994
-0.046994,-0.070149,0.407419,-0.088502,0.084485,-0.246459,2519,2062,2183,2938,2621,1994
-0.046994,-0.070149,0.407419,-0.088502,0.084485,-0.246459,2519,2062,2183,2938,2621,1994
-0.047329,-0.071017,0.411860,-0.090953,0.085676,-0.242831,2519,2062,2183,2938,2621,1994
-0.047692,-0.071986,0.416487,-0.093493,0.086980,-0.239047,2519,2062,2183,2938,2621,1994
-0.047474,-0.071344,0.413939,-0.092109,0.086154,-0.241133,2519,2062,2183,2938,2621,1994
-0.046994,-0.070149,0.407419,-0.088502,0.084485,-0.246459,2519,2062,2183,2938,2621,1994
-0.046994,-0.070149,0.407419,-0.088502,0.084485,-0.246459,2519,2062,2183,2938,2621,1994
-0.046994,-0.070149,0.407419,-0.088502,0.084485,-0.246459,2519,2062,2183,2938,2621,1994
-0.047650,-0.070668,0.411776,-0.090651,0.085334,-0.242673,2519,2062,2183,2938,2621,1994
-0.046994,-0.070149,0.407419,-0.088502,0.084485,-0.246459,2519,2062,2183,2938,2621,1994
-0.046994,-0.070149,0.407419,-0.088502,0.084485,-0.246459,2519,2062,2183,2938,2621,1994
-0.047805,-0.070988,0.413826,-0.091784,0.085803,-0.240991,2519,2062,2183,2938,2621,1994
-0.047344,-0.070854,0.411661,-0.090820,0.085500,-0.242965,2519,2062,2183,2938,2621,1994
-0.046861,-0.070142,0.406541,-0.088068,0.084412,-0.247231,2519,2062,2183,2938,2621,1994
-0.048055,-0.072015,0.416663,-0.093314,0.087036,-0.238688,2519,2062,2183,2938,2621,1994
-0.047343,-0.071531,0.411650,-0.090805,0.086173,-0.243028,2518,2062,2183,2938,2621,1994
-0.047697,-0.072338,0.416526,-0.093509,0.087334,-0.239041,2518,2062,2183,2938,2621,1994
-0.047788,-0.071807,0.414897,-0.092443,0.086694,-0.240224,2518,2062,2183,2938,2621,1994
-0.047218,-0.071096,0.411091,-0.090567,0.085696,-0.243510,2518,2062,2183,2938,2621,1994
-0.048055,-0.072015,0.416663,-0.093314,0.087036,-0.238688,2518,2062,2183,2938,2621,1994
-0.048055,-0.072015,0.416663,-0.093314,0.087036,-0.238688,2518,2062,2183,2938,2621,1994
-0.047377,-0.070871,0.412097,-0.091061,0.085549,-0.242604,2518,2062,2183,2938,2621,1994
-0.049519,-0.074322,0.430915,-0.100875,0.090393,-0.226766,2518,2062,2183,2938,2621,1994
-0.046876,-0.070749,0.411043,-0.090812,0.085334,-0.243730,2518,2062,2183,2938,2621,1994
-0.047218,-0.071096,0.411091,-0.090567,0.085696,-0.243510,2518,2062,2183,2938,2621,1994
-0.049519,-0.074322,0.430915,-0.100875,0.090393,-0.226766,2518,2062,2183,2938,2621,1994
-0.047737,-0.071886,0.416637,-0.093550,0.086893,-0.238893,2518,2062,2183,2938,2621,1994
-0.046967,-0.071334,0.411716,-0.091146,0.085968,-0.243191,2518,2062,2183,2938,2621,1994
-0.046880,-0.071432,0.411076,-0.090819,0.086017,-0.243755,2518,2062,2183,2938,2621,1994
-0.049161,-0.074828,0.430587,-0.100951,0.090861,-0.227283,2518,2062,2183,2938,2621,1994
-0.047697,-0.072338,0.416526,-0.093509,0.087334,-0.239041,2518,2062,2183,2938,2621,1994
-0.047697,-0.072338,0.416526,-0.093509,0.087334,-0.239041,2518,2062,2183,2938,2621,1994
-0.047737,-0.071886,0.416637,-0.093550,0.086893,-0.238893,2518,2062,2183,2938,2621,1994
-0.049161,-0.074655,0.430861,-0.101120,0.090707,-0.227054,2518,2062,2183,2938,2621,1994
-0.049193,-0.074503,0.430793,-0.101056,0.090552,-0.227076,2518,2062,2183,2938,2621,1994
-0.047015,-0.071276,0.413955,-0.092482,0.086069,-0.241397,2518,2062,2183,2938,2621,1994
-0.046968,-0.070659,0.411726,-0.091159,0.085295,-0.243129,2518,2062,2183,2938,2621,1994
-0.046968,-0.070659,0.411726,-0.091159,0.085295,-0.243129,2518,2062,2183,2938,2621,1994
-0.046876,-0.070749,0.411043,-0.090812,0.085334,-0.243730,2518,2062,2183,2938,2621,1994
-0.047015,-0.071276,0.413955,-0.092482,0.086069,-0.241397,2518,2062,2183,2938,2621,1994
-0.046968,-0.070659,0.411726,-0.091159,0.085295,-0.243129,2518,2062,2183,2938,2621,1994
-0.046968,-0.070659,0.411726,-0.091159,0.085295,-0.243129,2518,2062,2183,2938,2621,1994
-0.047735,-0.071196,0.416611,-0.093545,0.086204,-0.238860,2518,2062,2183,2938,2621,1994
-0.049194,-0.073794,0.430804,-0.101071,0.089847,-0.227011,2518,2062,2183,2938,2621,1994
-0.047026,-0.070223,0.411937,-0.091249,0.084878,-0.242893,2518,2062,2183,2938,2621,1994
-0.047026,-0.070223,0.411937,-0.091249,0.084878,-0.242893,2518,2062,2183,2938,2621,1994
-0.046589,-0.069595,0.406994,-0.088569,0.083888,-0.246998,2518,2062,2183,2938,2621,1994
-0.047735,-0.071196,0.416611,-0.093545,0.086204,-0.238860,2518,2062,2183,2938,2621,1994
-0.047028,-0.070904,0.411957,-0.091251,0.085558,-0.242931,2518,2062,2183,2938,2621,1994
-0.047788,-0.071807,0.414897,-0.092443,0.086694,-0.240224,2518,2062,2183,2938,2621,1994
-0.047349,-0.072331,0.416491,-0.093761,0.087311,-0.239280,2518,2062,2183,2938,2621,1994
-0.047697,-0.072338,0.416526,-0.093509,0.087334,-0.239041,2518,2062,2183,2938,2621,1994
-0.047737,-0.071886,0.416637,-0.093550,0.086893,-0.238893,2518,2062,2183,2938,2621,1994
-0.047737,-0.071886,0.416637,-0.093550,0.086893,-0.238893,2518,2062,2183,2938,2621,1994
-0.047266,-0.070834,0.410093,-0.089920,0.085367,-0.244244,2518,2062,2183,2938,2621,1994
-0.048041,-0.072338,0.416543,-0.093247,0.087348,-0.238817,2518,2062,2183,2938,2621,1994
-0.047697,-0.072338,0.416526,-0.093509,0.087334,-0.239041,2518,2062,2183,2938,2621,1994
-0.047810,-0.071679,0.413877,-0.091801,0.086496,-0.241003,2518,2062,2183,2938,2621,1994
-0.047343,-0.071531,0.411650,-0.090805,0.086173,-0.243028,2518,2062,2183,2938,2621,1994
-0.047810,-0.071679,0.413877,-0.091801,0.086496,-0.241003,2518,2062,2183,2938,2621,1994
-0.048055,-0.072015,0.416663,-0.093314,0.087036,-0.238688,2518,2062,2183,2938,2621,1994
-0.047810,-0.071679,0.413877,-0.091801,0.086496,-0.241003,2518,2062,2183,2938,2621,1994
-0.047810,-0.071679,0.413877,-0.091801,0.086496,-0.241003,2518,2062,2183,2938,2621,1994
-0.048041,-0.072338,0.416543,-0.093247,0.087348,-0.238817,2518,2062,2183,2938,2621,1994
-0.047697,-0.072338,0.416526,-0.093509,0.087334,-0.239041,2518,2062,2183,2938,2621,1994
-0.047695,-0.072676,0.416507,-0.093494,0.087670,-0.239084,2518,2062,2183,2938,2621,1994
-0.049199,-0.074312,0.428451,-0.099616,0.090197,-0.228899,2518,2062,2183,2938,2621,1994
-0.047697,-0.072338,0.416526,-0.093509,0.087334,-0.239041,2518,2062,2183,2938,2621,1994
-0.047697,-0.072338,0.416526,-0.093509,0.087334,-0.239041,2518,2062,2183,2938,2621,1994
-0.047697,-0.072338,0.416526,-0.093509,0.087334,-0.239041,2518,2062,2183,2938,2621,1994
-0.047697,-0.072338,0.416526,-0.093509,0.087334,-0.239041,2518,2061,2183,2938,2621,1994
-0.048783,-0.074198,0.425717,-0.098268,0.089876,-0.231294,2518,2061,2183,2938,2621,1994
-0.047700,-0.073028,0.416544,-0.093508,0.088024,-0.239079,2518,2061,2183,2938,2621,1994
-0.047286,-0.072886,0.415098,-0.092949,0.087765,-0.240459,2518,2061,2183,2938,2621,1994
-0.047700,-0.073028,0.416544,-0.093508,0.088024,-0.239079,2518,2061,2183,2938,2621,1994
-0.046958,-0.071569,0.411143,-0.090798,0.086161,-0.243666,2518,2061,2183,2938,2621,1994
-0.049161,-0.074828,0.430587,-0.100951,0.090861,-0.227283,2518,2061,2183,2938,2621,1994
-0.047737,-0.071886,0.416637,-0.093550,0.086893,-0.238893,2518,2061,2183,2938,2621,1994
-0.049193,-0.074503,0.430793,-0.101056,0.090552,-0.227076,2518,2061,2183,2938,2621,1994
-0.049077,-0.074230,0.427505,-0.099133,0.090045,-0.229711,2518,2061,2183,2938,2621,1994
-0.047737,-0.071886,0.416637,-0.093550,0.086893,-0.238893,2518,2061,2183,2938,2621,1994
-0.047697,-0.072338,0.416526,-0.093509,0.087334,-0.239041,2518,2061,2183,2938,2621,1994
-0.046967,-0.071334,0.411716,-0.091146,0.085968,-0.243191,2518,2061,2183,2938,2621,1994
-0.047349,-0.072331,0.416491,-0.093761,0.087311,-0.239280,2518,2061,2183,2938,2621,1994
-0.047697,-0.072338,0.416526,-0.093509,0.087334,-0.239041,2518,2061,2183,2938,2621,1994
-0.047697,-0.072338,0.416526,-0.093509,0.087334,-0.239041,2518,2061,2183,2938,2621,1994
-0.047737,-0.071886,0.416637,-0.093550,0.086893,-0.238893,2518,2061,2183,2938,2621,1994
-0.047697,-0.072338,0.416526,-0.093509,0.087334,-0.239041,2518,2061,2183,2938,2621,1994
-0.047737,-0.071886,0.416637,-0.093550,0.086893,-0.238893,2518,2061,2183,2938,2621,1994
-0.047697,-0.072338,0.416526,-0.093509,0.087334,-0.239041,2518,2061,2183,2938,2621,1994
-0.047697,-0.072338,0.416526,-0.093509,0.087334,-0.239041,2518,2061,2183,2938,2621,1994
-0.047029,-0.071584,0.411974,-0.091252,0.086238,-0.242970,2518,2061,2183,2938,2621,1994
-0.046958,-0.071569,0.411143,-0.090798,0.086161,-0.243666,2518,2061,2183,2938,2621,1994
-0.046860,-0.072171,0.412689,-0.091816,0.086866,-0.242557,2518,2061,2183,2938,2621,1994
-0.047029,-0.071584,0.411974,-0.091252,0.086238,-0.242970,2518,2061,2183,2938,2621,1994
-0.046967,-0.071334,0.411716,-0.091146,0.085968,-0.243191,2518,2061,2183,2938,2621,1994
-0.046954,-0.070886,0.411108,-0.090788,0.085478,-0.243642,2518,2061,2183,2938,2621,1994
-0.047028,-0.070904,0.411957,-0.091251,0.085558,-0.242931,2518,2061,2183,2938,2621,1994
-0.047028,-0.070904,0.411957,-0.091251,0.085558,-0.242931,2518,2061,2183,2938,2621,1994
-0.046968,-0.070659,0.411726,-0.091159,0.085295,-0.243129,2518,2061,2183,2938,2621,1994
-0.047015,-0.071276,0.413955,-0.092482,0.086069,-0.241397,2518,2061,2183,2938,2621,1994
-0.047015,-0.071276,0.413955,-0.092482,0.086069,-0.241397,2518,2061,2183,2938,2621,1994
-0.047028,-0.070904,0.411957,-0.091251,0.085558,-0.242931,2518,2062,2183,2938,2621,1994
-0.047218,-0.071096,0.411091,-0.090567,0.085696,-0.243510,2518,2062,2183,2938,2621,1994
-0.047692,-0.071986,0.416487,-0.093493,0.086980,-0.239047,2518,2062,2183,2938,2621,1994
-0.047344,-0.070854,0.411661,-0.090820,0.085500,-0.242965,2518,2062,2183,2938,2621,1994
-0.048051,-0.071325,0.416641,-0.093312,0.086346,-0.238653,2520,2062,2183,2938,2621,1994
-0.048431,-0.071214,0.416710,-0.093056,0.086255,-0.238358,2520,2062,2183,2938,2621,1994
-0.048389,-0.072001,0.416583,-0.093001,0.087029,-0.238545,2518,2062,2183,2938,2621,1994
-0.047892,-0.071171,0.412826,-0.091099,0.085919,-0.241739,2518,2063,2183,2938,2621,1994
-0.046994,-0.070149,0.407419,-0.088502,0.084485,-0.246459,2518,2065,2183,2938,2621,1994
-0.047733,-0.070506,0.416583,-0.093538,0.085514,-0.238829,2520,2066,2183,2938,2621,1994
-0.047794,-0.069605,0.413721,-0.091745,0.084417,-0.240971,2522,2066,2183,2938,2621,1994
-0.048347,-0.069197,0.413737,-0.091324,0.084033,-0.240587,2523,2066,2183,2938,2621,1994
-0.048012,-0.068153,0.407542,-0.087799,0.082544,-0.245582,2524,2064,2183,2938,2621,1994
-0.049030,-0.069881,0.413762,-0.090791,0.084742,-0.240203,2524,2064,2183,2938,2621,1994
-0.049025,-0.069327,0.407389,-0.086891,0.083742,-0.245174,2524,2065,2183,2938,2621,1994
-0.049713,-0.070564,0.413786,-0.090258,0.085452,-0.239820,2524,2067,2183,2938,2621,1994
-0.049724,-0.069682,0.412015,-0.089173,0.084448,-0.241136,2522,2068,2183,2938,2621,1994
-0.049087,-0.068914,0.412185,-0.089790,0.083670,-0.241332,2521,2068,2183,2938,2621,1994
-0.051003,-0.072130,0.433320,-0.101208,0.088434,-0.223792,2519,2068,2183,2938,2621,1994
-0.048340,-0.068508,0.413682,-0.091304,0.083341,-0.240581,2518,2066,2183,2938,2621,1994
-0.047627,-0.068173,0.411061,-0.090262,0.082796,-0.243052,2518,2064,2183,2938,2621,1994
-0.047671,-0.069202,0.413766,-0.091875,0.084014,-0.240979,2518,2063,2183,2938,2621,1994
-0.047208,-0.069729,0.411020,-0.090548,0.084328,-0.243464,2518,2062,2183,2938,2621,1994
-0.047354,-0.070769,0.412009,-0.091027,0.085439,-0.242679,2518,2062,2183,2938,2621,1994
-0.047697,-0.072338,0.416526,-0.093509,0.087334,-0.239041,2518,2062,2183,2938,2621,1994
-0.049177,-0.075045,0.431780,-0.101667,0.091161,-0.226352,2517,2062,2183,2938,2621,1994
-0.048805,-0.074313,0.430861,-0.101406,0.090353,-0.227245,2517,2064,2183,2938,2621,1994
-0.046951,-0.070204,0.411071,-0.090777,0.084795,-0.243618,2517,2065,2183,2938,2621,1994
-0.050273,-0.073908,0.435882,-0.103334,0.090358,-0.222365,2517,2066,2183,2938,2621,1994
-0.046944,-0.068838,0.410997,-0.090754,0.083428,-0.243573,2517,2067,2183,2938,2621,1994
-0.046651,-0.068288,0.408894,-0.089702,0.082721,-0.245363,2517,2067,2183,2938,2621,1994
-0.047341,-0.069234,0.416458,-0.093788,0.084222,-0.239066,2517,2066,2183,2938,2621,1994
-0.047191,-0.068995,0.414315,-0.092594,0.083827,-0.240825,2517,2064,2183,2938,2621,1994
-0.047376,-0.068834,0.412081,-0.091078,0.083517,-0.242456,2517,2063,2183,2938,2621,1994
-0.047025,-0.069542,0.411916,-0.091245,0.084198,-0.242856,2517,2063,2183,2938,2621,1994
-0.049194,-0.073794,0.430804,-0.101071,0.089847,-0.227011,2517,2063,2183,2938,2621,1994
-0.046994,-0.070149,0.407419,-0.088502,0.084485,-0.246459,2517,2063,2183,2938,2621,1994
-0.048051,-0.071325,0.416641,-0.093312,0.086346,-0.238653,2517,2064,2183,2938,2621,1994
-0.047190,-0.070460,0.412637,-0.091546,0.085170,-0.242261,2518,2065,2183,2938,2621,1994
-0.047345,-0.070177,0.411672,-0.090835,0.084826,-0.242902,2518,2067,2183,2938,2619,1994
-0.049874,-0.073241,0.430907,-0.100604,0.089328,-0.226469,2517,2069,2183,2938,2620,1994
-0.049578,-0.072291,0.428903,-0.099620,0.088229,-0.228152,2517,2072,2183,2938,2621,1994
-0.046464,-0.068357,0.412240,-0.091902,0.083018,-0.242852,2520,2072,2183,2938,2621,1994
-0.046855,-0.067009,0.409420,-0.089880,0.081490,-0.244723,2524,2072,2183,2938,2621,1994
-0.048027,-0.067013,0.409612,-0.089072,0.081553,-0.243854,2525,2072,2183,2938,2620,1994
-0.049435,-0.069282,0.416764,-0.092322,0.084372,-0.237547,2525,2073,2183,2938,2620,1994
-0.049398,-0.068681,0.412139,-0.089520,0.083447,-0.241159,2525,2073,2183,2938,2620,1994
-0.049092,-0.067281,0.408922,-0.087805,0.081813,-0.243765,2525,2073,2183,2938,2621,1994
-0.049128,-0.066879,0.409244,-0.087979,0.081437,-0.243459,2525,2072,2183,2938,2621,1994
-0.048684,-0.067582,0.407290,-0.087122,0.081983,-0.245323,2525,2072,2183,2937,2620,1994
-0.049430,-0.068582,0.412211,-0.089540,0.083354,-0.241075,2525,2073,2184,2938,2619,1994
-0.051295,-0.071068,0.426179,-0.096608,0.086886,-0.229145,2525,2073,2185,2938,2621,1994
-0.049771,-0.066886,0.412210,-0.089292,0.081676,-0.240733,2525,2072,2189,2935,2621,1994
-0.049771,-0.066886,0.412210,-0.089292,0.081676,-0.240733,2525,2071,2195,2936,2621,1994
-0.059937,-0.067458,0.418434,-0.085079,0.083075,-0.229656,2550,2063,2208,2924,2616,1994
-0.055774,-0.068187,0.432892,-0.097229,0.084657,-0.220894,2498,2063,2208,2924,2535,1994
-0.045237,-0.066229,0.422910,-0.099446,0.081598,-0.235045,2458,2063,2208,2923,2520,1994
-0.027614,-0.066188,0.456994,-0.134277,0.083273,-0.219034,2365,2066,2208,2923,2470,1994
-0.022804,-0.065319,0.453352,-0.135850,0.081966,-0.224776,2335,2064,2208,2923,2443,1994
-0.022285,-0.069713,0.488772,-0.157941,0.088814,-0.197587,2324,2064,2208,2923,2430,1994
-0.017622,-0.065742,0.464222,-0.146606,0.082951,-0.219436,2298,2065,2208,2923,2405,1994
-0.015856,-0.064707,0.463467,-0.147550,0.081799,-0.221029,2285,2066,2208,2923,2394,1994
-0.009962,-0.066886,0.501457,-0.175489,0.086412,-0.194938,2222,2072,2208,2923,2335,1994
-0.008440,-0.063738,0.488082,-0.168523,0.082277,-0.206139,2208,2072,2208,2923,2322,1994
-0.003656,-0.067035,0.544938,-0.207151,0.089372,-0.164619,2132,2073,2208,2923,2251,1994
-0.002214,-0.063149,0.517921,-0.191758,0.083546,-0.186442,2113,2073,2208,2923,2234,1994
-0.002184,-0.063990,0.531172,-0.199903,0.085314,-0.176106,2094,2073,2208,2923,2217,1994
-0.001549,-0.064269,0.539000,-0.205205,0.086117,-0.170361,2076,2073,2208,2923,2201,1994
-0.000515,-0.063859,0.544656,-0.209498,0.086066,-0.166515,2041,2073,2208,2923,2170,1994
-0.000995,-0.065354,0.561343,-0.219341,0.088747,-0.153215,2026,2073,2208,2923,2158,1994
-0.001125,-0.064819,0.561321,-0.219232,0.088217,-0.153111,2009,2073,2208,2923,2145,1994
-0.000730,-0.064247,0.559672,-0.218539,0.087516,-0.154604,1992,2073,2208,2923,2130,1994
-0.000824,-0.066001,0.576676,-0.228878,0.090462,-0.141313,1974,2073,2208,2923,2117,1994
-0.001510,-0.065388,0.579761,-0.230237,0.090094,-0.138419,1956,2073,2208,2923,2104,1994
-0.001562,-0.065385,0.586065,-0.234065,0.090536,-0.133429,1941,2073,2208,2923,2091,1994
-0.005464,-0.064825,0.599335,-0.239136,0.091061,-0.120559,1880,2073,2208,2923,2045,1994
-0.002952,-0.066992,0.569310,-0.222665,0.091015,-0.145881,2066,2067,2208,2931,2172,1994
-0.003000,-0.066189,0.555063,-0.213893,0.089216,-0.156992,2086,2067,2208,2931,2186,1994
-0.002789,-0.067077,0.554889,-0.213942,0.090080,-0.157329,2107,2067,2208,2931,2199,1994
-0.002973,-0.066813,0.547102,-0.209021,0.089277,-0.163318,2129,2068,2208,2931,2212,1994
-0.004273,-0.064917,0.526971,-0.195665,0.086023,-0.178203,2171,2069,2208,2927,2245,1994
-0.004773,-0.064874,0.518062,-0.189803,0.085373,-0.184899,2192,2069,2208,2925,2266,1994
-0.005699,-0.065969,0.520508,-0.190559,0.086673,-0.182495,2214,2069,2207,2925,2285,1994
-0.006433,-0.067984,0.527816,-0.194438,0.089223,-0.176457,2242,2069,2207,2925,2304,1994
-0.009232,-0.066936,0.508498,-0.180387,0.086929,-0.189852,2277,2069,2207,2925,2327,1994
-0.011433,-0.065302,0.489232,-0.166846,0.084031,-0.203525,2297,2070,2207,2925,2342,1994
-0.013454,-0.064553,0.481856,-0.160733,0.082845,-0.208027,2317,2071,2206,2925,2358,1994
-0.015839,-0.065381,0.482096,-0.158988,0.083779,-0.206443,2336,2072,2203,2925,2374,1994
-0.018433,-0.068802,0.502550,-0.169449,0.088726,-0.189040,2354,2072,2201,2925,2388,1994
-0.025022,-0.068539,0.478507,-0.149495,0.087028,-0.203890,2405,2073,2194,2924,2424,1994
-0.027166,-0.067890,0.464944,-0.139487,0.085511,-0.213191,2422,2073,2193,2924,2436,1994
-0.029790,-0.069954,0.469677,-0.140295,0.088003,-0.208024,2439,2073,2193,2924,2445,1994
-0.040747,-0.067669,0.431735,-0.108388,0.083481,-0.230969,2502,2073,2193,2924,2477,1994
-0.067782,-0.069321,0.406951,-0.071815,0.084428,-0.234027,2612,2072,2192,2923,2558,1994
-0.074908,-0.066851,0.400424,-0.062215,0.081782,-0.234599,2589,2075,2192,2924,2612,1994
-0.028993,-0.066491,0.459324,-0.134614,0.083792,-0.216381,2371,2075,2196,2931,2432,1994
-0.018181,-0.066237,0.474881,-0.152700,0.084215,-0.210750,2309,2075,2195,2931,2387,1994
-0.015843,-0.064803,0.466988,-0.149720,0.082142,-0.218276,2295,2075,2195,2931,2377,1994
-0.012185,-0.064616,0.475624,-0.157910,0.082421,-0.213711,2265,2075,2194,2931,2353,1994
-0.010558,-0.065399,0.481730,-0.162931,0.083568,-0.209968,2251,2075,2194,2931,2341,1994
-0.009412,-0.065582,0.488041,-0.167707,0.084149,-0.205722,2236,2075,2194,2931,2328,1994
-0.006293,-0.069161,0.522041,-0.190990,0.089985,-0.181178,2204,2075,2194,2931,2303,1994
-0.004990,-0.066361,0.507811,-0.183322,0.086144,-0.192945,2190,2075,2194,2930,2294,1994
-0.003735,-0.065701,0.507854,-0.184347,0.085441,-0.193628,2175,2075,2193,2929,2285,1994
-0.002305,-0.066634,0.514751,-0.189696,0.086800,-0.189154,2160,2075,2193,2928,2275,1994
-0.001264,-0.066920,0.521931,-0.194922,0.087550,-0.184168,2143,2075,2193,2927,2262,1994
-0.000064,-0.067740,0.529404,-0.200444,0.088846,-0.179091,2127,2074,2193,2928,2249,1994
0.000679,-0.067218,0.529338,-0.200997,0.088292,-0.179557,2107,2074,2193,2929,2231,1994
0.001216,-0.067548,0.534366,-0.204503,0.088953,-0.175958,2095,2074,2193,2929,2219,1994
0.001277,-0.068386,0.544965,-0.211045,0.090531,-0.167727,2078,2074,2193,2927,2205,1994
0.002174,-0.067472,0.544837,-0.211686,0.089577,-0.168305,2061,2074,2193,2927,2193,1994
0.002304,-0.068183,0.553022,-0.216802,0.090855,-0.162004,2045,2074,2193,2926,2181,1994
0.002693,-0.067612,0.555495,-0.218634,0.090445,-0.160252,2031,2074,2193,2925,2170,1994
0.002571,-0.067599,0.561388,-0.222155,0.090851,-0.155542,2016,2074,2193,2925,2160,1994
-0.001498,-0.067640,0.529212,-0.199195,0.088788,-0.178356,2193,2073,2195,2932,2322,1994
-0.002135,-0.065983,0.515846,-0.190511,0.086222,-0.188345,2214,2073,2193,2932,2339,1994
-0.003448,-0.066682,0.514545,-0.188667,0.086878,-0.188619,2233,2073,2193,2932,2357,1994
-0.004252,-0.066768,0.505141,-0.182260,0.086334,-0.195529,2254,2073,2192,2932,2376,1994
-0.005007,-0.067671,0.501139,-0.179196,0.086982,-0.198285,2275,2071,2192,2932,2392,1994
-0.006937,-0.067884,0.490444,-0.171106,0.086518,-0.205530,2292,2069,2192,2932,2405,1994
-0.011081,-0.069365,0.482225,-0.162772,0.087575,-0.209571,2322,2065,2192,2932,2429,1994
-0.012968,-0.068963,0.470334,-0.153990,0.086413,-0.217736,2336,2064,2192,2932,2441,1994
-0.015059,-0.070119,0.470303,-0.152305,0.087643,-0.216570,2349,2064,2192,2932,2450,1994
-0.021210,-0.071727,0.465327,-0.144375,0.089133,-0.216842,2384,2063,2192,2932,2474,1994
-0.023969,-0.070044,0.454115,-0.135338,0.086775,-0.223835,2409,2066,2192,2932,2488,1994
-0.026087,-0.068721,0.445026,-0.128105,0.084899,-0.229581,2421,2068,2192,2932,2495,1994
-0.029311,-0.072128,0.465396,-0.138017,0.089850,-0.211856,2437,2069,2192,2932,2504,1994
-0.030137,-0.067290,0.434425,-0.118420,0.082884,-0.235323,2453,2069,2192,2932,2512,1994
-0.032448,-0.066904,0.429832,-0.113782,0.082265,-0.237489,2470,2069,2192,2932,2519,1994
-0.038819,-0.068626,0.433547,-0.111010,0.084488,-0.230801,2503,2069,2192,2929,2532,1994
-0.047263,-0.070653,0.432625,-0.103753,0.086769,-0.226513,2536,2069,2191,2926,2549,1994
-0.048671,-0.068269,0.411686,-0.089821,0.082976,-0.241928,2550,2069,2191,2926,2558,1994
-0.057599,-0.071556,0.421049,-0.088477,0.087254,-0.229356,2579,2068,2191,2926,2576,1994
-0.061661,-0.068309,0.394308,-0.068901,0.082296,-0.247639,2602,2065,2191,2927,2591,1994
-0.064227,-0.068769,0.391195,-0.064958,0.082634,-0.248552,2612,2064,2191,2929,2596,1994
-0.067573,-0.068634,0.387062,-0.059782,0.082339,-0.249741,2620,2064,2191,2930,2601,1994
-0.073656,-0.069508,0.382156,-0.051958,0.083099,-0.249942,2624,2064,2191,2930,2605,1994
-0.073703,-0.069297,0.380920,-0.051165,0.082804,-0.250868,2620,2066,2191,2930,2602,1994
-0.073304,-0.068999,0.382885,-0.052690,0.082629,-0.249544,2617,2069,2191,2930,2599,1994
-0.072048,-0.068328,0.384643,-0.054769,0.082036,-0.248878,2601,2071,2191,2930,2598,1994
-0.070196,-0.067933,0.388857,-0.058822,0.081867,-0.246668,2586,2073,2191,2928,2594,1994
-0.062133,-0.068287,0.414213,-0.080744,0.083690,-0.231695,2539,2076,2191,2925,2548,1994
-0.035226,-0.066437,0.433223,-0.113675,0.082145,-0.233084,2416,2075,2191,2931,2470,1994
-0.025353,-0.065312,0.443223,-0.127621,0.081346,-0.231179,2360,2075,2191,2932,2438,1994
-0.020349,-0.066122,0.458727,-0.141076,0.083050,-0.222116,2329,2075,2191,2932,2415,1994
-0.018120,-0.066231,0.464425,-0.146331,0.083473,-0.219010,2316,2075,2191,2932,2404,1994
-0.014279,-0.066206,0.470009,-0.152791,0.083692,-0.216969,2291,2075,2191,2932,2382,1994
-0.012190,-0.066986,0.475757,-0.157958,0.084793,-0.213791,2277,2074,2191,2932,2372,1994
-0.011722,-0.070238,0.501170,-0.173881,0.089802,-0.194350,2263,2073,2191,2932,2363,1994
-0.009703,-0.070783,0.505847,-0.178339,0.090595,-0.191952,2251,2073,2191,2932,2355,1994
-0.008375,-0.067108,0.483008,-0.165418,0.085277,-0.210435,2236,2072,2191,2932,2345,1994
-0.006892,-0.068066,0.494700,-0.173752,0.086996,-0.202225,2220,2072,2191,2932,2337,1994
-0.005955,-0.068601,0.501272,-0.178518,0.087955,-0.197673,2207,2073,2191,2932,2327,1994
-0.004290,-0.068726,0.506052,-0.182764,0.088351,-0.194944,2190,2073,2192,2932,2313,1994
-0.001662,-0.066871,0.507963,-0.186035,0.086535,-0.194905,2154,2074,2192,2932,2284,1994
-0.000027,-0.066382,0.520402,-0.194966,0.086859,-0.186086,2117,2074,2192,2932,2251,1994
0.000806,-0.067148,0.529576,-0.201244,0.088235,-0.179442,2100,2074,2192,2932,2235,1994
0.002174,-0.068380,0.544917,-0.211723,0.090488,-0.168314,2159,2073,2192,2932,2291,1994
0.001667,-0.068053,0.532946,-0.203980,0.089340,-0.177391,2193,2073,2192,2932,2323,1994
0.000551,-0.068538,0.526753,-0.199292,0.089432,-0.181615,2227,2073,2192,2932,2355,1994
-0.010274,-0.067539,0.485258,-0.165294,0.085937,-0.207537,2349,2073,2192,2932,2471,1994
-0.012047,-0.062814,0.488015,-0.165646,0.081490,-0.203908,2268,2103,2191,2933,2435,1994
-0.002074,-0.062154,0.507046,-0.185207,0.081785,-0.195000,2152,2095,2191,2933,2329,1994
-0.001080,-0.063192,0.519610,-0.193689,0.083663,-0.185811,2120,2082,2192,2933,2302,1994
0.000371,-0.064451,0.528939,-0.200544,0.085518,-0.179464,2103,2073,2192,2933,2286,1994
0.000866,-0.066389,0.538352,-0.206687,0.088092,-0.172518,2084,2062,2192,2934,2269,1994
-0.023593,-0.067781,0.526789,-0.180264,0.089609,-0.166736,2176,2039,2239,3006,2291,1994
-0.023398,-0.065365,0.515256,-0.173371,0.086383,-0.175735,2185,2043,2239,3006,2304,1994
-0.024181,-0.065031,0.520126,-0.175746,0.086422,-0.171399,2197,2046,2239,3005,2318,1994
-0.024146,-0.064355,0.518137,-0.174562,0.085608,-0.172931,2210,2049,2239,3005,2329,1994
-0.024681,-0.063408,0.515110,-0.172294,0.084471,-0.174908,2222,2050,2239,3005,2338,1994
-0.025578,-0.063172,0.515187,-0.171636,0.084276,-0.174279,2236,2052,2239,3005,2348,1994
-0.026138,-0.061603,0.501897,-0.163058,0.081801,-0.184264,2252,2052,2239,3005,2360,1994
-0.030159,-0.064007,0.520189,-0.171078,0.085637,-0.167606,2280,2052,2239,3005,2387,1994
-0.029876,-0.061465,0.496592,-0.156852,0.081434,-0.186135,2295,2052,2239,3005,2400,1994
-0.037241,-0.062428,0.494235,-0.149579,0.082513,-0.183552,2361,2052,2238,3005,2462,1994
-0.039349,-0.062529,0.490386,-0.145553,0.082424,-0.185295,2379,2052,2236,3005,2478,1994
-0.040394,-0.062306,0.481451,-0.139246,0.081614,-0.191664,2397,2052,2235,3005,2494,1994
-0.087747,-0.071079,0.425635,-0.067498,0.088262,-0.207242,2619,2040,2224,3005,2644,1994
-0.084226,-0.067284,0.398998,-0.053978,0.082472,-0.230045,2617,2040,2224,3005,2641,1994
-0.084835,-0.068034,0.399681,-0.053907,0.083291,-0.229195,2615,2040,2224,3005,2641,1994
-0.084179,-0.068035,0.399689,-0.054430,0.083267,-0.229591,2602,2040,2224,3005,2639,1994
-0.085949,-0.070410,0.417658,-0.064031,0.086966,-0.214563,2583,2041,2224,3005,2633,1994
-0.053189,-0.066685,0.441936,-0.104839,0.083696,-0.215247,2415,2045,2231,3005,2488,1994
-0.037430,-0.066499,0.502062,-0.154182,0.087127,-0.177603,2268,2043,2239,3015,2373,1994
-0.032379,-0.064120,0.492427,-0.152287,0.083885,-0.188087,2226,2042,2239,3016,2334,1994
-0.031069,-0.065165,0.501125,-0.158645,0.085487,-0.182131,2207,2041,2240,3016,2319,1994
-0.029464,-0.066145,0.510593,-0.165710,0.087067,-0.175747,2191,2041,2240,3016,2310,1994
-0.028307,-0.065963,0.512427,-0.167752,0.086970,-0.174999,2173,2040,2240,3016,2301,1994
-0.027581,-0.066970,0.518580,-0.172088,0.088378,-0.170684,2155,2040,2240,3016,2290,1994
-0.026231,-0.066946,0.518351,-0.173014,0.088286,-0.171690,2133,2039,2240,3017,2273,1994
-0.024745,-0.067437,0.527311,-0.179679,0.089347,-0.165593,2082,2031,2240,3017,2224,1994
-0.051332,-0.063687,0.570953,-0.185523,0.089699,-0.114688,2026,1887,2454,2876,2130,1994
-0.048888,-0.060826,0.562686,-0.182415,0.086172,-0.122460,2025,1891,2460,2863,2130,1994
-0.048442,-0.058605,0.565171,-0.184320,0.084116,-0.120604,2020,1895,2463,2856,2130,1994
-0.047551,-0.056239,0.562041,-0.183133,0.081503,-0.123424,2015,1898,2463,2859,2130,1994
-0.050425,-0.057101,0.596556,-0.202036,0.084898,-0.094589,2008,1899,2463,2863,2130,1994
-0.052285,-0.057161,0.596962,-0.200815,0.085058,-0.093135,2007,1898,2463,2863,2130,1994
-0.050197,-0.055706,0.577070,-0.190274,0.082130,-0.109941,2007,1896,2463,2863,2130,1994
-0.050395,-0.055525,0.570659,-0.186185,0.081507,-0.114848,2004,1894,2463,2864,2130,1994
-0.050398,-0.055755,0.569762,-0.185630,0.081673,-0.115570,1982,1889,2464,2864,2107,1994
-0.051395,-0.056608,0.579304,-0.190688,0.083232,-0.107523,1977,1889,2465,2866,2093,1994
-0.051694,-0.056513,0.575686,-0.188232,0.082894,-0.110177,1976,1889,2465,2871,2086,1994
-0.052812,-0.057237,0.579494,-0.189678,0.083927,-0.106554,1976,1889,2464,2879,2085,1994
-0.053776,-0.057247,0.579597,-0.188980,0.083981,-0.105884,1976,1889,2462,2888,2087,1994
-0.057071,-0.059785,0.605794,-0.202424,0.088479,-0.083465,1976,1889,2461,2896,2087,1994
-0.054152,-0.056697,0.569786,-0.182669,0.082759,-0.113326,1976,1889,2459,2904,2087,1994
-0.056111,-0.058388,0.578790,-0.186627,0.085152,-0.105178,1977,1889,2457,2911,2087,1994
-0.057171,-0.058787,0.581826,-0.187648,0.085803,-0.102173,1978,1889,2455,2915,2087,1994
-0.057042,-0.058596,0.577014,-0.184800,0.085270,-0.106021,1980,1889,2453,2915,2087,1994
-0.056773,-0.058962,0.576354,-0.184602,0.085578,-0.106734,1982,1890,2452,2914,2087,1994
-0.056591,-0.059421,0.578797,-0.186239,0.086201,-0.104960,1984,1891,2451,2909,2087,1994
-0.056062,-0.059999,0.578528,-0.186484,0.086738,-0.105542,1985,1893,2451,2908,2087,1994
-0.054901,-0.059453,0.575788,-0.185726,0.085955,-0.108365,1987,1896,2451,2908,2087,1994
-0.054360,-0.058914,0.575923,-0.186243,0.085407,-0.108547,1994,1899,2451,2908,2087,1994
-0.053604,-0.057490,0.570172,-0.183329,0.083555,-0.113420,2006,1901,2451,2908,2087,1994
-0.053601,-0.056548,0.570147,-0.183327,0.082614,-0.113367,2020,1903,2451,2908,2088,1994
-0.054006,-0.055779,0.569185,-0.182428,0.081795,-0.113815,2037,1906,2451,2908,2088,1994
-0.102832,-0.063895,0.446307,-0.068368,0.083134,-0.181176,2580,1911,2405,2906,2635,1994
-0.059268,-0.059643,0.512822,-0.143634,0.081890,-0.155221,2236,1912,2420,2917,2316,1994
-0.049835,-0.059071,0.536229,-0.165453,0.082601,-0.142547,2102,1912,2420,2917,2190,1994
-0.048692,-0.058987,0.536744,-0.166672,0.082509,-0.142836,2074,1912,2420,2917,2169,1994
-0.048972,-0.059646,0.549179,-0.174075,0.084051,-0.132937,2049,1912,2419,2916,2151,1994
-0.047892,-0.059440,0.551674,-0.176461,0.083979,-0.131621,2021,1913,2419,2916,2133,1994
-0.046945,-0.058904,0.552558,-0.177758,0.083471,-0.131463,1990,1913,2419,2915,2117,1994
-0.047733,-0.059866,0.575959,-0.191485,0.086103,-0.112654,1930,1913,2419,2912,2087,1994
-0.048379,-0.059782,0.581154,-0.194164,0.086410,-0.108166,1901,1913,2419,2910,2071,1994
-0.048780,-0.059810,0.585691,-0.196631,0.086771,-0.104355,1872,1913,2419,2910,2057,1994
-0.053418,-0.061169,0.617283,-0.212342,0.090524,-0.076777,1800,1913,2419,2909,2028,1994
-0.055388,-0.060123,0.617037,-0.210649,0.089540,-0.075681,1777,1913,2419,2909,2019,1994
-0.058160,-0.060977,0.628369,-0.215404,0.091294,-0.065139,1765,1913,2419,2909,2012,1994
-0.046475,-0.062667,0.581257,-0.195693,0.089219,-0.109480,2048,1909,2416,2916,2216,1994
-0.045344,-0.062571,0.561484,-0.184453,0.087691,-0.125715,2124,1907,2414,2916,2268,1994
-0.045752,-0.063160,0.552501,-0.178610,0.087663,-0.132575,2166,1904,2412,2916,2299,1994
-0.045967,-0.063024,0.538973,-0.170140,0.086585,-0.143071,2207,1902,2409,2916,2328,1994
-0.048791,-0.065534,0.545213,-0.171708,0.089634,-0.136632,2249,1901,2406,2916,2361,1994
-0.048704,-0.064871,0.518539,-0.155414,0.087096,-0.157610,2292,1900,2405,2914,2393,1994
-0.057347,-0.068912,0.495654,-0.134496,0.089850,-0.170632,2398,1899,2404,2909,2475,1994
-0.068091,-0.067824,0.465441,-0.107486,0.087057,-0.187723,2478,1900,2404,2908,2551,1994
-0.071857,-0.064083,0.436758,-0.086958,0.081458,-0.207676,2506,1900,2404,2908,2578,1994
-0.076864,-0.065410,0.443905,-0.087374,0.083475,-0.199093,2520,1900,2404,2908,2592,1994
-0.085324,-0.068293,0.458640,-0.089702,0.087710,-0.182550,2537,1900,2404,2908,2611,1994
-0.083405,-0.065413,0.438745,-0.079044,0.083367,-0.199144,2538,1900,2404,2908,2614,1994
-0.084635,-0.065063,0.436518,-0.076710,0.082910,-0.200114,2537,1900,2404,2908,2614,1994
-0.084503,-0.064964,0.433618,-0.075036,0.082602,-0.202468,2534,1900,2404,2908,2611,1994
-0.084635,-0.065063,0.436518,-0.076710,0.082910,-0.200114,2526,1900,2404,2908,2608,1994
-0.083695,-0.065526,0.437745,-0.078199,0.083421,-0.199762,2508,1900,2404,2908,2606,1994
-0.078439,-0.064809,0.437844,-0.082419,0.082511,-0.202847,2468,1900,2405,2908,2572,1994
-0.074685,-0.066503,0.459522,-0.098665,0.085578,-0.188233,2419,1900,2405,2913,2516,1994
-0.065275,-0.066070,0.476769,-0.116683,0.085995,-0.180401,2336,1900,2405,2914,2454,1994
-0.053064,-0.063971,0.479371,-0.127946,0.083615,-0.185670,2233,1900,2410,2915,2376,1994
-0.052022,-0.065784,0.503588,-0.143609,0.087083,-0.167407,2200,1900,2412,2916,2349,1994
-0.048384,-0.063574,0.498096,-0.143138,0.084355,-0.173780,2164,1900,2415,2916,2316,1994
-0.047144,-0.064278,0.529883,-0.163616,0.087241,-0.149598,2093,1900,2417,2916,2253,1994
-0.046494,-0.064213,0.539913,-0.170285,0.087857,-0.142104,2063,1900,2417,2916,2227,1994
-0.045363,-0.064447,0.561708,-0.184552,0.089577,-0.125676,1972,1900,2413,2916,2146,1994
-0.044239,-0.065007,0.531571,-0.166936,0.087975,-0.150108,2213,1900,2406,2916,2358,1994
-0.047742,-0.066259,0.517417,-0.155468,0.088364,-0.159192,2292,1900,2405,2916,2421,1994
-0.060146,-0.066027,0.480481,-0.123011,0.086015,-0.180621,2426,1900,2405,2909,2543,1994
-0.073516,-0.064215,0.443235,-0.089621,0.082108,-0.201576,2516,1900,2405,2909,2624,1994
-0.080286,-0.066715,0.458145,-0.093396,0.085909,-0.185902,2525,1900,2405,2909,2633,1994
-0.081065,-0.065139,0.444635,-0.084509,0.083418,-0.195924,2530,1900,2405,2910,2639,1994
-0.082974,-0.064857,0.439789,-0.080032,0.082870,-0.198543,2530,1900,2405,2912,2639,1994
-0.082381,-0.063959,0.431210,-0.075246,0.081350,-0.205582,2529,1900,2405,2913,2637,1994
-0.083967,-0.064372,0.437265,-0.077705,0.082248,-0.199881,2521,1900,2405,2914,2636,1994
-0.082709,-0.064313,0.437090,-0.078592,0.082128,-0.200785,2501,1900,2405,2914,2635,1994
-0.084846,-0.066729,0.458498,-0.090012,0.086122,-0.182832,2487,1901,2405,2910,2630,1994
-0.071716,-0.064008,0.448178,-0.094078,0.082179,-0.198776,2421,1901,2410,2915,2547,1994
-0.070315,-0.063689,0.453480,-0.098442,0.082180,-0.195440,2392,1901,2413,2916,2519,1994
-0.050514,-0.061060,0.502714,-0.144323,0.082256,-0.168645,2147,1901,2419,2917,2317,1994
-0.049862,-0.063312,0.529307,-0.161129,0.086343,-0.148310,2108,1900,2419,2917,2278,1994
-0.047386,-0.064452,0.547627,-0.174313,0.088671,-0.135510,2037,1899,2416,2917,2203,1994
-0.046511,-0.065671,0.556012,-0.180133,0.090441,-0.129548,2001,1897,2411,2917,2168,1994
-0.041944,-0.057263,0.559316,-0.185874,0.082116,-0.129083,1992,1945,2403,2914,2127,1994
-0.042555,-0.057962,0.568685,-0.191133,0.083495,-0.121396,1960,1945,2403,2914,2093,1994
-0.042334,-0.057038,0.568516,-0.191215,0.082554,-0.121591,1932,1945,2403,2914,2066,1994
-0.046842,-0.057410,0.594672,-0.203704,0.084935,-0.098289,1863,1945,2403,2908,1994,1994
-0.048019,-0.058286,0.605611,-0.209477,0.086623,-0.089035,1849,1945,2403,2907,1981,1994
-0.048921,-0.058348,0.608655,-0.210632,0.086932,-0.086094,1842,1945,2403,2907,1973,1994
-0.050475,-0.058563,0.616890,-0.214457,0.087785,-0.078683,1840,1945,2402,2907,1970,1994
-0.051953,-0.059940,0.628363,-0.220313,0.090021,-0.068864,1843,1945,2397,2907,1976,1994
-0.050117,-0.058290,0.607429,-0.208936,0.086834,-0.086321,1849,1946,2390,2910,1978,1994
-0.047065,-0.061687,0.606813,-0.210924,0.090060,-0.088944,1896,1948,2379,2916,2019,1994
-0.043062,-0.061622,0.597297,-0.208245,0.089173,-0.098875,1945,1949,2378,2916,2093,1994
-0.041495,-0.062107,0.597261,-0.209454,0.089594,-0.099901,1979,1949,2378,2916,2134,1994
-0.039532,-0.061939,0.588349,-0.205536,0.088724,-0.108099,1995,1950,2378,2916,2148,1994
-0.038956,-0.062275,0.586964,-0.205137,0.088940,-0.109568,2019,1953,2378,2916,2164,1994
-0.037858,-0.061266,0.576921,-0.199852,0.087186,-0.118058,2044,1954,2379,2916,2181,1994
-0.037880,-0.059844,0.568783,-0.194859,0.085198,-0.124331,2069,1955,2379,2916,2196,1994
-0.036997,-0.057621,0.551692,-0.185096,0.081747,-0.138137,2091,1956,2379,2916,2216,1994
-0.037904,-0.057619,0.551678,-0.184371,0.081780,-0.137592,2120,1956,2379,2916,2243,1994
-0.039051,-0.058329,0.549575,-0.182166,0.082383,-0.138600,2179,1956,2379,2910,2303,1994
-0.067809,-0.063001,0.459656,-0.104220,0.081832,-0.192064,2440,1945,2364,2915,2449,1994
-0.065197,-0.064990,0.463261,-0.108469,0.083967,-0.190986,2419,1945,2356,2915,2446,1994
-0.058195,-0.066149,0.463348,-0.114035,0.084859,-0.195299,2396,1948,2347,2915,2409,1994
-0.056257,-0.065757,0.460401,-0.113761,0.084186,-0.198773,2391,1949,2345,2915,2402,1994
-0.054584,-0.066221,0.461025,-0.115459,0.084628,-0.199343,2388,1950,2345,2914,2396,1994
-0.054234,-0.066246,0.464081,-0.117610,0.084855,-0.197157,2388,1952,2345,2912,2394,1994
-0.053150,-0.066468,0.466754,-0.120104,0.085221,-0.195736,2387,1953,2345,2912,2394,1994
-0.054191,-0.068268,0.482421,-0.128874,0.088157,-0.182921,2381,1954,2345,2914,2394,1994
-0.051353,-0.065035,0.464084,-0.119902,0.083536,-0.198823,2376,1954,2345,2915,2394,1994
-0.051535,-0.064685,0.463847,-0.119617,0.083178,-0.198871,2373,1954,2345,2915,2394,1994
-0.051623,-0.063774,0.462679,-0.118843,0.082191,-0.199663,2370,1954,2346,2915,2394,1994
-0.051499,-0.063493,0.463520,-0.119460,0.081965,-0.199056,2369,1954,2347,2915,2394,1994
-0.051157,-0.063158,0.463879,-0.119955,0.081644,-0.198956,2368,1954,2347,2915,2394,1994
-0.050844,-0.063390,0.466752,-0.121962,0.082064,-0.196907,2362,1954,2347,2915,2394,1994
-0.050828,-0.063753,0.469655,-0.123752,0.082630,-0.194663,2355,1954,2346,2915,2394,1994
-0.050318,-0.063863,0.470654,-0.124767,0.082790,-0.194198,2349,1954,2346,2915,2393,1994
-0.049354,-0.064784,0.472707,-0.126775,0.083815,-0.193248,2339,1954,2346,2915,2393,1994
-0.048404,-0.064866,0.476606,-0.129917,0.084134,-0.190770,2324,1954,2346,2915,2392,1994
-0.046576,-0.064676,0.479150,-0.132924,0.084053,-0.189873,2304,1954,2346,2915,2391,1994
-0.038989,-0.062950,0.477985,-0.138220,0.081959,-0.195302,2227,1954,2348,2915,2343,1994
-0.037539,-0.063207,0.487816,-0.145395,0.082849,-0.188479,2197,1954,2350,2915,2321,1994
-0.035553,-0.066095,0.530639,-0.173207,0.088660,-0.156248,2138,1954,2354,2916,2275,1994
-0.032451,-0.062532,0.515666,-0.166512,0.083937,-0.169642,2117,1954,2354,2916,2259,1994
-0.030768,-0.062182,0.526621,-0.174568,0.084292,-0.162030,2068,1954,2350,2916,2221,1994
-0.029751,-0.064419,0.551976,-0.190903,0.088265,-0.142891,2025,1954,2346,2916,2192,1994
-0.029223,-0.065919,0.562342,-0.197663,0.090467,-0.135181,2003,1954,2346,2912,2177,1994
-0.028676,-0.066288,0.568980,-0.202164,0.091280,-0.130325,1981,1954,2346,2909,2163,1994
-0.028035,-0.065772,0.571103,-0.203979,0.090891,-0.129008,1956,1955,2346,2909,2148,1994
-0.031694,-0.065005,0.579918,-0.206510,0.090886,-0.119773,1955,1955,2346,2915,2112,1994
-0.047895,-0.059376,0.650542,-0.237136,0.090860,-0.053864,1723,2017,2328,2899,1899,1994
-0.048219,-0.057862,0.661030,-0.243336,0.090100,-0.045298,1715,2028,2318,2896,1890,1994
-0.046801,-0.055060,0.650222,-0.237857,0.086494,-0.054445,1707,2037,2309,2896,1881,1994
-0.047235,-0.056412,0.672537,-0.251193,0.089425,-0.036737,1695,2045,2300,2896,1871,1994
-0.044730,-0.053981,0.650165,-0.239471,0.085334,-0.055673,1687,2051,2293,2896,1859,1994
-0.046045,-0.054662,0.672081,-0.251875,0.087603,-0.037686,1682,2056,2289,2896,1849,1994
-0.046354,-0.054237,0.673142,-0.252287,0.087266,-0.036630,1678,2063,2286,2896,1840,1994
-0.047037,-0.053085,0.673065,-0.251715,0.086139,-0.036180,1679,2063,2286,2896,1840,1994
-0.047258,-0.053034,0.676375,-0.253573,0.086329,-0.033438,1682,2063,2286,2897,1841,1994
-0.047037,-0.053085,0.673065,-0.251715,0.086139,-0.036180,1684,2063,2286,2898,1841,1994
-0.046839,-0.053180,0.673904,-0.252386,0.086284,-0.035649,1685,2063,2286,2899,1841,1994
-0.045746,-0.052425,0.660939,-0.245301,0.084580,-0.046455,1689,2062,2290,2900,1844,1994
-0.046755,-0.053507,0.670967,-0.250645,0.086401,-0.038037,1711,2057,2297,2904,1849,1994
-0.047181,-0.054914,0.685376,-0.259135,0.088832,-0.026555,1724,2054,2298,2905,1856,1994
-0.045589,-0.053605,0.661042,-0.245473,0.085756,-0.046563,1738,2051,2299,2907,1871,1994
-0.046581,-0.056284,0.683983,-0.258735,0.090076,-0.028126,1755,2051,2299,2907,1890,1994
-0.043296,-0.055554,0.659646,-0.246402,0.087513,-0.049220,1774,2050,2299,2907,1912,1994
-0.041333,-0.056663,0.659383,-0.247776,0.088524,-0.050717,1789,2050,2299,2907,1932,1994
-0.038602,-0.056169,0.648455,-0.243231,0.087160,-0.060945,1806,2050,2298,2907,1951,1994
-0.032434,-0.055447,0.623465,-0.232773,0.084446,-0.084319,1820,2049,2298,2907,1958,1994
-0.032746,-0.056837,0.637465,-0.241102,0.086827,-0.073227,1818,2049,2298,2907,1957,1994
-0.032713,-0.056132,0.626331,-0.234303,0.085341,-0.081948,1799,2049,2290,2907,1944,1994
-0.033413,-0.056397,0.635999,-0.239680,0.086311,-0.073937,1780,2049,2287,2906,1916,1994
-0.036483,-0.058159,0.648742,-0.245055,0.089081,-0.062175,1720,2050,2287,2902,1816,1994
-0.042226,-0.056527,0.647656,-0.239876,0.087599,-0.059382,1698,2050,2294,2905,1781,1994
-0.050554,-0.057322,0.660817,-0.241369,0.089637,-0.043993,1722,2041,2303,2909,1808,1994
-0.048391,-0.058256,0.650013,-0.236434,0.089726,-0.053887,1765,2014,2315,2912,1878,1994
-0.062372,-0.055405,0.673927,-0.240109,0.089102,-0.026291,1670,2038,2325,2902,1763,1994
-0.058138,-0.053107,0.673316,-0.243106,0.086606,-0.029184,1685,2055,2304,2902,1768,1994
-0.055045,-0.052232,0.673336,-0.245571,0.085616,-0.030994,1702,2055,2300,2903,1786,1994
-0.051671,-0.052420,0.665094,-0.243174,0.085095,-0.039557,1719,2052,2299,2903,1816,1994
-0.047342,-0.051945,0.643677,-0.233453,0.082950,-0.059014,1737,2049,2299,2903,1852,1994
-0.041369,-0.054699,0.650023,-0.242028,0.085911,-0.057900,1773,2048,2299,2903,1905,1994
-0.036055,-0.055367,0.647459,-0.244641,0.086192,-0.063224,1785,2052,2299,2903,1922,1994
-0.034832,-0.053666,0.637229,-0.239350,0.083730,-0.071885,1767,2052,2297,2903,1903,1994
-0.037272,-0.056418,0.672618,-0.259108,0.089054,-0.042778,1748,2052,2296,2903,1874,1994
-0.036497,-0.053752,0.638110,-0.238576,0.083942,-0.070179,1726,2052,2296,2903,1837,1994
-0.048479,-0.056628,0.685355,-0.258075,0.090589,-0.025912,1673,2056,2296,2902,1757,1994
-0.051678,-0.053523,0.665183,-0.243209,0.086201,-0.039570,1677,2056,2296,2902,1758,1994
-0.052934,-0.053892,0.674906,-0.248180,0.087299,-0.031184,1691,2055,2297,2903,1776,1994
-0.052231,-0.054813,0.684251,-0.254459,0.088847,-0.024338,1716,2054,2298,2904,1803,1994
-0.044148,-0.056468,0.673290,-0.254091,0.089415,-0.038040,1788,2048,2299,2909,1903,1994
-0.033969,-0.056291,0.636735,-0.239695,0.086280,-0.073009,1824,2046,2304,2912,1944,1994
-0.036233,-0.055556,0.634141,-0.236325,0.085451,-0.073604,1767,2046,2302,2912,1881,1994
-0.037617,-0.055375,0.636290,-0.236553,0.085475,-0.071052,1741,2046,2303,2911,1841,1994
-0.041857,-0.057329,0.660915,-0.248294,0.089316,-0.049244,1713,2046,2306,2907,1799,1994
-0.054401,-0.055270,0.672146,-0.245311,0.088536,-0.032564,1657,2046,2311,2910,1716,1994
-0.058981,-0.055936,0.684211,-0.249091,0.090224,-0.020323,1656,2046,2311,2912,1709,1994
-0.061231,-0.055935,0.684194,-0.247304,0.090308,-0.018958,1661,2046,2313,2913,1716,1994
-0.061623,-0.055295,0.672436,-0.239787,0.088860,-0.027914,1680,2046,2313,2913,1732,1994
-0.061623,-0.055295,0.672436,-0.239787,0.088860,-0.027914,1707,2046,2313,2914,1760,1994
-0.042851,-0.056870,0.648837,-0.240103,0.088048,-0.058097,1802,2044,2303,2913,1902,1994
-0.039550,-0.056408,0.633461,-0.233278,0.086381,-0.072174,1798,2044,2301,2913,1899,1994
-0.037467,-0.056822,0.628266,-0.231729,0.086348,-0.077568,1789,2044,2300,2912,1894,1994
-0.038771,-0.059342,0.650188,-0.244122,0.090450,-0.059729,1751,2044,2299,2910,1836,1994
-0.042615,-0.058300,0.650535,-0.241313,0.089584,-0.057019,1704,2044,2302,2911,1755,1994
-0.049575,-0.055114,0.636539,-0.227270,0.085693,-0.063509,1674,2044,2311,2907,1697,1994
-0.054311,-0.055753,0.655866,-0.235384,0.087870,-0.045460,1672,2044,2311,2912,1690,1994
-0.060414,-0.057182,0.671257,-0.239994,0.090610,-0.029730,1687,2042,2313,2913,1715,1994
-0.038837,-0.059800,0.640938,-0.238386,0.090260,-0.066999,1733,2036,2296,2902,1818,1994
-0.039609,-0.059017,0.646223,-0.241031,0.089880,-0.062309,1719,2041,2296,2902,1794,1994
-0.044559,-0.058197,0.673952,-0.254150,0.091201,-0.037405,1692,2046,2296,2902,1753,1994
-0.048927,-0.055422,0.661793,-0.243276,0.087749,-0.044072,1684,2047,2297,2903,1742,1994
-0.047585,-0.054425,0.648053,-0.235916,0.085738,-0.055620,1713,2047,2296,2902,1803,1994
-0.057162,-0.055762,0.699133,-0.259687,0.091029,-0.009689,1618,2087,2255,2902,1710,1994
-0.056160,-0.055165,0.701530,-0.261956,0.090562,-0.008371,1632,2085,2256,2904,1714,1994
-0.049030,-0.056207,0.674462,-0.250959,0.089426,-0.034108,1699,2075,2268,2910,1808,1994
-0.045690,-0.055580,0.653945,-0.241013,0.087230,-0.052239,1718,2075,2268,2911,1832,1994
-0.040850,-0.055651,0.660321,-0.248746,0.087563,-0.050195,1728,2075,2266,2911,1848,1994
-0.038723,-0.055541,0.658768,-0.249473,0.087262,-0.052711,1713,2076,2257,2906,1841,1994
-0.037987,-0.056384,0.662822,-0.252532,0.088358,-0.050041,1693,2077,2256,2903,1824,1994
-0.037987,-0.056384,0.662822,-0.252532,0.088358,-0.050041,1678,2081,2255,2903,1801,1994
-0.040108,-0.057256,0.673748,-0.257552,0.090077,-0.040218,1661,2085,2255,2903,1774,1994
-0.042773,-0.056594,0.677687,-0.257873,0.089797,-0.035435,1647,2086,2255,2903,1756,1994
-0.052213,-0.055620,0.697323,-0.262485,0.090569,-0.014133,1634,2084,2258,2908,1737,1994
-0.052982,-0.055938,0.686664,-0.255332,0.090166,-0.022069,1635,2082,2257,2908,1738,1994
-0.051360,-0.055660,0.676111,-0.250139,0.089086,-0.031340,1635,2082,2257,2907,1738,1994
-0.052506,-0.056598,0.687805,-0.256400,0.090887,-0.021516,1630,2083,2257,2905,1732,1994
-0.055326,-0.054772,0.683026,-0.251263,0.088840,-0.023402,1625,2085,2268,2905,1738,1994
-0.057657,-0.054534,0.698165,-0.258717,0.089755,-0.010050,1628,2085,2263,2905,1743,1994
-0.052861,-0.055194,0.684350,-0.254017,0.089258,-0.023905,1633,2079,2258,2905,1783,1994
-0.050326,-0.056097,0.675632,-0.250656,0.089448,-0.032385,1615,2078,2255,2903,1822,1994
-0.051541,-0.056757,0.686855,-0.256576,0.090941,-0.022867,1608,2077,2255,2903,1824,1994
-0.052118,-0.056993,0.672082,-0.247051,0.090161,-0.034149,1636,2076,2269,2911,1825,1994
-0.054195,-0.056118,0.690292,-0.256598,0.090647,-0.018487,1600,2077,2256,2903,1777,1994
-0.042793,-0.057175,0.675432,-0.256466,0.090219,-0.037243,1636,2088,2222,2884,1789,1994
-0.042029,-0.057826,0.676354,-0.257627,0.090902,-0.037037,1607,2088,2221,2884,1750,1994
-0.043398,-0.056535,0.687021,-0.263109,0.090418,-0.027708,1675,2088,2237,2886,1797,1994
-0.041126,-0.056521,0.686841,-0.264793,0.090304,-0.029240,1680,2088,2237,2886,1804,1994
-0.038854,-0.056507,0.686667,-0.266479,0.090190,-0.030767,1682,2088,2236,2886,1805,1994
-0.037752,-0.056723,0.686337,-0.267144,0.090340,-0.031718,1680,2088,2236,2886,1801,1994
-0.040049,-0.056971,0.687023,-0.265749,0.090724,-0.029792,1638,2088,2235,2885,1760,1994
-0.043970,-0.054812,0.664554,-0.248891,0.087144,-0.044888,1611,2088,2237,2890,1731,1994
-0.071227,-0.054012,0.702146,-0.250455,0.090037,0.001436,1543,2075,2285,2888,1648,1994
-0.075563,-0.052980,0.699633,-0.245502,0.088999,0.002197,1524,2075,2285,2888,1634,1994
-0.081379,-0.052781,0.709199,-0.246785,0.089696,0.013299,1504,2080,2271,2885,1626,1994
-0.073921,-0.052674,0.728133,-0.264294,0.090632,0.023628,1523,2092,2254,2854,1660,1994
-0.069350,-0.052687,0.728369,-0.268047,0.090486,0.021012,1539,2099,2252,2844,1675,1994
-0.062486,-0.050157,0.704971,-0.259138,0.086056,-0.001393,1550,2108,2252,2820,1693,1994
-0.059586,-0.048485,0.703668,-0.260649,0.084187,-0.004062,1553,2113,2252,2809,1701,1994
-0.050876,-0.045717,0.712577,-0.273027,0.081718,-0.002173,1613,2113,2261,2864,1738,1994
-0.058374,-0.053013,0.724375,-0.274256,0.090107,0.011121,1599,2090,2258,2899,1711,1994
-0.057210,-0.051819,0.676976,-0.246101,0.085543,-0.026772,1582,2087,2258,2901,1694,1994
-0.074356,-0.053584,0.712854,-0.254562,0.090484,0.011807,1507,2087,2264,2894,1604,1994
-0.064661,-0.054878,0.653125,-0.225542,0.087204,-0.041205,1598,2067,2261,2902,1729,1994
-0.062906,-0.056929,0.674948,-0.240294,0.090714,-0.025282,1616,2069,2260,2900,1754,1994
-0.105110,-0.050286,0.678472,-0.209225,0.085965,0.003871,1466,2022,2360,2849,1566,1994
-0.094467,-0.050370,0.743334,-0.257432,0.090195,0.048352,1520,2024,2363,2818,1640,1994
-0.090904,-0.050314,0.741967,-0.259407,0.089906,0.045098,1522,2024,2363,2818,1644,1994
-0.083292,-0.047206,0.700595,-0.240065,0.083609,0.008145,1515,2024,2364,2818,1637,1994
-0.084445,-0.047206,0.700588,-0.239151,0.083653,0.008846,1504,2024,2365,2820,1623,1994
-0.113294,-0.047247,0.714574,-0.224959,0.085787,0.037515,1413,2013,2393,2815,1488,1994
-0.120360,-0.049391,0.750864,-0.241625,0.090746,0.070213,1414,2013,2393,2815,1490,1994
-0.100683,-0.046958,0.710568,-0.232459,0.084732,0.026662,1468,2014,2388,2815,1571,1994
-0.101169,-0.047835,0.719574,-0.237592,0.086257,0.033972,1466,2014,2389,2815,1568,1994
-0.104795,-0.047869,0.720072,-0.235035,0.086466,0.036583,1435,2013,2390,2815,1529,1994
-0.113975,-0.048425,0.727415,-0.232287,0.087890,0.047938,1414,2013,2391,2815,1510,1994
-0.115173,-0.048425,0.727413,-0.231340,0.087936,0.048670,1415,2013,2390,2815,1512,1994
-0.114665,-0.047863,0.727993,-0.232104,0.087397,0.048860,1415,2013,2390,2815,1513,1994
-0.110943,-0.047248,0.714583,-0.226821,0.085698,0.036083,1417,2013,2390,2815,1525,1994
-0.109796,-0.046631,0.708431,-0.223958,0.084607,0.030590,1422,2013,2390,2815,1529,1994
-0.109417,-0.046883,0.708334,-0.224195,0.084836,0.030262,1427,2013,2390,2815,1530,1994
-0.110902,-0.048390,0.726898,-0.234397,0.087700,0.045651,1429,2013,2391,2815,1531,1994
-0.108899,-0.047266,0.714572,-0.228427,0.085637,0.034820,1428,2013,2392,2815,1531,1994
-0.107987,-0.046960,0.704546,-0.222998,0.084592,0.026401,1427,2013,2392,2815,1530,1994
-0.109768,-0.047248,0.714588,-0.227752,0.085654,0.035367,1425,2013,2392,2815,1526,1994
-0.109463,-0.046965,0.710621,-0.225561,0.085081,0.032083,1417,2013,2392,2815,1523,1994
-0.112789,-0.047819,0.721971,-0.229891,0.086857,0.042978,1412,2013,2392,2815,1521,1994
-0.116563,-0.049091,0.741978,-0.239173,0.089677,0.060923,1409,2013,2392,2815,1521,1994
-0.117785,-0.049091,0.741978,-0.238209,0.089724,0.061672,1405,2013,2392,2815,1520,1994
-0.117062,-0.047863,0.727989,-0.230210,0.087489,0.050325,1395,2013,2392,2815,1500,1994
-0.121856,-0.047863,0.727982,-0.226421,0.087673,0.053256,1372,2013,2392,2816,1469,1994
-0.123261,-0.047507,0.724175,-0.222980,0.087104,0.051151,1362,2013,2392,2816,1456,1994
-0.128175,-0.047562,0.724999,-0.219606,0.087406,0.054805,1339,2012,2392,2821,1422,1994
-0.131547,-0.048476,0.728295,-0.218955,0.088679,0.059391,1326,2012,2392,2823,1404,1994
-0.105572,-0.052910,0.699516,-0.221742,0.090077,0.020496,1502,1947,2455,2823,1617,1994
-0.104310,-0.051347,0.694859,-0.219901,0.088143,0.016184,1509,1947,2465,2820,1617,1994
-0.102204,-0.047956,0.681327,-0.213301,0.083732,0.004520,1523,1944,2484,2818,1620,1994
-0.105569,-0.048296,0.699494,-0.221790,0.085476,0.020842,1529,1939,2491,2817,1626,1994
-0.103182,-0.046163,0.680450,-0.212014,0.081920,0.004571,1538,1930,2498,2816,1633,1994
-0.106222,-0.046517,0.698929,-0.220950,0.083688,0.020938,1547,1922,2505,2816,1640,1994
-0.104476,-0.045965,0.686311,-0.214592,0.082184,0.009988,1557,1915,2510,2816,1651,1994
-0.103182,-0.046163,0.680450,-0.212014,0.081920,0.004571,1565,1909,2513,2816,1661,1994
-0.100002,-0.047065,0.673629,-0.210327,0.082218,-0.002812,1560,1910,2505,2815,1661,1994
-0.101431,-0.048155,0.685148,-0.216254,0.084169,0.007036,1549,1911,2501,2814,1655,1994
-0.099647,-0.047127,0.674648,-0.211231,0.082337,-0.002233,1534,1910,2500,2812,1639,1994
-0.106202,-0.047276,0.681606,-0.210324,0.083227,0.007242,1480,1915,2510,2767,1574,1994
-0.109121,-0.045891,0.695021,-0.216271,0.082901,0.019690,1472,1916,2515,2752,1566,1994
-0.072856,-0.050301,0.662019,-0.224590,0.083583,-0.028829,1662,1906,2490,2798,1800,1994
-0.074493,-0.050640,0.654449,-0.218647,0.083451,-0.033806,1646,1906,2486,2804,1781,1994
-0.076672,-0.051734,0.654651,-0.217037,0.084640,-0.032399,1632,1906,2482,2811,1763,1994
-0.078775,-0.053039,0.654462,-0.215244,0.086008,-0.031362,1620,1905,2476,2819,1747,1994
-0.085096,-0.056551,0.674182,-0.222312,0.091138,-0.012259,1612,1905,2463,2838,1737,1994
-0.037174,-0.062667,0.610532,-0.221003,0.090917,-0.092156,1801,2016,2314,2886,1980,1994
-0.034632,-0.060097,0.609958,-0.222690,0.088217,-0.093962,1799,2039,2296,2886,1974,1994
-0.028344,-0.055545,0.619217,-0.233394,0.084088,-0.090173,1803,2081,2262,2886,1977,1994
-0.027505,-0.058344,0.675890,-0.268801,0.090827,-0.046341,1807,2097,2247,2886,1979,1994
-0.022139,-0.055295,0.662836,-0.265065,0.086664,-0.059653,1814,2108,2236,2886,1985,1994
-0.001720,-0.053379,0.659026,-0.278870,0.083700,-0.075006,1893,2129,2200,2886,2062,1994
0.001487,-0.053279,0.629348,-0.263189,0.081392,-0.100302,1845,2134,2189,2886,2017,1994
-0.000612,-0.052689,0.637525,-0.266558,0.081460,-0.092539,1825,2137,2189,2886,1998,1994
-0.002442,-0.052369,0.640424,-0.266897,0.081415,-0.089113,1822,2137,2189,2886,1994,1994
-0.003627,-0.053725,0.663622,-0.280181,0.084441,-0.070251,1825,2137,2189,2886,1997,1994
-0.003329,-0.052504,0.662233,-0.279579,0.083115,-0.071430,1848,2137,2189,2886,2023,1994
-0.002836,-0.052393,0.650223,-0.272600,0.082142,-0.081167,1869,2137,2189,2887,2043,1994
-0.000859,-0.054490,0.659991,-0.280128,0.084842,-0.074863,1889,2137,2189,2887,2063,1994
0.005700,-0.055515,0.649048,-0.278577,0.084842,-0.087567,1871,2137,2189,2886,2021,1994
0.000176,-0.054458,0.649211,-0.274330,0.084013,-0.083972,1913,2137,2189,2886,2030,1994
0.011876,-0.056156,0.596927,-0.251457,0.081582,-0.132390,1951,2138,2148,2886,2066,1994
0.014009,-0.056692,0.589347,-0.248482,0.081502,-0.139700,1939,2141,2140,2886,2061,1994
0.015805,-0.060798,0.618849,-0.267953,0.087598,-0.117925,1928,2148,2134,2886,2043,1994
0.017450,-0.059491,0.607986,-0.262602,0.085469,-0.127372,1905,2168,2119,2886,2013,1994
0.017319,-0.057933,0.605632,-0.261074,0.083755,-0.129020,1893,2181,2109,2886,2004,1994
0.017973,-0.056051,0.608721,-0.263510,0.082071,-0.126842,1887,2194,2099,2886,1996,1994
0.047158,-0.057883,0.615228,-0.290520,0.083231,-0.139749,1979,2320,1857,3063,2121,1994
0.043999,-0.060743,0.595080,-0.275624,0.084788,-0.153885,1980,2313,1858,3064,2123,1994
0.042985,-0.066294,0.594580,-0.274446,0.090325,-0.154096,1983,2304,1858,3064,2125,1994
0.042942,-0.067449,0.590157,-0.271683,0.091167,-0.157639,1986,2304,1858,3064,2126,1994
0.044015,-0.068496,0.576016,-0.263838,0.091176,-0.169500,2026,2302,1858,3064,2167,1994
0.040736,-0.064570,0.596928,-0.274133,0.088858,-0.150736,1951,2311,1872,3062,2106,1994
0.040487,-0.062529,0.608310,-0.280948,0.087632,-0.141471,1951,2318,1872,3062,2106,1994
0.041261,-0.062402,0.627233,-0.293174,0.088805,-0.127054,1951,2325,1871,3059,2108,1994
0.039845,-0.058710,0.605375,-0.278688,0.083644,-0.143083,1951,2331,1871,3053,2111,1994
0.047964,-0.057076,0.617124,-0.292329,0.082529,-0.138689,1990,2341,1857,3050,2147,1994
0.049189,-0.058042,0.616770,-0.293067,0.083419,-0.139794,1997,2340,1857,3050,2152,1994
0.048802,-0.058532,0.602948,-0.284273,0.082952,-0.150465,2000,2336,1857,3052,2152,1994
0.047933,-0.058073,0.588592,-0.274781,0.081519,-0.161186,2000,2328,1857,3054,2152,1994
0.047459,-0.058881,0.579821,-0.269015,0.081726,-0.167857,2000,2318,1857,3058,2152,1994
0.047706,-0.062757,0.594322,-0.278060,0.086599,-0.156911,1998,2308,1857,3062,2148,1994
0.044310,-0.067448,0.579387,-0.266153,0.090357,-0.166947,1988,2301,1866,3053,2144,1994
0.044503,-0.065737,0.588006,-0.271617,0.089249,-0.160151,1977,2302,1869,3052,2141,1994
0.045100,-0.065154,0.593060,-0.275197,0.089000,-0.156497,1972,2302,1870,3052,2132,1994
0.044101,-0.063956,0.589187,-0.272047,0.087572,-0.158835,1969,2303,1871,3052,2125,1994
0.043255,-0.062850,0.587736,-0.270503,0.086401,-0.159371,1964,2303,1871,3052,2121,1994
0.042148,-0.061993,0.588992,-0.270410,0.085677,-0.157637,1957,2303,1871,3051,2120,1994
0.042148,-0.061993,0.588992,-0.270410,0.085677,-0.157637,1958,2303,1871,3051,2120,1994
0.043473,-0.063194,0.604766,-0.281122,0.087932,-0.146139,1960,2304,1871,3051,2123,1994
0.043378,-0.062776,0.598888,-0.277445,0.087106,-0.150670,1995,2304,1871,3054,2148,1994
0.044736,-0.064283,0.605669,-0.282659,0.089032,-0.146289,2008,2304,1871,3054,2165,1994
0.043684,-0.062465,0.583895,-0.268489,0.085730,-0.162624,2021,2304,1871,3052,2180,1994
0.045337,-0.062789,0.576685,-0.265365,0.085483,-0.169332,2039,2303,1871,3052,2193,1994
0.046140,-0.063254,0.569567,-0.261624,0.085416,-0.175459,2042,2303,1870,3058,2191,1994
0.045767,-0.063873,0.567353,-0.259963,0.085892,-0.177019,2039,2302,1870,3062,2190,1994
0.045527,-0.065279,0.571000,-0.261994,0.087559,-0.174116,2034,2301,1871,3063,2185,1994
0.043897,-0.066190,0.570956,-0.260669,0.088527,-0.173224,2018,2301,1873,3063,2169,1994
0.042913,-0.066454,0.579368,-0.265051,0.089418,-0.166027,1996,2301,1874,3064,2148,1994
0.040677,-0.065912,0.589280,-0.269376,0.089661,-0.156820,1964,2301,1882,3064,2114,1994
0.039626,-0.065725,0.605638,-0.278588,0.090663,-0.143297,1950,2301,1891,3063,2100,1994
0.037105,-0.063133,0.597350,-0.271545,0.087595,-0.148065,1944,2301,1901,3063,2093,1994
0.033413,-0.059835,0.606483,-0.274277,0.085091,-0.138360,1941,2294,1924,3063,2094,1994
0.031032,-0.058638,0.612570,-0.276148,0.084417,-0.132020,1951,2290,1934,3063,2096,1994
0.026753,-0.057816,0.601419,-0.265937,0.082980,-0.138103,1979,2284,1951,3064,2123,1994
0.025827,-0.059050,0.603629,-0.266547,0.084400,-0.135895,1990,2276,1958,3064,2134,1994
0.025299,-0.059313,0.608932,-0.269381,0.085056,-0.131422,1996,2270,1962,3064,2140,1994
0.025299,-0.059313,0.608932,-0.269381,0.085056,-0.131422,1998,2263,1966,3063,2139,1994
0.024234,-0.059046,0.590757,-0.257390,0.083554,-0.145042,1996,2254,1968,3063,2138,1994
0.023546,-0.060117,0.583247,-0.252223,0.084120,-0.150611,1990,2246,1968,3063,2134,1994
0.023378,-0.063713,0.594032,-0.258664,0.088469,-0.142311,1978,2241,1969,3063,2118,1994
0.023017,-0.065070,0.593083,-0.257780,0.089769,-0.142943,1959,2239,1969,3063,2099,1994
0.021768,-0.066114,0.593650,-0.257129,0.090897,-0.141815,1943,2238,1969,3063,2083,1994
0.017463,-0.065359,0.605029,-0.260722,0.091109,-0.130169,1925,2239,1971,3064,2072,1994
0.020395,-0.066240,0.577259,-0.245983,0.089924,-0.153873,1998,2237,1971,3064,2139,1994
0.022052,-0.066282,0.577762,-0.247600,0.089938,-0.154497,1997,2237,1971,3064,2138,1994
0.022294,-0.066237,0.577225,-0.247461,0.089845,-0.155063,1988,2237,1970,3063,2132,1994
0.022297,-0.067199,0.577325,-0.247513,0.090812,-0.155063,1967,2237,1970,3062,2111,1994
0.018542,-0.064172,0.624656,-0.273635,0.091264,-0.115302,1894,2247,1970,3052,2042,1994
0.018200,-0.064555,0.613935,-0.266780,0.090906,-0.123554,1946,2237,1970,3062,2083,1994
0.023353,-0.066036,0.568671,-0.243051,0.089004,-0.162423,2010,2238,1967,3051,2153,1994
0.027364,-0.066962,0.579497,-0.252849,0.090533,-0.156440,2006,2238,1963,3051,2155,1994
0.027672,-0.067441,0.579611,-0.253156,0.091006,-0.156577,1994,2238,1963,3050,2145,1994
0.027920,-0.067604,0.576530,-0.251460,0.090943,-0.159165,1973,2238,1964,3050,2122,1994
0.027591,-0.066890,0.578737,-0.252563,0.090399,-0.157171,1953,2239,1967,3050,2099,1994
0.018774,-0.063383,0.626549,-0.274990,0.090601,-0.113893,1863,2250,1968,3048,2009,1994
0.016851,-0.063023,0.636404,-0.279524,0.091008,-0.104936,1896,2245,1969,3050,2032,1994
0.022191,-0.064626,0.586798,-0.253276,0.088916,-0.147344,1979,2240,1967,3050,2116,1994
0.025631,-0.066301,0.586969,-0.256075,0.090465,-0.149450,2008,2239,1963,3050,2143,1994
0.002368,-0.065111,0.594716,-0.242480,0.090719,-0.129012,1962,2173,2076,3049,2098,1994
0.003212,-0.065210,0.594285,-0.242881,0.090755,-0.129876,1961,2173,2073,3048,2097,1994
0.005303,-0.065095,0.594565,-0.244705,0.090580,-0.130927,1919,2178,2075,3017,2062,1994
0.006537,-0.063637,0.592667,-0.244533,0.088946,-0.133061,1901,2182,2077,2996,2041,1994
0.006854,-0.063805,0.613692,-0.257684,0.090577,-0.116734,1882,2185,2078,2975,2026,1994
0.009181,-0.058054,0.605412,-0.254513,0.084174,-0.124216,1859,2187,2081,2936,2006,1994
0.012287,-0.059484,0.661140,-0.291148,0.089394,-0.082408,1856,2186,2099,2907,2007,1994
0.014053,-0.058962,0.661327,-0.292663,0.088819,-0.083302,1867,2185,2110,2900,2010,1994
0.013920,-0.055370,0.629482,-0.273060,0.083007,-0.107979,1883,2182,2121,2898,2023,1994
0.013585,-0.054649,0.626815,-0.271168,0.082114,-0.109814,1900,2175,2132,2900,2045,1994
0.013593,-0.055612,0.650278,-0.285561,0.084721,-0.091444,1917,2172,2139,2905,2063,1994
0.010017,-0.056308,0.606473,-0.255846,0.082476,-0.123756,1981,2141,2158,2908,2127,1994
0.010726,-0.059646,0.596731,-0.250385,0.085091,-0.132116,1988,2129,2161,2908,2133,1994
0.010312,-0.060374,0.587094,-0.244135,0.085157,-0.139498,1983,2128,2164,2908,2126,1994
0.009214,-0.060810,0.587324,-0.243403,0.085650,-0.138679,1970,2128,2169,2908,2123,1994
0.005823,-0.058082,0.597984,-0.247303,0.083809,-0.128003,1900,2128,2183,2907,2045,1994
0.002830,-0.058617,0.616967,-0.256583,0.085792,-0.111283,1876,2128,2185,2906,2022,1994
-0.000492,-0.057791,0.619330,-0.255422,0.085262,-0.107324,1853,2128,2185,2906,2002,1994
-0.003033,-0.059853,0.649710,-0.272034,0.089549,-0.082040,1837,2128,2186,2905,1986,1994
-0.007119,-0.057753,0.650211,-0.269143,0.087649,-0.078977,1827,2128,2186,2906,1976,1994
-0.008097,-0.056355,0.638036,-0.260917,0.085437,-0.087841,1837,2128,2187,2907,1982,1994
-0.008190,-0.058825,0.650207,-0.268281,0.088758,-0.078409,1880,2128,2187,2908,2028,1994
-0.005940,-0.057463,0.629694,-0.257486,0.085873,-0.095811,1907,2128,2187,2908,2055,1994
-0.003292,-0.055999,0.608038,-0.246304,0.082790,-0.114347,1949,2128,2186,2906,2093,1994
-0.000217,-0.057583,0.616775,-0.254073,0.084865,-0.109486,1967,2128,2186,2905,2108,1994
0.006208,-0.059440,0.607377,-0.253354,0.085808,-0.120960,2026,2127,2185,2904,2161,1994
0.006771,-0.058652,0.589589,-0.242892,0.083751,-0.135231,2034,2127,2185,2906,2167,1994
0.007348,-0.060911,0.606915,-0.253952,0.087198,-0.122137,2033,2127,2185,2906,2166,1994
0.006281,-0.058201,0.578220,-0.235534,0.082523,-0.143835,1999,2127,2185,2907,2148,1994
0.006111,-0.057293,0.577978,-0.235262,0.081607,-0.143850,1940,2127,2185,2902,2089,1994
0.004969,-0.057672,0.595280,-0.244974,0.083244,-0.129574,1906,2127,2185,2899,2056,1994
0.003306,-0.058757,0.618579,-0.257947,0.086026,-0.110318,1874,2127,2185,2898,2024,1994
0.001622,-0.057569,0.617289,-0.255841,0.084816,-0.110206,1845,2128,2185,2897,1994,1994
-0.000153,-0.056799,0.627822,-0.260914,0.084857,-0.100776,1818,2128,2185,2897,1964,1994
-0.006929,-0.058951,0.676512,-0.285418,0.090683,-0.058505,1782,2128,2185,2897,1928,1994
-0.011517,-0.056302,0.652297,-0.266969,0.086518,-0.074527,1775,2128,2185,2897,1922,1994
-0.012591,-0.056302,0.652295,-0.266120,0.086560,-0.073871,1785,2128,2185,2897,1929,1994
-0.012591,-0.056302,0.652295,-0.266120,0.086560,-0.073871,1804,2128,2186,2898,1949,1994
-0.011589,-0.056642,0.649748,-0.265344,0.086681,-0.076515,1833,2128,2186,2898,1980,1994
-0.009698,-0.058000,0.662225,-0.274477,0.088839,-0.067968,1857,2128,2186,2898,2004,1994
0.004777,-0.058304,0.619365,-0.259596,0.085573,-0.110566,1990,2128,2176,2897,2123,1994
0.007091,-0.057886,0.599207,-0.249057,0.083651,-0.127802,2023,2128,2173,2897,2151,1994
0.011209,-0.059913,0.580595,-0.240860,0.084206,-0.145122,2079,2128,2172,2898,2198,1994
0.010320,-0.059043,0.552036,-0.222642,0.081367,-0.166968,2137,2128,2172,2905,2250,1994
0.008713,-0.059633,0.589687,-0.244473,0.084662,-0.136421,1955,2128,2172,2901,2103,1994
0.008682,-0.059175,0.589935,-0.244606,0.084224,-0.136170,1927,2128,2172,2899,2076,1994
0.007711,-0.059175,0.589937,-0.243841,0.084262,-0.135574,1898,2128,2172,2898,2049,1994
0.006458,-0.059629,0.609458,-0.254826,0.086133,-0.119491,1870,2128,2171,2898,2026,1994
0.004819,-0.061418,0.627408,-0.264526,0.089241,-0.104512,1843,2128,2171,2898,2004,1994
0.002433,-0.060977,0.628204,-0.263136,0.088948,-0.102390,1820,2128,2170,2897,1983,1994
0.000435,-0.061183,0.638427,-0.267830,0.089949,-0.093143,1797,2128,2170,2897,1960,1994
-0.002727,-0.061734,0.646832,-0.270485,0.091210,-0.084640,1882,2128,2170,2897,2033,1994
0.001816,-0.059409,0.615940,-0.255143,0.086548,-0.111532,1917,2128,2169,2897,2060,1994
0.007404,-0.060631,0.603978,-0.252197,0.086711,-0.124459,1990,2128,2169,2897,2119,1994
0.009708,-0.059602,0.587689,-0.244032,0.084452,-0.138599,2023,2128,2169,2897,2147,1994
0.011464,-0.060399,0.587341,-0.245195,0.085154,-0.140012,2059,2128,2169,2897,2178,1994
0.012495,-0.059551,0.567261,-0.233696,0.082858,-0.156367,2093,2128,2169,2897,2205,1994
0.013119,-0.062052,0.571655,-0.236854,0.085636,-0.153492,2157,2128,2169,2897,2261,1994
-0.024317,-0.075035,0.441490,-0.127251,0.090876,-0.233946,2425,2053,2169,2955,2523,1994
-0.071587,-0.073786,0.393549,-0.060529,0.088084,-0.242589,2595,2057,2169,3021,2674,1994
-0.071898,-0.074618,0.397712,-0.062828,0.089218,-0.239190,2573,2056,2169,3022,2672,1994
-0.068250,-0.072702,0.387608,-0.059531,0.086458,-0.249220,2548,2057,2169,3023,2665,1994
-0.019038,-0.072973,0.476537,-0.152954,0.091079,-0.209456,2271,2062,2171,3011,2454,1994
-0.035394,-0.070904,0.432842,-0.113252,0.086577,-0.233634,2467,2063,2170,3011,2568,1994
-0.048393,-0.072274,0.421817,-0.096207,0.087669,-0.234448,2495,2061,2170,3012,2577,1994
-0.049470,-0.073585,0.423290,-0.096244,0.089121,-0.232734,2485,2060,2170,3017,2573,1994
-0.048999,-0.074098,0.423996,-0.097043,0.089664,-0.232508,2466,2060,2173,3019,2563,1994
-0.047588,-0.074017,0.424944,-0.098739,0.089595,-0.232620,2444,2060,2183,3017,2542,1994
-0.044872,-0.072840,0.426324,-0.101745,0.088414,-0.233106,2425,2062,2186,3020,2520,1994
-0.042585,-0.070425,0.429804,-0.105717,0.086164,-0.231579,2413,2062,2187,3022,2508,1994
-0.040973,-0.068278,0.446525,-0.117279,0.085135,-0.219248,2412,2053,2193,3023,2505,1994
-0.041506,-0.069829,0.452791,-0.120684,0.087142,-0.214117,2426,2051,2195,3023,2511,1994
-0.047568,-0.072879,0.438366,-0.107006,0.089403,-0.221987,2483,2050,2192,3023,2572,1994
-0.048031,-0.070487,0.416235,-0.093089,0.085482,-0.238919,2501,2050,2192,3022,2589,1994
-0.052707,-0.073941,0.433406,-0.099893,0.090311,-0.222824,2515,2050,2192,3017,2603,1994
-0.055140,-0.073440,0.427055,-0.094080,0.089459,-0.226288,2524,2050,2193,3014,2612,1994
-0.057533,-0.072438,0.422693,-0.089527,0.088246,-0.228173,2529,2051,2193,3013,2618,1994
-0.058744,-0.071635,0.417273,-0.085255,0.087112,-0.231630,2530,2051,2191,3013,2619,1994
-0.059447,-0.071655,0.417392,-0.084772,0.087167,-0.231107,2526,2051,2190,3013,2617,1994
-0.059437,-0.072525,0.417716,-0.084968,0.088056,-0.230928,2514,2051,2190,3013,2612,1994
-0.056687,-0.071925,0.414066,-0.084907,0.087096,-0.235435,2491,2051,2189,3013,2609,1994
-0.054311,-0.071297,0.411146,-0.084999,0.086173,-0.239137,2468,2052,2187,3013,2594,1994
-0.026561,-0.071089,0.448227,-0.129665,0.087502,-0.226961,2294,2057,2183,3011,2453,1994
-0.023472,-0.071349,0.459663,-0.139119,0.088446,-0.219881,2269,2058,2183,3011,2432,1994
-0.019732,-0.070659,0.465184,-0.145468,0.088001,-0.217776,2245,2060,2183,3011,2411,1994
-0.015659,-0.071926,0.488051,-0.162701,0.090714,-0.202388,2225,2061,2183,3011,2393,1994
-0.014085,-0.071557,0.501261,-0.172055,0.091214,-0.192935,2237,2061,2183,3011,2399,1994
-0.015533,-0.071786,0.496015,-0.167690,0.091129,-0.196192,2277,2060,2182,3011,2421,1994
-0.018300,-0.072556,0.482896,-0.157444,0.091082,-0.204874,2331,2060,2181,3008,2470,1994
-0.019777,-0.071907,0.470843,-0.148890,0.089645,-0.213396,2356,2061,2181,3001,2488,1994
-0.028401,-0.073202,0.465512,-0.138793,0.090894,-0.212408,2420,2061,2182,2975,2537,1994
-0.030433,-0.071854,0.448282,-0.126632,0.088418,-0.224606,2432,2060,2182,2968,2546,1994
-0.031190,-0.071744,0.437689,-0.119535,0.087594,-0.232463,2438,2058,2182,2962,2549,1994
-0.032983,-0.074403,0.444562,-0.122303,0.090796,-0.226171,2437,2054,2181,2959,2550,1994
-0.032811,-0.074831,0.438970,-0.119002,0.090822,-0.230708,2427,2051,2181,2958,2549,1994
-0.020207,-0.073976,0.442264,-0.130985,0.089716,-0.235771,2304,2055,2182,2958,2448,1994
-0.016533,-0.074403,0.457489,-0.143223,0.091070,-0.226083,2278,2056,2182,2958,2422,1994
-0.010368,-0.071199,0.458421,-0.148703,0.087704,-0.228874,2227,2057,2182,2958,2375,1994
0.002549,-0.068891,0.529555,-0.202585,0.089903,-0.180664,2149,2096,2172,2956,2315,1994
0.002806,-0.068027,0.536823,-0.207259,0.089542,-0.175038,2147,2097,2172,2956,2313,1994
0.002797,-0.065709,0.530946,-0.203675,0.086820,-0.179471,2144,2098,2172,2956,2312,1994
0.002976,-0.065755,0.534118,-0.205763,0.087081,-0.177090,2132,2096,2172,2956,2311,1994
0.003474,-0.065661,0.530378,-0.203861,0.086706,-0.180328,2123,2092,2171,2956,2301,1994
0.003691,-0.066546,0.530797,-0.204278,0.087609,-0.180202,2115,2089,2171,2956,2284,1994
0.003968,-0.068678,0.545181,-0.213298,0.090734,-0.169228,2126,2087,2171,2957,2282,1994
0.003085,-0.069544,0.538767,-0.208653,0.091180,-0.173800,2072,2088,2171,2957,2252,1994
0.003832,-0.070295,0.522155,-0.199039,0.090733,-0.187381,2124,2088,2162,2957,2312,1994
0.005552,-0.069155,0.538906,-0.210691,0.090707,-0.175171,2114,2089,2162,2957,2292,1994
0.005322,-0.069681,0.539649,-0.210958,0.091293,-0.174488,2130,2089,2162,2957,2303,1994
0.003426,-0.070621,0.523757,-0.199697,0.091187,-0.185898,2161,2089,2162,2957,2339,1994
0.003399,-0.069837,0.520578,-0.197734,0.090183,-0.188320,2160,2089,2162,2957,2339,1994
0.004016,-0.069427,0.522091,-0.199156,0.089856,-0.187475,2159,2089,2162,2957,2339,1994
0.004291,-0.070358,0.529391,-0.203841,0.091286,-0.181976,2159,2089,2162,2957,2339,1994
0.004096,-0.069730,0.527897,-0.202778,0.090564,-0.182983,2170,2089,2164,2957,2350,1994
0.002983,-0.069888,0.529153,-0.202668,0.090852,-0.181325,2186,2089,2162,2957,2370,1994
0.001488,-0.069248,0.520109,-0.195946,0.089636,-0.187471,2210,2089,2162,2957,2393,1994
0.002056,-0.069942,0.514802,-0.193128,0.089933,-0.192048,2231,2089,2162,2957,2410,1994
0.001226,-0.070037,0.506528,-0.187394,0.089479,-0.198053,2250,2089,2162,2957,2424,1994
-0.000884,-0.070128,0.500981,-0.182323,0.089261,-0.201130,2266,2089,2162,2957,2435,1994
-0.002818,-0.068559,0.488083,-0.172900,0.086866,-0.209964,2280,2089,2162,2957,2444,1994
-0.004420,-0.069415,0.486843,-0.170864,0.087693,-0.210025,2289,2089,2161,2956,2452,1994
-0.005159,-0.069632,0.480728,-0.166525,0.087509,-0.214398,2293,2089,2161,2956,2454,1994
-0.005556,-0.070034,0.480756,-0.166224,0.087926,-0.214165,2290,2089,2161,2956,2454,1994
-0.005807,-0.070189,0.481894,-0.166722,0.088171,-0.213129,2272,2090,2162,2956,2452,1994
-0.005488,-0.067991,0.475713,-0.163209,0.085533,-0.218011,2250,2090,2162,2956,2447,1994
-0.003947,-0.068213,0.481999,-0.168280,0.086137,-0.214029,2230,2090,2162,2956,2426,1994
-0.001634,-0.070142,0.503059,-0.183006,0.089450,-0.199037,2217,2090,2162,2956,2408,1994
-0.000005,-0.069162,0.501145,-0.183129,0.088276,-0.201463,2210,2090,2162,2956,2396,1994
0.001230,-0.069252,0.502563,-0.184974,0.088418,-0.201111,2214,2090,2162,2956,2399,1994
0.000393,-0.070043,0.506574,-0.186764,0.089520,-0.197507,2254,2089,2162,2957,2431,1994
-0.002818,-0.069372,0.488149,-0.172930,0.087681,-0.209976,2314,2089,2161,2957,2480,1994
-0.005282,-0.070921,0.488294,-0.171055,0.089330,-0.208475,2328,2089,2161,2957,2491,1994
-0.011339,-0.069679,0.458681,-0.148115,0.086245,-0.227954,2312,2090,2152,2956,2508,1994
-0.001577,-0.073263,0.477477,-0.167311,0.090762,-0.219437,2256,2090,2143,2957,2414,1994
-0.001610,-0.072418,0.481901,-0.170010,0.090231,-0.215871,2230,2090,2143,2957,2395,1994
-0.000735,-0.072467,0.465727,-0.160775,0.089110,-0.229130,2239,2102,2130,2957,2382,1994
0.001776,-0.071624,0.471537,-0.166333,0.088582,-0.226032,2209,2110,2130,2957,2358,1994
0.009866,-0.066908,0.536380,-0.212575,0.088124,-0.179623,2180,2146,2130,2957,2331,1994
0.009447,-0.062067,0.520902,-0.202807,0.082227,-0.191155,2198,2149,2130,2957,2335,1994
0.011477,-0.061993,0.538497,-0.215208,0.083312,-0.178557,2129,2149,2129,2956,2291,1994
0.013384,-0.060831,0.535734,-0.215034,0.081885,-0.181806,2120,2149,2120,2956,2288,1994
0.013601,-0.060680,0.534320,-0.214339,0.081627,-0.183038,2135,2149,2110,2956,2298,1994
0.014111,-0.062765,0.543609,-0.220415,0.084338,-0.176211,2156,2147,2101,2956,2314,1994
0.015454,-0.064304,0.535946,-0.216753,0.085282,-0.183181,2194,2147,2083,2956,2349,1994
0.016329,-0.067988,0.528597,-0.212887,0.088405,-0.189789,2210,2149,2075,2956,2362,1994
0.017853,-0.071538,0.505272,-0.199730,0.090246,-0.209346,2248,2154,2056,2957,2393,1994
0.018305,-0.071246,0.495245,-0.193937,0.089234,-0.217485,2259,2156,2050,2957,2398,1994
0.018165,-0.072778,0.491160,-0.191300,0.090479,-0.220732,2260,2156,2048,2957,2396,1994
0.022844,-0.071399,0.500029,-0.200454,0.089548,-0.216516,2167,2165,2060,2958,2328,1994
0.023713,-0.070973,0.514938,-0.210295,0.090136,-0.205290,2156,2169,2060,2958,2316,1994
0.023320,-0.068512,0.515594,-0.210419,0.087745,-0.204338,2151,2173,2060,2958,2316,1994
0.023858,-0.067096,0.522762,-0.215261,0.086816,-0.198919,2157,2177,2060,2958,2318,1994
0.024132,-0.066185,0.528116,-0.218774,0.086273,-0.194804,2172,2177,2060,2959,2320,1994
0.023569,-0.065018,0.520541,-0.213696,0.084600,-0.200325,2191,2177,2058,2964,2334,1994
0.022836,-0.065905,0.519999,-0.212773,0.085474,-0.200372,2212,2176,2057,2965,2353,1994
0.018828,-0.066357,0.498760,-0.196570,0.084587,-0.214654,2241,2176,2058,2966,2372,1994
0.017820,-0.067075,0.498416,-0.195553,0.085317,-0.214364,2245,2176,2060,2966,2373,1994
0.016072,-0.065308,0.488505,-0.188113,0.082927,-0.220948,2242,2176,2060,2966,2370,1994
0.014880,-0.065647,0.492346,-0.189525,0.083580,-0.217224,2220,2176,2060,2966,2367,1994
0.015761,-0.064125,0.485434,-0.185997,0.081545,-0.223078,2192,2176,2060,2966,2353,1994
0.018468,-0.068320,0.522701,-0.210953,0.088239,-0.195762,2166,2177,2060,2963,2322,1994
0.020395,-0.064852,0.506498,-0.202574,0.083570,-0.209410,2144,2177,2060,2962,2300,1994
0.022371,-0.065484,0.523805,-0.214748,0.085340,-0.197060,2130,2177,2058,2962,2284,1994
0.024451,-0.067518,0.545716,-0.229811,0.088826,-0.181265,2123,2176,2053,2965,2280,1994
0.024262,-0.066925,0.535750,-0.223553,0.087542,-0.188939,2129,2173,2051,2966,2282,1994
0.024872,-0.068234,0.536361,-0.224392,0.088866,-0.188936,2144,2168,2050,2967,2287,1994
0.019112,-0.071946,0.493897,-0.193738,0.089805,-0.219095,2248,2168,2051,2967,2365,1994
0.017531,-0.072305,0.496597,-0.194142,0.090414,-0.216031,2255,2168,2053,2967,2368,1994
0.016090,-0.070897,0.492167,-0.190303,0.088755,-0.218521,2254,2167,2054,2967,2365,1994
0.015166,-0.070312,0.486772,-0.186271,0.087829,-0.222151,2238,2167,2053,2967,2360,1994
0.015057,-0.069676,0.481057,-0.182686,0.086797,-0.226528,2213,2169,2050,2967,2356,1994
0.020774,-0.071693,0.509601,-0.204691,0.090593,-0.207743,2163,2175,2050,2960,2312,1994
0.023337,-0.070115,0.511583,-0.207950,0.089060,-0.207630,2147,2176,2049,2959,2296,1994
0.025304,-0.068658,0.516850,-0.212754,0.087901,-0.204578,2140,2176,2049,2959,2288,1994
0.026037,-0.067527,0.519234,-0.214810,0.086914,-0.203062,2142,2176,2049,2959,2286,1994
0.026191,-0.067415,0.522377,-0.216862,0.087017,-0.200676,2158,2174,2049,2961,2293,1994
0.013789,-0.072621,0.479463,-0.180669,0.089670,-0.227238,2318,2166,2055,2967,2408,1994
0.009965,-0.071910,0.474274,-0.174474,0.088744,-0.228920,2336,2166,2060,2967,2422,1994
0.006154,-0.069202,0.456971,-0.160881,0.084975,-0.239978,2346,2166,2061,2968,2429,1994
0.002889,-0.070653,0.465621,-0.163594,0.087155,-0.231290,2346,2165,2061,2969,2430,1994
0.000264,-0.068965,0.455307,-0.155213,0.084849,-0.237659,2331,2165,2061,2969,2426,1994
0.000395,-0.069164,0.457421,-0.156612,0.085191,-0.236092,2307,2165,2061,2969,2423,1994
0.005970,-0.068071,0.456665,-0.160563,0.083834,-0.240016,2251,2165,2061,2969,2377,1994
0.010608,-0.068342,0.468724,-0.171621,0.084772,-0.233396,2224,2166,2061,2968,2354,1994
0.013123,-0.068173,0.481701,-0.181573,0.085419,-0.224718,2205,2166,2061,2968,2338,1994
0.017154,-0.070433,0.509685,-0.201900,0.089482,-0.205360,2194,2165,2061,2968,2331,1994
0.017671,-0.071184,0.507004,-0.200654,0.090022,-0.207845,2228,2163,2061,2969,2358,1994
0.016191,-0.070833,0.498857,-0.194490,0.089156,-0.213317,2243,2162,2061,2969,2373,1994
0.014758,-0.071661,0.500130,-0.194130,0.090127,-0.211503,2267,2158,2061,2969,2391,1994
0.012737,-0.072151,0.493618,-0.188532,0.090236,-0.215425,2288,2154,2061,2969,2405,1994
0.005085,-0.072734,0.457482,-0.160307,0.088573,-0.239200,2333,2143,2063,2970,2433,1994
0.002298,-0.074465,0.468754,-0.165001,0.091198,-0.228765,2251,2142,2062,3016,2370,1994
-0.008759,-0.074648,0.452371,-0.146216,0.090655,-0.234889,2326,2142,2061,3013,2448,1994
-0.006599,-0.073824,0.449458,-0.146144,0.089546,-0.238439,2301,2149,2055,3011,2428,1994
0.009966,-0.071801,0.487106,-0.182351,0.089536,-0.218820,2215,2153,2055,3009,2360,1994
0.011331,-0.071784,0.492721,-0.186876,0.089861,-0.215240,2205,2153,2055,3009,2353,1994
0.012755,-0.071581,0.508794,-0.197867,0.090732,-0.203456,2212,2153,2062,3010,2359,1994
0.011347,-0.071201,0.513460,-0.199623,0.090737,-0.198894,2234,2153,2062,3010,2370,1994
0.010306,-0.069937,0.501540,-0.191502,0.088679,-0.207530,2255,2153,2062,3010,2389,1994
0.008461,-0.072194,0.500482,-0.189368,0.090925,-0.207411,2271,2153,2062,3010,2399,1994
0.005558,-0.071197,0.487389,-0.179053,0.089124,-0.215849,2260,2152,2059,3010,2397,1994
0.005538,-0.071641,0.483920,-0.176903,0.089323,-0.218600,2242,2152,2056,3010,2390,1994
0.007563,-0.072629,0.487281,-0.180552,0.090467,-0.217276,2220,2153,2053,3009,2376,1994
0.012629,-0.072048,0.494643,-0.189077,0.090209,-0.214544,2198,2153,2050,3009,2356,1994
0.014462,-0.072574,0.502593,-0.195395,0.091222,-0.209457,2206,2153,2050,3009,2359,1994
0.005417,-0.073516,0.474859,-0.171223,0.090561,-0.225801,2269,2151,2049,3010,2411,1994
0.006246,-0.074198,0.475359,-0.172175,0.091244,-0.225969,2246,2151,2049,3010,2393,1994
-0.028957,-0.077013,0.406733,-0.102232,0.090584,-0.258592,2510,2141,2048,3011,2583,1994
-0.035785,-0.077850,0.400852,-0.093223,0.091269,-0.259100,2520,2142,2049,3019,2605,1994
-0.035779,-0.077177,0.400787,-0.093195,0.090593,-0.259102,2513,2142,2055,3020,2605,1994
-0.035182,-0.076519,0.403302,-0.095219,0.090091,-0.257437,2502,2141,2060,3020,2603,1994
-0.033592,-0.073571,0.404013,-0.096948,0.087141,-0.257619,2492,2145,2061,3021,2605,1994
-0.032748,-0.071896,0.406317,-0.099050,0.085601,-0.256192,2497,2146,2061,3021,2606,1994
-0.032452,-0.072411,0.414519,-0.104311,0.086679,-0.249964,2510,2146,2061,3021,2611,1994
-0.034656,-0.074091,0.423915,-0.108316,0.089098,-0.241358,2527,2145,2061,3021,2625,1994
-0.041735,-0.070193,0.385408,-0.079145,0.082781,-0.266995,2568,2144,2060,3021,2660,1994
-0.046238,-0.071491,0.387642,-0.076945,0.084405,-0.262582,2570,2143,2060,3021,2662,1994
-0.049266,-0.073462,0.394810,-0.078928,0.086990,-0.255246,2559,2142,2060,3021,2660,1994
-0.048696,-0.073612,0.392287,-0.077828,0.086940,-0.257590,2538,2142,2060,3021,2657,1994
-0.020775,-0.075335,0.427824,-0.121657,0.090078,-0.246886,2456,2144,2049,3021,2593,1994
-0.020781,-0.076059,0.427935,-0.121711,0.090808,-0.246853,2475,2143,2049,3021,2601,1994
-0.022520,-0.075612,0.417223,-0.113770,0.089677,-0.254176,2494,2143,2049,3021,2618,1994
-0.029600,-0.075873,0.410256,-0.103902,0.089720,-0.255338,2512,2144,2049,3021,2630,1994
-0.031995,-0.076277,0.410230,-0.101989,0.090214,-0.253923,2509,2144,2049,3021,2630,1994
-0.032676,-0.076092,0.407219,-0.099607,0.089844,-0.255859,2492,2143,2050,3021,2629,1994
-0.009946,-0.076194,0.432405,-0.133006,0.090840,-0.249986,2351,2144,2049,3015,2509,1994
-0.004877,-0.073862,0.458501,-0.153053,0.090153,-0.232385,2327,2148,2061,3020,2452,1994
-0.004638,-0.073119,0.463975,-0.156610,0.089788,-0.228168,2321,2149,2061,3020,2444,1994
-0.004605,-0.072858,0.468985,-0.159714,0.089878,-0.224228,2315,2150,2061,3020,2431,1994
-0.003099,-0.071703,0.463172,-0.157350,0.088261,-0.229630,2312,2151,2061,3020,2422,1994
-0.002740,-0.071528,0.470241,-0.161974,0.088569,-0.224278,2310,2151,2061,3014,2420,1994
-0.001908,-0.070660,0.468782,-0.161747,0.087569,-0.225866,2305,2151,2061,3011,2418,1994
-0.001137,-0.070169,0.469100,-0.162557,0.087072,-0.226049,2301,2151,2059,3011,2417,1994
0.001899,-0.072160,0.475242,-0.168698,0.089372,-0.223237,2297,2151,2060,3011,2417,1994
0.002681,-0.072946,0.475255,-0.169313,0.090126,-0.223767,2295,2151,2061,3013,2421,1994
0.001907,-0.072457,0.471285,-0.166272,0.089389,-0.226377,2288,2151,2061,3013,2423,1994
0.001901,-0.071539,0.474735,-0.168396,0.088717,-0.223587,2277,2151,2061,3014,2422,1994
0.003582,-0.070936,0.481084,-0.173627,0.088496,-0.219576,2258,2151,2054,3011,2416,1994
0.005964,-0.072569,0.481918,-0.175999,0.090092,-0.220510,2249,2151,2051,3011,2416,1994
0.010504,-0.073146,0.489881,-0.184462,0.091051,-0.217074,2245,2151,2059,3011,2416,1994
0.008902,-0.072628,0.492942,-0.185083,0.090811,-0.213644,2239,2151,2060,3011,2416,1994
0.009777,-0.072428,0.494482,-0.186721,0.090687,-0.212954,2228,2151,2060,3011,2416,1994
0.010588,-0.071595,0.494349,-0.187291,0.089815,-0.213489,2226,2151,2060,3011,2416,1994
0.011816,-0.072052,0.494674,-0.188453,0.090247,-0.214022,2220,2151,2055,3010,2416,1994
0.012189,-0.072230,0.496303,-0.189746,0.090524,-0.212984,2220,2151,2056,3010,2416,1994
0.011630,-0.072028,0.505841,-0.195161,0.091014,-0.205125,2219,2152,2060,3010,2416,1994
0.012459,-0.071589,0.505683,-0.195723,0.090534,-0.205722,2216,2152,2060,3010,2416,1994
0.012387,-0.071283,0.502265,-0.193572,0.089991,-0.208341,2215,2152,2060,3010,2416,1994
0.011304,-0.072065,0.502232,-0.192688,0.090810,-0.207766,2216,2152,2060,3010,2416,1994
0.011466,-0.071826,0.496216,-0.189126,0.090143,-0.212577,2216,2151,2058,3010,2416,1994
0.012166,-0.072319,0.500778,-0.192472,0.090928,-0.209457,2215,2152,2060,3010,2416,1994
0.012164,-0.071479,0.500674,-0.192417,0.090084,-0.209471,2215,2152,2060,3010,2416,1994
0.011630,-0.072028,0.505841,-0.195161,0.091014,-0.205125,2216,2152,2060,3012,2416,1994
0.011561,-0.071286,0.502289,-0.192935,0.090028,-0.207816,2216,2152,2060,3019,2416,1994
0.010665,-0.071832,0.500749,-0.191276,0.090498,-0.208522,2217,2152,2061,3019,2416,1994
0.009320,-0.070928,0.495751,-0.187159,0.089298,-0.211557,2217,2152,2061,3019,2416,1994
0.009263,-0.070102,0.499701,-0.189548,0.088755,-0.208351,2217,2153,2061,3015,2416,1994
0.009536,-0.070671,0.505100,-0.193070,0.089691,-0.204317,2218,2153,2061,3014,2415,1994
0.010440,-0.071194,0.498546,-0.189754,0.089716,-0.210066,2234,2153,2061,3011,2402,1994
0.010034,-0.071235,0.498851,-0.189621,0.089795,-0.209581,2245,2153,2061,3013,2401,1994
0.008489,-0.070525,0.492454,-0.184484,0.088697,-0.213609,2262,2153,2061,3013,2403,1994
0.006834,-0.069813,0.489102,-0.181129,0.087815,-0.215175,2283,2153,2061,3013,2413,1994
0.004538,-0.069324,0.480875,-0.174273,0.086839,-0.220199,2304,2153,2061,3012,2433,1994
0.002518,-0.069197,0.473683,-0.168268,0.086284,-0.224607,2324,2153,2061,3011,2451,1994
0.000404,-0.069080,0.468539,-0.163442,0.085888,-0.227348,2337,2153,2060,3011,2464,1994
-0.002615,-0.069712,0.457543,-0.154303,0.085861,-0.234195,2314,2153,2061,3010,2444,1994
-0.001860,-0.069761,0.458305,-0.155367,0.085935,-0.234063,2285,2154,2061,3010,2422,1994
0.003629,-0.070562,0.492725,-0.180813,0.088940,-0.210421,2234,2164,2061,3010,2373,1994
0.009171,-0.065552,0.484141,-0.179984,0.083130,-0.220171,2218,2182,2061,3010,2361,1994
0.010619,-0.064495,0.498913,-0.190207,0.083058,-0.209358,2227,2191,2061,3010,2367,1994
0.004013,-0.068507,0.488433,-0.178508,0.086575,-0.213869,2361,2189,2047,3010,2490,1994
-0.001366,-0.065492,0.457416,-0.155265,0.081599,-0.234727,2398,2189,2046,3010,2514,1994
-0.004568,-0.067197,0.459212,-0.153818,0.083548,-0.231488,2412,2189,2041,3010,2525,1994
-0.010518,-0.067549,0.428524,-0.130282,0.081972,-0.252003,2439,2193,2009,3011,2555,1994
-0.010505,-0.069102,0.426861,-0.129253,0.083402,-0.253443,2436,2199,2006,3019,2551,1994
-0.010276,-0.068754,0.418737,-0.124451,0.082476,-0.259944,2432,2200,2016,3019,2546,1994
0.004718,-0.065996,0.458447,-0.160694,0.081939,-0.237683,2373,2201,2023,3020,2518,1994
-0.016821,-0.067982,0.417270,-0.118395,0.081855,-0.257027,2443,2195,2022,3020,2581,1994
0.004718,-0.065996,0.458447,-0.160694,0.081939,-0.237683,2364,2200,2019,3020,2520,1994
-0.012914,-0.069000,0.422468,-0.124656,0.083085,-0.255413,2420,2192,2019,3019,2570,1994
0.010916,-0.065060,0.470943,-0.173267,0.081645,-0.231580,2287,2201,2019,3010,2478,1994
0.014093,-0.065181,0.475861,-0.178793,0.081988,-0.229668,2295,2201,2019,3010,2484,1994
0.010638,-0.069055,0.489564,-0.184426,0.086945,-0.217082,2359,2192,2019,3010,2523,1994
-0.003600,-0.069414,0.431455,-0.137519,0.083770,-0.254084,2437,2192,2018,3010,2576,1994
-0.010098,-0.067674,0.421459,-0.126277,0.081584,-0.257827,2443,2192,2018,3011,2582,1994
-0.011488,-0.067693,0.421581,-0.125254,0.081664,-0.256881,2436,2192,2018,3011,2581,1994
-0.001859,-0.068990,0.458199,-0.155312,0.085159,-0.234086,2342,2201,2020,3011,2529,1994
0.012250,-0.064837,0.473141,-0.175673,0.081525,-0.230651,2293,2201,2019,3010,2486,1994
0.014074,-0.066616,0.482012,-0.182535,0.083852,-0.224933,2308,2200,2019,3010,2493,1994
0.012302,-0.066331,0.476073,-0.177494,0.083219,-0.228495,2326,2197,2019,3010,2498,1994
0.011077,-0.066758,0.472961,-0.174612,0.083473,-0.230226,2347,2193,2019,3010,2512,1994
0.009128,-0.069722,0.481433,-0.178235,0.087098,-0.222604,2367,2190,2018,3010,2524,1994
0.002926,-0.070213,0.446247,-0.151739,0.085354,-0.246513,2403,2189,2017,3010,2542,1994
-0.000408,-0.071547,0.441022,-0.145882,0.086445,-0.248685,2416,2189,2017,3010,2551,1994
-0.003085,-0.072521,0.444274,-0.145753,0.087748,-0.244565,2423,2189,2017,3010,2558,1994
-0.006070,-0.070811,0.433760,-0.136966,0.085420,-0.250870,2425,2189,2017,3013,2560,1994
-0.007577,-0.073008,0.446457,-0.143541,0.088560,-0.240135,2425,2187,2017,3018,2559,1994
-0.008693,-0.074342,0.449672,-0.144616,0.090158,-0.237028,2422,2184,2017,3020,2554,1994
-0.008891,-0.072870,0.431510,-0.133332,0.087422,-0.251073,2407,2180,2018,3020,2549,1994
-0.008182,-0.073254,0.431685,-0.133994,0.087790,-0.251401,2382,2178,2018,3020,2541,1994
-0.005721,-0.072431,0.431157,-0.135623,0.086838,-0.253258,2366,2178,2018,3019,2528,1994
-0.002168,-0.072814,0.436665,-0.141803,0.087470,-0.251133,2349,2178,2018,3019,2512,1994
0.001360,-0.075320,0.454298,-0.155379,0.091071,-0.239627,2330,2180,2018,3019,2502,1994
0.003693,-0.072010,0.444011,-0.150949,0.086958,-0.248884,2318,2183,2018,3019,2496,1994
0.006383,-0.072143,0.457489,-0.161342,0.087935,-0.239943,2312,2185,2018,3019,2494,1994
0.008258,-0.071485,0.466049,-0.168085,0.087807,-0.234308,2317,2186,2018,3019,2498,1994
0.008837,-0.070833,0.467710,-0.169569,0.087252,-0.233305,2329,2186,2019,3019,2503,1994
0.005800,-0.070874,0.468688,-0.167771,0.087479,-0.230679,2368,2181,2019,3020,2526,1994
0.003371,-0.071450,0.456886,-0.158604,0.087317,-0.238517,2389,2180,2019,3020,2542,1994
0.000357,-0.071571,0.445946,-0.149509,0.086786,-0.245284,2408,2180,2019,3020,2554,1994
-0.003285,-0.072712,0.441309,-0.143773,0.087737,-0.246790,2425,2184,2019,3020,2565,1994
-0.006450,-0.071615,0.431880,-0.135502,0.086104,-0.252179,2436,2188,2019,3019,2572,1994
-0.009475,-0.073891,0.449167,-0.143694,0.089703,-0.236911,2440,2189,2024,3014,2573,1994
-0.011358,-0.068060,0.423482,-0.126519,0.082160,-0.255494,2436,2189,2027,3013,2571,1994
-0.009541,-0.068478,0.447499,-0.142687,0.084193,-0.237753,2385,2189,2028,3013,2547,1994
-0.006715,-0.068116,0.453755,-0.148762,0.084163,-0.234537,2367,2189,2029,3013,2532,1994
-0.015315,-0.068192,0.418780,-0.120508,0.082113,-0.256778,2421,2183,2018,3020,2581,1994
-0.012536,-0.070150,0.421733,-0.124489,0.084165,-0.256313,2401,2179,2018,3020,2564,1994
-0.008659,-0.070881,0.421971,-0.127686,0.084761,-0.258560,2381,2177,2018,3020,2549,1994
-0.005419,-0.072995,0.435480,-0.138507,0.087692,-0.250088,2368,2177,2018,3020,2540,1994
-0.002553,-0.072228,0.435187,-0.140600,0.086797,-0.252013,2362,2178,2018,3020,2538,1994
0.000240,-0.072756,0.443281,-0.147765,0.087785,-0.247402,2364,2178,2019,3020,2543,1994
0.001132,-0.072610,0.447928,-0.151324,0.087931,-0.244282,2381,2178,2019,3021,2547,1994
0.000186,-0.072751,0.448896,-0.151169,0.088176,-0.242952,2401,2177,2019,3021,2557,1994
-0.009280,-0.075347,0.431591,-0.133043,0.089912,-0.250967,2451,2177,2018,3021,2602,1994
-0.015096,-0.074247,0.423138,-0.123278,0.088446,-0.253964,2455,2177,2019,3021,2606,1994
-0.015910,-0.073143,0.419616,-0.120488,0.087130,-0.256148,2444,2177,2019,3021,2605,1994
-0.015837,-0.075677,0.436427,-0.130830,0.090834,-0.243173,2427,2177,2019,3021,2599,1994
-0.010512,-0.075584,0.442645,-0.138851,0.090972,-0.241538,2389,2180,2019,3021,2566,1994
-0.003679,-0.073946,0.452667,-0.150417,0.089781,-0.237713,2364,2186,2019,3020,2550,1994
-0.000713,-0.070363,0.441452,-0.145922,0.085307,-0.248066,2361,2188,2020,3020,2550,1994
0.001289,-0.070022,0.451344,-0.153577,0.085585,-0.241487,2365,2189,2022,3020,2555,1994
-0.000215,-0.068133,0.453993,-0.154040,0.083946,-0.238333,2410,2188,2026,3021,2581,1994
-0.011590,-0.071613,0.448820,-0.141840,0.087490,-0.235708,2462,2184,2019,3021,2616,1994
-0.014766,-0.072822,0.443926,-0.136314,0.088473,-0.237706,2468,2181,2019,3021,2619,1994
-0.018173,-0.071502,0.417565,-0.117464,0.085437,-0.256245,2456,2180,2021,3021,2614,1994
-0.017536,-0.071859,0.417842,-0.118132,0.085788,-0.256446,2434,2182,2022,3021,2607,1994
-0.007413,-0.070528,0.443060,-0.141617,0.085843,-0.242711,2372,2188,2023,3021,2563,1994
-0.000706,-0.067309,0.447045,-0.149398,0.082656,-0.243432,2364,2188,2023,3021,2561,1994
0.000765,-0.067302,0.446989,-0.150525,0.082588,-0.244376,2379,2186,2022,3021,2565,1994
0.000225,-0.068574,0.448239,-0.150850,0.083964,-0.243163,2402,2184,2022,3021,2576,1994
-0.002421,-0.070346,0.451053,-0.150465,0.086030,-0.239468,2428,2182,2022,3021,2599,1994
-0.006299,-0.069533,0.435064,-0.137602,0.084246,-0.249602,2454,2180,2022,3021,2619,1994
-0.011023,-0.071564,0.437045,-0.135062,0.086592,-0.245310,2481,2180,2022,3021,2636,1994
-0.041741,-0.071231,0.387304,-0.080290,0.083948,-0.265582,2556,2178,2021,3022,2680,1994
-0.017330,-0.071828,0.422732,-0.121296,0.086093,-0.252724,2460,2177,2019,3022,2629,1994
-0.046281,-0.071403,0.378180,-0.071104,0.083654,-0.269989,2583,2176,2026,3024,2699,1994
-0.049615,-0.075237,0.396686,-0.079781,0.088904,-0.253698,2558,2174,2024,3026,2694,1994
-0.034430,-0.075028,0.398812,-0.093076,0.088260,-0.261311,2565,2171,2018,3042,2695,1994
-0.062217,-0.075993,0.374921,-0.056466,0.088615,-0.263152,2636,2170,2019,3045,2747,1994
-0.063324,-0.075012,0.370986,-0.053190,0.087403,-0.265491,2616,2170,2020,3045,2746,1994
-0.060333,-0.073956,0.365149,-0.051982,0.085825,-0.271830,2589,2170,2019,3046,2741,1994
-0.044752,-0.074777,0.387509,-0.077994,0.087614,-0.263856,2581,2170,2018,3049,2731,1994
-0.045136,-0.075413,0.392207,-0.080566,0.088592,-0.259977,2602,2170,2018,3049,2743,1994
-0.064423,-0.076201,0.369537,-0.051417,0.088529,-0.266052,2627,2170,2018,3050,2760,1994
-0.062596,-0.075087,0.365820,-0.050592,0.087087,-0.270005,2597,2170,2018,3051,2745,1994
-0.025691,-0.074285,0.403872,-0.103089,0.087539,-0.262627,2507,2170,2017,3049,2698,1994
-0.025462,-0.076170,0.410310,-0.107197,0.089861,-0.257854,2538,2170,2014,3050,2715,1994
-0.057477,-0.074395,0.373007,-0.059053,0.086704,-0.267435,2641,2182,1969,3100,2789,1994
-0.046268,-0.073689,0.380503,-0.072511,0.086096,-0.268351,2608,2185,1980,3095,2785,1994
-0.071992,-0.074597,0.359515,-0.039311,0.086517,-0.269169,2638,2185,1979,3090,2802,1994
-0.025496,-0.068102,0.407846,-0.105761,0.081647,-0.259132,2511,2225,1967,3089,2699,1994
-0.009772,-0.067275,0.425946,-0.129293,0.081488,-0.254466,2442,2225,1967,3089,2665,1994
-0.009775,-0.067640,0.426042,-0.129345,0.081860,-0.254418,2458,2225,1967,3088,2667,1994
-0.014336,-0.068064,0.421110,-0.122712,0.082112,-0.255536,2485,2225,1966,3088,2687,1994
-0.019825,-0.068033,0.412811,-0.113286,0.081709,-0.258697,2501,2225,1966,3088,2695,1994
-0.022416,-0.068234,0.408646,-0.108682,0.081716,-0.260401,2502,2225,1966,3088,2695,1994
-0.022560,-0.068705,0.412417,-0.110876,0.082456,-0.257384,2479,2225,1966,3088,2689,1994
-0.015920,-0.068128,0.413237,-0.116629,0.081682,-0.260762,2458,2224,1966,3088,2668,1994
-0.015171,-0.068690,0.415290,-0.118473,0.082359,-0.259651,2452,2224,1966,3088,2668,1994
-0.014379,-0.069122,0.421087,-0.122651,0.083165,-0.255611,2448,2224,1966,3088,2667,1994
-0.012149,-0.068609,0.422410,-0.125230,0.082662,-0.255896,2446,2224,1966,3088,2667,1994
-0.011547,-0.069281,0.425235,-0.127430,0.083507,-0.254097,2452,2224,1966,3088,2671,1994
-0.011458,-0.069322,0.422511,-0.125828,0.083353,-0.256297,2458,2224,1966,3088,2675,1994
-0.012637,-0.069971,0.422132,-0.124656,0.084018,-0.255924,2475,2223,1966,3088,2681,1994
-0.018308,-0.070200,0.413424,-0.114832,0.083854,-0.259316,2503,2223,1966,3088,2702,1994
-0.021212,-0.070087,0.412547,-0.112003,0.083791,-0.258218,2505,2223,1966,3088,2704,1994
-0.023304,-0.068782,0.405102,-0.105799,0.082048,-0.262687,2503,2223,1966,3088,2704,1994
-0.020254,-0.068269,0.404217,-0.107670,0.081357,-0.265211,2444,2224,1966,3088,2677,1994
-0.027484,-0.068820,0.400537,-0.099697,0.081926,-0.263719,2520,2223,1966,3088,2724,1994
-0.027618,-0.068830,0.400453,-0.099539,0.081936,-0.263704,2476,2223,1966,3089,2702,1994
-0.009827,-0.068571,0.422108,-0.126878,0.082513,-0.257553,2438,2223,1966,3089,2677,1994
-0.008904,-0.069149,0.426826,-0.130495,0.083385,-0.254454,2461,2222,1966,3089,2688,1994
-0.041115,-0.074283,0.385027,-0.079349,0.086807,-0.267998,2582,2209,1966,3092,2755,1994
-0.042422,-0.074318,0.383305,-0.077259,0.086771,-0.268554,2590,2209,1966,3094,2756,1994
-0.066141,-0.073322,0.358643,-0.043412,0.084960,-0.273338,2626,2209,1967,3093,2798,1994
-0.038905,-0.071992,0.388137,-0.083030,0.084657,-0.266724,2595,2210,1967,3095,2781,1994
-0.068043,-0.072786,0.356713,-0.040733,0.084363,-0.273648,2639,2209,1967,3099,2818,1994
-0.035591,-0.073805,0.389964,-0.086745,0.086465,-0.267461,2577,2210,1965,3089,2760,1994
-0.052337,-0.074626,0.374188,-0.063833,0.086820,-0.269674,2596,2209,1965,3098,2777,1994
-0.050827,-0.073487,0.370294,-0.062649,0.085353,-0.273571,2569,2209,1965,3098,2767,1994
-0.027771,-0.072736,0.400026,-0.099107,0.085804,-0.264255,2539,2210,1965,3090,2753,1994
-0.056111,-0.072646,0.366809,-0.056350,0.084473,-0.273008,2598,2209,1964,3093,2791,1994
-0.054925,-0.074391,0.375744,-0.062748,0.086794,-0.266846,2564,2209,1964,3092,2777,1994
-0.027717,-0.071076,0.395400,-0.096331,0.083823,-0.267795,2540,2211,1965,3090,2773,1994
-0.028121,-0.070572,0.396410,-0.096639,0.083407,-0.266713,2566,2211,1965,3092,2783,1994
-0.045117,-0.072627,0.377420,-0.071541,0.084776,-0.271397,2578,2210,1964,3090,2786,1994
-0.044558,-0.072536,0.376849,-0.071633,0.084624,-0.272182,2547,2210,1964,3089,2771,1994
-0.025844,-0.071238,0.396468,-0.098464,0.083987,-0.268116,2525,2211,1964,3089,2746,1994
-0.032919,-0.073619,0.401472,-0.095920,0.086985,-0.260034,2559,2211,1960,3088,2746,1994
-0.034795,-0.073032,0.388529,-0.086502,0.085563,-0.269017,2544,2211,1952,3088,2746,1994
-0.034567,-0.074232,0.388047,-0.086372,0.086716,-0.269630,2517,2214,1942,3089,2744,1994
-0.015468,-0.077025,0.406264,-0.112593,0.090044,-0.267226,2513,2220,1917,3099,2750,1994
-0.012471,-0.076976,0.406588,-0.115158,0.089902,-0.268804,2484,2223,1925,3098,2738,1994
-0.012377,-0.077222,0.414483,-0.120074,0.090699,-0.262672,2508,2223,1928,3099,2744,1994
-0.033741,-0.074901,0.384116,-0.084602,0.087074,-0.273280,2537,2222,1923,3099,2754,1994
-0.011975,-0.076917,0.412672,-0.119285,0.090252,-0.264319,2495,2223,1925,3099,2738,1994
-0.014240,-0.077408,0.418460,-0.121043,0.091236,-0.258418,2524,2223,1927,3100,2747,1994
-0.038340,-0.076048,0.383452,-0.080550,0.088349,-0.271076,2550,2220,1928,3100,2769,1994
-0.037119,-0.075536,0.380133,-0.079483,0.087559,-0.274394,2518,2220,1928,3100,2755,1994
-0.011683,-0.075106,0.414103,-0.120416,0.088536,-0.263229,2489,2222,1927,3100,2737,1994
-0.044115,-0.077542,0.370110,-0.067784,0.089123,-0.278149,2581,2219,1918,3100,2786,1994
-0.016678,-0.075614,0.399551,-0.107535,0.088213,-0.271652,2510,2222,1917,3099,2749,1994
-0.018376,-0.077774,0.407331,-0.110942,0.090978,-0.264665,2527,2221,1916,3099,2750,1994
-0.017324,-0.078842,0.388371,-0.100124,0.090670,-0.280304,2482,2223,1901,3100,2742,1994
-0.032415,-0.079907,0.374253,-0.079533,0.091320,-0.282245,2583,2230,1894,3090,2788,1994
-0.033827,-0.078247,0.368058,-0.074637,0.089285,-0.286120,2570,2236,1889,3096,2794,1994
-0.030118,-0.076493,0.380246,-0.085067,0.088251,-0.278670,2604,2265,1881,3099,2831,1994
-0.032215,-0.074229,0.377772,-0.081922,0.085901,-0.279151,2630,2273,1881,3097,2842,1994
-0.044580,-0.073231,0.343356,-0.051053,0.082965,-0.298562,2649,2322,1768,3101,2883,1994
-0.042852,-0.074204,0.340207,-0.050471,0.083647,-0.302173,2631,2323,1772,3102,2881,1994
-0.019481,-0.073172,0.363627,-0.083307,0.083363,-0.297992,2568,2322,1770,3148,2796,1994
-0.020981,-0.076210,0.368176,-0.084876,0.086768,-0.293737,2568,2324,1776,3149,2797,1994
-0.020660,-0.076060,0.368224,-0.085161,0.086610,-0.293884,2568,2328,1779,3150,2798,1994
-0.024905,-0.075854,0.372482,-0.084426,0.086867,-0.287918,2605,2328,1770,3141,2825,1994
-0.025487,-0.075362,0.360028,-0.076330,0.085524,-0.297316,2617,2329,1779,3141,2832,1994
-0.033686,-0.075643,0.375260,-0.079201,0.087190,-0.280338,2572,2327,1766,3141,2829,1994
-0.042254,-0.071985,0.346686,-0.054948,0.081867,-0.297269,2638,2331,1772,3141,2852,1994
0.014908,-0.072215,0.408233,-0.137842,0.084218,-0.283907,2403,2332,1764,3139,2731,1994
0.032469,-0.072366,0.452203,-0.178689,0.086781,-0.260099,2351,2332,1770,3141,2695,1994
0.030827,-0.071868,0.448206,-0.174946,0.086067,-0.262197,2365,2332,1769,3145,2698,1994
0.027353,-0.073993,0.447506,-0.171746,0.088269,-0.260786,2390,2332,1766,3141,2700,1994
0.023285,-0.075166,0.437081,-0.162122,0.088863,-0.266586,2396,2331,1765,3139,2699,1994
0.022410,-0.074509,0.427141,-0.155339,0.087544,-0.273815,2392,2331,1765,3139,2693,1994
0.022723,-0.073921,0.422795,-0.152927,0.086640,-0.277378,2375,2331,1765,3139,2690,1994
0.024306,-0.074554,0.432513,-0.160132,0.087893,-0.270756,2333,2332,1765,3139,2671,1994
0.040973,-0.073658,0.468632,-0.195468,0.088896,-0.252491,2285,2332,1765,3139,2637,1994
0.041660,-0.073446,0.469825,-0.196745,0.088741,-0.251957,2305,2332,1765,3139,2640,1994
0.040158,-0.073043,0.463599,-0.191744,0.087960,-0.255902,2332,2332,1765,3139,2654,1994
0.038541,-0.075356,0.469643,-0.194146,0.090753,-0.250341,2364,2331,1765,3139,2680,1994
-0.057194,-0.073772,0.334010,-0.035352,0.083333,-0.298226,2694,2329,1764,3139,2892,1994
-0.057628,-0.073810,0.331524,-0.033483,0.083213,-0.299918,2681,2329,1764,3139,2890,1994
-0.055715,-0.073171,0.328522,-0.033159,0.082292,-0.303401,2668,2330,1764,3139,2888,1994
-0.058047,-0.072329,0.334174,-0.034798,0.081939,-0.297461,2695,2328,1764,3148,2906,1994
-0.057216,-0.073271,0.330788,-0.033363,0.082608,-0.300707,2696,2327,1764,3148,2906,1994
-0.057952,-0.073847,0.331291,-0.033084,0.083246,-0.299906,2696,2327,1764,3149,2906,1994
-0.058172,-0.073165,0.328955,-0.031485,0.082411,-0.301554,2696,2327,1764,3149,2907,1994
-0.059959,-0.074165,0.334643,-0.033553,0.083876,-0.296066,2696,2327,1764,3149,2907,1994
-0.059947,-0.074346,0.334587,-0.033525,0.084052,-0.296131,2696,2326,1764,3149,2907,1994
-0.059363,-0.074243,0.331876,-0.032324,0.083736,-0.298613,2696,2326,1764,3150,2907,1994
-0.059200,-0.075793,0.334476,-0.034028,0.085458,-0.296790,2696,2326,1764,3150,2907,1994
-0.058669,-0.075868,0.332217,-0.033060,0.085353,-0.298898,2696,2326,1764,3150,2907,1994
-0.058669,-0.075868,0.332217,-0.033060,0.085353,-0.298898,2695,2326,1764,3150,2906,1994
-0.058805,-0.074708,0.330812,-0.032105,0.084104,-0.299829,2694,2326,1764,3150,2905,1994
-0.057971,-0.074559,0.330802,-0.032760,0.083922,-0.300335,2693,2325,1764,3150,2904,1994
-0.058053,-0.075406,0.331836,-0.033319,0.084842,-0.299539,2692,2325,1764,3150,2903,1994
-0.057562,-0.076396,0.332123,-0.033870,0.085830,-0.299692,2692,2325,1764,3150,2903,1994
-0.057565,-0.076912,0.334537,-0.035342,0.086514,-0.297832,2692,2325,1764,3150,2903,1994
-0.057734,-0.076807,0.334476,-0.035173,0.086412,-0.297769,2694,2325,1764,3150,2905,1994
-0.058103,-0.076346,0.334477,-0.034888,0.085967,-0.297506,2697,2324,1764,3150,2906,1994
-0.058688,-0.076940,0.334672,-0.034538,0.086595,-0.297041,2701,2325,1764,3150,2907,1994
-0.061623,-0.076447,0.331991,-0.030582,0.086028,-0.297312,2719,2325,1764,3150,2907,1994
-0.063645,-0.075558,0.329553,-0.027501,0.085049,-0.297921,2723,2325,1764,3150,2908,1994
-0.067171,-0.075934,0.330840,-0.025502,0.085650,-0.294778,2723,2325,1764,3150,2908,1994
-0.068569,-0.075695,0.328594,-0.023024,0.085308,-0.295669,2707,2325,1764,3150,2904,1994
-0.066748,-0.075726,0.325690,-0.022679,0.085065,-0.299071,2678,2325,1764,3150,2901,1994
-0.034309,-0.072996,0.353450,-0.065358,0.083043,-0.296897,2630,2327,1764,3147,2889,1994
-0.034397,-0.073979,0.355569,-0.066577,0.084176,-0.295255,2653,2327,1764,3147,2895,1994
-0.086344,-0.075730,0.316581,-0.001619,0.085184,-0.294229,2756,2326,1764,3149,2938,1994
-0.083341,-0.074202,0.311268,-0.000748,0.083171,-0.300126,2730,2326,1764,3149,2936,1994
-0.049329,-0.073219,0.337687,-0.043824,0.082737,-0.300109,2705,2330,1764,3140,2917,1994
-0.080836,-0.073153,0.315465,-0.005314,0.082324,-0.298277,2770,2332,1764,3140,2952,1994
-0.122503,-0.081671,0.287508,0.044844,0.090456,-0.295410,2874,2343,1701,3151,3004,1994
-0.059068,-0.073816,0.315528,-0.022530,0.082151,-0.311616,2719,2364,1678,3168,2936,1994
-0.059126,-0.076225,0.315821,-0.022632,0.084575,-0.311540,2721,2363,1678,3177,2937,1994
-0.061249,-0.080503,0.322762,-0.025161,0.089408,-0.305120,2722,2364,1678,3185,2938,1994
-0.066006,-0.077743,0.320772,-0.020221,0.086701,-0.303552,2724,2366,1679,3205,2938,1994
-0.066361,-0.076118,0.320345,-0.019699,0.085065,-0.303542,2724,2365,1680,3205,2939,1994
-0.066646,-0.076429,0.322424,-0.020746,0.085532,-0.301757,2723,2365,1679,3205,2939,1994
-0.065880,-0.076453,0.320206,-0.019989,0.085370,-0.303972,2723,2365,1679,3205,2939,1994
-0.065832,-0.076641,0.320338,-0.020106,0.085565,-0.303914,2723,2365,1679,3205,2939,1994
-0.065211,-0.076832,0.320292,-0.020565,0.085728,-0.304345,2723,2365,1679,3205,2939,1994
-0.065211,-0.076832,0.320292,-0.020565,0.085728,-0.304345,2722,2365,1679,3205,2939,1994
-0.065211,-0.076832,0.320292,-0.020565,0.085728,-0.304345,2722,2365,1679,3205,2939,1994
-0.064969,-0.076830,0.321114,-0.021260,0.085775,-0.303846,2722,2365,1679,3205,2939,1994
-0.065486,-0.077146,0.322307,-0.021580,0.086194,-0.302617,2722,2365,1679,3205,2939,1994
-0.065197,-0.077597,0.323056,-0.022262,0.086684,-0.302240,2722,2365,1679,3205,2939,1994
-0.064464,-0.077383,0.321214,-0.021714,0.086314,-0.304121,2722,2365,1679,3205,2939,1994
-0.064860,-0.077444,0.321523,-0.021590,0.086411,-0.303640,2722,2365,1679,3205,2939,1994
-0.064665,-0.076810,0.320196,-0.020937,0.085679,-0.304753,2722,2365,1679,3205,2939,1994
-0.064665,-0.076810,0.320196,-0.020937,0.085679,-0.304753,2722,2365,1679,3205,2939,1994
-0.064460,-0.076595,0.319700,-0.020797,0.085422,-0.305252,2726,2365,1679,3205,2940,1994
-0.064969,-0.076830,0.321114,-0.021260,0.085775,-0.303846,2730,2367,1679,3205,2942,1994
-0.066563,-0.077405,0.322856,-0.021064,0.086531,-0.301545,2741,2368,1679,3205,2952,1994
-0.084501,-0.075978,0.311867,-0.000178,0.085028,-0.299085,2774,2367,1679,3205,2958,1994
-0.085310,-0.076335,0.309653,0.001825,0.085259,-0.300358,2756,2368,1680,3205,2955,1994
-0.084612,-0.073046,0.313527,-0.001146,0.082227,-0.297480,2770,2377,1679,3205,2959,1994
-0.015880,-0.072489,0.364903,-0.086942,0.082633,-0.299141,2539,2378,1678,3199,2838,1994
-0.004071,-0.071808,0.378727,-0.104757,0.082470,-0.295450,2534,2378,1678,3199,2834,1994
-0.004771,-0.072865,0.383510,-0.107126,0.083887,-0.291345,2549,2378,1678,3199,2835,1994
-0.014052,-0.073646,0.366224,-0.089181,0.083809,-0.299313,2547,2377,1678,3199,2829,1994
-0.013239,-0.074090,0.369125,-0.091597,0.084424,-0.297565,2530,2378,1678,3199,2826,1994
0.002516,-0.071588,0.387751,-0.115497,0.082632,-0.292372,2523,2379,1678,3198,2812,1994
-0.029852,-0.074690,0.356608,-0.070794,0.084782,-0.297279,2611,2374,1678,3199,2849,1994
-0.030499,-0.074582,0.350592,-0.066591,0.084277,-0.301605,2594,2374,1678,3199,2847,1994
-0.029168,-0.074646,0.349431,-0.066929,0.084208,-0.303338,2572,2375,1678,3199,2839,1994
-0.003981,-0.073368,0.382739,-0.107271,0.084304,-0.292474,2533,2378,1678,3198,2817,1994
-0.003845,-0.073465,0.383300,-0.107721,0.084435,-0.292123,2555,2377,1678,3198,2827,1994
-0.066841,-0.073735,0.318147,-0.018002,0.082553,-0.304788,2724,2376,1678,3198,2914,1994
-0.066917,-0.073179,0.315208,-0.016145,0.081796,-0.307009,2704,2376,1678,3198,2912,1994
-0.017608,-0.077121,0.353263,-0.078375,0.086500,-0.307602,2602,2408,1576,3206,2784,1994
-0.017311,-0.078704,0.349563,-0.076319,0.087806,-0.310819,2588,2410,1589,3206,2784,1994
-0.015484,-0.080522,0.353116,-0.079918,0.089797,-0.309288,2588,2409,1589,3206,2784,1994
-0.015197,-0.081993,0.353185,-0.080168,0.091257,-0.309526,2588,2409,1589,3206,2784,1994
-0.015459,-0.081104,0.352624,-0.079629,0.090342,-0.309736,2588,2409,1590,3206,2784,1994
-0.015244,-0.078567,0.348438,-0.077261,0.087510,-0.312960,2586,2410,1590,3206,2784,1994
-0.015175,-0.078987,0.352752,-0.079959,0.088230,-0.309642,2585,2413,1590,3206,2784,1994
-0.014850,-0.078072,0.352040,-0.079790,0.087255,-0.310329,2586,2422,1590,3206,2784,1994
-0.014459,-0.076592,0.353375,-0.080937,0.085858,-0.309402,2587,2437,1590,3206,2785,1994
-0.014516,-0.074109,0.351125,-0.079542,0.083228,-0.310939,2588,2452,1589,3205,2786,1994
-0.014969,-0.071859,0.358744,-0.083890,0.081538,-0.304493,2589,2465,1588,3205,2795,1994
-0.009112,-0.078104,0.365441,-0.092543,0.088008,-0.303308,2592,2425,1570,3206,2801,1994
-0.013922,-0.080442,0.349763,-0.079095,0.089422,-0.312876,2598,2428,1582,3205,2807,1994
-0.015453,-0.080499,0.352519,-0.079576,0.089731,-0.309775,2598,2437,1585,3205,2809,1994
-0.017745,-0.080019,0.360016,-0.082374,0.089867,-0.302437,2592,2419,1567,3206,2827,1994
-0.012988,-0.081977,0.347002,-0.078118,0.090721,-0.315740,2586,2438,1582,3203,2818,1994
-0.003649,-0.080385,0.364277,-0.096112,0.089988,-0.307751,2567,2431,1576,3206,2808,1994
-0.005064,-0.080380,0.359863,-0.092287,0.089728,-0.310355,2567,2437,1578,3206,2809,1994
0.003036,-0.079724,0.375443,-0.108251,0.089857,-0.303013,2541,2420,1569,3206,2802,1994
0.001011,-0.081304,0.362414,-0.098637,0.090595,-0.312144,2547,2430,1578,3206,2806,1994
0.000982,-0.075122,0.386569,-0.113516,0.086131,-0.292642,2550,2435,1584,3206,2802,1994
0.000084,-0.075332,0.369759,-0.102488,0.085194,-0.305327,2552,2443,1587,3206,2802,1994
-0.001983,-0.074242,0.366177,-0.098672,0.083934,-0.306792,2552,2450,1589,3206,2802,1994
0.000799,-0.076451,0.375137,-0.106339,0.086659,-0.301624,2539,2421,1591,3206,2757,1994
0.000512,-0.078975,0.371743,-0.103997,0.088947,-0.304317,2540,2423,1594,3206,2757,1994
-0.000637,-0.077200,0.365814,-0.099474,0.086806,-0.308135,2540,2431,1598,3206,2757,1994
-0.011595,-0.073703,0.350468,-0.081450,0.082664,-0.313214,2590,2469,1525,3205,2718,1994
-0.011349,-0.074179,0.344968,-0.078263,0.082743,-0.317727,2584,2477,1525,3206,2717,1994
-0.010190,-0.073626,0.345284,-0.079379,0.082169,-0.318145,2576,2481,1527,3206,2714,1994
0.002246,-0.072025,0.363866,-0.100621,0.081400,-0.311024,2548,2484,1532,3206,2714,1994
0.007524,-0.072308,0.368238,-0.107467,0.081785,-0.310842,2546,2445,1546,3206,2730,1994
0.001705,-0.079258,0.364018,-0.100194,0.088641,-0.311145,2553,2448,1553,3206,2746,1994
-0.001182,-0.074352,0.352325,-0.090802,0.083041,-0.318184,2548,2462,1558,3206,2749,1994
0.014685,-0.070682,0.392670,-0.128135,0.081605,-0.295887,2465,2443,1588,3205,2523,1994
0.015476,-0.071721,0.392768,-0.128806,0.082618,-0.296377,2464,2443,1588,3205,2523,1994
0.015539,-0.072055,0.391546,-0.128102,0.082862,-0.297404,2464,2442,1588,3205,2523,1994
0.015809,-0.072090,0.393001,-0.129208,0.082989,-0.296427,2464,2442,1588,3205,2523,1994
0.015812,-0.072755,0.393091,-0.129256,0.083657,-0.296411,2463,2441,1588,3205,2523,1994
0.015821,-0.072838,0.391620,-0.128359,0.083637,-0.297579,2462,2441,1588,3205,2523,1994
0.016847,-0.076996,0.410505,-0.140707,0.089069,-0.283686,2461,2441,1588,3205,2522,1994
0.016150,-0.073194,0.391800,-0.128725,0.083992,-0.297667,2461,2441,1588,3205,2522,1994
0.016463,-0.074077,0.393227,-0.129836,0.084960,-0.296807,2461,2441,1588,3205,2522,1994
0.016410,-0.073458,0.390789,-0.128307,0.084173,-0.298643,2461,2441,1588,3205,2522,1994
0.017115,-0.074001,0.393393,-0.130454,0.084870,-0.297070,2461,2441,1588,3205,2522,1994
0.017000,-0.073475,0.393704,-0.130561,0.084372,-0.296713,2461,2441,1588,3205,2522,1994
0.016666,-0.073215,0.393545,-0.130204,0.084115,-0.296613,2461,2441,1588,3205,2522,1994
0.016089,-0.072547,0.389495,-0.127271,0.083187,-0.299392,2461,2441,1588,3205,2522,1994
0.016384,-0.072194,0.389423,-0.127464,0.082819,-0.299601,2462,2441,1588,3205,2522,1994
0.015821,-0.072194,0.391619,-0.128367,0.082995,-0.297529,2463,2441,1588,3205,2522,1994
0.016120,-0.072038,0.392723,-0.129283,0.082905,-0.296833,2465,2442,1588,3205,2522,1994
0.015497,-0.071855,0.391574,-0.128088,0.082666,-0.297340,2467,2442,1588,3205,2522,1994
0.015178,-0.071550,0.391619,-0.127868,0.082378,-0.297084,2468,2442,1588,3205,2523,1994
0.014523,-0.071493,0.388901,-0.125683,0.082155,-0.298816,2469,2442,1588,3205,2524,1994
0.013930,-0.072374,0.391522,-0.126813,0.083240,-0.296462,2469,2442,1588,3205,2525,1994
0.013275,-0.071837,0.385283,-0.122473,0.082292,-0.300924,2464,2442,1588,3205,2523,1994
0.014107,-0.075031,0.404857,-0.135102,0.086819,-0.286294,2460,2442,1588,3205,2523,1994
0.016977,-0.071552,0.393312,-0.130327,0.082429,-0.296856,2453,2442,1588,3199,2522,1994
0.018257,-0.071884,0.396632,-0.133371,0.082944,-0.295055,2455,2442,1587,3198,2522,1994
0.019436,-0.071473,0.393229,-0.132218,0.082250,-0.298422,2463,2442,1587,3198,2522,1994
0.018911,-0.072182,0.393226,-0.131793,0.082977,-0.298158,2475,2442,1587,3198,2523,1994
0.008533,-0.073110,0.382890,-0.117245,0.083576,-0.300001,2499,2441,1587,3204,2531,1994
0.006481,-0.071729,0.377545,-0.112363,0.081903,-0.302838,2496,2441,1587,3205,2531,1994
0.005864,-0.071771,0.377817,-0.112042,0.081987,-0.302250,2491,2441,1587,3205,2530,1994
0.006606,-0.072774,0.381935,-0.115142,0.083247,-0.299545,2480,2441,1587,3205,2525,1994
0.020429,-0.075604,0.419745,-0.149223,0.088192,-0.278503,2428,2442,1587,3199,2491,1994
0.024183,-0.075584,0.419593,-0.152093,0.088017,-0.280922,2416,2446,1588,3199,2475,1994
0.032467,-0.069912,0.418773,-0.158202,0.081987,-0.286192,2396,2446,1588,3198,2454,1994
0.031126,-0.071036,0.419305,-0.157455,0.083196,-0.285041,2426,2445,1587,3198,2456,1994
0.008914,-0.071281,0.379049,-0.115212,0.081468,-0.303111,2485,2442,1587,3197,2504,1994
0.011293,-0.072262,0.381440,-0.118544,0.082522,-0.302765,2453,2442,1586,3197,2500,1994
0.022577,-0.071774,0.392522,-0.134260,0.082379,-0.300925,2415,2443,1579,3198,2459,1994
0.025383,-0.071177,0.396022,-0.138631,0.081922,-0.299844,2413,2443,1579,3198,2454,1994
0.028398,-0.073526,0.410306,-0.149748,0.085150,-0.290645,2420,2443,1577,3198,2456,1994
0.028398,-0.073876,0.410044,-0.149582,0.085481,-0.290879,2435,2443,1577,3198,2456,1994
0.026817,-0.073539,0.405364,-0.145466,0.084878,-0.293563,2452,2443,1577,3198,2457,1994
-0.002656,-0.072588,0.358991,-0.093751,0.081808,-0.311899,2546,2443,1577,3198,2542,1994
-0.004723,-0.072853,0.358838,-0.092023,0.082140,-0.310775,2543,2443,1577,3198,2542,1994
-0.005018,-0.072866,0.358903,-0.091830,0.082169,-0.310544,2533,2443,1577,3198,2542,1994
-0.003524,-0.073038,0.360127,-0.093758,0.082369,-0.310510,2516,2443,1577,3198,2541,1994
-0.000884,-0.072612,0.359115,-0.095226,0.081772,-0.312890,2497,2443,1577,3198,2535,1994
0.003921,-0.074889,0.373846,-0.108031,0.084891,-0.304429,2476,2443,1577,3198,2518,1994
0.013210,-0.071974,0.373323,-0.115081,0.081590,-0.310300,2435,2443,1577,3198,2487,1994
0.026863,-0.072107,0.401040,-0.142867,0.083144,-0.296879,2404,2445,1577,3198,2475,1994
0.029784,-0.072694,0.409495,-0.150354,0.084211,-0.292065,2405,2445,1577,3198,2475,1994
0.032379,-0.075392,0.428173,-0.163831,0.088112,-0.279180,2416,2445,1577,3198,2480,1994
0.030924,-0.073152,0.414849,-0.154534,0.085000,-0.288590,2432,2445,1577,3198,2484,1994
0.028130,-0.071138,0.400353,-0.143458,0.082082,-0.298118,2451,2444,1577,3198,2484,1994
0.024494,-0.071174,0.389912,-0.134179,0.081524,-0.304104,2471,2443,1577,3198,2486,1994
0.015743,-0.074448,0.386334,-0.125034,0.084873,-0.301816,2509,2442,1576,3198,2517,1994
0.009838,-0.074223,0.373814,-0.112691,0.083997,-0.308027,2525,2442,1573,3198,2533,1994
0.002148,-0.077515,0.378457,-0.109428,0.087900,-0.299924,2539,2443,1557,3198,2552,1994
-0.000529,-0.076656,0.367697,-0.100722,0.086392,-0.306678,2541,2444,1546,3198,2552,1994
-0.001176,-0.076787,0.359271,-0.095038,0.085956,-0.312918,2538,2444,1538,3198,2551,1994
0.023102,-0.081322,0.368375,-0.119734,0.090180,-0.320990,2429,2455,1522,3198,2489,1994
0.033271,-0.077908,0.405480,-0.150577,0.088992,-0.297772,2433,2457,1525,3198,2488,1994
0.032864,-0.077916,0.404370,-0.149574,0.088938,-0.298396,2449,2457,1523,3198,2491,1994
0.026540,-0.078401,0.388655,-0.134931,0.088561,-0.306918,2487,2457,1517,3199,2524,1994
0.004373,-0.081352,0.363974,-0.102247,0.090623,-0.312981,2538,2455,1523,3205,2584,1994
0.002320,-0.081450,0.363964,-0.100619,0.090799,-0.311738,2532,2454,1526,3206,2584,1994
0.002083,-0.079564,0.358400,-0.097042,0.088537,-0.315819,2519,2454,1526,3206,2583,1994
0.002912,-0.079042,0.360500,-0.098992,0.088132,-0.314634,2502,2454,1526,3206,2580,1994
0.014448,-0.075439,0.361793,-0.108938,0.084187,-0.320400,2461,2456,1527,3206,2536,1994
0.020933,-0.074673,0.376845,-0.123304,0.084231,-0.312475,2461,2457,1528,3206,2533,1994
0.022528,-0.075696,0.389015,-0.132019,0.086044,-0.303963,2473,2457,1528,3205,2537,1994
0.021371,-0.074813,0.385174,-0.128760,0.084939,-0.306205,2487,2457,1527,3205,2549,1994
0.019758,-0.078711,0.397787,-0.135178,0.089773,-0.295607,2504,2457,1526,3205,2566,1994
0.006742,-0.078535,0.366017,-0.105407,0.087867,-0.312602,2543,2456,1527,3206,2611,1994
0.000060,-0.077743,0.360789,-0.096933,0.086967,-0.312557,2548,2457,1527,3206,2625,1994
-0.001083,-0.076483,0.357798,-0.094212,0.085545,-0.314110,2543,2457,1528,3206,2626,1994
-0.000740,-0.075488,0.357566,-0.094353,0.084524,-0.314424,2531,2457,1528,3206,2623,1994
0.000857,-0.074133,0.356996,-0.095281,0.083072,-0.315743,2520,2457,1528,3206,2621,1994
0.003378,-0.073504,0.356170,-0.096773,0.082290,-0.317887,2511,2457,1528,3206,2620,1994
0.007416,-0.077573,0.379271,-0.114085,0.087813,-0.302516,2503,2457,1528,3206,2614,1994
0.009650,-0.074540,0.366287,-0.107919,0.083791,-0.313855,2497,2457,1528,3206,2605,1994
0.013329,-0.076207,0.377964,-0.117969,0.086132,-0.307058,2499,2457,1528,3206,2607,1994
0.014234,-0.076371,0.376908,-0.118033,0.086186,-0.308456,2506,2457,1528,3206,2611,1994
0.013302,-0.076669,0.376854,-0.117260,0.086515,-0.307952,2520,2457,1528,3206,2621,1994
0.011077,-0.076482,0.374029,-0.113772,0.086216,-0.308795,2534,2457,1528,3206,2634,1994
0.004845,-0.074980,0.358267,-0.099198,0.083852,-0.317253,2548,2457,1528,3206,2654,1994
0.000265,-0.075359,0.356876,-0.094725,0.084308,-0.315571,2546,2458,1528,3206,2661,1994
0.000336,-0.074695,0.356039,-0.094275,0.083585,-0.316220,2532,2458,1528,3206,2656,1994
0.001621,-0.074128,0.356354,-0.095490,0.082992,-0.316715,2518,2458,1528,3206,2653,1994
0.004255,-0.073233,0.355450,-0.097026,0.081935,-0.318969,2503,2458,1528,3206,2644,1994
0.019444,-0.072727,0.376993,-0.122244,0.082359,-0.311293,2459,2465,1529,3206,2606,1994
0.023204,-0.074353,0.391108,-0.133855,0.084827,-0.302626,2462,2472,1529,3206,2607,1994
0.023748,-0.072423,0.386813,-0.131673,0.082580,-0.306183,2470,2477,1528,3206,2611,1994
-0.006392,-0.075372,0.339941,-0.079076,0.083388,-0.324812,2588,2501,1463,3199,2642,1994
-0.006980,-0.074155,0.336752,-0.076670,0.081974,-0.326864,2583,2501,1464,3199,2643,1994
0.026482,-0.074398,0.384788,-0.132563,0.084301,-0.309607,2471,2493,1478,3207,2601,1994
0.026439,-0.075566,0.384832,-0.132541,0.085470,-0.309639,2470,2487,1479,3207,2602,1994
0.026203,-0.076007,0.383180,-0.131335,0.085803,-0.310828,2470,2481,1479,3207,2602,1994
0.026514,-0.077667,0.385286,-0.132852,0.087594,-0.309493,2470,2478,1479,3207,2602,1994
0.026570,-0.080094,0.389104,-0.135209,0.090278,-0.306717,2470,2477,1479,3207,2602,1994
0.020277,-0.077575,0.375227,-0.121757,0.087035,-0.313576,2485,2470,1517,3207,2602,1994
0.018168,-0.075004,0.380600,-0.123422,0.084932,-0.307855,2479,2470,1520,3207,2602,1994
0.019630,-0.077599,0.397714,-0.135046,0.088664,-0.295498,2466,2469,1520,3207,2597,1994
0.019862,-0.073882,0.381200,-0.125141,0.083789,-0.308332,2454,2469,1520,3207,2593,1994
0.022653,-0.074852,0.385091,-0.129721,0.084923,-0.307059,2448,2468,1519,3207,2592,1994
0.027472,-0.075766,0.392419,-0.138010,0.086163,-0.304321,2451,2468,1519,3207,2592,1994
0.028167,-0.076297,0.395311,-0.140328,0.086868,-0.302514,2466,2468,1519,3207,2592,1994
0.023017,-0.075697,0.383574,-0.129066,0.085644,-0.308542,2503,2468,1513,3207,2602,1994
0.009713,-0.077486,0.363251,-0.106069,0.086512,-0.316515,2538,2468,1508,3206,2623,1994
0.005039,-0.078364,0.360589,-0.100733,0.087380,-0.315814,2527,2470,1510,3206,2625,1994
0.005332,-0.077405,0.360267,-0.100779,0.086391,-0.316171,2510,2471,1515,3206,2624,1994
0.007693,-0.075046,0.355947,-0.100022,0.083644,-0.320828,2490,2472,1518,3206,2615,1994
0.009753,-0.076096,0.365890,-0.107737,0.085311,-0.314354,2522,2471,1506,3205,2612,1994
0.008682,-0.076611,0.362255,-0.104654,0.085610,-0.316597,2508,2470,1506,3205,2611,1994
0.009646,-0.078215,0.366301,-0.107878,0.087456,-0.314133,2487,2469,1506,3205,2603,1994
0.040351,-0.070700,0.412023,-0.160273,0.081994,-0.296394,2411,2481,1507,3205,2540,1994
0.040039,-0.070747,0.412309,-0.160202,0.082073,-0.295981,2429,2480,1506,3204,2542,1994
0.039571,-0.075071,0.424103,-0.167015,0.087230,-0.286762,2447,2479,1506,3204,2542,1994
0.026417,-0.075186,0.384496,-0.132323,0.085069,-0.309859,2476,2478,1505,3199,2563,1994
0.024741,-0.075210,0.380616,-0.128618,0.084885,-0.311885,2477,2479,1505,3199,2566,1994
0.023734,-0.075416,0.384060,-0.129934,0.085370,-0.308576,2474,2480,1505,3198,2561,1994
0.023358,-0.072687,0.375864,-0.124642,0.082089,-0.314575,2464,2481,1505,3198,2555,1994
0.070580,-0.071447,0.423086,-0.190917,0.082351,-0.306272,2348,2605,1279,3207,2392,1994
0.070515,-0.074453,0.423541,-0.191107,0.085383,-0.306112,2347,2602,1279,3207,2392,1994
0.070345,-0.076206,0.422644,-0.190399,0.087073,-0.306852,2346,2600,1279,3207,2392,1994
0.070632,-0.077898,0.422163,-0.190309,0.088715,-0.307540,2345,2600,1279,3207,2391,1994
0.070953,-0.079011,0.423405,-0.191311,0.089900,-0.306848,2344,2600,1279,3207,2390,1994
0.071430,-0.079604,0.425876,-0.193196,0.090646,-0.305244,2344,2600,1279,3207,2389,1994
0.070916,-0.078961,0.421444,-0.190079,0.089713,-0.308363,2341,2600,1279,3207,2388,1994
0.071050,-0.078998,0.422701,-0.190955,0.089833,-0.307460,2339,2600,1279,3207,2387,1994
0.072025,-0.080152,0.427123,-0.194424,0.091257,-0.304671,2337,2599,1279,3207,2386,1994
0.072819,-0.080105,0.426641,-0.194755,0.091145,-0.305533,2337,2600,1279,3207,2386,1994
0.072816,-0.079398,0.426623,-0.194751,0.090440,-0.305489,2337,2600,1279,3207,2386,1994
0.073689,-0.078906,0.431859,-0.198660,0.090283,-0.301867,2337,2602,1279,3207,2385,1994
0.072428,-0.076615,0.424819,-0.193373,0.087553,-0.306450,2338,2603,1279,3207,2385,1994
0.072515,-0.076183,0.426254,-0.194329,0.087220,-0.305341,2344,2605,1279,3207,2386,1994
0.072759,-0.075968,0.427305,-0.195168,0.087071,-0.304646,2349,2605,1279,3207,2389,1994
0.072156,-0.075922,0.427863,-0.195035,0.087087,-0.303835,2361,2606,1279,3207,2391,1994
0.070230,-0.075118,0.420537,-0.189030,0.085845,-0.308352,2367,2606,1279,3207,2392,1994
0.068372,-0.075357,0.417902,-0.185943,0.085970,-0.309305,2370,2606,1279,3207,2392,1994
0.066696,-0.074329,0.412000,-0.181010,0.084596,-0.312838,2368,2606,1279,3207,2389,1994
0.066328,-0.074493,0.411359,-0.180324,0.084728,-0.313130,2362,2607,1279,3207,2385,1994
0.066958,-0.075152,0.416634,-0.184050,0.085731,-0.309420,2348,2609,1279,3207,2384,1994
0.067645,-0.073820,0.413850,-0.182901,0.084181,-0.311925,2336,2612,1279,3207,2383,1994
0.070139,-0.073202,0.418189,-0.187541,0.083773,-0.309992,2322,2613,1279,3207,2381,1994
0.072369,-0.071666,0.424490,-0.193188,0.082599,-0.306281,2312,2615,1280,3207,2370,1994
0.083277,-0.073230,0.466965,-0.227846,0.086722,-0.279685,2313,2616,1280,3207,2358,1994
0.074781,-0.070751,0.433884,-0.200869,0.082255,-0.300299,2297,2615,1279,3207,2348,1994
0.077674,-0.070900,0.439375,-0.206521,0.082677,-0.297765,2286,2615,1279,3207,2336,1994
0.079497,-0.069620,0.442574,-0.209939,0.081556,-0.296265,2280,2615,1279,3207,2324,1994
0.083010,-0.069052,0.453629,-0.219505,0.081631,-0.289678,2285,2616,1279,3206,2322,1994
0.072993,-0.070357,0.426006,-0.194627,0.081377,-0.305368,2363,2615,1278,3205,2354,1994
0.067574,-0.070852,0.415633,-0.183977,0.081351,-0.310244,2383,2615,1278,3205,2365,1994
0.094553,-0.067491,0.493301,-0.252984,0.082418,-0.265428,2203,2637,1264,3205,2286,1994
0.094617,-0.068065,0.489394,-0.250630,0.082712,-0.268586,2203,2637,1264,3205,2286,1994
0.095922,-0.068813,0.493214,-0.253995,0.083676,-0.266440,2203,2637,1264,3205,2286,1994
0.095922,-0.068813,0.493214,-0.253995,0.083676,-0.266440,2206,2637,1264,3205,2286,1994
0.093994,-0.068155,0.484057,-0.246861,0.082451,-0.272409,2209,2637,1264,3205,2286,1994
0.095366,-0.069928,0.493310,-0.253600,0.084816,-0.266112,2212,2636,1264,3205,2288,1994
0.094122,-0.070001,0.485861,-0.248045,0.084413,-0.271214,2216,2636,1263,3205,2291,1994
0.093731,-0.070110,0.483845,-0.246499,0.084396,-0.272568,2224,2634,1263,3205,2294,1994
0.093855,-0.071164,0.485666,-0.247701,0.085569,-0.271295,2231,2628,1264,3205,2294,1994
0.092612,-0.070920,0.480041,-0.243270,0.084978,-0.274939,2237,2623,1266,3205,2295,1994
0.091090,-0.071572,0.475191,-0.239083,0.085346,-0.277871,2243,2618,1266,3205,2296,1994
0.090451,-0.073611,0.474137,-0.237906,0.087329,-0.278470,2252,2613,1267,3205,2297,1994
0.089427,-0.075727,0.471643,-0.235541,0.089303,-0.279971,2261,2610,1268,3205,2303,1994
0.084291,-0.078219,0.453410,-0.220264,0.090704,-0.291360,2298,2607,1270,3205,2337,1994
0.082288,-0.077551,0.448545,-0.215706,0.089773,-0.293906,2310,2609,1266,3205,2342,1994
0.080703,-0.077236,0.442287,-0.210618,0.089081,-0.297831,2316,2610,1264,3205,2346,1994
0.080154,-0.077713,0.442083,-0.210054,0.089563,-0.297694,2317,2610,1264,3205,2346,1994
0.078487,-0.077518,0.435856,-0.204919,0.088995,-0.301554,2310,2609,1264,3205,2343,1994
0.078467,-0.078214,0.437744,-0.206052,0.089823,-0.300112,2296,2609,1267,3205,2339,1994
0.078562,-0.077540,0.436092,-0.205122,0.089031,-0.301416,2279,2610,1270,3206,2337,1994
0.079472,-0.076316,0.435061,-0.205224,0.087704,-0.302687,2259,2613,1275,3206,2331,1994
0.081158,-0.074036,0.437326,-0.207974,0.085526,-0.301759,2237,2617,1275,3206,2317,1994
0.091993,-0.069556,0.482230,-0.244142,0.083796,-0.272729,2179,2622,1277,3206,2279,1994
0.094427,-0.067667,0.489346,-0.250455,0.082320,-0.268475,2170,2622,1277,3206,2270,1994
0.097135,-0.066979,0.502422,-0.260627,0.082448,-0.259797,2166,2622,1277,3206,2266,1994
0.097354,-0.066012,0.506906,-0.263563,0.081791,-0.256329,2185,2622,1277,3206,2268,1994
0.097356,-0.066849,0.506917,-0.263561,0.082625,-0.256388,2205,2621,1277,3205,2270,1994
0.096075,-0.067791,0.499008,-0.257684,0.083059,-0.261897,2227,2620,1275,3205,2283,1994
0.093697,-0.068638,0.487640,-0.248819,0.083196,-0.269447,2253,2619,1270,3205,2308,1994
0.089667,-0.069923,0.471761,-0.235876,0.083516,-0.279567,2281,2618,1265,3205,2327,1994
0.089502,-0.073631,0.473222,-0.236595,0.087322,-0.278610,2309,2615,1264,3205,2343,1994
0.084486,-0.074059,0.452785,-0.220088,0.086506,-0.291642,2338,2612,1264,3205,2357,1994
0.061067,-0.080322,0.399576,-0.168865,0.089913,-0.319634,2412,2606,1263,3205,2396,1994
0.057021,-0.081620,0.392308,-0.161194,0.090852,-0.322973,2397,2606,1263,3205,2390,1994
0.057652,-0.080930,0.391816,-0.161399,0.090106,-0.323692,2378,2606,1263,3205,2389,1994
0.059597,-0.080166,0.392195,-0.163177,0.089296,-0.324525,2346,2610,1263,3205,2380,1994
0.063305,-0.078771,0.396627,-0.168842,0.088074,-0.323202,2335,2612,1263,3205,2370,1994
0.066663,-0.075432,0.397814,-0.172264,0.084700,-0.324061,2312,2615,1263,3205,2351,1994
0.072544,-0.074994,0.413905,-0.186788,0.085166,-0.314976,2288,2618,1263,3205,2336,1994
0.085376,-0.070657,0.450308,-0.219314,0.082907,-0.293866,2223,2620,1272,3205,2305,1994
0.089292,-0.069826,0.468131,-0.233354,0.083179,-0.282184,2209,2620,1272,3205,2297,1994
0.092517,-0.069546,0.478588,-0.242321,0.083510,-0.275914,2198,2620,1273,3205,2289,1994
0.094122,-0.070001,0.485861,-0.248045,0.084413,-0.271214,2193,2620,1273,3205,2286,1994
0.093998,-0.068955,0.484073,-0.246863,0.083250,-0.272461,2192,2621,1273,3205,2286,1994
0.096801,-0.070208,0.498786,-0.258090,0.085425,-0.262708,2197,2621,1273,3205,2288,1994
0.097077,-0.069838,0.499000,-0.258444,0.085060,-0.262679,2212,2621,1273,3205,2291,1994
0.099278,-0.071692,0.512322,-0.268334,0.087759,-0.253698,2233,2621,1270,3205,2293,1994
0.094119,-0.069198,0.485848,-0.248046,0.083612,-0.271159,2256,2621,1265,3205,2307,1994
0.090940,-0.069738,0.473283,-0.237817,0.083390,-0.279135,2284,2620,1263,3205,2324,1994
0.088451,-0.071707,0.463411,-0.229769,0.084755,-0.285529,2309,2618,1263,3205,2336,1994
0.079856,-0.073991,0.438411,-0.207612,0.085606,-0.300105,2365,2615,1263,3205,2358,1994
0.073168,-0.073478,0.416675,-0.188999,0.083826,-0.313059,2386,2613,1263,3205,2370,1994
0.053523,-0.076171,0.382551,-0.152514,0.084870,-0.328073,2444,2608,1263,3205,2412,1994
0.050204,-0.076572,0.377680,-0.146900,0.085055,-0.329902,2446,2608,1263,3205,2412,1994
0.049202,-0.078550,0.380680,-0.147924,0.087276,-0.327085,2442,2607,1263,3205,2410,1994
0.048315,-0.078656,0.377418,-0.145222,0.087187,-0.329115,2429,2607,1263,3205,2405,1994
0.049515,-0.078928,0.380769,-0.148222,0.087648,-0.327237,2413,2608,1263,3205,2402,1994
0.050754,-0.076990,0.374399,-0.145315,0.085220,-0.332851,2393,2611,1263,3205,2401,1994
0.092583,-0.068283,0.476839,-0.241316,0.082126,-0.277230,2194,2621,1275,3205,2324,1994
0.095429,-0.068876,0.489425,-0.251279,0.083492,-0.269123,2181,2621,1275,3205,2318,1994
0.096957,-0.068664,0.495068,-0.255951,0.083618,-0.265604,2173,2621,1275,3205,2313,1994
0.099223,-0.069887,0.506814,-0.264933,0.085575,-0.257853,2168,2621,1275,3205,2309,1994
0.099623,-0.069294,0.508695,-0.266411,0.085101,-0.256572,2168,2621,1275,3205,2310,1994
0.098950,-0.068784,0.508799,-0.265950,0.084626,-0.256037,2172,2621,1275,3205,2310,1994
0.103895,-0.071465,0.529411,-0.282469,0.088555,-0.243070,2183,2621,1275,3205,2314,1994
0.099087,-0.067974,0.504948,-0.263705,0.083542,-0.259086,2199,2622,1275,3205,2317,1994
0.101305,-0.070227,0.517225,-0.272962,0.086566,-0.250967,2219,2622,1275,3205,2320,1994
0.096131,-0.067904,0.493374,-0.254269,0.082773,-0.266371,2241,2622,1272,3205,2330,1994
0.093998,-0.068955,0.484073,-0.246863,0.083250,-0.272461,2264,2622,1267,3205,2345,1994
0.092582,-0.070547,0.480098,-0.243286,0.084612,-0.274846,2289,2621,1264,3205,2357,1994
0.088321,-0.070418,0.459815,-0.227476,0.083222,-0.288176,2316,2621,1264,3205,2367,1994
0.079863,-0.072554,0.438446,-0.207657,0.084176,-0.299967,2365,2620,1263,3205,2383,1994
0.068529,-0.071908,0.407737,-0.179872,0.081812,-0.317122,2403,2620,1263,3205,2407,1994
0.059904,-0.072403,0.394102,-0.164689,0.081679,-0.322600,2425,2619,1263,3205,2421,1994
0.054661,-0.073028,0.387180,-0.156294,0.082019,-0.324881,2426,2618,1264,3205,2421,1994
0.054012,-0.073013,0.387097,-0.155731,0.082023,-0.324547,2414,2618,1265,3205,2418,1994
0.055195,-0.073460,0.389558,-0.158169,0.082596,-0.323372,2396,2619,1267,3205,2413,1994
0.084628,-0.070234,0.457308,-0.223024,0.083005,-0.287870,2252,2616,1277,3206,2361,1994
0.086312,-0.071603,0.460078,-0.226036,0.084500,-0.286832,2247,2615,1277,3206,2361,1994
0.087822,-0.071876,0.461902,-0.228345,0.084842,-0.286344,2247,2615,1277,3206,2362,1994
0.087822,-0.071876,0.461902,-0.228345,0.084842,-0.286344,2258,2616,1277,3206,2367,1994
0.088910,-0.072450,0.466765,-0.232180,0.085714,-0.283232,2275,2617,1276,3206,2369,1994
0.087827,-0.071921,0.463238,-0.229168,0.084980,-0.285300,2294,2617,1274,3206,2375,1994
0.086388,-0.072596,0.461620,-0.227030,0.085594,-0.285744,2315,2617,1270,3206,2393,1994
0.082087,-0.071928,0.445529,-0.213768,0.083964,-0.295710,2336,2617,1266,3206,2409,1994
0.079425,-0.072655,0.436766,-0.206279,0.084176,-0.301028,2353,2616,1265,3206,2420,1994
0.076075,-0.074066,0.429192,-0.198968,0.085179,-0.305044,2369,2613,1265,3206,2430,1994
0.075295,-0.077991,0.437304,-0.203281,0.089691,-0.298497,2381,2611,1265,3206,2438,1994
0.065036,-0.075775,0.403437,-0.174427,0.085499,-0.318670,2390,2608,1268,3206,2448,1994
0.063533,-0.077127,0.403558,-0.173297,0.086913,-0.317761,2386,2607,1268,3206,2445,1994
0.063195,-0.077786,0.403522,-0.173000,0.087580,-0.317634,2378,2607,1269,3206,2442,1994
0.063530,-0.078454,0.403538,-0.173266,0.088234,-0.317879,2362,2607,1271,3206,2440,1994
0.065026,-0.077596,0.404255,-0.174897,0.087372,-0.318164,2345,2608,1275,3206,2436,1994
0.077633,-0.072013,0.434949,-0.203758,0.083477,-0.301308,2281,2614,1278,3207,2377,1994
0.079392,-0.070647,0.440046,-0.208292,0.082406,-0.298270,2275,2610,1279,3207,2374,1994
0.082639,-0.072713,0.451549,-0.217888,0.085149,-0.291377,2272,2607,1279,3207,2373,1994
0.083748,-0.074841,0.456585,-0.221827,0.087580,-0.288264,2272,2606,1279,3207,2375,1994
0.084703,-0.078192,0.461946,-0.225829,0.091260,-0.284898,2275,2605,1279,3207,2377,1994
0.081678,-0.078419,0.449170,-0.215597,0.090706,-0.293110,2286,2605,1280,3207,2379,1994
0.079467,-0.076521,0.446616,-0.212309,0.088719,-0.293614,2306,2606,1295,3207,2381,1994
0.078005,-0.075308,0.441916,-0.208286,0.087237,-0.296318,2310,2606,1311,3207,2389,1994
0.077435,-0.074606,0.445275,-0.209906,0.086795,-0.293271,2312,2604,1330,3207,2393,1994
0.074896,-0.070754,0.440175,-0.204820,0.082695,-0.295423,2311,2599,1351,3207,2393,1994
0.070799,-0.073319,0.464560,-0.216518,0.087123,-0.273939,2308,2524,1416,3207,2393,1994
0.055373,-0.075785,0.431854,-0.184238,0.087877,-0.290404,2358,2505,1463,3203,2415,1994
0.053210,-0.072846,0.426316,-0.179169,0.084642,-0.293201,2359,2504,1463,3204,2416,1994
0.052626,-0.072314,0.426561,-0.178865,0.084152,-0.292608,2356,2500,1463,3205,2416,1994
0.051949,-0.074461,0.426781,-0.178438,0.086333,-0.292191,2341,2494,1463,3205,2413,1994
0.076957,-0.075155,0.493555,-0.239151,0.090752,-0.255055,2201,2504,1460,3199,2325,1994
0.076803,-0.073586,0.491146,-0.237571,0.089025,-0.256731,2215,2504,1456,3199,2327,1994
0.078000,-0.075209,0.495081,-0.240911,0.090873,-0.254498,2242,2504,1450,3199,2329,1994
0.075697,-0.075544,0.481574,-0.230798,0.090347,-0.263736,2263,2503,1448,3199,2340,1994
0.055079,-0.078642,0.424080,-0.179198,0.090190,-0.296563,2376,2504,1447,3198,2414,1994
0.052507,-0.077296,0.417291,-0.173018,0.088471,-0.300219,2374,2504,1447,3198,2414,1994
0.051822,-0.077984,0.417297,-0.172472,0.089183,-0.299850,2361,2504,1447,3198,2409,1994
0.051851,-0.078361,0.416480,-0.171989,0.089501,-0.300540,2343,2504,1447,3198,2407,1994
0.053374,-0.077895,0.416054,-0.172936,0.088947,-0.301771,2323,2504,1447,3198,2405,1994
0.055761,-0.077302,0.417071,-0.175452,0.088336,-0.302386,2304,2505,1447,3198,2397,1994
0.067686,-0.075337,0.448345,-0.204084,0.088115,-0.284942,2251,2514,1447,3198,2347,1994
0.071010,-0.075434,0.459237,-0.213391,0.088849,-0.278421,2236,2517,1447,3198,2338,1994
0.073198,-0.074954,0.466959,-0.219864,0.088829,-0.273652,2227,2520,1447,3198,2337,1994
0.075454,-0.074551,0.476571,-0.227549,0.089015,-0.267443,2224,2521,1447,3198,2337,1994
0.075998,-0.071742,0.476129,-0.227743,0.086163,-0.267901,2230,2521,1447,3198,2340,1994
0.076492,-0.069872,0.476762,-0.228545,0.084324,-0.267558,2249,2522,1447,3198,2344,1994
0.076960,-0.070777,0.482738,-0.232571,0.085628,-0.263217,2273,2522,1447,3198,2346,1994
0.073662,-0.069834,0.466111,-0.219775,0.083648,-0.274197,2298,2521,1447,3198,2354,1994
0.064609,-0.071351,0.437487,-0.195042,0.083497,-0.291281,2349,2520,1441,3198,2395,1994
0.054510,-0.074967,0.416897,-0.174387,0.086045,-0.301572,2385,2519,1413,3198,2424,1994
0.090438,-0.069680,0.516071,-0.263682,0.086358,-0.245174,2189,2571,1379,3205,2329,1994
0.063348,-0.077305,0.426572,-0.187272,0.088714,-0.299564,2361,2545,1380,3206,2462,1994
0.061321,-0.078495,0.427502,-0.186227,0.090043,-0.297685,2362,2544,1380,3206,2465,1994
0.059632,-0.078071,0.421359,-0.181129,0.089255,-0.301447,2350,2544,1381,3207,2464,1994
0.061107,-0.078793,0.427025,-0.185762,0.090316,-0.297951,2310,2544,1382,3207,2445,1994
0.066447,-0.076860,0.435085,-0.194949,0.088750,-0.294732,2272,2547,1397,3207,2410,1994
0.073301,-0.074335,0.465386,-0.218988,0.088097,-0.274903,2256,2541,1438,3207,2394,1994
0.073235,-0.072057,0.470835,-0.222309,0.086212,-0.270397,2258,2538,1461,3207,2395,1994
0.057374,-0.068856,0.448444,-0.196087,0.082059,-0.278035,2279,2490,1501,3206,2414,1994
0.059399,-0.071029,0.454057,-0.201103,0.084541,-0.275033,2259,2487,1505,3206,2392,1994
0.061765,-0.073412,0.463349,-0.208642,0.087478,-0.269364,2241,2485,1505,3206,2373,1994
0.063558,-0.075549,0.472691,-0.215764,0.090196,-0.263285,2226,2485,1503,3206,2357,1994
0.064599,-0.076317,0.474226,-0.217518,0.091029,-0.262776,2216,2483,1503,3206,2346,1994
0.068235,-0.075684,0.487823,-0.228741,0.091213,-0.254261,2230,2487,1508,3206,2345,1994
0.066702,-0.073196,0.485415,-0.226085,0.088623,-0.255019,2277,2489,1502,3205,2362,1994
0.064258,-0.073052,0.476498,-0.218684,0.087947,-0.260523,2301,2491,1497,3204,2384,1994
0.060806,-0.072493,0.460733,-0.206292,0.086415,-0.270761,2328,2492,1496,3201,2400,1994
0.059113,-0.073834,0.455236,-0.201565,0.087431,-0.274153,2352,2493,1496,3199,2413,1994
0.050804,-0.070590,0.423340,-0.175471,0.082277,-0.293889,2386,2495,1495,3199,2422,1994
0.045507,-0.072806,0.432747,-0.177035,0.085350,-0.283421,2390,2495,1495,3202,2424,1994
0.043426,-0.070736,0.412859,-0.163213,0.081970,-0.297622,2355,2493,1495,3205,2417,1994
0.045472,-0.072717,0.422361,-0.170635,0.084534,-0.291561,2336,2493,1495,3205,2414,1994
0.048695,-0.072051,0.422734,-0.173417,0.083772,-0.293189,2313,2494,1495,3205,2402,1994
0.051313,-0.070051,0.423390,-0.175912,0.081724,-0.294119,2293,2494,1495,3205,2383,1994
0.059846,-0.070637,0.454909,-0.201983,0.084193,-0.274607,2247,2494,1496,3205,2343,1994
0.063192,-0.070860,0.464218,-0.210335,0.084940,-0.269353,2226,2494,1496,3205,2328,1994
0.066402,-0.071919,0.476293,-0.220266,0.086721,-0.261908,2206,2494,1496,3205,2312,1994
0.068642,-0.071848,0.482389,-0.225776,0.086992,-0.258481,2186,2493,1496,3205,2296,1994
0.070902,-0.073381,0.495415,-0.235535,0.089348,-0.249743,2168,2492,1496,3205,2281,1994
0.071444,-0.072655,0.496097,-0.236391,0.088651,-0.249481,2152,2492,1496,3205,2266,1994
0.073827,-0.073396,0.509749,-0.246641,0.090257,-0.240264,2131,2493,1496,3205,2245,1994
0.075472,-0.073306,0.524103,-0.256751,0.091112,-0.229976,2128,2495,1496,3205,2243,1994
0.075446,-0.071552,0.523913,-0.256635,0.089352,-0.229971,2139,2496,1496,3205,2248,1994
0.076057,-0.071214,0.526773,-0.258877,0.089192,-0.228069,2157,2496,1496,3205,2252,1994
0.076057,-0.071214,0.526773,-0.258877,0.089192,-0.228069,2178,2496,1496,3204,2272,1994
0.076109,-0.071619,0.524487,-0.257510,0.089433,-0.229931,2203,2496,1496,3204,2301,1994
0.072965,-0.071175,0.505232,-0.243217,0.087759,-0.243111,2231,2496,1496,3201,2329,1994
0.071694,-0.071725,0.495248,-0.236079,0.087654,-0.250228,2259,2495,1496,3199,2352,1994
0.069433,-0.071845,0.482364,-0.226386,0.086957,-0.258984,2288,2495,1495,3199,2375,1994
0.066918,-0.071756,0.471514,-0.217743,0.086202,-0.265969,2318,2496,1495,3199,2401,1994
0.058805,-0.070567,0.447532,-0.196635,0.083645,-0.279764,2372,2497,1495,3198,2454,1994
0.046681,-0.071246,0.404023,-0.160354,0.081732,-0.306605,2356,2517,1459,3206,2488,1994
0.050565,-0.071725,0.413666,-0.169331,0.082738,-0.301440,2331,2516,1462,3206,2470,1994
0.052675,-0.070626,0.418262,-0.173832,0.081884,-0.299032,2308,2515,1462,3206,2454,1994
0.056350,-0.070873,0.433481,-0.186070,0.083058,-0.289334,2283,2515,1462,3206,2439,1994
0.064350,-0.070688,0.451797,-0.203628,0.083851,-0.279816,2233,2516,1463,3206,2401,1994
0.071853,-0.071068,0.479662,-0.226647,0.085899,-0.262531,2182,2514,1468,3206,2358,1994
0.076820,-0.073874,0.507136,-0.247394,0.090435,-0.244190,2161,2511,1474,3206,2338,1994
0.075964,-0.071610,0.501570,-0.243331,0.087820,-0.247863,2138,2509,1481,3206,2317,1994
0.077544,-0.072908,0.517894,-0.254580,0.090200,-0.236097,2117,2508,1489,3206,2296,1994
0.076817,-0.071345,0.530301,-0.261641,0.089541,-0.225771,2089,2508,1502,3206,2259,1994
0.076323,-0.068894,0.545509,-0.270615,0.088186,-0.213315,2082,2509,1507,3206,2250,1994
0.075674,-0.065158,0.544261,-0.269384,0.084399,-0.213604,2102,2510,1506,3205,2262,1994
0.079848,-0.067916,0.569258,-0.287986,0.088743,-0.196721,2120,2511,1504,3205,2280,1994
0.077460,-0.065154,0.544223,-0.270771,0.084323,-0.214727,2138,2512,1498,3205,2303,1994
0.078870,-0.066947,0.549607,-0.275166,0.086435,-0.211499,2161,2514,1495,3201,2325,1994
0.077105,-0.065004,0.514714,-0.252383,0.082115,-0.237703,2212,2519,1494,3199,2361,1994
0.067626,-0.064378,0.526907,-0.252391,0.082712,-0.222259,2116,2471,1575,3207,2290,1994
0.066862,-0.067777,0.543842,-0.262138,0.087319,-0.208741,2087,2459,1586,3207,2263,1994
0.065638,-0.068552,0.542771,-0.260505,0.088064,-0.208895,2074,2455,1588,3207,2248,1994
0.064437,-0.068660,0.543708,-0.260129,0.088283,-0.207431,2065,2454,1588,3207,2239,1994
0.065074,-0.070604,0.555184,-0.267650,0.091002,-0.198950,2061,2455,1588,3207,2234,1994
0.064657,-0.069731,0.555539,-0.267550,0.090174,-0.198347,2061,2458,1588,3206,2233,1994
0.064726,-0.069789,0.560267,-0.270506,0.090561,-0.194675,2064,2461,1588,3206,2234,1994
0.065316,-0.068318,0.559157,-0.270309,0.088994,-0.195794,2073,2464,1586,3206,2236,1994
0.067397,-0.066764,0.563361,-0.274552,0.087660,-0.193639,2102,2465,1586,3206,2259,1994
0.065738,-0.064791,0.551222,-0.265818,0.084905,-0.202013,2116,2466,1581,3206,2281,1994
0.065990,-0.064172,0.543734,-0.261429,0.083752,-0.208007,2135,2466,1576,3205,2303,1994
0.066691,-0.064454,0.536757,-0.257697,0.083516,-0.213946,2158,2466,1574,3205,2322,1994
0.065951,-0.064669,0.520989,-0.247433,0.082651,-0.225910,2180,2466,1574,3204,2341,1994
0.070173,-0.070014,0.548812,-0.267773,0.089771,-0.207038,2199,2466,1574,3203,2358,1994
0.064732,-0.065778,0.505954,-0.237230,0.082747,-0.237073,2221,2466,1574,3200,2377,1994
0.063715,-0.065570,0.499603,-0.232531,0.082133,-0.241428,2241,2466,1573,3199,2394,1994
0.059436,-0.067781,0.461371,-0.205662,0.081816,-0.269047,2220,2482,1534,3207,2391,1994
0.061043,-0.068629,0.473160,-0.214155,0.083427,-0.260828,2196,2475,1549,3207,2375,1994
0.063309,-0.069420,0.493824,-0.228615,0.085580,-0.246028,2148,2459,1578,3207,2337,1994
0.063801,-0.070074,0.507356,-0.237300,0.087164,-0.235740,2125,2448,1589,3207,2321,1994
0.065115,-0.072294,0.527655,-0.250767,0.090752,-0.220758,2107,2439,1596,3207,2308,1994
0.045712,-0.076279,0.437724,-0.180207,0.089154,-0.279908,2380,2433,1566,3199,2440,1994
0.065403,-0.074956,0.495052,-0.230951,0.091104,-0.246784,2274,2461,1533,3205,2394,1994
0.062025,-0.073879,0.479980,-0.219049,0.089102,-0.256481,2292,2461,1532,3203,2405,1994
0.054771,-0.073810,0.443512,-0.190942,0.086750,-0.280711,2340,2461,1532,3200,2435,1994
0.039206,-0.073655,0.418278,-0.163171,0.085423,-0.291007,2375,2462,1535,3205,2474,1994
0.038739,-0.074156,0.418895,-0.163174,0.085984,-0.290275,2358,2461,1539,3206,2473,1994
0.039933,-0.074150,0.418718,-0.164008,0.085920,-0.291145,2340,2461,1543,3206,2467,1994
0.042087,-0.075246,0.428069,-0.171433,0.087586,-0.285198,2316,2461,1545,3206,2447,1994
0.044406,-0.073347,0.428145,-0.173335,0.085609,-0.286409,2288,2461,1546,3206,2422,1994
0.047795,-0.072583,0.438449,-0.182343,0.085441,-0.280321,2262,2461,1546,3206,2402,1994
0.056340,-0.072216,0.464085,-0.204827,0.086547,-0.265367,2210,2462,1546,3206,2368,1994
0.058988,-0.071460,0.471562,-0.211516,0.086216,-0.261050,2190,2462,1546,3206,2351,1994
0.063346,-0.073080,0.493916,-0.228654,0.089233,-0.246268,2177,2462,1546,3206,2341,1994
0.065830,-0.073417,0.505094,-0.237471,0.090259,-0.239027,2173,2462,1546,3206,2338,1994
0.066332,-0.072989,0.507380,-0.239276,0.089974,-0.237502,2179,2462,1546,3206,2338,1994
0.066544,-0.072369,0.505337,-0.238197,0.089204,-0.239190,2198,2462,1546,3206,2340,1994
0.065595,-0.073415,0.504697,-0.237042,0.090238,-0.239194,2249,2462,1540,3206,2380,1994
0.063534,-0.074162,0.495205,-0.229580,0.090395,-0.245455,2283,2462,1534,3206,2404,1994
0.060052,-0.074627,0.477081,-0.215702,0.089720,-0.257612,2311,2462,1532,3206,2422,1994
0.052503,-0.076079,0.449674,-0.192905,0.089532,-0.274655,2359,2462,1532,3206,2451,1994
0.040111,-0.074294,0.418856,-0.164232,0.086066,-0.291157,2376,2461,1533,3206,2464,1994
0.039821,-0.075707,0.422991,-0.166522,0.087775,-0.287840,2362,2460,1536,3206,2462,1994
0.039698,-0.075213,0.419369,-0.164209,0.087034,-0.290573,2338,2460,1539,3206,2451,1994
0.041141,-0.074917,0.421133,-0.166434,0.086807,-0.290047,2314,2460,1544,3206,2430,1994
0.047606,-0.072614,0.433240,-0.178998,0.085113,-0.284304,2252,2462,1545,3206,2388,1994
0.061855,-0.071053,0.483517,-0.221121,0.086540,-0.253373,2184,2463,1545,3206,2333,1994
0.064125,-0.070605,0.493669,-0.229149,0.086719,-0.246744,2175,2463,1545,3206,2326,1994
0.066280,-0.071716,0.503547,-0.236899,0.088437,-0.240384,2193,2463,1544,3205,2323,1994
0.066286,-0.072552,0.503592,-0.236920,0.089274,-0.240419,2215,2463,1540,3205,2329,1994
0.066189,-0.074361,0.504642,-0.237465,0.091155,-0.239677,2243,2463,1532,3205,2352,1994
0.061012,-0.074942,0.472679,-0.213755,0.089687,-0.261687,2303,2461,1531,3200,2401,1994
0.045408,-0.076009,0.423152,-0.171028,0.087873,-0.291159,2394,2461,1531,3200,2449,1994
0.030352,-0.079164,0.401445,-0.145779,0.090073,-0.299256,2436,2449,1530,3200,2468,1994
0.043343,-0.079216,0.414430,-0.164004,0.090536,-0.297007,2343,2453,1531,3206,2450,1994
0.045829,-0.077696,0.428758,-0.174779,0.089932,-0.287143,2374,2454,1530,3204,2454,1994
0.045226,-0.077813,0.433506,-0.177216,0.090406,-0.283048,2391,2454,1530,3202,2466,1994
0.042007,-0.076754,0.422559,-0.167970,0.088705,-0.289601,2407,2454,1530,3199,2485,1994
0.035472,-0.078264,0.405175,-0.152123,0.089241,-0.299388,2432,2452,1530,3199,2515,1994
0.032052,-0.078273,0.395800,-0.143669,0.088723,-0.304666,2439,2451,1530,3199,2519,1994
0.029512,-0.080563,0.396770,-0.142230,0.091171,-0.302528,2443,2449,1530,3199,2520,1994
0.025381,-0.080484,0.388505,-0.133897,0.090672,-0.306491,2444,2451,1530,3202,2520,1994
0.024509,-0.079947,0.391746,-0.135205,0.090397,-0.303366,2451,2452,1530,3199,2520,1994
0.024227,-0.080132,0.393230,-0.135890,0.090696,-0.302040,2452,2452,1530,3199,2520,1994
0.024225,-0.079918,0.393194,-0.135869,0.090481,-0.302051,2449,2451,1530,3199,2520,1994
0.024240,-0.080426,0.391438,-0.134797,0.090863,-0.303481,2441,2449,1530,3199,2519,1994
0.024808,-0.080551,0.387928,-0.133090,0.090720,-0.306599,2420,2446,1530,3199,2518,1994
0.026685,-0.080896,0.387181,-0.134109,0.090939,-0.308363,2394,2446,1530,3199,2508,1994
0.043927,-0.078502,0.423737,-0.170186,0.090456,-0.289989,2378,2453,1530,3198,2457,1994
0.038827,-0.079696,0.415447,-0.161057,0.091260,-0.293479,2425,2453,1530,3198,2485,1994
0.031654,-0.080442,0.401223,-0.146655,0.091281,-0.300329,2431,2452,1530,3199,2502,1994
0.030219,-0.080198,0.395889,-0.142252,0.090719,-0.303625,2421,2452,1530,3201,2500,1994
0.030355,-0.080238,0.397097,-0.143100,0.090838,-0.302761,2400,2452,1530,3203,2495,1994
0.031996,-0.079451,0.396823,-0.144238,0.089971,-0.303920,2376,2453,1530,3203,2484,1994
0.053824,-0.075284,0.442684,-0.189668,0.088198,-0.280898,2278,2463,1531,3205,2406,1994
0.056459,-0.076335,0.454467,-0.198966,0.089972,-0.273329,2288,2465,1531,3204,2407,1994
0.057091,-0.076143,0.457980,-0.201623,0.090003,-0.270939,2304,2466,1530,3199,2411,1994
0.055851,-0.074275,0.449170,-0.195261,0.087570,-0.276960,2327,2466,1530,3199,2424,1994
0.055725,-0.075690,0.455115,-0.198792,0.089403,-0.272319,2352,2466,1529,3199,2440,1994
0.039893,-0.076648,0.409173,-0.158087,0.087740,-0.298825,2420,2466,1498,3198,2484,1994
0.037324,-0.078265,0.405448,-0.153752,0.089189,-0.300308,2423,2466,1490,3198,2487,1994
0.054707,-0.076867,0.433029,-0.184419,0.089064,-0.289157,2291,2489,1489,3205,2406,1994
0.058293,-0.076630,0.445379,-0.194832,0.089557,-0.281623,2278,2490,1489,3206,2400,1994
0.063364,-0.070972,0.463035,-0.209743,0.084962,-0.270398,2273,2497,1490,3206,2382,1994
0.064240,-0.071794,0.466348,-0.212458,0.085981,-0.268394,2291,2498,1490,3205,2383,1994
0.060843,-0.072188,0.455307,-0.202995,0.085729,-0.275027,2329,2495,1489,3205,2407,1994
0.059616,-0.075459,0.464794,-0.207807,0.089702,-0.267073,2351,2495,1487,3205,2428,1994
0.055445,-0.074553,0.443875,-0.191687,0.087490,-0.280897,2370,2494,1484,3205,2445,1994
0.050696,-0.073690,0.426335,-0.177185,0.085581,-0.291712,2386,2493,1483,3205,2459,1994
0.047009,-0.073495,0.414046,-0.166736,0.084666,-0.299102,2396,2490,1481,3205,2468,1994
0.045207,-0.075976,0.418471,-0.167997,0.087519,-0.294715,2400,2488,1479,3205,2472,1994
0.041751,-0.075825,0.404624,-0.156772,0.086529,-0.303475,2400,2486,1479,3205,2474,1994
0.041448,-0.078554,0.407838,-0.158471,0.089487,-0.300977,2391,2485,1480,3205,2469,1994
0.043906,-0.079685,0.403899,-0.157979,0.090243,-0.305671,2343,2481,1488,3205,2450,1994
0.050498,-0.078607,0.424336,-0.175739,0.090349,-0.293553,2309,2482,1490,3206,2418,1994
0.053146,-0.077672,0.433551,-0.183497,0.089963,-0.287854,2295,2482,1490,3206,2408,1994
0.055549,-0.077144,0.438886,-0.188675,0.089719,-0.285088,2283,2482,1490,3206,2399,1994
0.062930,-0.077458,0.460987,-0.208061,0.091300,-0.272255,2299,2489,1489,3206,2406,1994
0.061284,-0.075917,0.454190,-0.202610,0.089350,-0.276471,2319,2489,1489,3205,2409,1994
0.056105,-0.075399,0.443266,-0.191824,0.088266,-0.281847,2356,2489,1485,3203,2440,1994
0.050099,-0.074857,0.422840,-0.174554,0.086522,-0.294187,2378,2489,1484,3200,2455,1994
0.046441,-0.076450,0.416493,-0.167750,0.087805,-0.297064,2381,2486,1488,3203,2454,1994
0.045687,-0.077352,0.417722,-0.167898,0.088819,-0.295707,2372,2484,1489,3205,2454,1994
0.045146,-0.077244,0.417743,-0.167485,0.088734,-0.295351,2358,2482,1489,3205,2452,1994
0.045590,-0.077652,0.418202,-0.168113,0.089156,-0.295294,2343,2481,1490,3205,2439,1994
0.047164,-0.077517,0.418245,-0.169383,0.088963,-0.296214,2324,2481,1490,3206,2419,1994
0.050508,-0.078884,0.431414,-0.180087,0.091123,-0.288014,2311,2481,1491,3206,2404,1994
0.056155,-0.078464,0.443207,-0.191789,0.091315,-0.282167,2319,2485,1490,3204,2396,1994
0.056216,-0.077702,0.443993,-0.192329,0.090609,-0.281526,2336,2486,1489,3202,2398,1994
0.055493,-0.076909,0.440736,-0.189769,0.089617,-0.283581,2353,2486,1487,3200,2405,1994
0.053556,-0.077333,0.437040,-0.185966,0.089855,-0.285335,2366,2487,1484,3199,2422,1994
0.051095,-0.077538,0.431040,-0.180338,0.089732,-0.288561,2378,2488,1481,3199,2439,1994
0.049015,-0.078033,0.423072,-0.173800,0.089746,-0.293592,2385,2488,1481,3201,2451,1994
0.046431,-0.077323,0.413686,-0.166009,0.088478,-0.299334,2387,2487,1483,3205,2454,1994
0.045384,-0.078455,0.417980,-0.167804,0.089949,-0.295405,2383,2483,1489,3205,2454,1994
0.043251,-0.077601,0.414327,-0.163889,0.088923,-0.296904,2353,2480,1489,3205,2448,1994
0.045259,-0.078708,0.418323,-0.167911,0.090230,-0.295079,2339,2480,1489,3206,2434,1994
0.050991,-0.077572,0.427216,-0.177909,0.089501,-0.291508,2296,2481,1490,3206,2394,1994
0.053864,-0.077167,0.433596,-0.184098,0.089436,-0.288219,2275,2480,1490,3206,2377,1994
0.064329,-0.069288,0.545130,-0.260909,0.089014,-0.206296,2097,2454,1612,3205,2203,1994
0.061874,-0.067062,0.541411,-0.256717,0.086628,-0.207541,2097,2453,1618,3205,2203,1994
0.061398,-0.067380,0.549490,-0.261296,0.087530,-0.200921,2097,2453,1620,3205,2203,1994
0.059911,-0.066581,0.547422,-0.258863,0.086646,-0.201574,2097,2453,1620,3205,2203,1994
0.059625,-0.066669,0.547357,-0.258596,0.086740,-0.201456,2097,2454,1620,3204,2203,1994
0.059851,-0.065811,0.547747,-0.259025,0.085904,-0.201220,2098,2455,1620,3201,2205,1994
0.059104,-0.063532,0.536383,-0.251490,0.082862,-0.209519,2102,2455,1620,3199,2206,1994
0.060381,-0.062882,0.540012,-0.254733,0.082421,-0.207396,2107,2455,1620,3199,2207,1994
0.061268,-0.062880,0.539991,-0.255421,0.082383,-0.207955,2124,2455,1619,3199,2210,1994
0.060045,-0.063213,0.533442,-0.250432,0.082302,-0.212382,2144,2455,1619,3199,2212,1994
0.058852,-0.063265,0.524748,-0.244154,0.081789,-0.218492,2163,2455,1617,3199,2230,1994
0.058077,-0.064853,0.513624,-0.236695,0.082620,-0.226892,2256,2463,1607,3199,2302,1994
0.018806,-0.070941,0.424586,-0.150971,0.083947,-0.273334,2461,2453,1586,3198,2442,1994
0.013079,-0.072217,0.383848,-0.121433,0.082577,-0.301962,2471,2455,1550,3198,2446,1994
0.013401,-0.073623,0.383996,-0.121760,0.083977,-0.302155,2467,2457,1546,3198,2445,1994
0.014677,-0.074627,0.384290,-0.122935,0.084949,-0.302784,2463,2459,1545,3198,2444,1994
0.016439,-0.074773,0.385115,-0.124831,0.085085,-0.303226,2451,2462,1546,3198,2444,1994
0.018359,-0.074695,0.388832,-0.128628,0.085195,-0.301474,2436,2463,1547,3198,2439,1994
0.060479,-0.065652,0.490209,-0.224210,0.081679,-0.246840,2157,2466,1561,3205,2270,1994
0.064550,-0.066754,0.511717,-0.240610,0.084132,-0.232507,2138,2467,1561,3205,2251,1994
0.065351,-0.065565,0.512445,-0.241704,0.082967,-0.232331,2127,2472,1561,3205,2237,1994
0.003020,-0.072488,0.374774,-0.107920,0.082598,-0.302957,2523,2463,1543,3199,2472,1994
0.001834,-0.072906,0.367273,-0.102375,0.082533,-0.308162,2522,2463,1543,3199,2472,1994
0.001170,-0.073759,0.364118,-0.099904,0.083187,-0.310304,2517,2463,1544,3199,2470,1994
0.002027,-0.078197,0.383104,-0.112175,0.088912,-0.296250,2503,2464,1544,3199,2468,1994
0.003719,-0.073643,0.367521,-0.104006,0.083213,-0.309181,2490,2466,1544,3199,2467,1994
0.057523,-0.065645,0.492577,-0.223330,0.081952,-0.243166,2205,2476,1560,3206,2275,1994
0.061713,-0.064712,0.504018,-0.233671,0.081665,-0.236662,2144,2476,1561,3206,2214,1994
0.063409,-0.065061,0.515424,-0.242006,0.082748,-0.228759,2126,2477,1561,3206,2195,1994
0.066463,-0.064449,0.536855,-0.257577,0.083527,-0.213729,2106,2478,1561,3206,2171,1994
0.015468,-0.071815,0.407827,-0.138040,0.083769,-0.284537,2466,2475,1553,3205,2463,1994
0.040959,-0.068050,0.457019,-0.188401,0.082491,-0.261171,2364,2476,1566,3206,2389,1994
0.026624,-0.071163,0.422624,-0.155937,0.083729,-0.279684,2431,2475,1553,3206,2445,1994
0.013906,-0.075113,0.387549,-0.124320,0.085692,-0.299787,2481,2442,1552,3205,2465,1994
0.012257,-0.078547,0.386599,-0.122392,0.089112,-0.299796,2482,2439,1552,3205,2471,1994
0.012531,-0.077842,0.370657,-0.112833,0.087279,-0.312445,2435,2438,1566,3206,2467,1994
0.015000,-0.077409,0.381580,-0.121492,0.087519,-0.305334,2415,2439,1567,3206,2455,1994
0.023619,-0.074687,0.394046,-0.135981,0.085350,-0.300596,2391,2438,1567,3206,2422,1994
0.029184,-0.077982,0.413556,-0.152305,0.089790,-0.288923,2409,2437,1562,3206,2416,1994
0.028539,-0.079391,0.414556,-0.152392,0.091290,-0.287852,2430,2437,1554,3205,2418,1994
0.026578,-0.079452,0.405153,-0.145073,0.090766,-0.294050,2453,2437,1553,3204,2431,1994
0.002730,-0.073439,0.357336,-0.096977,0.082332,-0.316568,2515,2452,1552,3199,2486,1994
0.002558,-0.072075,0.363464,-0.100620,0.081410,-0.311536,2498,2457,1552,3199,2483,1994
0.006491,-0.078111,0.368393,-0.106673,0.087621,-0.310547,2511,2460,1518,3198,2498,1994
0.006279,-0.078398,0.364791,-0.104291,0.087661,-0.313272,2495,2464,1515,3199,2493,1994
0.040738,-0.070874,0.428750,-0.170842,0.083327,-0.283490,2412,2497,1513,3199,2459,1994
0.036372,-0.071125,0.443043,-0.176164,0.084750,-0.269595,2324,2420,1616,3206,2406,1994
0.037197,-0.074520,0.444630,-0.177746,0.088214,-0.269121,2298,2410,1616,3206,2387,1994
0.044958,-0.073259,0.459040,-0.192732,0.087670,-0.262444,2303,2424,1615,3199,2368,1994
0.044788,-0.071791,0.460188,-0.193321,0.086294,-0.261321,2313,2431,1614,3199,2369,1994
0.043628,-0.070268,0.454020,-0.188640,0.084387,-0.265341,2318,2438,1613,3199,2375,1994
0.041533,-0.068770,0.447005,-0.182700,0.082482,-0.269456,2319,2444,1611,3199,2385,1994
0.042719,-0.067294,0.453390,-0.187574,0.081413,-0.265044,2401,2478,1558,3199,2415,1994
0.057015,-0.066092,0.488543,-0.220448,0.082134,-0.246062,2233,2456,1594,3205,2303,1994
0.054492,-0.067082,0.483341,-0.215251,0.082853,-0.248686,2235,2447,1610,3205,2303,1994
0.052904,-0.068342,0.486553,-0.215953,0.084395,-0.245288,2236,2438,1625,3205,2303,1994
0.050153,-0.067558,0.480240,-0.209917,0.083277,-0.248505,2236,2431,1640,3205,2303,1994
0.048386,-0.068414,0.487898,-0.213211,0.084736,-0.241467,2235,2424,1652,3205,2303,1994
0.046241,-0.067811,0.486431,-0.210625,0.084114,-0.241259,2232,2416,1663,3205,2303,1994
0.044267,-0.067631,0.484935,-0.208150,0.083906,-0.241212,2222,2407,1670,3205,2301,1994
0.043080,-0.068023,0.482698,-0.205836,0.084185,-0.242274,2215,2397,1676,3205,2298,1994
0.042859,-0.070085,0.487655,-0.208677,0.086598,-0.238405,2208,2389,1682,3205,2294,1994
0.042057,-0.071291,0.487659,-0.208031,0.087831,-0.238005,2201,2382,1688,3205,2287,1994
0.035493,-0.072080,0.519209,-0.222202,0.091086,-0.209236,2133,2343,1765,3199,2196,1994
0.013442,-0.076473,0.441875,-0.157277,0.090882,-0.256889,2348,2317,1774,3198,2391,1994
0.026896,-0.073878,0.483986,-0.193775,0.090736,-0.231810,2192,2329,1787,3198,2267,1994
0.028108,-0.067548,0.496941,-0.202763,0.085289,-0.221864,2239,2352,1774,3198,2300,1994
0.027184,-0.066518,0.491287,-0.198577,0.083901,-0.225663,2254,2352,1773,3198,2323,1994
0.026966,-0.065691,0.483707,-0.193763,0.082552,-0.231425,2266,2350,1773,3198,2341,1994
0.024862,-0.067054,0.478663,-0.188990,0.083638,-0.234210,2272,2346,1773,3198,2344,1994
0.023212,-0.068181,0.471702,-0.183401,0.084336,-0.238763,2265,2345,1773,3198,2339,1994
0.023212,-0.069738,0.471712,-0.183388,0.085888,-0.238878,2255,2344,1773,3198,2330,1994
0.026691,-0.072005,0.485954,-0.194845,0.089015,-0.229988,2208,2335,1782,3198,2279,1994
0.027184,-0.072143,0.489716,-0.197541,0.089398,-0.227344,2196,2334,1783,3200,2266,1994
0.028234,-0.072220,0.497653,-0.203240,0.089991,-0.221752,2177,2333,1782,3201,2248,1994
0.032113,-0.071664,0.515173,-0.217062,0.090518,-0.210306,2224,2338,1778,3198,2273,1994
0.029953,-0.070521,0.505039,-0.209152,0.088750,-0.216862,2253,2336,1774,3198,2302,1994
0.027402,-0.070999,0.490447,-0.198177,0.088300,-0.226811,2287,2335,1773,3198,2330,1994
0.010061,-0.072988,0.441062,-0.154154,0.087481,-0.255181,2377,2334,1773,3198,2405,1994
0.008221,-0.073229,0.437906,-0.150761,0.087571,-0.256555,2372,2333,1773,3198,2401,1994
0.007513,-0.073496,0.433486,-0.147486,0.087553,-0.259619,2351,2333,1774,3198,2392,1994
0.008519,-0.074309,0.439349,-0.151869,0.088737,-0.255688,2333,2333,1775,3198,2380,1994
0.011098,-0.072631,0.436620,-0.152250,0.086773,-0.259282,2311,2333,1778,3198,2355,1994
0.013286,-0.070382,0.432911,-0.151731,0.084187,-0.263361,2289,2334,1783,3198,2328,1994
0.018069,-0.068724,0.449688,-0.165823,0.083528,-0.252967,2246,2335,1786,3198,2289,1994
0.020238,-0.069101,0.468438,-0.179038,0.085138,-0.239580,2231,2335,1786,3198,2274,1994
0.022641,-0.068783,0.474454,-0.184632,0.085151,-0.236297,2218,2335,1786,3198,2263,1994
0.026900,-0.071266,0.496791,-0.201670,0.089031,-0.221536,2195,2335,1786,3199,2243,1994
0.027026,-0.071028,0.497833,-0.202413,0.088862,-0.220775,2190,2335,1786,3199,2240,1994
0.027913,-0.071538,0.502941,-0.206241,0.089695,-0.217342,2188,2335,1786,3200,2240,1994
0.028129,-0.070663,0.502241,-0.205993,0.088766,-0.217956,2188,2335,1786,3202,2240,1994
0.028173,-0.071776,0.512942,-0.212581,0.090625,-0.209655,2196,2335,1786,3201,2245,1994
0.027299,-0.070655,0.502178,-0.205299,0.088785,-0.217496,2204,2335,1786,3199,2247,1994
0.027171,-0.070889,0.501090,-0.204528,0.088946,-0.218291,2221,2335,1786,3200,2249,1994
0.026991,-0.071434,0.502281,-0.205110,0.089581,-0.217288,2238,2335,1786,3203,2252,1994
0.024472,-0.070516,0.487507,-0.194066,0.087724,-0.227290,2257,2335,1786,3203,2268,1994
0.022228,-0.071356,0.487069,-0.192015,0.088617,-0.226327,2282,2335,1783,3200,2291,1994
0.020702,-0.073300,0.491708,-0.193632,0.090940,-0.221896,2309,2335,1776,3199,2318,1994
0.018600,-0.072114,0.473516,-0.180823,0.088561,-0.234822,2334,2335,1773,3199,2338,1994
0.015964,-0.070582,0.446142,-0.161962,0.085213,-0.254613,2362,2334,1773,3198,2357,1994
0.004318,-0.069993,0.421785,-0.137828,0.083363,-0.266586,2417,2335,1773,3198,2404,1994
-0.000894,-0.071094,0.420793,-0.133090,0.084591,-0.264260,2418,2333,1774,3198,2413,1994
-0.001408,-0.071140,0.415697,-0.129557,0.084299,-0.267956,2403,2333,1773,3198,2405,1994
-0.000589,-0.074703,0.432930,-0.140734,0.089030,-0.255188,2385,2332,1773,3198,2393,1994
0.001608,-0.074988,0.428712,-0.139876,0.088933,-0.259873,2352,2328,1773,3198,2360,1994
0.011258,-0.072552,0.425258,-0.145405,0.085891,-0.268309,2281,2319,1773,3198,2295,1994
0.027926,-0.067703,0.442161,-0.168999,0.081602,-0.264844,2328,2425,1653,3197,2279,1994
0.042352,-0.066932,0.536846,-0.238506,0.086929,-0.199160,2165,2345,1776,3198,2276,1994
0.030373,-0.071391,0.516517,-0.216517,0.090407,-0.208161,2123,2299,1837,3198,2221,1994
-0.019054,-0.065863,0.572011,-0.211626,0.090699,-0.133803,1986,2018,2279,2936,2135,1994
-0.019812,-0.064918,0.575028,-0.212891,0.089998,-0.130891,1986,2020,2279,2936,2135,1994
-0.019579,-0.063011,0.578122,-0.214998,0.088306,-0.128450,1986,2024,2279,2935,2135,1994
-0.019939,-0.063685,0.586385,-0.219775,0.089572,-0.121785,1986,2026,2280,2935,2136,1994
-0.019707,-0.062480,0.578062,-0.214866,0.087778,-0.128377,1986,2028,2280,2936,2136,1994
-0.020524,-0.061089,0.577961,-0.214177,0.086415,-0.127846,1986,2034,2280,2936,2137,1994
-0.020369,-0.059180,0.584856,-0.218555,0.084990,-0.122367,1986,2047,2280,2936,2139,1994
-0.020739,-0.060014,0.597679,-0.226122,0.086737,-0.112122,1986,2051,2280,2936,2139,1994
-0.021189,-0.059824,0.606258,-0.231035,0.087167,-0.105086,1985,2057,2280,2936,2139,1994
-0.020626,-0.055649,0.583789,-0.217743,0.081406,-0.122769,1985,2062,2279,2936,2136,1994
-0.020288,-0.056462,0.583734,-0.217966,0.082199,-0.123084,1978,2054,2276,2936,2136,1994
-0.020709,-0.060027,0.611383,-0.234556,0.087712,-0.101365,1977,2054,2277,2936,2136,1994
-0.020034,-0.058399,0.586942,-0.220110,0.084346,-0.120871,1977,2054,2277,2941,2136,1994
-0.020291,-0.057911,0.583794,-0.217982,0.083648,-0.123150,1976,2053,2277,2942,2136,1994
-0.021254,-0.057917,0.583854,-0.217258,0.083695,-0.122513,1976,2053,2277,2943,2140,1994
-0.021965,-0.058398,0.586921,-0.218573,0.084417,-0.119704,1976,2053,2278,2943,2141,1994
-0.022153,-0.058663,0.584929,-0.217199,0.084549,-0.121176,1975,2053,2276,2943,2141,1994
-0.021392,-0.057636,0.576911,-0.212892,0.082933,-0.127866,1970,2053,2269,2943,2137,1994
-0.020544,-0.061632,0.604167,-0.230237,0.088798,-0.107268,1951,2053,2266,2936,2141,1994
-0.018341,-0.063235,0.617604,-0.240203,0.091254,-0.098178,1944,2053,2269,2936,2142,1994
-0.017784,-0.060986,0.597546,-0.228361,0.087583,-0.114114,1958,2053,2277,2936,2142,1994
-0.018757,-0.060734,0.605242,-0.232319,0.087910,-0.107446,1977,2054,2278,2942,2143,1994
-0.020177,-0.058336,0.595643,-0.225338,0.084900,-0.113936,1991,2054,2278,2942,2144,1994
-0.021252,-0.057432,0.583815,-0.217242,0.083209,-0.122506,2001,2054,2278,2943,2144,1994
-0.020924,-0.056605,0.575952,-0.212686,0.081820,-0.128826,2004,2054,2278,2943,2144,1994
-0.021735,-0.057525,0.582742,-0.216201,0.083245,-0.123062,1999,2054,2278,2943,2144,1994
-0.022853,-0.059083,0.600627,-0.226274,0.086098,-0.108436,1981,2054,2278,2943,2144,1994
-0.021652,-0.057220,0.581667,-0.215611,0.082862,-0.123934,1960,2054,2278,2939,2139,1994
-0.020976,-0.057634,0.583972,-0.217553,0.083411,-0.122568,1938,2055,2278,2937,2137,1994
-0.020852,-0.056478,0.582544,-0.216790,0.082154,-0.123676,1911,2056,2278,2937,2136,1994
-0.021154,-0.056367,0.595576,-0.224550,0.082970,-0.113234,1889,2058,2278,2936,2135,1994
-0.021584,-0.055047,0.595146,-0.223965,0.081641,-0.113204,1873,2061,2278,2936,2135,1994
-0.023382,-0.055708,0.615413,-0.234975,0.083792,-0.096217,1865,2063,2278,2936,2135,1994
-0.026277,-0.055626,0.644714,-0.250672,0.085881,-0.071395,1872,2065,2278,2936,2137,1994
-0.025566,-0.056071,0.652404,-0.255947,0.086837,-0.065818,1895,2065,2279,2936,2139,1994
-0.023376,-0.053668,0.615280,-0.234923,0.081749,-0.096164,1960,2065,2279,2936,2142,1994
-0.022591,-0.055375,0.623830,-0.240769,0.084021,-0.090056,1990,2065,2279,2936,2143,1994
-0.026615,-0.054900,0.633012,-0.243233,0.084348,-0.080333,1894,2066,2279,2943,2042,1994
-0.029365,-0.053761,0.641047,-0.246007,0.083883,-0.072239,1857,2067,2280,2943,2037,1994
-0.030389,-0.053230,0.632039,-0.239678,0.082760,-0.078654,1858,2069,2280,2944,2043,1994
-0.030771,-0.050811,0.654046,-0.252913,0.081910,-0.060922,1858,2107,2279,2940,2069,1994
-0.056401,-0.047841,0.710892,-0.267605,0.083929,-0.000281,1640,2123,2254,2931,1795,1994
-0.053647,-0.047336,0.710454,-0.269517,0.083289,-0.002273,1628,2142,2233,2910,1778,1994
-0.042908,-0.045245,0.724421,-0.286593,0.081773,0.002297,1616,2156,2217,2902,1742,1994
-0.029566,-0.048177,0.723856,-0.296741,0.084141,-0.006553,1692,2162,2194,2899,1888,1994
-0.027747,-0.047591,0.711194,-0.290414,0.082598,-0.017579,1695,2103,2270,2773,1806,1994
-0.027545,-0.048736,0.685416,-0.274738,0.081921,-0.038065,1695,2102,2264,2799,1806,1994
-0.028701,-0.050491,0.686313,-0.274354,0.083778,-0.036790,1695,2102,2263,2814,1806,1994
-0.031173,-0.052204,0.686422,-0.272448,0.085588,-0.035325,1695,2099,2256,2839,1807,1994
-0.033737,-0.054190,0.701426,-0.279606,0.088720,-0.022112,1694,2097,2250,2850,1809,1994
-0.034014,-0.053377,0.673846,-0.262472,0.085983,-0.043568,1694,2096,2245,2862,1809,1994
-0.035493,-0.056725,0.686360,-0.268941,0.090257,-0.033085,1694,2096,2236,2875,1811,1994
-0.034018,-0.057826,0.673948,-0.262474,0.090426,-0.043836,1696,2096,2225,2877,1811,1994
-0.031421,-0.057825,0.676345,-0.265996,0.090493,-0.043543,1697,2098,2225,2872,1811,1994
-0.030635,-0.057387,0.673713,-0.265006,0.089841,-0.046059,1698,2099,2225,2871,1811,1994
-0.030635,-0.057387,0.673713,-0.265006,0.089841,-0.046059,1698,2100,2225,2871,1811,1994
-0.030680,-0.056694,0.673698,-0.264971,0.089151,-0.045989,1698,2100,2225,2871,1811,1994
-0.030680,-0.056694,0.673698,-0.264971,0.089151,-0.045989,1697,2100,2225,2871,1811,1994
-0.030712,-0.056577,0.674522,-0.265452,0.089094,-0.045312,1697,2101,2225,2871,1810,1994
-0.030712,-0.056577,0.674522,-0.265452,0.089094,-0.045312,1696,2102,2225,2871,1809,1994
-0.031894,-0.056730,0.687025,-0.272191,0.090169,-0.034767,1699,2105,2227,2875,1811,1994
-0.032104,-0.055596,0.686387,-0.271648,0.089002,-0.035051,1711,2104,2240,2877,1812,1994
-0.032662,-0.056202,0.697308,-0.277902,0.090395,-0.026169,1723,2106,2242,2878,1813,1994
-0.032925,-0.054911,0.698763,-0.278604,0.089221,-0.024761,1736,2108,2243,2878,1815,1994
-0.031924,-0.051978,0.672573,-0.263359,0.084418,-0.045738,1746,2109,2243,2878,1829,1994
-0.028357,-0.051423,0.683419,-0.272838,0.084490,-0.039350,1764,2109,2241,2871,1871,1994
-0.025772,-0.052383,0.684517,-0.275540,0.085425,-0.040146,1764,2109,2235,2870,1873,1994
-0.022701,-0.050898,0.662468,-0.264451,0.082277,-0.059250,1761,2109,2230,2869,1874,1994
-0.022319,-0.052416,0.673544,-0.271531,0.084554,-0.050894,1757,2109,2227,2869,1873,1994
-0.021862,-0.054156,0.685526,-0.279223,0.087112,-0.041889,1751,2109,2227,2868,1872,1994
-0.020608,-0.052549,0.662343,-0.266006,0.083834,-0.060761,1737,2109,2226,2868,1871,1994
-0.021333,-0.052503,0.661691,-0.265034,0.083770,-0.060826,1727,2109,2226,2868,1863,1994
-0.022510,-0.053004,0.664114,-0.265585,0.084485,-0.058239,1712,2109,2226,2868,1836,1994
-0.030424,-0.056008,0.713253,-0.289456,0.091236,-0.014985,1692,2109,2226,2868,1801,1994
-0.031401,-0.052219,0.675909,-0.265815,0.084873,-0.043454,1692,2109,2228,2868,1798,1994
-0.031788,-0.052253,0.673671,-0.264136,0.084764,-0.044979,1697,2109,2228,2868,1798,1994
-0.031401,-0.052219,0.675909,-0.265815,0.084873,-0.043454,1707,2109,2228,2868,1800,1994
-0.030974,-0.054464,0.686390,-0.272556,0.087831,-0.035651,1721,2109,2228,2868,1812,1994
-0.029756,-0.055217,0.699544,-0.281581,0.089459,-0.026113,1734,2109,2228,2868,1836,1994
-0.024899,-0.054608,0.688447,-0.278613,0.087884,-0.037767,1757,2109,2232,2868,1876,1994
-0.021828,-0.053246,0.674588,-0.272549,0.085435,-0.050439,1762,2109,2238,2868,1884,1994
-0.021936,-0.054473,0.686510,-0.279765,0.087500,-0.041094,1764,2108,2240,2874,1885,1994
-0.023834,-0.052625,0.673755,-0.270462,0.084835,-0.049816,1765,2108,2241,2876,1889,1994
-0.023791,-0.050898,0.662464,-0.263588,0.082318,-0.058584,1770,2109,2242,2872,1890,1994
-0.023478,-0.050428,0.674090,-0.270977,0.082655,-0.049597,1745,2109,2237,2868,1886,1994
-0.024935,-0.053475,0.699389,-0.285314,0.087525,-0.029050,1729,2109,2235,2868,1882,1994
-0.023639,-0.050811,0.661616,-0.263189,0.082167,-0.059338,1712,2109,2234,2868,1881,1994
-0.032661,-0.051812,0.686167,-0.271122,0.085236,-0.034583,1680,2109,2240,2868,1881,1994
-0.035295,-0.052427,0.712554,-0.285228,0.087805,-0.012267,1684,2109,2241,2869,1881,1994
-0.033714,-0.052224,0.698085,-0.277599,0.086525,-0.024598,1689,2109,2241,2869,1881,1994
-0.032301,-0.050168,0.671350,-0.262334,0.082543,-0.046326,1689,2109,2240,2869,1882,1994
-0.032515,-0.050502,0.675285,-0.264575,0.083161,-0.043127,1688,2108,2240,2869,1882,1994
-0.034126,-0.053606,0.712617,-0.286175,0.088939,-0.013028,1686,2108,2240,2869,1882,1994
-0.034172,-0.052936,0.699882,-0.278331,0.087378,-0.022961,1686,2108,2240,2869,1882,1994
-0.033936,-0.051681,0.687225,-0.270766,0.085230,-0.032960,1686,2108,2240,2868,1882,1994
-0.034198,-0.051652,0.687080,-0.270470,0.085200,-0.032911,1686,2108,2238,2868,1882,1994
-0.034358,-0.052907,0.699487,-0.277942,0.087329,-0.023155,1686,2108,2236,2868,1882,1994
-0.032519,-0.051621,0.675366,-0.264607,0.084282,-0.043149,1686,2108,2235,2868,1882,1994
-0.033014,-0.053314,0.686770,-0.271194,0.086790,-0.034012,1685,2108,2235,2868,1886,1994
-0.033014,-0.053314,0.686770,-0.271194,0.086790,-0.034012,1685,2108,2236,2868,1888,1994
-0.032103,-0.052199,0.686356,-0.271673,0.085614,-0.034807,1685,2108,2237,2868,1885,1994
-0.033009,-0.052175,0.686676,-0.271155,0.085648,-0.033998,1691,2108,2239,2868,1888,1994
-0.031194,-0.050165,0.671317,-0.263187,0.082495,-0.047030,1694,2108,2240,2869,1886,1994
-0.031397,-0.051099,0.675827,-0.265782,0.083750,-0.043432,1694,2108,2241,2876,1884,1994
-0.032312,-0.050539,0.673017,-0.263342,0.083030,-0.045038,1695,2108,2241,2876,1884,1994
-0.033039,-0.050501,0.675262,-0.264148,0.083179,-0.042823,1695,2108,2241,2873,1884,1994
-0.033885,-0.053691,0.714091,-0.287269,0.089118,-0.012023,1695,2109,2238,2869,1883,1994
-0.030088,-0.050162,0.671283,-0.264040,0.082447,-0.047734,1695,2109,2240,2869,1882,1994
-0.030816,-0.050502,0.675273,-0.265909,0.083094,-0.044177,1695,2109,2240,2869,1882,1994
-0.033020,-0.051782,0.699883,-0.279256,0.086184,-0.023575,1695,2109,2240,2869,1882,1994
-0.032647,-0.051825,0.700585,-0.279981,0.086262,-0.023255,1695,2109,2240,2869,1882,1994
-0.032947,-0.052423,0.712490,-0.287043,0.087705,-0.013756,1693,2109,2240,2869,1882,1994
-0.031190,-0.049052,0.671229,-0.263150,0.081380,-0.047013,1689,2109,2240,2869,1882,1994
-0.033020,-0.051782,0.699883,-0.279256,0.086184,-0.023575,1686,2109,2240,2869,1882,1994
-0.034146,-0.049383,0.675179,-0.263237,0.082100,-0.042122,1686,2109,2240,2877,1882,1994
-0.033796,-0.049819,0.676644,-0.264407,0.082624,-0.041219,1688,2109,2242,2877,1882,1994
-0.036431,-0.051914,0.698917,-0.275968,0.086379,-0.022255,1692,2109,2242,2877,1882,1994
-0.035016,-0.049548,0.670425,-0.259630,0.081965,-0.045341,1694,2109,2241,2877,1882,1994
-0.033463,-0.050421,0.673986,-0.263030,0.083025,-0.043561,1695,2109,2241,2877,1882,1994
-0.032806,-0.049543,0.670362,-0.261336,0.081870,-0.046744,1695,2109,2241,2877,1882,1994
-0.035425,-0.052973,0.712571,-0.285129,0.088355,-0.012217,1695,2109,2241,2877,1882,1994
-0.035245,-0.053533,0.712226,-0.285052,0.088882,-0.012643,1694,2109,2241,2877,1882,1994
-0.033035,-0.049383,0.675185,-0.264117,0.082058,-0.042798,1697,2109,2242,2877,1882,1994
-0.033035,-0.049383,0.675185,-0.264117,0.082058,-0.042798,1705,2109,2242,2877,1882,1994
-0.033231,-0.052685,0.711479,-0.286194,0.087906,-0.014398,1714,2110,2242,2870,1882,1994
-0.031000,-0.051291,0.713183,-0.289019,0.086551,-0.014314,1717,2111,2243,2872,1883,1994
-0.031147,-0.049954,0.698896,-0.280152,0.084221,-0.025354,1719,2111,2243,2877,1885,1994
-0.031405,-0.049907,0.697844,-0.279304,0.084109,-0.026019,1719,2111,2243,2877,1888,1994
-0.031426,-0.050714,0.684848,-0.271301,0.084002,-0.036290,1698,2110,2242,2877,1883,1994
-0.036475,-0.050625,0.699839,-0.276516,0.085161,-0.021401,1662,2110,2234,2868,1881,1994
-0.035650,-0.050047,0.688156,-0.270005,0.083731,-0.031049,1661,2110,2231,2868,1881,1994
-0.035691,-0.051056,0.696870,-0.275307,0.085351,-0.024250,1657,2110,2230,2868,1881,1994
-0.035298,-0.051061,0.689639,-0.271180,0.084833,-0.030177,1649,2110,2230,2868,1881,1994
-0.035457,-0.052259,0.698482,-0.276467,0.086655,-0.023221,1643,2110,2236,2868,1881,1994
-0.037446,-0.053193,0.715273,-0.285190,0.088841,-0.008872,1637,2110,2241,2869,1881,1994
-0.041117,-0.053214,0.727316,-0.289682,0.089850,0.002846,1634,2110,2242,2873,1881,1994
-0.043788,-0.048568,0.695895,-0.268349,0.083115,-0.019859,1646,2109,2243,2877,1881,1994
-0.044100,-0.049537,0.700951,-0.271193,0.084448,-0.015769,1664,2108,2243,2877,1879,1994
-0.041404,-0.049720,0.683264,-0.262464,0.083284,-0.031344,1698,2108,2242,2877,1867,1994
-0.038245,-0.051385,0.683818,-0.265277,0.084861,-0.032976,1716,2109,2241,2868,1857,1994
-0.021790,-0.049984,0.673040,-0.271671,0.082074,-0.051422,1736,2126,2236,2859,1775,1994
-0.024145,-0.049385,0.675223,-0.271159,0.081720,-0.048214,1736,2129,2237,2865,1760,1994
-0.028240,-0.048266,0.687012,-0.275175,0.081591,-0.036346,1735,2134,2238,2866,1752,1994
-0.020728,-0.048496,0.685360,-0.280089,0.081415,-0.042266,1750,2137,2222,2856,1807,1994
-0.014591,-0.049385,0.686590,-0.285677,0.082151,-0.045129,1760,2134,2211,2855,1891,1994
-0.014053,-0.049913,0.674651,-0.278768,0.081818,-0.054889,1761,2133,2211,2855,1895,1994
-0.014007,-0.052145,0.685682,-0.285546,0.084816,-0.046419,1771,2133,2211,2855,1905,1994
-0.003255,-0.053176,0.627828,-0.258515,0.081366,-0.098584,1896,2124,2212,2865,1960,1994
-0.002740,-0.054762,0.628203,-0.259131,0.082953,-0.098730,1910,2124,2216,2865,2007,1994
-0.002061,-0.057909,0.661163,-0.279855,0.088379,-0.073475,1917,2124,2220,2862,2046,1994
-0.016413,-0.050703,0.701191,-0.293183,0.084561,-0.032635,1728,2137,2212,2854,1829,1994
-0.024759,-0.048908,0.700024,-0.285901,0.083010,-0.028297,1698,2136,2215,2856,1775,1994
-0.028186,-0.050666,0.687721,-0.275622,0.084031,-0.036012,1739,2125,2224,2861,1798,1994
-0.023803,-0.050634,0.699972,-0.286601,0.084690,-0.029061,1730,2129,2227,2857,1830,1994
-0.024397,-0.050093,0.700478,-0.286450,0.084210,-0.028256,1729,2131,2217,2856,1835,1994
-0.022206,-0.053662,0.713341,-0.296028,0.088587,-0.019765,1729,2131,2212,2855,1837,1994
-0.020274,-0.051100,0.675860,-0.274584,0.083325,-0.050221,1729,2131,2212,2855,1837,1994
-0.019522,-0.050668,0.672937,-0.273389,0.082661,-0.052946,1730,2133,2212,2855,1837,1994
-0.019703,-0.050505,0.675377,-0.274745,0.082676,-0.050903,1730,2134,2212,2855,1837,1994
-0.019607,-0.049909,0.674591,-0.274346,0.082024,-0.051534,1730,2135,2212,2855,1837,1994
-0.020937,-0.051251,0.700526,-0.289196,0.085234,-0.030429,1730,2135,2212,2855,1837,1994
-0.019521,-0.049558,0.672917,-0.273392,0.081552,-0.052874,1733,2132,2212,2855,1838,1994
-0.019607,-0.049909,0.674591,-0.274346,0.082024,-0.051534,1733,2128,2212,2855,1838,1994
-0.019647,-0.053304,0.686638,-0.281665,0.086255,-0.042304,1736,2122,2212,2856,1838,1994
-0.019604,-0.057541,0.685470,-0.280928,0.090396,-0.043583,1738,2123,2212,2856,1838,1994
-0.018581,-0.055790,0.661959,-0.267329,0.086959,-0.062561,1738,2126,2213,2856,1838,1994
-0.019039,-0.054879,0.674163,-0.274469,0.086926,-0.052611,1735,2134,2213,2856,1838,1994
-0.018962,-0.052311,0.672666,-0.273644,0.084258,-0.053632,1732,2136,2213,2855,1837,1994
-0.019571,-0.049976,0.672929,-0.273354,0.081972,-0.052868,1730,2136,2213,2855,1836,1994
-0.020707,-0.049477,0.674155,-0.273217,0.081605,-0.051168,1737,2125,2213,2857,1838,1994
-0.016388,-0.055648,0.650747,-0.262181,0.085945,-0.072710,1782,2117,2211,2857,1841,1994
-0.012956,-0.056256,0.660942,-0.271139,0.087135,-0.066844,1782,2120,2212,2856,1871,1994
-0.012044,-0.054643,0.651756,-0.266242,0.084847,-0.074498,1778,2126,2213,2856,1884,1994
-0.012043,-0.053561,0.651667,-0.266203,0.083763,-0.074483,1775,2128,2217,2856,1893,1994
-0.013661,-0.054137,0.652113,-0.265191,0.084430,-0.073187,1830,2115,2226,2866,1901,1994
-0.013016,-0.055105,0.650586,-0.264751,0.085263,-0.074860,1848,2115,2227,2866,1912,1994
-0.012516,-0.054464,0.639107,-0.258109,0.083799,-0.084142,1871,2115,2227,2867,1956,1994
-0.011585,-0.054487,0.649580,-0.265271,0.084521,-0.076479,1881,2115,2227,2867,1981,1994
-0.009383,-0.053241,0.628922,-0.254348,0.081743,-0.093975,1899,2115,2227,2867,2022,1994
-0.007787,-0.054888,0.638684,-0.261578,0.084009,-0.087406,1919,2115,2227,2867,2055,1994
-0.021036,-0.056673,0.650109,-0.258107,0.087101,-0.070445,1824,2054,2283,2868,1920,1994
-0.023800,-0.059302,0.661007,-0.262581,0.090594,-0.060390,1823,2042,2299,2868,1920,1994
-0.024137,-0.055703,0.609502,-0.230750,0.083401,-0.100402,1823,2030,2320,2868,1923,1994
-0.028506,-0.057774,0.630943,-0.240434,0.087140,-0.081028,1825,2020,2343,2867,1930,1994
-0.032808,-0.058809,0.650015,-0.248730,0.089677,-0.063476,1827,2010,2365,2866,1938,1994
-0.057534,-0.052232,0.631693,-0.218050,0.082787,-0.062217,1807,1908,2487,2807,1901,1994
-0.058012,-0.051074,0.627397,-0.215050,0.081349,-0.065211,1780,1908,2489,2793,1863,1994
-0.048526,-0.053165,0.637488,-0.228705,0.083777,-0.063252,1812,1920,2471,2739,1924,1994
-0.044468,-0.054638,0.626018,-0.224850,0.084283,-0.074875,1834,1919,2471,2756,1958,1994
-0.045678,-0.056407,0.638248,-0.231379,0.086952,-0.064655,1844,1919,2470,2767,1970,1994
-0.045026,-0.055640,0.626398,-0.224631,0.085329,-0.074313,1853,1916,2468,2779,1980,1994
-0.046334,-0.057140,0.617616,-0.218189,0.086259,-0.080537,1873,1888,2459,2816,1997,1994
-0.050904,-0.061053,0.608477,-0.208923,0.089692,-0.085233,1884,1874,2472,2836,2047,1994
-0.052718,-0.058862,0.608614,-0.207603,0.087588,-0.083841,1850,1874,2473,2836,2009,1994
-0.062286,-0.058727,0.640524,-0.219635,0.090064,-0.052874,1745,1876,2473,2834,1886,1994
-0.061670,-0.056234,0.621266,-0.208334,0.086203,-0.068199,1725,1881,2472,2834,1867,1994
-0.067335,-0.058446,0.652134,-0.222778,0.090794,-0.040629,1709,1890,2471,2834,1849,1994
-0.069665,-0.055885,0.647925,-0.218389,0.088036,-0.042309,1701,1907,2468,2834,1834,1994
-0.072284,-0.054849,0.673760,-0.232189,0.088919,-0.020306,1753,1912,2462,2834,1859,1994
-0.066454,-0.053412,0.640076,-0.216137,0.084896,-0.050253,1776,1912,2462,2834,1885,1994
-0.057338,-0.053134,0.618716,-0.210229,0.082767,-0.072613,1858,1912,2463,2834,1996,1994
-0.055988,-0.053616,0.621867,-0.213221,0.083417,-0.071000,1886,1911,2463,2834,2027,1994
-0.051476,-0.054704,0.627659,-0.220325,0.084734,-0.069296,1891,1911,2470,2835,2025,1994
-0.055173,-0.052938,0.616683,-0.210692,0.082345,-0.075523,1769,1912,2460,2834,1901,1994
-0.056320,-0.053135,0.618724,-0.211036,0.082729,-0.073231,1741,1912,2459,2834,1869,1994
-0.060319,-0.054844,0.638127,-0.219766,0.085949,-0.055657,1715,1912,2459,2834,1836,1994
-0.065931,-0.054471,0.644020,-0.218957,0.086208,-0.047555,1684,1912,2459,2834,1790,1994
-0.071600,-0.055200,0.651861,-0.219285,0.087703,-0.037974,1680,1912,2459,2834,1774,1994
-0.072672,-0.055199,0.651852,-0.218433,0.087743,-0.037324,1699,1911,2459,2834,1792,1994
-0.072263,-0.055557,0.653718,-0.219897,0.088215,-0.036136,1721,1911,2459,2834,1812,1994
-0.063974,-0.058098,0.663440,-0.232374,0.091111,-0.033770,1825,1910,2459,2834,1948,1994
-0.049713,-0.055181,0.608224,-0.209783,0.083776,-0.085698,1953,1912,2461,2834,2084,1994
-0.050496,-0.057454,0.629546,-0.222221,0.087570,-0.068630,1971,1912,2461,2834,2111,1994
-0.045590,-0.058073,0.616627,-0.218158,0.087091,-0.081844,1965,1912,2459,2834,2135,1994
-0.047176,-0.057989,0.627738,-0.223726,0.087848,-0.072128,1905,1909,2459,2834,2048,1994
-0.046659,-0.057122,0.617331,-0.217758,0.086233,-0.080561,1882,1908,2459,2834,2016,1994
-0.047090,-0.055910,0.601251,-0.207565,0.083912,-0.092846,1857,1906,2459,2834,1987,1994
-0.049231,-0.056705,0.608448,-0.210281,0.085293,-0.085937,1832,1905,2458,2834,1962,1994
-0.050395,-0.056534,0.608410,-0.209341,0.085165,-0.085241,1806,1905,2458,2834,1940,1994
-0.052528,-0.057102,0.615471,-0.211983,0.086308,-0.078426,1784,1905,2458,2834,1922,1994
-0.057485,-0.057410,0.629280,-0.216541,0.087777,-0.064554,1745,1905,2458,2834,1878,1994
-0.061667,-0.058914,0.651621,-0.226931,0.091006,-0.044542,1735,1905,2458,2834,1862,1994
-0.063333,-0.058292,0.650210,-0.224758,0.090351,-0.044582,1730,1905,2458,2834,1855,1994
-0.063844,-0.057124,0.640291,-0.218282,0.088510,-0.051976,1732,1905,2458,2834,1852,1994
-0.063844,-0.057124,0.640291,-0.218282,0.088510,-0.051976,1741,1904,2458,2834,1853,1994
-0.064384,-0.057693,0.644456,-0.220405,0.089391,-0.048415,1754,1904,2457,2834,1855,1994
-0.061743,-0.058185,0.640349,-0.219963,0.089490,-0.053302,1793,1903,2457,2834,1897,1994
-0.057753,-0.058496,0.629574,-0.216496,0.088890,-0.064244,1842,1903,2457,2834,1979,1994
-0.053168,-0.058223,0.618711,-0.213453,0.087678,-0.075575,1899,1903,2457,2834,2047,1994
-0.049854,-0.057587,0.609001,-0.210118,0.086234,-0.085190,1924,1903,2457,2834,2070,1994
-0.048463,-0.059291,0.618852,-0.217240,0.088571,-0.078430,1950,1903,2457,2834,2095,1994
-0.046014,-0.057796,0.598505,-0.206705,0.085558,-0.095813,1975,1903,2457,2834,2121,1994
-0.044606,-0.057617,0.589064,-0.202024,0.084662,-0.104087,1990,1904,2457,2834,2141,1994
-0.043651,-0.057472,0.587097,-0.201573,0.084342,-0.106207,1999,1905,2457,2834,2155,1994
-0.042058,-0.055884,0.571131,-0.193052,0.081577,-0.119613,2003,1906,2458,2834,2160,1994
-0.042058,-0.055884,0.571131,-0.193052,0.081577,-0.119613,2002,1906,2458,2834,2161,1994
-0.041567,-0.055856,0.570841,-0.193263,0.081509,-0.120139,1992,1906,2458,2834,2160,1994
-0.043190,-0.056049,0.587397,-0.202139,0.082927,-0.106141,1937,1905,2460,2834,2111,1994
-0.044064,-0.056138,0.588884,-0.202361,0.083154,-0.104443,1910,1904,2460,2834,2072,1994
-0.045389,-0.056850,0.598534,-0.207228,0.084592,-0.096098,1885,1904,2459,2834,2038,1994
-0.047126,-0.057415,0.606956,-0.211018,0.085814,-0.088456,1861,1904,2458,2834,2009,1994
-0.048189,-0.057335,0.608376,-0.211052,0.085876,-0.086682,1829,1904,2458,2834,1978,1994
-0.051126,-0.058217,0.618654,-0.215030,0.087590,-0.076869,1807,1904,2458,2834,1959,1994
-0.052969,-0.057774,0.619069,-0.213835,0.087248,-0.075379,1781,1904,2458,2834,1934,1994
-0.058161,-0.057951,0.638290,-0.221530,0.088975,-0.057097,1735,1904,2457,2834,1882,1994
-0.065967,-0.058789,0.649785,-0.222412,0.090918,-0.043342,1707,1904,2456,2833,1836,1994
-0.067313,-0.058841,0.652969,-0.223303,0.091246,-0.040017,1724,1904,2456,2833,1848,1994
-0.066544,-0.058290,0.650193,-0.222213,0.090472,-0.042628,1741,1904,2456,2833,1865,1994
-0.056982,-0.058191,0.626766,-0.215386,0.088359,-0.066901,1839,1904,2456,2833,1986,1994
-0.054646,-0.058498,0.629600,-0.218964,0.088774,-0.066128,1867,1904,2456,2833,2018,1994
-0.051020,-0.057535,0.616244,-0.213643,0.086736,-0.078776,1896,1905,2456,2833,2046,1994
-0.048571,-0.057007,0.608413,-0.210777,0.085565,-0.086392,1926,1905,2457,2833,2074,1994
-0.047013,-0.057422,0.606340,-0.210729,0.085774,-0.089010,1954,1908,2457,2833,2101,1994
-0.045505,-0.056794,0.598299,-0.206993,0.084525,-0.096208,1980,1910,2457,2833,2126,1994
-0.044064,-0.056138,0.588884,-0.202361,0.083154,-0.104443,1998,1912,2458,2833,2147,1994
-0.044604,-0.056884,0.606633,-0.212818,0.085165,-0.090213,2019,1913,2460,2834,2178,1994
-0.047576,-0.054415,0.601166,-0.207148,0.082435,-0.092496,1842,1910,2457,2834,2005,1994
-0.048839,-0.055565,0.608846,-0.210849,0.084169,-0.085774,1818,1909,2456,2833,1983,1994
-0.049962,-0.056711,0.618510,-0.215879,0.086034,-0.077577,1793,1908,2453,2833,1961,1994
-0.057983,-0.059367,0.650247,-0.228991,0.091219,-0.047915,1733,1911,2449,2833,1893,1994
-0.061174,-0.057667,0.644171,-0.222764,0.089221,-0.050604,1721,1911,2449,2834,1874,1994
-0.063333,-0.058292,0.650210,-0.224758,0.090351,-0.044582,1724,1911,2449,2834,1874,1994
-0.062788,-0.057122,0.640265,-0.219100,0.088465,-0.052644,1732,1911,2449,2834,1879,1994
-0.061193,-0.058292,0.650221,-0.226455,0.090270,-0.045884,1784,1911,2449,2834,1926,1994
-0.055751,-0.056917,0.629250,-0.217898,0.087216,-0.065601,1835,1911,2452,2834,1988,1994
-0.053316,-0.056291,0.621892,-0.215312,0.085981,-0.072829,1862,1911,2455,2834,2020,1994
-0.051308,-0.056023,0.618804,-0.215006,0.085420,-0.076467,1891,1911,2457,2834,2049,1994
-0.049706,-0.056101,0.617302,-0.215348,0.085331,-0.078635,1927,1912,2459,2834,2079,1994
-0.047576,-0.054415,0.601166,-0.207148,0.082435,-0.092496,1947,1912,2459,2834,2096,1994
-0.046351,-0.053866,0.598255,-0.206335,0.081636,-0.095493,1970,1912,2459,2834,2118,1994
-0.047063,-0.055991,0.616743,-0.217093,0.085080,-0.080686,1991,1912,2459,2834,2143,1994
-0.043927,-0.055675,0.600014,-0.209305,0.083469,-0.095737,2014,1913,2457,2834,2177,1994
-0.043605,-0.056885,0.606640,-0.213610,0.085128,-0.090819,2012,1913,2459,2834,2174,1994
-0.049198,-0.055593,0.617305,-0.215757,0.084805,-0.078904,1877,1913,2461,2837,2023,1994
-0.050228,-0.055192,0.618925,-0.215943,0.084559,-0.076968,1848,1913,2461,2835,1990,1994
-0.050853,-0.053984,0.607922,-0.208713,0.082606,-0.085141,1816,1912,2461,2835,1958,1994
-0.053146,-0.053955,0.616698,-0.212289,0.083282,-0.076834,1788,1912,2459,2835,1928,1994
-0.059841,-0.056755,0.651178,-0.228128,0.088752,-0.045838,1741,1912,2453,2834,1872,1994
-0.064711,-0.057332,0.651648,-0.224565,0.089549,-0.042531,1701,1912,2450,2834,1813,1994
-0.066825,-0.057659,0.653149,-0.223813,0.090061,-0.040081,1701,1912,2450,2834,1808,1994
-0.067912,-0.057375,0.652213,-0.222385,0.089755,-0.040128,1707,1911,2450,2834,1807,1994
-0.067613,-0.057217,0.650181,-0.221375,0.089443,-0.041898,1721,1909,2450,2834,1813,1994
-0.066288,-0.058915,0.651332,-0.223106,0.091165,-0.041938,1755,1906,2451,2834,1858,1994
-0.062799,-0.058187,0.640376,-0.219146,0.089535,-0.052634,1779,1905,2454,2834,1889,1994
-0.058733,-0.058108,0.633356,-0.218048,0.088807,-0.060639,1835,1905,2459,2834,1954,1994
-0.054860,-0.056052,0.610926,-0.207367,0.085032,-0.080488,1860,1905,2460,2834,1980,1994
-0.053986,-0.056155,0.617982,-0.212386,0.085597,-0.075483,1889,1906,2461,2834,2008,1994
-0.052258,-0.055729,0.608720,-0.208071,0.084455,-0.083791,1916,1907,2461,2836,2036,1994
-0.051248,-0.055719,0.608619,-0.208807,0.084400,-0.084489,1941,1908,2461,2836,2061,1994
-0.049166,-0.055037,0.598509,-0.204254,0.082930,-0.093661,1967,1910,2461,2835,2088,1994
-0.047531,-0.056144,0.618251,-0.217647,0.085357,-0.079225,1925,1912,2462,2835,2075,1994
-0.048597,-0.054880,0.606592,-0.209666,0.083319,-0.087641,1828,1912,2456,2835,1959,1994
-0.050237,-0.054705,0.608494,-0.209541,0.083341,-0.085127,1797,1912,2455,2834,1930,1994
-0.052264,-0.055191,0.618910,-0.214327,0.084635,-0.075732,1764,1912,2453,2834,1897,1994
-0.059525,-0.056326,0.641102,-0.222200,0.087605,-0.053922,1710,1912,2450,2834,1830,1994
-0.063565,-0.057626,0.652783,-0.226163,0.089876,-0.042363,1691,1912,2449,2834,1804,1994
-0.065786,-0.057334,0.651672,-0.223731,0.089594,-0.041854,1680,1912,2449,2834,1792,1994
-0.068399,-0.057364,0.652044,-0.221896,0.089750,-0.039962,1676,1912,2451,2834,1783,1994
-0.070131,-0.057068,0.653947,-0.221700,0.089656,-0.037381,1677,1912,2453,2834,1784,1994
-0.071608,-0.056280,0.651937,-0.219311,0.088786,-0.037994,1695,1910,2456,2834,1786,1994
-0.070597,-0.056054,0.653254,-0.220920,0.088614,-0.037560,1735,1909,2457,2834,1824,1994
-0.049198,-0.053833,0.600168,-0.205262,0.081847,-0.092242,1916,1912,2452,2834,2049,1994
-0.048063,-0.055493,0.607941,-0.210907,0.084004,-0.086955,1943,1912,2452,2834,2076,1994
-0.046170,-0.056314,0.608162,-0.212527,0.084764,-0.088007,1974,1912,2454,2834,2105,1994
-0.044156,-0.055079,0.587383,-0.201381,0.081997,-0.105483,1996,1912,2457,2834,2129,1994
-0.043189,-0.055080,0.587390,-0.202148,0.081960,-0.106070,2011,1912,2460,2834,2147,1994
-0.046600,-0.054882,0.606606,-0.211251,0.083244,-0.088854,1950,1913,2462,2835,2100,1994
-0.046641,-0.054158,0.598192,-0.206064,0.081933,-0.095388,1899,1913,2462,2835,2044,1994
-0.048010,-0.054424,0.606334,-0.209977,0.082823,-0.088167,1866,1912,2459,2835,2008,1994
-0.049123,-0.054410,0.606922,-0.209459,0.082894,-0.087022,1834,1912,2455,2835,1974,1994
-0.050201,-0.054337,0.608494,-0.209574,0.082973,-0.085119,1803,1912,2450,2835,1941,1994
-0.052645,-0.055659,0.618536,-0.213790,0.085090,-0.075830,1773,1910,2448,2834,1904,1994
-0.038643,-0.062755,0.606090,-0.217116,0.090750,-0.094756,1939,1914,2412,2843,2079,1994
-0.035698,-0.062001,0.588924,-0.208915,0.088679,-0.110000,2011,1915,2412,2844,2159,1994
-0.035080,-0.060650,0.571746,-0.198878,0.086102,-0.123781,2022,1915,2412,2844,2176,1994
-0.034325,-0.060712,0.569460,-0.198070,0.085974,-0.126046,2028,1916,2413,2844,2186,1994
-0.034131,-0.060576,0.570916,-0.199119,0.085933,-0.125009,2027,1922,2414,2844,2188,1994
-0.034576,-0.060062,0.570495,-0.198515,0.085409,-0.125028,2018,1931,2414,2845,2184,1994
-0.035977,-0.057878,0.579618,-0.203036,0.083926,-0.116821,1986,1958,2414,2845,2162,1994
-0.042522,-0.052117,0.627506,-0.227332,0.081800,-0.074697,1796,1980,2399,2835,1937,1994
-0.042733,-0.052167,0.628193,-0.227587,0.081905,-0.074032,1778,1980,2399,2835,1913,1994
-0.045643,-0.053439,0.649873,-0.238578,0.084809,-0.055301,1767,1980,2399,2835,1900,1994
-0.047900,-0.051571,0.636574,-0.228659,0.082100,-0.064228,1761,1980,2399,2835,1893,1994
-0.049921,-0.053437,0.649842,-0.235182,0.084969,-0.052703,1766,1980,2399,2837,1895,1994
-0.049823,-0.052889,0.642816,-0.230955,0.083925,-0.058245,1775,1980,2399,2838,1896,1994
-0.051224,-0.054733,0.662450,-0.241874,0.087197,-0.042093,1792,1980,2399,2838,1902,1994
-0.046881,-0.052792,0.638901,-0.230876,0.083441,-0.063119,1836,1980,2399,2838,1959,1994
-0.044400,-0.052040,0.625764,-0.224782,0.081673,-0.074910,1862,1980,2399,2838,1998,1994
-0.041483,-0.055817,0.662313,-0.249467,0.087892,-0.048254,1793,1981,2399,2835,1926,1994
-0.042175,-0.052228,0.629058,-0.228558,0.082006,-0.073698,1769,1981,2399,2835,1897,1994
-0.049492,-0.053710,0.663516,-0.243909,0.086185,-0.042234,1732,1981,2399,2835,1850,1994
-0.057351,-0.054337,0.674296,-0.244312,0.087870,-0.028992,1726,1980,2400,2839,1835,1994
-0.056548,-0.053181,0.652507,-0.231589,0.085156,-0.046528,1739,1980,2400,2840,1842,1994
-0.055839,-0.052932,0.650215,-0.230745,0.084720,-0.048745,1750,1980,2400,2840,1854,1994
-0.054445,-0.053501,0.650737,-0.232159,0.085271,-0.049234,1773,1980,2400,2839,1878,1994
-0.052322,-0.055969,0.673878,-0.248006,0.089274,-0.032531,1829,1980,2400,2839,1941,1994
-0.042522,-0.052117,0.627506,-0.227332,0.081800,-0.074697,1802,1980,2404,2835,1923,1994
-0.052166,-0.054111,0.661315,-0.240442,0.086533,-0.042359,1705,1980,2399,2834,1817,1994
-0.056349,-0.054643,0.675723,-0.245975,0.088237,-0.028508,1691,1980,2399,2834,1800,1994
-0.057133,-0.053705,0.663476,-0.237853,0.086472,-0.037585,1686,1980,2399,2834,1788,1994
-0.059547,-0.052582,0.662796,-0.235543,0.085398,-0.036552,1685,1980,2399,2834,1787,1994
-0.061058,-0.052987,0.663880,-0.235011,0.085936,-0.034805,1692,1980,2399,2834,1800,1994
-0.061058,-0.052987,0.663880,-0.235011,0.085936,-0.034805,1699,1980,2398,2834,1809,1994
-0.059683,-0.053094,0.662787,-0.235425,0.085913,-0.036516,1725,1980,2398,2833,1839,1994
-0.054429,-0.053047,0.651837,-0.232853,0.084894,-0.048343,1761,1980,2397,2833,1886,1994
-0.044650,-0.053028,0.639590,-0.233057,0.083639,-0.063962,1839,1982,2385,2833,1976,1994
-0.041927,-0.055085,0.650328,-0.241770,0.086338,-0.057349,1864,1982,2382,2833,2001,1994
-0.034456,-0.056298,0.628043,-0.233976,0.085694,-0.079546,1925,1981,2381,2834,2062,1994
-0.028394,-0.054887,0.598892,-0.220889,0.082006,-0.106074,1981,1986,2381,2834,2126,1994
-0.035888,-0.053780,0.616441,-0.225757,0.082424,-0.087594,1960,1983,2394,2843,2075,1994
-0.029650,-0.057532,0.607510,-0.225153,0.085296,-0.098736,1959,1978,2381,2843,2076,1994
-0.028686,-0.057028,0.587515,-0.213649,0.083352,-0.115011,1945,1973,2380,2843,2059,1994
-0.024790,-0.057452,0.586902,-0.216343,0.083582,-0.117913,2041,1982,2369,2835,2212,1994
-0.021646,-0.056858,0.579017,-0.213993,0.082315,-0.125993,1988,1983,2377,2835,2160,1994
-0.026449,-0.057226,0.597181,-0.221344,0.084143,-0.108795,1918,1970,2365,2844,2035,1994
-0.028627,-0.059898,0.606774,-0.225479,0.087564,-0.100129,1933,1981,2389,2840,2083,1994
-0.025785,-0.059937,0.587551,-0.215924,0.086143,-0.116990,2003,1985,2359,2844,2132,1994
-0.024476,-0.060865,0.599459,-0.224254,0.087854,-0.108501,2012,1985,2359,2844,2159,1994
-0.022973,-0.060072,0.596085,-0.223380,0.086769,-0.112013,2010,1985,2359,2844,2176,1994
-0.021166,-0.057802,0.568494,-0.207902,0.082498,-0.134638,2002,1987,2363,2844,2169,1994
-0.021653,-0.058785,0.579204,-0.214078,0.084249,-0.125995,1990,1991,2365,2844,2159,1994
-0.021523,-0.056946,0.569358,-0.208162,0.081720,-0.133672,1981,1992,2367,2844,2148,1994
-0.026061,-0.056539,0.595860,-0.220849,0.083351,-0.110018,1985,1988,2359,2844,2112,1994
-0.022585,-0.061451,0.588213,-0.218837,0.087575,-0.118549,2022,1986,2354,2844,2127,1994
-0.021859,-0.060148,0.571472,-0.209153,0.085073,-0.132057,2037,1987,2353,2844,2149,1994
-0.021412,-0.060011,0.569950,-0.208573,0.084812,-0.133517,2049,1989,2353,2844,2167,1994
-0.020515,-0.057785,0.553583,-0.199265,0.081409,-0.146761,2052,1989,2353,2844,2177,1994
-0.019934,-0.058418,0.561413,-0.204521,0.082567,-0.141009,2052,1989,2354,2844,2182,1994
-0.019934,-0.058418,0.561413,-0.204521,0.082567,-0.141009,2040,1990,2357,2844,2179,1994
-0.019912,-0.057709,0.554209,-0.200126,0.081354,-0.146632,2023,1990,2363,2843,2173,1994
-0.020912,-0.058246,0.571288,-0.209812,0.083127,-0.132631,2004,1993,2364,2843,2157,1994
-0.026747,-0.054716,0.597187,-0.221145,0.081653,-0.108410,1899,1994,2366,2844,2046,1994
-0.029801,-0.054563,0.608904,-0.225927,0.082442,-0.097313,1855,1994,2366,2844,1999,1994
-0.033265,-0.054609,0.620202,-0.230126,0.083414,-0.086309,1834,1994,2366,2844,1969,1994
-0.034094,-0.054041,0.617600,-0.227881,0.082697,-0.087802,1837,1993,2366,2844,1964,1994
-0.035239,-0.054997,0.627427,-0.232996,0.084384,-0.079449,1850,1993,2366,2844,1966,1994
-0.033938,-0.055204,0.619026,-0.228865,0.083951,-0.086869,1894,1993,2365,2841,2001,1994
-0.024487,-0.055250,0.589498,-0.218203,0.081558,-0.115883,2007,1994,2358,2836,2146,1994
-0.019381,-0.056721,0.577683,-0.214965,0.081998,-0.128419,2078,1994,2352,2836,2231,1994
-0.032139,-0.053384,0.609108,-0.224221,0.081370,-0.095626,1809,1994,2365,2844,1955,1994
-0.038262,-0.055908,0.638276,-0.237256,0.086171,-0.069137,1808,1994,2366,2844,1948,1994
-0.039312,-0.055907,0.638266,-0.236421,0.086210,-0.068501,1814,1994,2365,2844,1956,1994
-0.039447,-0.056713,0.650643,-0.243900,0.087888,-0.058750,1831,1993,2364,2844,1970,1994
-0.036864,-0.054741,0.627944,-0.232034,0.084228,-0.078027,1850,1993,2361,2844,1990,1994
-0.034173,-0.054154,0.606382,-0.220933,0.082025,-0.096585,1872,1993,2359,2844,2015,1994
-0.033724,-0.058209,0.640695,-0.242294,0.088460,-0.070197,1895,1994,2358,2842,2041,1994
-0.027804,-0.056587,0.609091,-0.227592,0.084395,-0.098549,1948,1994,2358,2838,2100,1994
-0.024739,-0.055648,0.596013,-0.221998,0.082422,-0.110637,1972,1994,2356,2837,2122,1994
-0.023191,-0.056276,0.597586,-0.224177,0.083099,-0.110398,1996,1994,2354,2837,2143,1994
-0.021202,-0.056569,0.589970,-0.221070,0.082779,-0.117629,2019,1994,2353,2837,2164,1994
-0.019981,-0.057034,0.587584,-0.220564,0.083028,-0.120290,2044,1994,2352,2836,2194,1994
-0.018626,-0.057297,0.578067,-0.215790,0.082570,-0.128625,2054,1995,2352,2836,2209,1994
-0.017473,-0.057102,0.568964,-0.211115,0.081692,-0.136474,2066,1995,2354,2836,2229,1994
-0.020610,-0.056231,0.589608,-0.221319,0.082394,-0.118249,2012,1995,2365,2836,2189,1994
-0.024820,-0.055944,0.607357,-0.228892,0.083517,-0.101690,1877,1995,2365,2836,2042,1994
-0.025610,-0.054396,0.598764,-0.223014,0.081400,-0.107841,1852,1995,2365,2836,2017,1994
-0.030292,-0.057889,0.651994,-0.251941,0.088802,-0.063389,1827,1995,2365,2836,1991,1994
-0.029797,-0.053553,0.608819,-0.225891,0.081428,-0.097302,1806,1995,2365,2836,1968,1994
-0.032745,-0.053951,0.615892,-0.227899,0.082435,-0.089965,1792,1994,2365,2837,1950,1994
-0.034994,-0.054779,0.628441,-0.233814,0.084229,-0.078784,1783,1994,2365,2836,1938,1994
-0.039164,-0.054908,0.639481,-0.237296,0.085293,-0.067558,1781,1994,2365,2836,1936,1994
-0.039362,-0.054047,0.639184,-0.236968,0.084422,-0.067602,1788,1994,2365,2836,1936,1994
-0.039786,-0.055086,0.650345,-0.243471,0.086258,-0.058647,1801,1994,2364,2836,1938,1994
-0.040326,-0.058214,0.674190,-0.257638,0.091072,-0.039812,1818,1994,2361,2836,1948,1994
-0.035656,-0.058424,0.651940,-0.247668,0.089538,-0.060187,1857,1994,2359,2836,2005,1994
-0.032558,-0.056874,0.631160,-0.237380,0.086414,-0.078304,1878,1994,2360,2836,2039,1994
-0.030184,-0.056107,0.619795,-0.232289,0.084760,-0.088635,1904,1995,2361,2836,2073,1994
-0.027424,-0.058514,0.647507,-0.251444,0.089000,-0.068724,1956,1995,2363,2836,2128,1994
-0.020736,-0.056779,0.597699,-0.226179,0.083513,-0.111853,2031,1995,2362,2835,2202,1994
-0.021452,-0.056719,0.604772,-0.229954,0.083978,-0.105848,1971,1995,2365,2840,2157,1994
-0.027726,-0.058672,0.640128,-0.246675,0.088651,-0.074354,1874,1995,2365,2843,2033,1994
-0.027907,-0.054227,0.599017,-0.221359,0.081339,-0.106222,1845,1995,2365,2843,2008,1994
-0.031220,-0.055625,0.620128,-0.231682,0.084343,-0.087701,1819,1995,2365,2841,1985,1994
-0.032426,-0.054386,0.615878,-0.228137,0.082856,-0.090206,1794,1995,2365,2837,1959,1994
-0.036928,-0.055479,0.639497,-0.239065,0.085778,-0.068960,1756,1995,2361,2835,1915,1994
-0.039786,-0.056159,0.650353,-0.243462,0.087328,-0.058726,1742,1995,2360,2835,1898,1994
-0.041573,-0.056296,0.652168,-0.243163,0.087661,-0.056215,1732,1994,2359,2835,1888,1994
-0.044477,-0.056729,0.651215,-0.240280,0.088137,-0.055219,1748,1994,2353,2835,1891,1994
-0.042961,-0.057028,0.648753,-0.239962,0.088204,-0.058108,1763,1994,2353,2835,1905,1994
-0.041019,-0.058422,0.651907,-0.243413,0.089740,-0.056927,1784,1994,2352,2835,1932,1994
-0.036903,-0.059295,0.649973,-0.245465,0.090317,-0.061039,1830,1994,2352,2835,1992,1994
-0.034839,-0.059963,0.651392,-0.247956,0.091002,-0.061241,1855,1994,2352,2835,2020,1994
-0.031058,-0.058419,0.629022,-0.237232,0.087746,-0.081026,1883,1994,2352,2835,2045,1994
-0.024833,-0.057558,0.608654,-0.229657,0.085217,-0.100789,1934,1994,2352,2835,2090,1994
-0.023632,-0.057900,0.606806,-0.229467,0.085382,-0.103006,1961,1994,2352,2835,2115,1994
-0.021860,-0.057084,0.595613,-0.224007,0.083715,-0.112829,1988,1994,2352,2835,2140,1994
-0.020839,-0.056605,0.588674,-0.220560,0.082710,-0.118874,2014,1994,2352,2835,2166,1994
-0.019458,-0.056153,0.576827,-0.214386,0.081374,-0.129000,2041,1994,2352,2835,2193,1994
-0.018772,-0.058760,0.597807,-0.227770,0.085420,-0.113127,2057,1994,2352,2835,2209,1994
-0.022213,-0.056505,0.587746,-0.218907,0.082598,-0.118753,2033,1995,2365,2843,2191,1994
-0.028828,-0.054527,0.608418,-0.226397,0.082334,-0.098288,1815,1995,2361,2835,1969,1994
-0.031208,-0.054430,0.615551,-0.228897,0.082829,-0.091213,1790,1995,2361,2835,1942,1994
-0.034808,-0.057261,0.650746,-0.247619,0.088263,-0.061554,1768,1995,2360,2835,1917,1994
-0.042144,-0.056203,0.650932,-0.241956,0.087503,-0.056830,1719,1995,2360,2835,1854,1994
-0.044527,-0.056800,0.654319,-0.242146,0.088429,-0.052754,1711,1995,2359,2835,1844,1994
-0.046374,-0.055721,0.651742,-0.239119,0.087243,-0.053564,1706,1995,2358,2835,1837,1994
-0.049227,-0.057819,0.676244,-0.251877,0.091166,-0.032713,1706,1995,2357,2835,1836,1994
-0.048424,-0.056740,0.662938,-0.244359,0.089124,-0.043583,1709,1994,2357,2835,1839,1994
-0.048219,-0.056905,0.662701,-0.244373,0.089264,-0.043908,1720,1994,2357,2835,1839,1994
-0.046380,-0.056803,0.651828,-0.239154,0.088327,-0.053578,1747,1993,2363,2835,1841,1994
-0.045307,-0.056803,0.651834,-0.240004,0.088287,-0.054230,1764,1993,2364,2837,1842,1994
-0.044793,-0.056702,0.650498,-0.239592,0.088072,-0.055588,1784,1993,2364,2840,1857,1994
-0.037063,-0.055344,0.629109,-0.232584,0.084918,-0.077036,1878,1994,2365,2841,1977,1994
-0.031901,-0.055206,0.619037,-0.230480,0.083874,-0.088109,1927,1994,2365,2838,2024,1994
-0.029328,-0.054461,0.607562,-0.225478,0.082227,-0.098650,1953,1994,2365,2837,2044,1994
-0.027580,-0.054394,0.598748,-0.221449,0.081474,-0.106647,1976,1994,2365,2837,2065,1994
-0.025893,-0.054999,0.596560,-0.221431,0.081858,-0.109448,1995,1994,2364,2836,2085,1994
-0.024631,-0.056898,0.606793,-0.228683,0.084421,-0.102325,2032,1995,2365,2843,2135,1994
-0.028142,-0.054424,0.607087,-0.226123,0.082111,-0.099747,1865,1995,2365,2837,1964,1994
-0.035111,-0.055910,0.638306,-0.239762,0.086054,-0.071045,1781,1995,2365,2835,1902,1994
-0.038017,-0.057392,0.661444,-0.251650,0.089268,-0.051185,1767,1995,2364,2835,1892,1994
-0.040856,-0.055085,0.650337,-0.242621,0.086298,-0.057998,1723,1995,2358,2834,1846,1994
-0.043472,-0.056142,0.662331,-0.247903,0.088295,-0.047047,1708,1995,2357,2834,1825,1994
-0.044611,-0.054319,0.642288,-0.234726,0.085113,-0.061967,1693,1995,2355,2834,1801,1994
-0.051452,-0.057818,0.676229,-0.250112,0.091249,-0.031361,1676,1994,2357,2834,1772,1994
-0.052914,-0.057676,0.674349,-0.247806,0.091031,-0.031933,1676,1994,2359,2834,1772,1994
-0.053863,-0.057038,0.666549,-0.242278,0.089884,-0.037435,1677,1994,2360,2834,1772,1994
-0.055134,-0.057675,0.674334,-0.246044,0.091115,-0.030584,1683,1994,2362,2834,1780,1994
-0.055134,-0.057675,0.674334,-0.246044,0.091115,-0.030584,1703,1994,2364,2834,1796,1994
-0.052774,-0.056114,0.659991,-0.239124,0.088460,-0.043187,1721,1994,2365,2834,1819,1994
-0.046932,-0.055212,0.652048,-0.238873,0.086778,-0.052940,1783,1994,2365,2835,1904,1994
-0.041805,-0.056662,0.660034,-0.247803,0.088587,-0.049916,1834,1994,2365,2837,1957,1994
-0.038716,-0.056160,0.650362,-0.244312,0.087288,-0.059375,1863,1994,2365,2838,1988,1994
-0.032240,-0.054603,0.620130,-0.230890,0.083364,-0.086993,1917,1994,2365,2840,2054,1994
-0.027819,-0.054943,0.607364,-0.226541,0.082635,-0.099768,1968,1994,2365,2839,2109,1994
-0.025630,-0.056897,0.606785,-0.227889,0.084458,-0.101719,2014,1995,2367,2844,2153,1994
-0.032871,-0.055364,0.629372,-0.236054,0.084796,-0.079399,1834,1995,2367,2844,1955,1994
-0.037008,-0.054318,0.629257,-0.232731,0.083904,-0.076872,1778,1995,2367,2844,1901,1994
-0.039123,-0.053256,0.628940,-0.230881,0.082905,-0.075742,1755,1995,2367,2844,1874,1994
-0.046358,-0.054632,0.651519,-0.239008,0.086141,-0.053662,1717,1995,2367,2844,1824,1994
-0.049072,-0.054130,0.651952,-0.237139,0.085775,-0.051619,1704,1995,2368,2844,1809,1994
-0.053431,-0.055969,0.673871,-0.247125,0.089316,-0.031857,1695,1994,2371,2845,1803,1994
-0.056681,-0.053973,0.659512,-0.235773,0.086443,-0.041000,1695,1990,2392,2845,1803,1994
-0.058805,-0.051087,0.650060,-0.228332,0.082984,-0.046904,1710,1984,2417,2837,1813,1994
-0.064204,-0.052676,0.685191,-0.245611,0.087244,-0.016095,1720,1984,2423,2836,1832,1994
-0.079627,-0.048098,0.696417,-0.240383,0.084064,0.002545,1587,1985,2425,2825,1677,1994
-0.078559,-0.047134,0.674782,-0.227960,0.081542,-0.015048,1574,1985,2424,2812,1661,1994
-0.081801,-0.047656,0.686101,-0.232342,0.082982,-0.004202,1566,1985,2425,2799,1651,1994
-0.081796,-0.043610,0.727121,-0.257571,0.081830,0.028373,1519,1995,2424,2739,1618,1994
-0.091045,-0.044827,0.727909,-0.250738,0.083455,0.034563,1481,1995,2424,2739,1580,1994
-0.088646,-0.044826,0.727889,-0.252619,0.083360,0.033078,1560,1995,2434,2740,1696,1994
-0.081843,-0.044832,0.727549,-0.257781,0.083081,0.028642,1535,1993,2437,2752,1704,1994
-0.096833,-0.045199,0.713638,-0.237406,0.083046,0.026857,1479,1989,2426,2751,1614,1994
-0.098679,-0.046723,0.729085,-0.245409,0.085721,0.040015,1481,1988,2426,2751,1615,1994
-0.096625,-0.046030,0.714051,-0.237813,0.083895,0.026989,1483,1985,2426,2752,1624,1994
-0.097209,-0.047227,0.727442,-0.245555,0.086052,0.037783,1494,1984,2426,2752,1637,1994
-0.093695,-0.047039,0.705730,-0.235006,0.084204,0.018570,1506,1983,2426,2753,1653,1994
-0.095201,-0.049621,0.727892,-0.247386,0.088392,0.036717,1516,1983,2427,2753,1671,1994
-0.090261,-0.049647,0.727820,-0.251241,0.088223,0.033631,1542,1983,2435,2767,1730,1994
-0.084037,-0.046031,0.687675,-0.231563,0.081559,-0.001465,1548,1983,2433,2776,1741,1994
-0.084328,-0.047758,0.700060,-0.238912,0.084161,0.008316,1553,1983,2423,2796,1756,1994
-0.084181,-0.048810,0.703837,-0.241333,0.085470,0.011113,1556,1982,2422,2803,1757,1994
-0.083177,-0.050067,0.700078,-0.239802,0.086420,0.007443,1556,1980,2422,2807,1756,1994
-0.081051,-0.050104,0.680651,-0.229558,0.085010,-0.009141,1558,1975,2422,2808,1756,1994
-0.083693,-0.051761,0.699570,-0.239061,0.088092,0.007224,1560,1967,2421,2808,1757,1994
-0.080488,-0.053679,0.686684,-0.233659,0.088975,-0.005024,1582,1943,2418,2808,1758,1994
-0.116021,-0.050825,0.714970,-0.223005,0.089487,0.039215,1396,1966,2414,2797,1617,1994
-0.075660,-0.050761,0.642130,-0.210164,0.082752,-0.042788,1642,1956,2428,2810,1819,1994
-0.071127,-0.052495,0.672753,-0.232514,0.086457,-0.021620,1677,1956,2428,2810,1851,1994
-0.068107,-0.053328,0.675790,-0.236752,0.087384,-0.021148,1683,1956,2428,2810,1850,1994
-0.065554,-0.053133,0.667132,-0.233456,0.086483,-0.029505,1682,1956,2428,2810,1850,1994
-0.063921,-0.052590,0.662899,-0.232155,0.085581,-0.033792,1669,1957,2428,2810,1848,1994
-0.068932,-0.049209,0.649684,-0.220131,0.081476,-0.040846,1581,1963,2428,2807,1706,1994
-0.092631,-0.052459,0.712941,-0.240203,0.090072,0.023161,1496,1963,2427,2800,1608,1994
-0.093125,-0.050182,0.693389,-0.227843,0.086448,0.008267,1485,1963,2427,2801,1600,1994
-0.099675,-0.051284,0.712939,-0.234656,0.089172,0.027567,1481,1963,2427,2805,1598,1994
-0.101302,-0.050676,0.700683,-0.225858,0.087767,0.018974,1487,1960,2427,2806,1607,1994
-0.103197,-0.052459,0.712939,-0.231861,0.090479,0.029632,1504,1960,2427,2806,1612,1994
-0.100185,-0.051905,0.706406,-0.230236,0.089351,0.022693,1525,1961,2427,2806,1631,1994
-0.085876,-0.053687,0.713816,-0.246056,0.091097,0.019613,1611,1957,2429,2810,1754,1994
-0.078413,-0.053313,0.686116,-0.234953,0.088491,-0.006713,1623,1957,2429,2810,1762,1994
-0.075106,-0.052106,0.674192,-0.230261,0.086323,-0.018020,1612,1957,2429,2810,1753,1994
-0.078236,-0.054141,0.700649,-0.244002,0.090330,0.004542,1598,1957,2429,2810,1752,1994
-0.079542,-0.052182,0.686112,-0.234073,0.087407,-0.005935,1565,1959,2429,2810,1715,1994
-0.082390,-0.049477,0.664173,-0.218396,0.083279,-0.021228,1523,1960,2429,2810,1638,1994
-0.110405,-0.051037,0.701014,-0.218870,0.088501,0.024782,1408,1958,2444,2801,1511,1994
-0.135520,-0.048160,0.698234,-0.197374,0.086406,0.038211,1440,1855,2566,2799,1565,1994
-0.133705,-0.048200,0.697999,-0.198661,0.086359,0.036910,1455,1845,2569,2799,1572,1994
-0.129717,-0.046915,0.684302,-0.193420,0.083962,0.023798,1470,1835,2571,2800,1580,1994
-0.127698,-0.047028,0.682486,-0.193898,0.083869,0.021123,1486,1827,2572,2804,1591,1994
-0.124723,-0.050890,0.684743,-0.197583,0.087763,0.020770,1518,1812,2574,2807,1619,1994
-0.117274,-0.052098,0.674081,-0.196905,0.087931,0.007727,1535,1812,2574,2804,1654,1994
-0.119639,-0.053832,0.696343,-0.208677,0.091315,0.026545,1531,1816,2574,2800,1655,1994
-0.113099,-0.050436,0.663431,-0.193685,0.085366,-0.003075,1522,1817,2574,2799,1654,1994
-0.121206,-0.051216,0.699997,-0.209716,0.089024,0.030586,1478,1819,2572,2797,1609,1994
-0.133897,-0.048899,0.688090,-0.192420,0.086367,0.029181,1402,1820,2575,2763,1505,1994
-0.133507,-0.047098,0.683469,-0.189915,0.084232,0.025450,1406,1820,2575,2761,1509,1994
-0.132135,-0.046966,0.684160,-0.191424,0.084096,0.025163,1420,1820,2575,2761,1516,1994
-0.134328,-0.048349,0.700687,-0.199818,0.086720,0.039394,1438,1820,2576,2762,1524,1994
-0.129260,-0.047508,0.683834,-0.193486,0.084503,0.023102,1455,1820,2576,2765,1544,1994
-0.122971,-0.047906,0.684423,-0.198808,0.084698,0.019681,1515,1820,2583,2771,1638,1994
-0.120224,-0.048229,0.686811,-0.202438,0.085082,0.019850,1539,1819,2594,2771,1667,1994
-0.114997,-0.046229,0.670472,-0.196562,0.081741,0.003958,1558,1819,2605,2770,1689,1994
-0.141106,-0.047781,0.688162,-0.186788,0.085535,0.033741,1362,1819,2574,2759,1431,1994
-0.143571,-0.049446,0.699446,-0.191746,0.088083,0.043994,1365,1819,2575,2759,1436,1994
-0.141125,-0.048921,0.688255,-0.186815,0.086679,0.033737,1368,1819,2578,2759,1445,1994
-0.147454,-0.050540,0.724165,-0.203837,0.091059,0.065725,1381,1819,2583,2759,1462,1994
-0.141261,-0.048354,0.700738,-0.194376,0.086995,0.043680,1416,1819,2585,2763,1513,1994
-0.134016,-0.046854,0.686144,-0.191158,0.084197,0.027885,1459,1819,2586,2770,1567,1994
-0.128209,-0.047755,0.687964,-0.196847,0.084999,0.025687,1504,1819,2588,2772,1620,1994
-0.128343,-0.049197,0.709137,-0.209717,0.087929,0.042306,1529,1819,2588,2772,1651,1994
-0.118886,-0.046590,0.675220,-0.196401,0.082583,0.010046,1552,1819,2590,2772,1683,1994
-0.114260,-0.047365,0.682825,-0.204711,0.083712,0.013130,1589,1818,2602,2772,1732,1994
-0.138525,-0.046480,0.698903,-0.195433,0.084894,0.040710,1395,1819,2596,2758,1496,1994
-0.137068,-0.046110,0.687412,-0.189537,0.083662,0.030810,1400,1819,2596,2758,1501,1994
-0.135509,-0.047140,0.699447,-0.198140,0.085473,0.039238,1461,1819,2590,2761,1571,1994
-0.123115,-0.048234,0.698608,-0.207395,0.086028,0.030898,1557,1818,2600,2769,1696,1994
-0.117389,-0.046800,0.682788,-0.202225,0.083267,0.015063,1591,1818,2602,2770,1737,1994
-0.111327,-0.046832,0.694566,-0.214238,0.083892,0.020609,1654,1818,2603,2771,1800,1994
-0.096868,-0.048212,0.663120,-0.206336,0.082502,-0.013087,1579,1818,2589,2760,1687,1994
-0.102175,-0.049316,0.680953,-0.213077,0.085059,0.004101,1553,1818,2586,2759,1661,1994
-0.107880,-0.049624,0.681792,-0.209084,0.085645,0.008231,1517,1818,2571,2759,1612,1994
-0.113302,-0.051115,0.699091,-0.215402,0.088556,0.025039,1506,1818,2564,2760,1597,1994
-0.112929,-0.051571,0.686188,-0.207772,0.088089,0.014627,1502,1818,2561,2762,1590,1994
-0.111654,-0.052707,0.675192,-0.202016,0.088400,0.005109,1514,1818,2570,2766,1591,1994
-0.113323,-0.052928,0.682019,-0.204884,0.089164,0.011483,1531,1818,2573,2769,1601,1994
-0.110490,-0.049344,0.674872,-0.202781,0.084981,0.004410,1592,1818,2583,2771,1693,1994
-0.109620,-0.050580,0.687886,-0.211439,0.087093,0.014014,1617,1818,2587,2771,1726,1994
-0.105539,-0.049351,0.674947,-0.206735,0.084802,0.001435,1638,1818,2590,2771,1752,1994
-0.103328,-0.048816,0.675258,-0.208678,0.084205,0.000368,1663,1818,2595,2771,1781,1994
-0.110790,-0.046196,0.682216,-0.207092,0.082371,0.010618,1551,1818,2591,2779,1672,1994
-0.110548,-0.047319,0.670269,-0.199936,0.082641,0.000987,1512,1822,2562,2779,1626,1994
-0.112488,-0.049674,0.682516,-0.205890,0.085924,0.011620,1501,1829,2554,2779,1616,1994
-0.112500,-0.050804,0.682583,-0.205907,0.087055,0.011590,1493,1841,2548,2779,1609,1994
-0.114063,-0.051573,0.686218,-0.206894,0.088137,0.015345,1486,1855,2541,2779,1607,1994
-0.112841,-0.050284,0.683223,-0.206038,0.086595,0.012343,1479,1874,2532,2779,1608,1994
-0.112652,-0.049262,0.680223,-0.204359,0.085358,0.009950,1472,1891,2522,2779,1608,1994
-0.115443,-0.048908,0.699997,-0.214296,0.086501,0.027237,1465,1912,2508,2779,1608,1994
-0.111464,-0.045871,0.679811,-0.205087,0.081904,0.009165,1460,1929,2493,2779,1607,1994
-0.115863,-0.046670,0.722624,-0.227879,0.085877,0.045466,1449,1958,2462,2779,1606,1994
-0.111225,-0.044901,0.714404,-0.226518,0.083357,0.036300,1446,1983,2437,2779,1575,1994
-0.109968,-0.044951,0.719338,-0.230538,0.083705,0.039406,1444,1994,2427,2779,1551,1994
-0.112728,-0.044359,0.749434,-0.246837,0.085336,0.064811,1433,2013,2408,2779,1532,1994
-0.112244,-0.044511,0.746293,-0.245290,0.085247,0.062033,1435,2013,2409,2779,1533,1994
-0.110121,-0.043042,0.733819,-0.239329,0.082826,0.051039,1476,2008,2422,2791,1603,1994
-0.103976,-0.044205,0.733079,-0.243711,0.083696,0.046600,1521,2002,2430,2793,1638,1994
-0.098941,-0.043580,0.711885,-0.234686,0.081390,0.026898,1538,2001,2438,2793,1640,1994
-0.088739,-0.049220,0.650937,-0.205264,0.082338,-0.027728,1793,1803,2602,2792,1900,1994
-0.095541,-0.055483,0.639855,-0.193013,0.088064,-0.032771,1651,1809,2557,2851,1793,1994
-0.097573,-0.053992,0.650055,-0.197688,0.087373,-0.023387,1620,1809,2565,2815,1761,1994
-0.097572,-0.052920,0.650050,-0.197699,0.086304,-0.023306,1613,1809,2566,2807,1749,1994
-0.099093,-0.052696,0.657025,-0.200782,0.086629,-0.016872,1613,1809,2566,2806,1746,1994
-0.099711,-0.052629,0.657349,-0.200494,0.086609,-0.016233,1617,1809,2566,2810,1745,1994
-0.101919,-0.053826,0.674990,-0.209562,0.089126,-0.001102,1628,1809,2566,2812,1752,1994
-0.098756,-0.052830,0.654906,-0.199746,0.086601,-0.018755,1648,1809,2566,2814,1766,1994
-0.097572,-0.052920,0.650050,-0.197699,0.086304,-0.023306,1669,1809,2566,2815,1788,1994
-0.097504,-0.053688,0.657066,-0.202049,0.087559,-0.017892,1689,1809,2566,2815,1821,1994
-0.092830,-0.052377,0.640385,-0.195518,0.084901,-0.033769,1715,1809,2566,2816,1861,1994
-0.088326,-0.054336,0.653518,-0.207108,0.087603,-0.026356,1748,1809,2566,2816,1916,1994
-0.086973,-0.054727,0.655336,-0.209288,0.088068,-0.025785,1748,1809,2567,2816,1912,1994
-0.082876,-0.051747,0.623933,-0.193288,0.082734,-0.052755,1731,1809,2568,2816,1897,1994
-0.088432,-0.053013,0.644384,-0.201436,0.085646,-0.033369,1673,1809,2568,2816,1828,1994
-0.091775,-0.052376,0.640373,-0.196344,0.084859,-0.034425,1614,1809,2568,2816,1750,1994
-0.108340,-0.052728,0.658526,-0.194403,0.087123,-0.010029,1536,1809,2567,2815,1641,1994
-0.113133,-0.052637,0.663626,-0.193750,0.087575,-0.003075,1543,1809,2567,2815,1638,1994
-0.099711,-0.052629,0.657349,-0.200494,0.086609,-0.016233,1670,1809,2567,2815,1790,1994
-0.096952,-0.053605,0.661934,-0.205473,0.087797,-0.014395,1666,1809,2570,2815,1802,1994
-0.093842,-0.052007,0.645118,-0.197629,0.084904,-0.029398,1648,1809,2576,2815,1790,1994
-0.094402,-0.051029,0.639263,-0.193606,0.083539,-0.033582,1625,1809,2582,2815,1770,1994
-0.121073,-0.049285,0.673603,-0.193648,0.085240,0.009900,1494,1809,2588,2805,1587,1994
-0.120717,-0.048239,0.663299,-0.187619,0.083460,0.001662,1500,1809,2586,2805,1589,1994
-0.122654,-0.049181,0.672080,-0.191466,0.085090,0.009680,1514,1808,2584,2805,1598,1994
-0.121785,-0.049615,0.671389,-0.191723,0.085441,0.008570,1535,1808,2584,2805,1614,1994
-0.120264,-0.050479,0.674877,-0.195054,0.086489,0.010313,1572,1808,2584,2805,1649,1994
-0.086578,-0.049578,0.638048,-0.199055,0.081706,-0.039216,1798,1808,2591,2814,1918,1994
-0.085941,-0.049518,0.637937,-0.199491,0.081614,-0.039689,1784,1808,2591,2814,1914,1994
-0.096972,-0.049136,0.649619,-0.197956,0.082479,-0.023713,1617,1808,2591,2806,1729,1994
-0.101562,-0.049680,0.661016,-0.201320,0.083998,-0.011982,1576,1808,2589,2805,1677,1994
-0.130304,-0.052402,0.700759,-0.202987,0.090610,0.036665,1444,1808,2586,2805,1526,1994
-0.133767,-0.052403,0.700763,-0.200256,0.090745,0.038789,1439,1808,2588,2805,1522,1994
-0.136129,-0.051842,0.701042,-0.198570,0.090297,0.040500,1438,1808,2589,2804,1524,1994
-0.132761,-0.049367,0.675107,-0.185343,0.085878,0.018237,1442,1808,2587,2804,1525,1994
-0.130588,-0.048762,0.674050,-0.186418,0.085117,0.016123,1481,1808,2583,2804,1557,1994
-0.115308,-0.050117,0.658826,-0.189120,0.084809,-0.005318,1589,1807,2581,2805,1683,1994
-0.109519,-0.051773,0.670730,-0.200975,0.087073,0.000366,1645,1808,2586,2805,1754,1994
-0.097451,-0.049108,0.649247,-0.197350,0.082443,-0.023711,1689,1808,2591,2806,1822,1994
-0.093816,-0.048805,0.644953,-0.197589,0.081700,-0.029291,1694,1808,2591,2806,1827,1994
-0.096658,-0.049212,0.650771,-0.198911,0.082624,-0.023006,1689,1808,2591,2808,1833,1994
-0.097071,-0.049020,0.654465,-0.200854,0.082707,-0.019834,1689,1809,2592,2812,1834,1994
-0.095986,-0.048828,0.645270,-0.196070,0.081828,-0.027713,1689,1809,2592,2812,1834,1994
-0.095986,-0.048828,0.645270,-0.196070,0.081828,-0.027713,1689,1809,2592,2813,1830,1994
-0.095327,-0.049205,0.650977,-0.200088,0.082579,-0.023659,1699,1809,2593,2808,1833,1994
-0.098184,-0.048337,0.656706,-0.201360,0.082227,-0.017335,1699,1809,2593,2813,1829,1994
-0.097474,-0.049341,0.656848,-0.201994,0.083210,-0.017737,1699,1809,2593,2813,1829,1994
-0.098300,-0.048591,0.661016,-0.203910,0.082788,-0.013895,1695,1809,2593,2813,1830,1994
-0.101000,-0.050678,0.680803,-0.213895,0.086361,0.003155,1697,1809,2593,2811,1832,1994
-0.099888,-0.050416,0.680643,-0.214678,0.086046,0.002369,1692,1809,2593,2813,1833,1994
-0.097459,-0.048127,0.650903,-0.198373,0.081581,-0.022326,1692,1809,2593,2814,1833,1994
-0.098410,-0.048844,0.657367,-0.201580,0.082787,-0.016717,1698,1809,2593,2814,1829,1994
-0.098301,-0.049681,0.661026,-0.203901,0.083874,-0.013972,1695,1809,2593,2814,1830,1994
-0.097898,-0.048311,0.656302,-0.201338,0.082161,-0.017826,1694,1809,2593,2813,1832,1994
-0.097934,-0.048760,0.656295,-0.201299,0.082610,-0.017844,1692,1809,2593,2809,1833,1994
-0.096362,-0.048242,0.656627,-0.202751,0.082056,-0.018506,1694,1809,2593,2806,1833,1994
-0.096400,-0.049206,0.650988,-0.199247,0.082622,-0.022993,1696,1808,2593,2814,1834,1994
-0.097890,-0.050293,0.661918,-0.204765,0.084531,-0.013571,1690,1805,2597,2814,1835,1994
-0.132308,-0.049861,0.606409,-0.143534,0.081527,-0.036103,1730,1506,2754,2913,1958,1994
-0.134390,-0.053077,0.618064,-0.149002,0.085632,-0.025917,1730,1506,2742,2926,1957,1994
-0.131750,-0.054583,0.607119,-0.144350,0.086262,-0.036260,1730,1506,2733,2937,1957,1994
-0.132228,-0.056925,0.607658,-0.144274,0.088653,-0.035729,1730,1506,2724,2945,1957,1994
-0.131965,-0.059305,0.608039,-0.144684,0.091042,-0.035779,1730,1506,2718,2951,1957,1994
-0.128065,-0.059405,0.591395,-0.137547,0.089822,-0.051265,1730,1506,2715,2954,1957,1994
-0.124677,-0.061025,0.580479,-0.133502,0.090540,-0.062052,1747,1507,2710,2952,1957,1994
-0.130620,-0.057795,0.601462,-0.141729,0.089023,-0.041655,1713,1514,2721,2945,1956,1994
-0.131266,-0.058790,0.609246,-0.145984,0.090586,-0.035217,1706,1514,2715,2945,1956,1994
-0.130875,-0.059496,0.608342,-0.145729,0.091212,-0.036224,1708,1513,2711,2945,1956,1994
-0.122543,-0.060401,0.582483,-0.136425,0.089976,-0.061735,1817,1513,2713,2945,1963,1994
-0.123766,-0.060497,0.588840,-0.139359,0.090566,-0.055994,1847,1513,2712,2945,1965,1994
-0.121789,-0.061295,0.580199,-0.135606,0.090678,-0.064064,1887,1513,2711,2945,1988,1994
-0.121789,-0.061295,0.580199,-0.135606,0.090678,-0.064064,1886,1513,2713,2945,2011,1994
-0.120105,-0.060102,0.571203,-0.131430,0.088792,-0.072076,1876,1513,2715,2945,2030,1994
-0.119138,-0.059147,0.571073,-0.132126,0.087793,-0.072695,1830,1513,2716,2945,2044,1994
-0.122335,-0.060434,0.588265,-0.140137,0.090407,-0.057318,1802,1513,2715,2945,2041,1994
-0.121989,-0.060351,0.588895,-0.140798,0.090356,-0.057028,1775,1513,2712,2945,2036,1994
-0.122226,-0.060596,0.591383,-0.142134,0.090783,-0.054946,1748,1513,2711,2944,2022,1994
-0.121489,-0.060554,0.589326,-0.141454,0.090568,-0.057011,1724,1513,2711,2944,2004,1994
-0.128350,-0.060293,0.598420,-0.141623,0.091212,-0.045636,1808,1515,2715,2945,1960,1994
-0.125729,-0.059141,0.590475,-0.138830,0.089405,-0.053398,1833,1515,2715,2945,1998,1994
-0.122196,-0.059333,0.582560,-0.136760,0.088904,-0.061803,1881,1515,2712,2945,2067,1994
-0.122788,-0.060492,0.588796,-0.140105,0.090520,-0.056627,1900,1515,2711,2945,2089,1994
-0.119333,-0.060585,0.579523,-0.137139,0.089828,-0.066044,1912,1515,2711,2944,2104,1994
-0.117356,-0.061504,0.579177,-0.138476,0.090644,-0.067600,1906,1515,2711,2944,2099,1994
-0.117531,-0.061208,0.579097,-0.138293,0.090350,-0.067532,1876,1515,2711,2944,2080,1994
-0.116332,-0.060095,0.571149,-0.134376,0.088636,-0.074428,1854,1515,2711,2944,2060,1994
-0.118661,-0.060680,0.581701,-0.139006,0.090050,-0.064750,1833,1515,2711,2944,2031,1994
-0.118339,-0.060565,0.579325,-0.137803,0.089756,-0.066807,1811,1515,2711,2944,1998,1994
-0.119649,-0.060696,0.581849,-0.138316,0.090114,-0.064030,1785,1515,2711,2944,1964,1994
-0.129945,-0.059507,0.599733,-0.141179,0.090582,-0.043563,1686,1516,2714,2943,1865,1994
-0.129799,-0.059182,0.599203,-0.140974,0.090215,-0.044044,1705,1516,2713,2943,1867,1994
-0.126305,-0.058596,0.589161,-0.137576,0.088791,-0.054036,1805,1516,2716,2943,1920,1994
-0.125554,-0.058821,0.589503,-0.138376,0.089011,-0.054245,1858,1516,2720,2944,2012,1994
-0.121459,-0.057922,0.579671,-0.135586,0.087266,-0.064414,1906,1516,2720,2944,2083,1994
-0.116585,-0.059834,0.571387,-0.134326,0.088402,-0.074066,1903,1516,2713,2943,2092,1994
-0.117501,-0.060240,0.578952,-0.138240,0.089373,-0.067588,1860,1516,2714,2943,2090,1994
-0.117335,-0.059585,0.579078,-0.138457,0.088723,-0.067539,1839,1516,2714,2943,2080,1994
-0.117335,-0.059585,0.579078,-0.138457,0.088723,-0.067539,1814,1516,2713,2943,2052,1994
-0.118960,-0.060292,0.588299,-0.142823,0.090138,-0.059347,1786,1516,2712,2943,2008,1994
-0.122438,-0.059572,0.589221,-0.140653,0.089619,-0.056435,1705,1516,2712,2942,1884,1994
-0.132673,-0.057905,0.617135,-0.149726,0.090312,-0.028081,1645,1517,2727,2885,1821,1994
-0.131598,-0.056863,0.616857,-0.150417,0.089213,-0.028876,1646,1517,2728,2884,1821,1994
-0.130717,-0.057186,0.617349,-0.151410,0.089536,-0.029054,1662,1516,2728,2887,1821,1994
-0.129417,-0.057470,0.616151,-0.151698,0.089684,-0.030816,1696,1516,2730,2891,1823,1994
-0.128449,-0.056302,0.606360,-0.146468,0.087795,-0.039015,1719,1516,2734,2891,1829,1994
-0.129166,-0.055896,0.607372,-0.146529,0.087489,-0.037748,1736,1516,2738,2891,1846,1994
-0.128737,-0.055267,0.605325,-0.145619,0.086702,-0.039571,1775,1516,2744,2891,1905,1994
-0.126557,-0.053316,0.597636,-0.142645,0.084133,-0.046799,1825,1515,2748,2892,1972,1994
-0.124239,-0.052487,0.590242,-0.139948,0.082698,-0.053968,1850,1515,2748,2892,2000,1994
-0.123534,-0.052631,0.587717,-0.138953,0.082637,-0.056397,1870,1514,2748,2892,2021,1994
-0.122190,-0.053009,0.585882,-0.138883,0.082833,-0.058693,1886,1514,2748,2892,2038,1994
-0.121667,-0.053090,0.587363,-0.140204,0.082998,-0.057856,1895,1515,2748,2892,2048,1994
-0.119232,-0.052903,0.579060,-0.137033,0.082134,-0.065862,1893,1515,2747,2892,2049,1994
-0.118502,-0.053267,0.577814,-0.136840,0.082381,-0.067318,1885,1514,2747,2892,2045,1994
-0.122206,-0.055144,0.596589,-0.145415,0.085714,-0.050432,1871,1513,2747,2892,2044,1994
-0.118088,-0.053966,0.578441,-0.137543,0.083106,-0.067134,1850,1512,2747,2892,2043,1994
-0.120454,-0.054757,0.586125,-0.140381,0.084526,-0.059704,1834,1510,2748,2892,2038,1994
-0.118791,-0.053592,0.579553,-0.137675,0.082839,-0.065799,1809,1510,2748,2892,2019,1994
-0.122733,-0.055099,0.596036,-0.144659,0.085651,-0.050541,1753,1509,2745,2892,1939,1994
-0.125819,-0.055918,0.607199,-0.149064,0.087370,-0.039937,1722,1510,2744,2892,1890,1994
-0.127214,-0.055357,0.606876,-0.147771,0.086842,-0.039291,1694,1511,2741,2892,1852,1994
-0.128419,-0.055289,0.606215,-0.146416,0.086774,-0.039068,1670,1511,2738,2892,1817,1994
-0.129734,-0.055267,0.605324,-0.144831,0.086740,-0.038962,1651,1511,2738,2892,1793,1994
-0.133756,-0.056888,0.619665,-0.150437,0.089518,-0.025347,1641,1511,2738,2892,1787,1994
-0.131147,-0.055343,0.599372,-0.140062,0.086452,-0.042782,1642,1511,2743,2892,1786,1994
-0.133135,-0.055372,0.607038,-0.143197,0.087097,-0.035538,1647,1510,2748,2892,1786,1994
-0.136571,-0.055526,0.617114,-0.146666,0.088089,-0.025521,1657,1510,2750,2894,1786,1994
-0.136784,-0.052913,0.609477,-0.141844,0.084957,-0.031190,1676,1506,2750,2897,1801,1994
-0.136205,-0.054913,0.607545,-0.141090,0.086793,-0.033222,1728,1505,2746,2942,1880,1994
-0.135068,-0.054359,0.598603,-0.136507,0.085569,-0.040907,1750,1505,2738,2959,1901,1994
-0.136583,-0.054886,0.600874,-0.136698,0.086311,-0.038235,1771,1505,2733,2969,1918,1994
-0.134525,-0.057918,0.592833,-0.133349,0.088690,-0.046058,1812,1504,2724,2976,1946,1994
-0.133357,-0.059098,0.589037,-0.131927,0.089555,-0.049853,1826,1505,2721,2980,1960,1994
-0.132553,-0.059557,0.589091,-0.132588,0.089984,-0.050339,1837,1505,2720,2980,1979,1994
-0.132154,-0.060560,0.591032,-0.134082,0.091105,-0.049137,1841,1505,2720,2980,1999,1994
-0.129461,-0.059895,0.582199,-0.130796,0.089718,-0.057680,1826,1505,2726,2980,2007,1994
-0.132214,-0.060097,0.591285,-0.134196,0.090664,-0.048865,1805,1505,2725,2980,1995,1994
-0.132219,-0.058597,0.588848,-0.132715,0.088998,-0.050659,1777,1505,2721,2980,1976,1994
-0.131577,-0.059553,0.589062,-0.133341,0.089941,-0.050960,1724,1505,2720,2973,1918,1994
-0.131014,-0.059863,0.587509,-0.132829,0.090120,-0.052550,1701,1505,2720,2973,1883,1994
-0.131174,-0.059535,0.588882,-0.133549,0.089895,-0.051346,1884,1506,2721,2980,2063,1994
-0.127411,-0.060256,0.579121,-0.130520,0.089783,-0.061384,1957,1506,2720,2975,2111,1994
-0.123334,-0.059490,0.565792,-0.125568,0.087926,-0.074304,1949,1506,2720,2973,2112,1994
-0.124115,-0.060586,0.571070,-0.128177,0.089420,-0.069762,1934,1506,2720,2972,2108,1994
-0.121766,-0.059233,0.564157,-0.125806,0.087495,-0.076530,1911,1506,2720,2972,2106,1994
-0.122872,-0.059622,0.571157,-0.129224,0.088417,-0.070378,1886,1506,2720,2972,2106,1994
-0.122753,-0.059420,0.569384,-0.128232,0.088086,-0.071830,1860,1506,2720,2972,2098,1994
-0.126303,-0.061038,0.589357,-0.137667,0.091238,-0.054076,1835,1506,2720,2972,2075,1994
-0.126915,-0.059915,0.587366,-0.135976,0.090003,-0.055178,1749,1507,2720,2971,1935,1994
-0.136686,-0.059879,0.601307,-0.136819,0.091323,-0.038226,1737,1506,2720,2971,1868,1994
-0.135647,-0.059858,0.601091,-0.137507,0.091247,-0.039031,1791,1506,2720,2971,1949,1994
-0.124935,-0.059317,0.581194,-0.133759,0.088898,-0.061197,1923,1506,2720,2971,2134,1994
-0.123949,-0.060261,0.581054,-0.134439,0.089791,-0.061986,1956,1506,2720,2971,2149,1994
-0.121924,-0.059618,0.571126,-0.129953,0.088374,-0.070983,1976,1506,2720,2971,2155,1994
-0.121924,-0.059618,0.571126,-0.129953,0.088374,-0.070983,1998,1506,2720,2971,2165,1994
-0.122345,-0.060065,0.570905,-0.129479,0.088821,-0.070934,2018,1506,2720,2971,2181,1994
-0.119671,-0.059217,0.554165,-0.121328,0.086696,-0.085670,2051,1506,2720,2971,2233,1994
-0.120681,-0.059857,0.557351,-0.122477,0.087597,-0.082596,2062,1506,2720,2971,2265,1994
-0.118636,-0.058847,0.547579,-0.118108,0.085825,-0.091454,2076,1506,2720,2971,2304,1994
-0.120124,-0.059541,0.555502,-0.121787,0.087131,-0.084367,2091,1506,2720,2971,2332,1994
-0.118254,-0.059668,0.549290,-0.119449,0.086749,-0.090408,2106,1506,2720,2971,2353,1994
-0.119568,-0.060551,0.555186,-0.122019,0.088094,-0.085035,2122,1506,2720,2971,2365,1994
-0.118614,-0.059498,0.547624,-0.118144,0.086476,-0.091484,2137,1506,2720,2971,2374,1994
-0.119774,-0.059583,0.549489,-0.118372,0.086736,-0.089313,2150,1506,2720,2971,2374,1994
-0.119911,-0.059920,0.547358,-0.116952,0.086928,-0.090932,2164,1507,2720,2972,2375,1994
-0.119203,-0.057188,0.527962,-0.105642,0.082815,-0.106402,2186,1508,2721,2977,2398,1994
-0.121212,-0.057494,0.533301,-0.107329,0.083573,-0.100997,2196,1508,2722,2977,2417,1994
-0.124067,-0.058543,0.540985,-0.109777,0.085268,-0.093288,2210,1508,2722,2977,2438,1994
-0.125003,-0.058563,0.541182,-0.109159,0.085338,-0.092561,2227,1508,2722,2978,2459,1994
-0.123499,-0.057534,0.533713,-0.105776,0.083730,-0.099275,2243,1509,2721,2978,2478,1994
-0.124468,-0.058014,0.534100,-0.105243,0.084273,-0.098415,2258,1509,2721,2975,2498,1994
-0.123309,-0.057940,0.527488,-0.102100,0.083690,-0.104319,2275,1509,2721,2975,2520,1994
-0.129074,-0.060485,0.549472,-0.111008,0.087993,-0.083701,2293,1509,2721,2974,2542,1994
-0.124583,-0.058361,0.527381,-0.101023,0.084150,-0.103656,2314,1509,2721,2973,2562,1994
-0.123818,-0.057433,0.518602,-0.096251,0.082580,-0.110955,2335,1510,2720,2973,2582,1994
-0.123304,-0.057540,0.512306,-0.092791,0.082224,-0.116230,2357,1510,2720,2972,2601,1994
-0.132475,-0.061510,0.543688,-0.104761,0.088739,-0.086246,2378,1512,2720,2972,2620,1994
-0.125571,-0.057887,0.507720,-0.088184,0.082336,-0.118475,2400,1512,2720,2972,2639,1994
-0.129347,-0.058230,0.514192,-0.089170,0.083277,-0.111099,2421,1512,2720,2973,2656,1994
-0.130583,-0.057872,0.508838,-0.084913,0.082592,-0.114524,2444,1512,2720,2973,2673,1994
-0.138597,-0.060181,0.522645,-0.087031,0.086172,-0.098939,2493,1512,2720,2973,2717,1994
-0.134249,-0.057736,0.495697,-0.073955,0.081674,-0.122601,2512,1512,2720,2974,2734,1994
-0.139806,-0.058971,0.508723,-0.077548,0.084034,-0.109051,2545,1512,2720,2973,2767,1994
-0.150809,-0.060793,0.515412,-0.072943,0.086745,-0.097194,2585,1512,2721,2973,2826,1994
-0.136130,-0.057319,0.527461,-0.091970,0.083563,-0.096437,2343,1506,2733,2980,2585,1994
-0.134246,-0.057103,0.527863,-0.093707,0.083303,-0.097257,2316,1506,2731,2980,2558,1994
-0.126064,-0.056201,0.519058,-0.094774,0.081470,-0.109123,2240,1506,2732,2978,2499,1994
-0.128986,-0.058341,0.549580,-0.111172,0.085860,-0.083500,2185,1506,2734,2975,2454,1994
-0.123775,-0.056429,0.548556,-0.114681,0.083681,-0.087346,2086,1506,2734,2976,2347,1994
-0.121257,-0.055061,0.540952,-0.112020,0.081687,-0.094760,2059,1506,2734,2977,2319,1994
-0.123937,-0.055954,0.556167,-0.119230,0.083749,-0.081224,2037,1506,2734,2977,2296,1994
-0.120059,-0.054809,0.541278,-0.113169,0.081412,-0.095218,2009,1506,2734,2979,2265,1994
-0.124122,-0.056573,0.561582,-0.122400,0.084753,-0.076902,1981,1506,2734,2979,2230,1994
-0.127539,-0.057870,0.579155,-0.130470,0.087412,-0.061091,1954,1506,2734,2980,2196,1994
-0.126344,-0.056667,0.569827,-0.125705,0.085512,-0.069064,1927,1506,2734,2980,2166,1994
-0.128314,-0.056893,0.579273,-0.129943,0.086476,-0.060446,1900,1506,2734,2980,2138,1994
-0.126889,-0.055868,0.572970,-0.127213,0.084957,-0.066195,1871,1506,2734,2980,2114,1994
-0.127562,-0.055484,0.573865,-0.127236,0.084663,-0.065048,1843,1506,2734,2980,2095,1994
-0.127562,-0.055484,0.573865,-0.127236,0.084663,-0.065048,1816,1506,2734,2980,2079,1994
-0.131246,-0.056653,0.588834,-0.133500,0.087022,-0.051112,1788,1506,2734,2979,2062,1994
-0.129634,-0.055752,0.580867,-0.129895,0.085502,-0.058294,1762,1506,2734,2976,2041,1994
-0.134476,-0.057660,0.600054,-0.137822,0.088938,-0.040389,1739,1506,2734,2975,2013,1994
-0.133252,-0.057067,0.596155,-0.136404,0.088025,-0.044159,1715,1506,2734,2975,1986,1994
-0.130995,-0.055578,0.581764,-0.129372,0.085444,-0.056741,1687,1506,2734,2975,1960,1994
-0.136051,-0.056850,0.600713,-0.136994,0.088237,-0.038843,1660,1506,2734,2974,1933,1994
-0.138151,-0.056333,0.598386,-0.133915,0.087640,-0.039345,1602,1506,2733,2973,1884,1994
-0.144204,-0.058198,0.612391,-0.137708,0.090715,-0.024771,1553,1506,2731,2972,1830,1994
-0.147983,-0.058145,0.614175,-0.135820,0.090933,-0.021048,1519,1505,2732,2973,1778,1994
-0.153773,-0.056791,0.615070,-0.131816,0.089869,-0.016690,1496,1505,2734,2973,1742,1994
-0.151637,-0.056311,0.604327,-0.126915,0.088554,-0.026409,1495,1505,2734,2973,1742,1994
-0.154392,-0.057256,0.615541,-0.131610,0.090390,-0.015978,1498,1505,2734,2973,1742,1994
-0.151243,-0.056137,0.603299,-0.126597,0.088294,-0.027445,1502,1505,2734,2973,1743,1994
-0.155468,-0.057294,0.622790,-0.135209,0.090979,-0.009621,1507,1505,2733,2973,1748,1994
-0.152085,-0.056929,0.614512,-0.132804,0.089903,-0.018174,1532,1505,2733,2973,1779,1994
-0.148406,-0.057869,0.619306,-0.138638,0.091035,-0.016732,1653,1505,2734,2976,1915,1994
-0.136777,-0.057482,0.601688,-0.137011,0.088964,-0.037681,1800,1505,2732,2976,2064,1994
-0.134286,-0.057737,0.597877,-0.136636,0.088855,-0.042224,1843,1505,2729,2978,2103,1994
-0.132134,-0.058254,0.597748,-0.138249,0.089278,-0.043684,1881,1505,2724,2978,2137,1994
-0.129771,-0.058107,0.589089,-0.134802,0.088432,-0.051930,1913,1505,2721,2978,2165,1994
-0.128632,-0.059872,0.590247,-0.136390,0.090229,-0.051858,1947,1505,2721,2976,2195,1994
-0.127376,-0.061024,0.588896,-0.136537,0.091234,-0.053780,1980,1505,2720,2974,2225,1994
-0.122361,-0.060072,0.570961,-0.129501,0.088832,-0.070881,2012,1505,2720,2973,2255,1994
-0.120716,-0.059858,0.563741,-0.126371,0.088048,-0.077550,2044,1505,2720,2973,2288,1994
-0.119293,-0.059392,0.557300,-0.123548,0.087077,-0.083450,2071,1505,2720,2973,2322,1994
-0.118149,-0.058516,0.548809,-0.119252,0.085562,-0.090759,2095,1505,2720,2973,2355,1994
-0.119625,-0.059143,0.553057,-0.120685,0.086543,-0.086564,2121,1505,2720,2974,2388,1994
-0.121745,-0.060221,0.557479,-0.121711,0.088010,-0.081873,2145,1505,2720,2974,2415,1994
-0.119779,-0.059498,0.546021,-0.116241,0.086409,-0.092030,2170,1505,2720,2974,2439,1994
-0.117896,-0.057661,0.526563,-0.105809,0.083138,-0.108340,2216,1505,2720,2974,2473,1994
-0.121512,-0.059273,0.538071,-0.109997,0.085692,-0.097203,2235,1505,2720,2976,2486,1994
-0.120154,-0.058667,0.526146,-0.103758,0.084198,-0.107364,2258,1505,2720,2977,2505,1994
-0.122105,-0.058204,0.519619,-0.098218,0.083353,-0.111266,2304,1505,2720,2977,2552,1994
-0.122399,-0.057945,0.513785,-0.094409,0.082697,-0.115653,2331,1505,2720,2977,2582,1994
-0.125216,-0.058769,0.519074,-0.095420,0.083998,-0.109833,2349,1505,2720,2975,2601,1994
-0.124700,-0.057447,0.510898,-0.090826,0.082086,-0.116474,2379,1505,2720,2974,2632,1994
-0.126783,-0.058430,0.512739,-0.090300,0.083276,-0.113828,2399,1505,2720,2974,2653,1994
-0.129243,-0.058959,0.514314,-0.089318,0.084008,-0.111124,2424,1505,2720,2973,2677,1994
-0.129381,-0.058642,0.506963,-0.084701,0.083182,-0.116796,2447,1505,2720,2973,2702,1994
-0.131971,-0.058829,0.507701,-0.083107,0.083519,-0.114643,2471,1505,2720,2973,2723,1994
-0.138319,-0.060942,0.522192,-0.086962,0.086888,-0.099526,2492,1505,2721,2974,2740,1994
-0.145147,-0.059765,0.508457,-0.073158,0.085013,-0.106050,2563,1505,2721,2977,2784,1994
-0.152242,-0.060496,0.512288,-0.069899,0.086284,-0.098749,2596,1506,2723,2978,2817,1994
-0.164106,-0.059493,0.500477,-0.053297,0.084911,-0.100690,2686,1507,2725,2978,2888,1994
-0.165263,-0.059650,0.501988,-0.053309,0.085218,-0.098805,2686,1508,2726,2978,2888,1994
-0.150183,-0.060603,0.499335,-0.063573,0.085401,-0.110205,2581,1506,2721,2974,2835,1994
-0.147966,-0.059251,0.497728,-0.064355,0.083856,-0.112720,2569,1506,2721,2973,2797,1994
-0.142905,-0.058679,0.486245,-0.061310,0.082283,-0.124806,2555,1506,2721,2975,2757,1994
-0.143563,-0.058297,0.491975,-0.064311,0.082330,-0.119866,2522,1506,2731,2980,2693,1994
-0.130539,-0.056124,0.521391,-0.092674,0.081729,-0.104540,2277,1506,2733,2975,2466,1994
-0.127949,-0.055860,0.525938,-0.097512,0.081686,-0.102530,2220,1506,2734,2975,2401,1994
-0.127428,-0.057539,0.569326,-0.124530,0.086387,-0.068862,1975,1506,2734,2973,2169,1994
-0.125044,-0.056673,0.564454,-0.123433,0.085090,-0.074086,1939,1506,2734,2973,2129,1994
-0.123646,-0.056267,0.562392,-0.123277,0.084487,-0.076532,1903,1506,2734,2972,2089,1994
-0.123703,-0.055611,0.562300,-0.123184,0.083829,-0.076517,1871,1506,2733,2972,2053,1994
-0.125899,-0.056330,0.570897,-0.126717,0.085234,-0.068468,1835,1506,2733,2972,2013,1994
-0.128401,-0.056974,0.581750,-0.131394,0.086734,-0.058452,1810,1506,2733,2972,1987,1994
-0.128945,-0.056590,0.579959,-0.129870,0.086247,-0.059496,1774,1506,2733,2972,1956,1994
-0.132464,-0.056604,0.588688,-0.132449,0.087010,-0.050477,1702,1506,2733,2971,1902,1994
-0.136111,-0.057370,0.600978,-0.137102,0.088777,-0.038638,1666,1506,2732,2971,1877,1994
-0.137148,-0.057389,0.601187,-0.136412,0.088850,-0.037841,1633,1506,2731,2971,1849,1994
-0.138109,-0.056889,0.599205,-0.134443,0.088250,-0.038771,1608,1506,2732,2971,1824,1994
-0.148274,-0.057667,0.617840,-0.137845,0.090725,-0.017950,1550,1506,2734,2971,1747,1994
-0.151006,-0.056777,0.613409,-0.132981,0.089632,-0.019690,1537,1505,2734,2971,1732,1994
-0.149967,-0.056766,0.613287,-0.133726,0.089573,-0.020422,1543,1505,2732,2971,1734,1994
-0.147251,-0.057049,0.608647,-0.133019,0.089425,-0.025758,1595,1505,2732,2971,1786,1994
-0.145369,-0.056982,0.608203,-0.134233,0.089254,-0.027254,1642,1505,2732,2971,1864,1994
-0.136373,-0.056265,0.593113,-0.132083,0.087133,-0.044576,1733,1505,2732,2971,1947,1994
-0.135696,-0.056826,0.598271,-0.135776,0.088028,-0.040979,1759,1505,2732,2971,1961,1994
-0.137259,-0.058063,0.608778,-0.140975,0.090060,-0.031856,1788,1505,2731,2971,1977,1994
-0.134572,-0.057842,0.600715,-0.138150,0.089169,-0.039826,1820,1505,2729,2971,1996,1994
-0.131072,-0.057117,0.588977,-0.133719,0.087487,-0.051143,1848,1505,2727,2971,2014,1994
-0.133141,-0.058815,0.598444,-0.137874,0.089925,-0.042565,1874,1505,2726,2971,2036,1994
-0.123670,-0.058472,0.569287,-0.127461,0.087169,-0.071269,1977,1505,2722,2971,2175,1994
-0.121346,-0.058052,0.562711,-0.125265,0.086200,-0.077830,2008,1505,2723,2971,2216,1994
-0.121674,-0.058943,0.563883,-0.125714,0.087183,-0.076779,2040,1505,2726,2971,2246,1994
-0.121155,-0.058381,0.561577,-0.124715,0.086440,-0.078866,2072,1506,2729,2971,2275,1994
-0.120534,-0.057366,0.553935,-0.120529,0.084869,-0.085176,2109,1506,2732,2971,2301,1994
-0.119471,-0.055503,0.540937,-0.113415,0.082057,-0.095901,2143,1506,2733,2971,2322,1994
-0.126394,-0.056293,0.552514,-0.115044,0.083925,-0.082619,2202,1506,2733,2976,2362,1994
-0.124431,-0.055068,0.534521,-0.105567,0.081364,-0.097874,2233,1506,2733,2976,2381,1994
-0.127114,-0.055856,0.527729,-0.099271,0.081776,-0.101633,2280,1506,2733,2973,2414,1994
-0.128789,-0.056011,0.527349,-0.097713,0.081968,-0.100918,2300,1506,2733,2973,2435,1994
-0.137812,-0.059333,0.558623,-0.109742,0.087823,-0.071059,2317,1506,2731,2973,2456,1994
-0.129974,-0.055763,0.521468,-0.093172,0.081354,-0.104798,2338,1506,2730,2973,2482,1994
-0.134644,-0.057575,0.522405,-0.090038,0.083405,-0.101343,2415,1506,2725,2973,2573,1994
-0.134159,-0.057466,0.507673,-0.081380,0.082243,-0.113217,2463,1506,2723,2972,2634,1994
-0.136525,-0.057921,0.501227,-0.075550,0.082335,-0.116873,2509,1506,2723,2972,2680,1994
-0.137979,-0.057737,0.497247,-0.071962,0.081928,-0.119097,2531,1507,2723,2972,2697,1994
-0.141935,-0.057709,0.491809,-0.065503,0.081670,-0.120948,2572,1507,2724,2972,2717,1994
-0.147213,-0.058671,0.500519,-0.066669,0.083445,-0.110941,2590,1507,2726,2972,2721,1994
-0.143086,-0.057645,0.488502,-0.062565,0.081418,-0.122838,2525,1509,2723,2971,2693,1994
-0.141776,-0.058017,0.497720,-0.069252,0.082387,-0.116421,2480,1509,2732,2971,2618,1994
-0.145017,-0.057502,0.538017,-0.091430,0.084828,-0.082705,2348,1507,2735,2973,2497,1994
-0.131019,-0.056710,0.545361,-0.106998,0.084016,-0.085443,2170,1507,2735,2972,2323,1994
-0.132506,-0.058565,0.588897,-0.132519,0.088981,-0.050442,1960,1506,2735,2972,2139,1994
-0.125210,-0.056081,0.561595,-0.121555,0.084306,-0.076186,1926,1506,2735,2972,2104,1994
-0.126667,-0.056291,0.570401,-0.125806,0.085189,-0.068385,1883,1506,2735,2972,2058,1994
-0.126584,-0.056301,0.572479,-0.127147,0.085342,-0.066802,1840,1506,2735,2972,2012,1994
-0.132153,-0.057149,0.591024,-0.134122,0.087705,-0.048873,1763,1506,2735,2972,1936,1994
-0.134612,-0.056840,0.598767,-0.136936,0.088035,-0.041253,1724,1506,2735,2972,1902,1994
-0.135596,-0.056839,0.598765,-0.136158,0.088072,-0.040653,1690,1506,2734,2972,1869,1994
-0.135691,-0.056341,0.592835,-0.132450,0.087163,-0.045218,1663,1506,2733,2972,1842,1994
-0.138702,-0.056921,0.601481,-0.135371,0.088465,-0.036620,1642,1506,2732,2972,1818,1994
-0.141924,-0.057507,0.608470,-0.137110,0.089664,-0.029196,1621,1506,2733,2972,1799,1994
-0.139126,-0.056262,0.591990,-0.129221,0.087157,-0.043772,1608,1506,2734,2972,1787,1994
-0.147987,-0.057134,0.614195,-0.135842,0.089928,-0.020950,1590,1506,2734,2972,1778,1994
-0.147648,-0.056614,0.612710,-0.135205,0.089292,-0.022284,1589,1506,2734,2972,1778,1994
-0.147648,-0.056614,0.612710,-0.135205,0.089292,-0.022284,1592,1506,2734,2972,1779,1994
-0.147834,-0.057241,0.619053,-0.138943,0.090369,-0.017232,1612,1506,2734,2971,1780,1994
-0.146000,-0.057189,0.612355,-0.136281,0.089776,-0.023618,1631,1506,2734,2971,1787,1994
-0.144628,-0.057031,0.608391,-0.134933,0.089287,-0.027565,1652,1506,2734,2971,1812,1994
-0.141805,-0.056070,0.600020,-0.132036,0.087633,-0.035801,1675,1506,2734,2971,1853,1994
-0.141332,-0.056356,0.601919,-0.133571,0.088033,-0.034619,1701,1506,2734,2971,1901,1994
-0.142217,-0.057593,0.611267,-0.138594,0.089957,-0.026823,1730,1507,2734,2971,1954,1994
-0.138217,-0.056295,0.601295,-0.135649,0.087808,-0.037014,1759,1507,2734,2971,1994,1994
-0.136144,-0.056254,0.600881,-0.137032,0.087659,-0.038607,1791,1507,2734,2971,2027,1994
-0.130409,-0.054774,0.582821,-0.130494,0.084694,-0.056205,1831,1507,2734,2971,2056,1994
-0.133006,-0.057313,0.600356,-0.139173,0.088556,-0.041025,1872,1507,2734,2971,2081,1994
-0.130118,-0.057111,0.590617,-0.135479,0.087560,-0.050437,1910,1507,2734,2971,2097,1994
-0.127759,-0.056423,0.581022,-0.131461,0.086109,-0.059373,1958,1507,2734,2971,2122,1994
-0.132743,-0.058663,0.601238,-0.139904,0.089954,-0.040600,1985,1507,2734,2971,2143,1994
-0.126584,-0.056301,0.572479,-0.127147,0.085342,-0.066802,2017,1507,2734,2971,2175,1994
-0.125164,-0.056626,0.562100,-0.121894,0.084882,-0.075859,2083,1508,2729,2971,2299,1994
-0.128035,-0.058746,0.578256,-0.129517,0.088241,-0.061563,2104,1508,2727,2971,2338,1994
-0.124577,-0.058067,0.564424,-0.123766,0.086460,-0.074505,2129,1508,2726,2971,2370,1994
-0.120465,-0.056813,0.547856,-0.116860,0.083887,-0.089955,2155,1508,2727,2971,2394,1994
-0.121424,-0.057741,0.548111,-0.116248,0.084868,-0.089240,2187,1509,2730,2971,2413,1994
-0.119398,-0.055981,0.532525,-0.108304,0.081940,-0.102599,2220,1510,2732,2971,2427,1994
-0.136789,-0.056424,0.535919,-0.096653,0.083290,-0.089311,2407,1512,2734,2972,2580,1994
-0.145609,-0.057797,0.530567,-0.086387,0.084622,-0.088225,2510,1512,2733,2972,2722,1994
-0.147504,-0.058862,0.523895,-0.080783,0.085288,-0.092395,2479,1510,2730,2971,2727,1994
-0.135326,-0.056916,0.553706,-0.108717,0.084973,-0.076258,2190,1511,2735,2972,2384,1994
-0.129421,-0.056290,0.565304,-0.120504,0.084937,-0.070705,2043,1511,2735,2972,2280,1994
-0.124879,-0.055050,0.556280,-0.118568,0.082892,-0.080486,1995,1511,2735,2972,2240,1994
-0.129971,-0.057892,0.587166,-0.133467,0.088091,-0.053303,1944,1511,2735,2971,2190,1994
-0.122660,-0.055314,0.562117,-0.123898,0.083480,-0.077277,1903,1511,2735,2971,2144,1994
-0.124235,-0.055216,0.572258,-0.128880,0.084155,-0.068329,1855,1511,2735,2971,2089,1994
-0.128151,-0.056085,0.588344,-0.135650,0.086302,-0.053348,1765,1510,2734,2971,1974,1994
-0.127295,-0.055265,0.580186,-0.131329,0.084879,-0.060224,1726,1510,2734,2971,1929,1994
-0.136182,-0.056186,0.598818,-0.135736,0.087448,-0.040200,1644,1510,2734,2971,1849,1994
-0.140965,-0.056355,0.609950,-0.138790,0.088583,-0.028529,1608,1509,2734,2971,1815,1994
-0.140263,-0.055550,0.599751,-0.133095,0.087037,-0.036916,1578,1508,2734,2971,1787,1994
-0.147808,-0.056842,0.613554,-0.135593,0.089585,-0.021541,1530,1507,2734,2971,1745,1994
-0.150520,-0.056175,0.612328,-0.132708,0.088938,-0.020791,1502,1507,2734,2971,1718,1994
-0.155126,-0.056844,0.623486,-0.135912,0.090566,-0.009247,1493,1507,2734,2971,1715,1994
-0.154219,-0.055956,0.614956,-0.131404,0.089047,-0.016441,1489,1507,2735,2971,1722,1994
-0.156206,-0.056864,0.623697,-0.135189,0.090642,-0.008421,1497,1507,2735,2971,1723,1994
-0.155126,-0.056844,0.623486,-0.135912,0.090566,-0.009247,1532,1507,2734,2971,1724,1994
-0.154048,-0.056824,0.623275,-0.136634,0.090489,-0.010072,1553,1507,2734,2971,1732,1994
-0.152970,-0.056803,0.623063,-0.137355,0.090413,-0.010898,1577,1507,2734,2971,1757,1994
-0.145811,-0.056721,0.612785,-0.136700,0.089333,-0.023360,1667,1508,2734,2971,1890,1994
-0.140144,-0.055606,0.599255,-0.132884,0.087053,-0.037383,1704,1508,2734,2971,1943,1994
-0.134139,-0.054905,0.589140,-0.131425,0.085412,-0.048961,1785,1508,2734,2971,2031,1994
-0.132812,-0.055055,0.589342,-0.132595,0.085525,-0.049627,1834,1508,2734,2971,2069,1994
-0.129535,-0.056594,0.588592,-0.134703,0.086880,-0.052346,1929,1508,2734,2971,2143,1994
-0.125059,-0.055312,0.570393,-0.127083,0.084151,-0.069299,2021,1508,2734,2971,2233,1994
-0.122315,-0.055521,0.553734,-0.119023,0.083083,-0.084096,2147,1508,2734,2971,2397,1994
-0.121029,-0.054957,0.545592,-0.115049,0.081900,-0.091243,2170,1508,2732,2971,2424,1994
-0.122625,-0.055981,0.548665,-0.115662,0.083198,-0.087929,2203,1508,2730,2971,2462,1994
-0.120605,-0.055591,0.533750,-0.108108,0.081684,-0.100865,2240,1508,2728,2971,2495,1994
-0.130704,-0.060174,0.554514,-0.112820,0.088099,-0.078712,2352,1510,2725,2971,2575,1994
-0.127279,-0.056849,0.513783,-0.090569,0.081792,-0.112578,2413,1511,2725,2971,2627,1994
-0.146344,-0.060285,0.529331,-0.085017,0.087044,-0.088943,2530,1511,2726,2971,2724,1994
-0.150570,-0.057780,0.512210,-0.071205,0.083507,-0.099620,2541,1511,2731,2971,2733,1994
-0.133134,-0.057931,0.490248,-0.071490,0.081443,-0.127585,2455,1508,2721,2971,2636,1994
-0.134894,-0.058754,0.501286,-0.076864,0.083106,-0.117892,2433,1508,2722,2971,2597,1994
-0.139510,-0.061151,0.522880,-0.086442,0.087191,-0.098271,2407,1508,2725,2971,2562,1994
-0.132345,-0.057898,0.501000,-0.078712,0.082135,-0.119610,2376,1508,2732,2971,2531,1994
-0.129815,-0.056150,0.543968,-0.107100,0.083314,-0.087232,2173,1509,2735,2971,2413,1994
-0.127010,-0.057650,0.564933,-0.122162,0.086173,-0.072582,2070,1509,2735,2971,2296,1994
-0.126605,-0.057253,0.572568,-0.127173,0.086298,-0.066795,2007,1509,2735,2971,2211,1994
-0.124093,-0.055636,0.561455,-0.122356,0.083809,-0.076945,1969,1510,2735,2971,2171,1994
-0.124254,-0.055141,0.561451,-0.122234,0.083322,-0.076810,1929,1510,2735,2971,2136,1994
-0.125579,-0.055331,0.572195,-0.127778,0.084317,-0.067565,1841,1510,2735,2971,2075,1994
-0.127796,-0.055338,0.580928,-0.131388,0.085022,-0.059340,1795,1510,2735,2971,2044,1994
-0.130666,-0.055538,0.590661,-0.135093,0.086016,-0.049943,1709,1510,2735,2971,1976,1994
-0.132843,-0.056328,0.597476,-0.137547,0.087366,-0.043312,1672,1509,2735,2971,1944,1994
-0.136621,-0.057035,0.608448,-0.141289,0.088987,-0.032425,1635,1509,2735,2971,1909,1994
-0.134776,-0.055148,0.591661,-0.132467,0.085857,-0.046607,1601,1509,2735,2971,1877,1994
-0.147216,-0.056634,0.617668,-0.138588,0.089643,-0.018652,1524,1509,2735,2971,1811,1994
-0.151892,-0.056783,0.622850,-0.138075,0.090336,-0.011724,1500,1509,2735,2971,1786,1994
-0.152357,-0.056479,0.620859,-0.136490,0.089911,-0.012981,1496,1509,2735,2971,1779,1994
-0.154048,-0.056824,0.623275,-0.136634,0.090489,-0.010072,1498,1509,2735,2971,1780,1994
-0.153434,-0.056499,0.621082,-0.135777,0.089988,-0.012147,1499,1509,2735,2971,1782,1994
-0.150815,-0.056763,0.622637,-0.138795,0.090259,-0.012550,1581,1511,2734,2971,1815,1994
-0.149739,-0.056743,0.622423,-0.139514,0.090183,-0.013375,1606,1512,2734,2971,1851,1994
-0.142819,-0.055091,0.600132,-0.131317,0.086704,-0.035014,1632,1512,2734,2971,1894,1994
-0.143512,-0.056386,0.611595,-0.137788,0.088827,-0.025677,1664,1513,2734,2971,1943,1994
-0.141320,-0.056040,0.610827,-0.139052,0.088344,-0.027596,1702,1514,2734,2971,1984,1994
-0.129417,-0.054083,0.581137,-0.130252,0.083848,-0.058082,1830,1513,2734,2971,2073,1994
-0.131815,-0.056309,0.597274,-0.138234,0.087294,-0.044099,1884,1513,2734,2971,2094,1994
-0.129650,-0.055518,0.590460,-0.135772,0.085943,-0.050721,1938,1513,2734,2971,2117,1994
-0.131404,-0.057262,0.599793,-0.140093,0.088404,-0.042446,1986,1514,2733,2971,2140,1994
-0.123456,-0.055080,0.553618,-0.118057,0.082680,-0.083454,2107,1514,2728,2971,2222,1994
-0.125067,-0.055529,0.553804,-0.116894,0.083203,-0.082356,2143,1514,2725,2970,2253,1994
-0.124103,-0.057026,0.537785,-0.107804,0.083532,-0.095662,2236,1515,2722,2969,2345,1994
-0.124866,-0.057950,0.537965,-0.107301,0.084496,-0.095127,2266,1515,2722,2966,2376,1994
-0.125207,-0.057325,0.530277,-0.102321,0.083345,-0.100914,2298,1515,2723,2964,2406,1994
-0.126293,-0.057604,0.529051,-0.100708,0.083579,-0.101236,2329,1515,2727,2963,2436,1994
-0.128905,-0.057605,0.529063,-0.098654,0.083682,-0.099626,2359,1515,2732,2963,2463,1994
-0.132794,-0.057751,0.529952,-0.096127,0.084039,-0.096555,2389,1515,2734,2963,2492,1994
-0.142047,-0.055860,0.522638,-0.084358,0.081997,-0.096489,2464,1515,2734,2963,2582,1994
-0.146553,-0.055739,0.515609,-0.076489,0.081557,-0.099246,2524,1515,2734,2963,2629,1994
-0.137441,-0.059093,0.536046,-0.096182,0.085984,-0.089022,2335,1514,2729,2963,2507,1994
-0.121675,-0.054362,0.561843,-0.124520,0.082474,-0.078020,1873,1513,2733,2963,2138,1994
-0.122711,-0.055428,0.573257,-0.130694,0.084377,-0.068494,1823,1512,2734,2963,2103,1994
-0.131552,-0.056332,0.598531,-0.139213,0.087395,-0.043274,1722,1508,2736,2972,1999,1994
-0.135471,-0.055774,0.600993,-0.137638,0.087162,-0.038892,1694,1506,2736,2972,1964,1994
-0.138217,-0.056295,0.601295,-0.135649,0.087808,-0.037014,1639,1506,2736,2972,1905,1994
-0.142496,-0.056450,0.607596,-0.136136,0.088570,-0.029449,1584,1506,2736,2971,1862,1994
-0.142285,-0.055156,0.602636,-0.133274,0.086924,-0.033377,1560,1506,2736,2970,1840,1994
-0.147216,-0.056634,0.617668,-0.138588,0.089643,-0.018652,1536,1506,2736,2970,1819,1994
-0.153434,-0.056499,0.621082,-0.135777,0.089988,-0.012147,1470,1506,2736,2971,1744,1994
-0.159748,-0.056769,0.623745,-0.132423,0.090688,-0.006206,1424,1506,2736,2970,1672,1994
-0.160287,-0.055010,0.613095,-0.125484,0.088207,-0.014112,1415,1506,2736,2967,1658,1994
-0.162051,-0.055622,0.622775,-0.130024,0.089565,-0.005467,1416,1506,2736,2967,1658,1994
-0.162650,-0.055938,0.624783,-0.130780,0.090044,-0.003546,1416,1506,2736,2968,1657,1994
-0.162650,-0.055938,0.624783,-0.130780,0.090044,-0.003546,1416,1506,2736,2968,1653,1994
-0.162650,-0.055938,0.624783,-0.130780,0.090044,-0.003546,1416,1506,2736,2969,1652,1994
-0.163730,-0.055957,0.624981,-0.130048,0.090118,-0.002730,1415,1506,2736,2969,1651,1994
-0.163136,-0.055642,0.623003,-0.129308,0.089642,-0.004625,1414,1506,2736,2970,1651,1994
-0.164840,-0.055892,0.627396,-0.130655,0.090265,-0.000146,1414,1506,2736,2970,1651,1994
-0.165640,-0.056389,0.629195,-0.131121,0.090918,0.001719,1414,1506,2736,2970,1651,1994
-0.165640,-0.056389,0.629195,-0.131121,0.090918,0.001719,1415,1506,2736,2970,1651,1994
-0.165640,-0.056389,0.629195,-0.131121,0.090918,0.001719,1415,1506,2736,2970,1651,1994
-0.164840,-0.055892,0.627396,-0.130655,0.090265,-0.000146,1415,1506,2736,2970,1651,1994
-0.163136,-0.055642,0.623003,-0.129308,0.089642,-0.004625,1415,1506,2736,2970,1652,1994
-0.163136,-0.055642,0.623003,-0.129308,0.089642,-0.004625,1415,1506,2736,2969,1652,1994
-0.163730,-0.055957,0.624981,-0.130048,0.090118,-0.002730,1415,1506,2736,2969,1655,1994
-0.163730,-0.055957,0.624981,-0.130048,0.090118,-0.002730,1415,1506,2736,2967,1656,1994
-0.162051,-0.055622,0.622775,-0.130024,0.089565,-0.005467,1416,1507,2736,2966,1657,1994
-0.162051,-0.055622,0.622775,-0.130024,0.089565,-0.005467,1416,1508,2736,2966,1657,1994
-0.162051,-0.055622,0.622775,-0.130024,0.089565,-0.005467,1416,1508,2736,2966,1657,1994
-0.162051,-0.055622,0.622775,-0.130024,0.089565,-0.005467,1416,1508,2736,2966,1657,1994
-0.162051,-0.055622,0.622775,-0.130024,0.089565,-0.005467,1416,1508,2736,2966,1657,1994
-0.160638,-0.055027,0.614976,-0.126361,0.088369,-0.012419,1416,1508,2736,2966,1657,1994
-0.162051,-0.055622,0.622775,-0.130024,0.089565,-0.005467,1416,1508,2736,2967,1657,1994
-0.160638,-0.055027,0.614976,-0.126361,0.088369,-0.012419,1416,1508,2736,2967,1657,1994
-0.160234,-0.055195,0.614788,-0.126562,0.088508,-0.012827,1416,1508,2736,2967,1657,1994
-0.163005,-0.055801,0.624426,-0.130282,0.089896,-0.003599,1416,1508,2736,2967,1657,1994
-0.162051,-0.055622,0.622775,-0.130024,0.089565,-0.005467,1416,1508,2736,2967,1657,1994
-0.162051,-0.055622,0.622775,-0.130024,0.089565,-0.005467,1416,1508,2736,2967,1657,1994
-0.162307,-0.055022,0.621805,-0.129235,0.088908,-0.006025,1415,1509,2736,2966,1655,1994
-0.162892,-0.055364,0.623163,-0.129602,0.089367,-0.004627,1414,1509,2736,2966,1657,1994
-0.164551,-0.055727,0.627886,-0.131186,0.090125,0.000075,1415,1509,2736,2966,1657,1994
-0.164551,-0.055727,0.627886,-0.131186,0.090125,0.000075,1415,1509,2736,2966,1657,1994
-0.164551,-0.055727,0.627886,-0.131186,0.090125,0.000075,1415,1509,2736,2966,1657,1994
-0.164551,-0.055727,0.627886,-0.131186,0.090125,0.000075,1415,1509,2736,2966,1657,1994
-0.162892,-0.055364,0.623163,-0.129602,0.089367,-0.004627,1415,1509,2736,2966,1657,1994
-0.162892,-0.055364,0.623163,-0.129602,0.089367,-0.004627,1415,1509,2736,2966,1657,1994
-0.162892,-0.055364,0.623163,-0.129602,0.089367,-0.004627,1415,1509,2736,2966,1657,1994
-0.164551,-0.055727,0.627886,-0.131186,0.090125,0.000075,1415,1509,2736,2966,1657,1994
-0.162892,-0.055364,0.623163,-0.129602,0.089367,-0.004627,1415,1509,2736,2966,1657,1994
-0.162307,-0.055022,0.621805,-0.129235,0.088908,-0.006025,1415,1510,2737,2967,1657,1994
-0.162892,-0.055364,0.623163,-0.129602,0.089367,-0.004627,1413,1510,2737,2967,1657,1994
-0.162892,-0.055364,0.623163,-0.129602,0.089367,-0.004627,1413,1510,2737,2967,1656,1994
-0.164551,-0.055727,0.627886,-0.131186,0.090125,0.000075,1415,1510,2737,2967,1656,1994
-0.162892,-0.055364,0.623163,-0.129602,0.089367,-0.004627,1415,1510,2737,2967,1655,1994
-0.164551,-0.055727,0.627886,-0.131186,0.090125,0.000075,1415,1510,2737,2967,1655,1994
-0.162892,-0.055364,0.623163,-0.129602,0.089367,-0.004627,1415,1510,2737,2967,1655,1994
-0.160239,-0.054576,0.613987,-0.126074,0.087835,-0.013406,1415,1510,2737,2966,1657,1994
-0.162307,-0.055022,0.621805,-0.129235,0.088908,-0.006025,1415,1510,2737,2966,1657,1994
-0.163811,-0.055774,0.628136,-0.131923,0.090161,-0.000186,1415,1510,2737,2966,1657,1994
-0.162920,-0.055340,0.623834,-0.129992,0.089392,-0.004080,1415,1509,2737,2966,1657,1994
-0.163811,-0.055774,0.628136,-0.131923,0.090161,-0.000186,1415,1508,2737,2966,1653,1994
-0.162051,-0.055622,0.622775,-0.130024,0.089565,-0.005467,1416,1507,2737,2966,1652,1994
-0.162650,-0.055938,0.624783,-0.130780,0.090044,-0.003546,1416,1506,2736,2966,1652,1994
-0.159463,-0.054597,0.611523,-0.125175,0.087653,-0.015820,1417,1506,2736,2965,1651,1994
-0.156402,-0.054455,0.601117,-0.121207,0.086662,-0.025868,1417,1509,2736,2965,1651,1994
-0.162583,-0.056246,0.626678,-0.131992,0.090481,-0.002121,1419,1509,2736,2965,1651,1994
-0.156354,-0.054196,0.603872,-0.122939,0.086596,-0.023710,1429,1509,2736,2965,1651,1994
-0.160967,-0.055602,0.622547,-0.130740,0.089487,-0.006309,1443,1510,2736,2965,1654,1994
-0.162444,-0.055863,0.629295,-0.133713,0.090278,-0.000118,1462,1510,2737,2965,1657,1994
-0.161642,-0.056411,0.631849,-0.135906,0.090973,0.001355,1506,1510,2737,2965,1658,1994
-0.154240,-0.055455,0.615029,-0.131439,0.088554,-0.016331,1585,1511,2737,2965,1667,1994
-0.153332,-0.055211,0.615360,-0.132362,0.088299,-0.016607,1600,1511,2737,2965,1681,1994
-0.151543,-0.055171,0.612392,-0.131953,0.087981,-0.020034,1622,1511,2737,2965,1712,1994
-0.147321,-0.054958,0.607990,-0.132588,0.087297,-0.026065,1674,1512,2737,2965,1806,1994
-0.144225,-0.054920,0.603755,-0.132433,0.086842,-0.031290,1704,1511,2736,2965,1855,1994
-0.143620,-0.056025,0.608369,-0.135728,0.088244,-0.028120,1737,1513,2736,2965,1896,1994
-0.138978,-0.055283,0.597583,-0.132782,0.086568,-0.039387,1771,1513,2736,2966,1930,1994
-0.134716,-0.054633,0.591367,-0.132341,0.085320,-0.046834,1853,1514,2736,2967,1991,1994
-0.132002,-0.054242,0.582821,-0.129243,0.084225,-0.055187,1888,1514,2736,2968,2014,1994
-0.131774,-0.054447,0.581605,-0.128674,0.084336,-0.056299,1927,1514,2736,2968,2040,1994
-0.131162,-0.054983,0.579233,-0.127696,0.084679,-0.058582,2010,1514,2736,2971,2090,1994
-0.131913,-0.055416,0.578822,-0.126844,0.085111,-0.058480,2046,1514,2736,2971,2114,1994
-0.136660,-0.056872,0.585876,-0.127407,0.087240,-0.050139,2122,1513,2736,2972,2172,1994
-0.131766,-0.054511,0.552380,-0.110744,0.082346,-0.079292,2183,1513,2736,2972,2234,1994
-0.130786,-0.054459,0.545127,-0.107068,0.081747,-0.085592,2199,1513,2736,2972,2257,1994
-0.135650,-0.056642,0.562528,-0.113879,0.085332,-0.069100,2167,1513,2736,2971,2277,1994
-0.128679,-0.054379,0.544635,-0.108430,0.081551,-0.087263,2123,1513,2736,2971,2261,1994
-0.129875,-0.054888,0.565275,-0.120146,0.083555,-0.070339,2003,1514,2737,2971,2096,1994
-0.136064,-0.057131,0.593076,-0.132293,0.087981,-0.044863,1944,1514,2737,2968,2035,1994
-0.128788,-0.053683,0.562246,-0.119160,0.082098,-0.073292,1920,1514,2737,2967,2013,1994
-0.129943,-0.054404,0.570342,-0.123208,0.083430,-0.066274,1888,1514,2737,2966,1986,1994
-0.131162,-0.054983,0.579233,-0.127696,0.084679,-0.058582,1861,1514,2737,2966,1964,1994
-0.137602,-0.057534,0.608708,-0.140667,0.089541,-0.031659,1849,1515,2737,2966,1956,1994
-0.131774,-0.054447,0.581605,-0.128674,0.084336,-0.056299,1848,1515,2737,2966,1955,1994
-0.131406,-0.053936,0.579924,-0.127940,0.083694,-0.057806,1850,1515,2737,2966,1955,1994
-0.131406,-0.053936,0.579924,-0.127940,0.083694,-0.057806,1855,1515,2737,2966,1956,1994
-0.131406,-0.053936,0.579924,-0.127940,0.083694,-0.057806,1868,1515,2737,2966,1962,1994
-0.131406,-0.053936,0.579924,-0.127940,0.083694,-0.057806,1888,1515,2737,2966,1981,1994
-0.131258,-0.054016,0.578758,-0.127340,0.083686,-0.058820,1910,1515,2737,2967,2010,1994
-0.130404,-0.053596,0.573912,-0.125046,0.082894,-0.063121,1940,1515,2737,2968,2048,1994
-0.129777,-0.053897,0.572040,-0.124388,0.083038,-0.065001,2008,1515,2737,2971,2116,1994
-0.132799,-0.055435,0.581905,-0.128037,0.085381,-0.055513,2051,1515,2737,2972,2147,1994
-0.137103,-0.057263,0.578192,-0.122337,0.087108,-0.055941,2196,1515,2737,2970,2266,1994
-0.132107,-0.055150,0.549441,-0.108664,0.082790,-0.081445,2213,1515,2737,2967,2297,1994
-0.129475,-0.054617,0.549570,-0.110827,0.082166,-0.082913,2090,1512,2737,2972,2211,1994
-0.129422,-0.054672,0.561406,-0.118132,0.083050,-0.073642,1977,1513,2737,2972,2094,1994
-0.130250,-0.054803,0.569625,-0.122521,0.083790,-0.066682,1891,1513,2737,2972,2033,1994
-0.128517,-0.054020,0.565401,-0.121306,0.082645,-0.071003,1851,1513,2737,2970,2006,1994
-0.130671,-0.054982,0.579165,-0.128041,0.084655,-0.058936,1811,1514,2737,2967,1974,1994
-0.134231,-0.056084,0.596149,-0.135640,0.087084,-0.043486,1794,1514,2737,2966,1958,1994
-0.132686,-0.054704,0.588764,-0.132345,0.085129,-0.050131,1781,1514,2737,2966,1947,1994
-0.133697,-0.054614,0.591167,-0.133022,0.085247,-0.047615,1774,1514,2737,2966,1939,1994
-0.132147,-0.054031,0.583361,-0.129463,0.084059,-0.054657,1776,1515,2737,2966,1942,1994
-0.133657,-0.054073,0.587529,-0.130828,0.084451,-0.050457,1777,1515,2737,2966,1947,1994
-0.133555,-0.054147,0.588050,-0.131227,0.084558,-0.050116,1783,1515,2737,2966,1953,1994
-0.131993,-0.053278,0.582784,-0.129240,0.083261,-0.055145,1795,1515,2737,2966,1963,1994
-0.132683,-0.054070,0.587500,-0.131580,0.084408,-0.051076,1814,1515,2737,2966,1978,1994
-0.132683,-0.054070,0.587500,-0.131580,0.084408,-0.051076,1839,1515,2737,2966,2000,1994
-0.133036,-0.054681,0.590650,-0.133227,0.085253,-0.048431,1864,1515,2737,2968,2024,1994
-0.140184,-0.057521,0.621068,-0.146215,0.090495,-0.020357,1897,1515,2737,2970,2056,1994
-0.130206,-0.054028,0.579217,-0.128452,0.083690,-0.059105,1931,1515,2737,2970,2088,1994
-0.130206,-0.054028,0.579217,-0.128452,0.083690,-0.059105,1967,1515,2737,2970,2123,1994
-0.128371,-0.053862,0.569616,-0.124011,0.082779,-0.067766,2003,1515,2737,2970,2155,1994
-0.127646,-0.053782,0.565558,-0.122093,0.082386,-0.071394,2040,1514,2737,2971,2186,1994
-0.126873,-0.054579,0.557064,-0.117480,0.082555,-0.078611,2121,1514,2737,2971,2242,1994
-0.135051,-0.057873,0.579573,-0.124796,0.087734,-0.056160,2203,1513,2736,2971,2299,1994
-0.131012,-0.055457,0.552803,-0.111587,0.083290,-0.079496,2247,1513,2736,2969,2335,1994
-0.141067,-0.057330,0.553174,-0.103853,0.085570,-0.073192,2389,1514,2735,2965,2496,1994
-0.165114,-0.057070,0.521843,-0.065645,0.084036,-0.083078,2643,1514,2736,2972,2738,1994
-0.186764,-0.055771,0.500370,-0.035392,0.082067,-0.086598,2835,1514,2736,2973,2895,1994
-0.198701,-0.055540,0.492759,-0.021300,0.081761,-0.085252,2929,1513,2737,2973,2999,1994
-0.197648,-0.056892,0.494206,-0.023003,0.083170,-0.084866,2911,1505,2735,2973,3003,1994
-0.187588,-0.058214,0.468607,-0.015217,0.082302,-0.111265,2910,1505,2720,2973,3003,1994
-0.184950,-0.059552,0.462497,-0.013533,0.083105,-0.117791,2910,1505,2720,2973,3003,1994
-0.186523,-0.060342,0.467012,-0.015052,0.084270,-0.113341,2910,1505,2720,2973,3003,1994
-0.186523,-0.060342,0.467012,-0.015052,0.084270,-0.113341,2910,1505,2720,2973,3003,1994
-0.186523,-0.060342,0.467012,-0.015052,0.084270,-0.113341,2910,1505,2720,2973,3003,1994
-0.186843,-0.060672,0.467825,-0.015294,0.084669,-0.112530,2910,1505,2720,2974,3003,1994
-0.183182,-0.059468,0.457518,-0.011874,0.082604,-0.122784,2910,1505,2720,2974,3003,1994
-0.183182,-0.059468,0.457518,-0.011874,0.082604,-0.122784,2910,1505,2720,2974,3003,1994
-0.183182,-0.059468,0.457518,-0.011874,0.082604,-0.122784,2910,1505,2720,2974,3003,1994
-0.183182,-0.059468,0.457518,-0.011874,0.082604,-0.122784,2910,1505,2719,2974,3003,1994
-0.183182,-0.059468,0.457518,-0.011874,0.082604,-0.122784,2910,1505,2719,2974,3003,1994
-0.183182,-0.059468,0.457518,-0.011874,0.082604,-0.122784,2910,1505,2719,2975,3003,1994
-0.185409,-0.060340,0.462689,-0.013278,0.083922,-0.117422,2910,1505,2719,2975,3003,1994
-0.184738,-0.060187,0.461433,-0.013039,0.083656,-0.118808,2910,1504,2719,2975,3003,1994
-0.185409,-0.060340,0.462689,-0.013278,0.083922,-0.117422,2910,1504,2719,2975,3003,1994
-0.187283,-0.061109,0.466989,-0.014428,0.085063,-0.112953,2910,1504,2717,2975,3003,1994
-0.187283,-0.061109,0.466989,-0.014428,0.085063,-0.112953,2910,1504,2714,2975,3003,1994
-0.186800,-0.061273,0.465231,-0.013728,0.085084,-0.114645,2910,1504,2713,2975,3003,1994
-0.187264,-0.061873,0.466941,-0.014404,0.085820,-0.113063,2910,1504,2715,2975,3003,1994
-0.187572,-0.062201,0.467720,-0.014634,0.086214,-0.112287,2910,1504,2723,2975,3003,1994
-0.187283,-0.061109,0.466989,-0.014428,0.085063,-0.112953,2910,1504,2727,2975,3004,1994
-0.185532,-0.058567,0.464167,-0.014111,0.082263,-0.116044,2910,1504,2713,2975,3004,1994
-0.187927,-0.061290,0.468491,-0.014839,0.085373,-0.111392,2910,1504,2713,2975,3004,1994
-0.184967,-0.061845,0.462540,-0.013517,0.085395,-0.117929,2906,1504,2718,2975,3004,1994
-0.186484,-0.061870,0.466915,-0.015003,0.085785,-0.113561,2900,1504,2725,2975,3004,1994
-0.185743,-0.060339,0.466987,-0.015652,0.084235,-0.113838,2896,1504,2727,2975,3003,1994
-0.197721,-0.062169,0.498645,-0.025602,0.088745,-0.081749,2893,1504,2727,2975,3001,1994
-0.181620,-0.057832,0.464278,-0.017277,0.081388,-0.118296,2881,1504,2726,2975,3000,1994
-0.190093,-0.060448,0.488559,-0.025455,0.086027,-0.094217,2865,1504,2726,2975,2997,1994
-0.181932,-0.057536,0.469526,-0.020255,0.081473,-0.113954,2849,1504,2727,2975,2996,1994
-0.181897,-0.059063,0.482205,-0.028044,0.083884,-0.104125,2826,1504,2727,2975,2995,1994
-0.171367,-0.056998,0.481611,-0.036019,0.081379,-0.110881,2770,1505,2730,2976,2992,1994
-0.175676,-0.058289,0.497936,-0.042619,0.083979,-0.095504,2759,1505,2732,2976,2978,1994
-0.175568,-0.058795,0.504075,-0.046466,0.084910,-0.090783,2740,1505,2737,2975,2950,1994
-0.160108,-0.055962,0.508097,-0.061175,0.081773,-0.096867,2597,1505,2740,2973,2743,1994
-0.153632,-0.056945,0.515137,-0.070596,0.082998,-0.095376,2541,1505,2738,2969,2742,1994
-0.136015,-0.058454,0.489826,-0.068949,0.082046,-0.126193,2514,1505,2727,2965,2741,1994
-0.135766,-0.057904,0.490025,-0.069275,0.081502,-0.126145,2514,1505,2730,2965,2741,1994
-0.140541,-0.057213,0.503764,-0.073946,0.081962,-0.112361,2515,1505,2736,2965,2741,1994
-0.140983,-0.056088,0.522106,-0.084868,0.082146,-0.097578,2475,1505,2740,2964,2741,1994
-0.135335,-0.057043,0.506110,-0.079498,0.081757,-0.113692,2479,1513,2726,2962,2741,1994
-0.133865,-0.057043,0.501137,-0.077606,0.081351,-0.118504,2481,1513,2726,2962,2740,1994
-0.156663,-0.057691,0.508376,-0.064044,0.083383,-0.098895,2582,1512,2734,2963,2641,1994
-0.152051,-0.057364,0.494727,-0.059312,0.081921,-0.112429,2581,1506,2726,2971,2640,1994
-0.151439,-0.058950,0.494242,-0.059478,0.083444,-0.113310,2582,1506,2726,2971,2640,1994
-0.150018,-0.059171,0.488971,-0.057361,0.083240,-0.118343,2583,1506,2726,2972,2639,1994
-0.150264,-0.058830,0.488266,-0.056739,0.082859,-0.118720,2582,1506,2725,2972,2618,1994
-0.150109,-0.059235,0.488546,-0.057028,0.083277,-0.118627,2581,1506,2724,2972,2607,1994
-0.148619,-0.058287,0.482159,-0.054296,0.081826,-0.124487,2581,1506,2719,2974,2604,1994
-0.150563,-0.059522,0.487208,-0.055844,0.083487,-0.119423,2581,1506,2713,2975,2605,1994
-0.150049,-0.059928,0.487747,-0.056576,0.083910,-0.119347,2576,1506,2707,2979,2605,1994
-0.150296,-0.061181,0.487643,-0.056302,0.085161,-0.119376,2569,1506,2700,2986,2605,1994
-0.151363,-0.063314,0.493209,-0.058847,0.087719,-0.114514,2567,1506,2692,2998,2605,1994
-0.151363,-0.065046,0.495339,-0.060133,0.089595,-0.112976,2564,1506,2681,3013,2605,1994
-0.150918,-0.068162,0.470764,-0.045362,0.090958,-0.132821,2631,1518,2663,3012,2669,1994
-0.151578,-0.067860,0.475302,-0.047630,0.091001,-0.128824,2628,1518,2664,3012,2667,1994
-0.150932,-0.067014,0.475407,-0.048216,0.090139,-0.129070,2627,1518,2665,3012,2667,1994
-0.152339,-0.067418,0.478955,-0.049277,0.090845,-0.125450,2627,1518,2670,3012,2666,1994
-0.150919,-0.066226,0.475367,-0.048211,0.089351,-0.129048,2627,1518,2676,3011,2665,1994
-0.153701,-0.064417,0.480211,-0.049011,0.087995,-0.123390,2627,1518,2682,3010,2664,1994
-0.154406,-0.064545,0.482440,-0.049821,0.088306,-0.121217,2627,1518,2682,3010,2664,1994
-0.153701,-0.064417,0.480211,-0.049011,0.087995,-0.123390,2627,1518,2682,3010,2664,1994
-0.151079,-0.063696,0.474067,-0.047319,0.086744,-0.129771,2627,1518,2682,3010,2664,1994
-0.154406,-0.064545,0.482440,-0.049821,0.088306,-0.121217,2627,1518,2682,3010,2664,1994
-0.151079,-0.063696,0.474067,-0.047319,0.086744,-0.129771,2627,1518,2681,3010,2664,1994
-0.154194,-0.065072,0.482325,-0.049911,0.088816,-0.121478,2627,1518,2681,3010,2664,1994
-0.154194,-0.065072,0.482325,-0.049911,0.088816,-0.121478,2627,1518,2680,3010,2664,1994
-0.154194,-0.065072,0.482325,-0.049911,0.088816,-0.121478,2627,1518,2679,3010,2664,1994
-0.153702,-0.065209,0.480213,-0.049001,0.088785,-0.123451,2627,1518,2677,3010,2664,1994
-0.153702,-0.065209,0.480213,-0.049001,0.088785,-0.123451,2628,1518,2676,3010,2664,1994
-0.151671,-0.064649,0.475277,-0.047582,0.087801,-0.128533,2628,1518,2674,3010,2664,1994
-0.153702,-0.066001,0.480214,-0.048992,0.089574,-0.123513,2631,1518,2672,3010,2667,1994
-0.152213,-0.065839,0.474837,-0.046869,0.088978,-0.128641,2633,1518,2671,3010,2669,1994
-0.154493,-0.066793,0.480214,-0.048357,0.090394,-0.123091,2635,1519,2670,3010,2670,1994
-0.153591,-0.066792,0.476151,-0.046575,0.090073,-0.126838,2636,1519,2669,3010,2670,1994
-0.155877,-0.067360,0.481535,-0.048068,0.091105,-0.121249,2642,1523,2669,3010,2670,1994
-0.155675,-0.067583,0.480201,-0.047406,0.091226,-0.122440,2648,1531,2669,3010,2671,1994
-0.154569,-0.066370,0.476336,-0.045923,0.089703,-0.126061,2651,1541,2669,3005,2671,1994
-0.154974,-0.066377,0.476376,-0.045627,0.089728,-0.125782,2654,1555,2668,2998,2671,1994
-0.154798,-0.065431,0.475278,-0.045105,0.088702,-0.126678,2655,1568,2665,2989,2671,1994
-0.152842,-0.063284,0.468970,-0.042805,0.086043,-0.132667,2654,1591,2647,2972,2672,1994
-0.149042,-0.063975,0.464309,-0.042935,0.086259,-0.138715,2655,1611,2635,2963,2676,1994
-0.147693,-0.064593,0.463116,-0.043260,0.086739,-0.140529,2657,1620,2630,2961,2687,1994
-0.145435,-0.064021,0.457712,-0.041734,0.085702,-0.146116,2660,1629,2624,2961,2698,1994
-0.145252,-0.064714,0.457232,-0.041574,0.086352,-0.146660,2682,1644,2613,2961,2714,1994
-0.149926,-0.066784,0.469121,-0.045155,0.089430,-0.134612,2692,1652,2608,2961,2722,1994
-0.148955,-0.066115,0.463103,-0.042236,0.088304,-0.139886,2699,1660,2604,2961,2730,1994
-0.148787,-0.065613,0.458334,-0.039448,0.087461,-0.143700,2702,1664,2602,2961,2733,1994
-0.147901,-0.064997,0.452737,-0.036720,0.086420,-0.148595,2702,1669,2597,2961,2735,1994
-0.146348,-0.064397,0.447312,-0.034625,0.085381,-0.153765,2703,1675,2590,2961,2735,1994
-0.146848,-0.064973,0.446070,-0.033461,0.085887,-0.154481,2704,1686,2576,2961,2736,1994
-0.147010,-0.065860,0.447188,-0.034008,0.086856,-0.153573,2708,1693,2570,2961,2736,1994
-0.147024,-0.066604,0.447233,-0.034015,0.087602,-0.153587,2714,1701,2564,2961,2737,1994
-0.148521,-0.068162,0.451349,-0.035339,0.089501,-0.149557,2718,1712,2556,2961,2739,1994
-0.147286,-0.067661,0.446909,-0.033595,0.088642,-0.153766,2723,1725,2548,2961,2749,1994
-0.146576,-0.067178,0.442622,-0.031532,0.087832,-0.157534,2731,1755,2531,2961,2766,1994
-0.143691,-0.065809,0.431155,-0.026789,0.085551,-0.168211,2740,1780,2505,2961,2768,1994
-0.142338,-0.065262,0.426466,-0.024987,0.084624,-0.172684,2743,1785,2498,2961,2768,1994
-0.142754,-0.066070,0.427245,-0.025126,0.085501,-0.171881,2745,1787,2490,2961,2768,1994
-0.143033,-0.068446,0.426550,-0.024449,0.087831,-0.172443,2746,1790,2479,2961,2769,1994
-0.142110,-0.069053,0.423126,-0.023068,0.088160,-0.175750,2747,1790,2474,2961,2770,1994
-0.144747,-0.071121,0.428263,-0.024113,0.090684,-0.170258,2752,1790,2470,2961,2779,1994
-0.139846,-0.070099,0.410376,-0.017017,0.088219,-0.187246,2768,1797,2461,2960,2807,1994
-0.142075,-0.071903,0.415969,-0.018667,0.090497,-0.181625,2774,1806,2458,2960,2813,1994
-0.143104,-0.072590,0.415975,-0.017850,0.091222,-0.181044,2778,1816,2454,2960,2817,1994
-0.142192,-0.070076,0.407393,-0.013334,0.088078,-0.188153,2784,1838,2442,2960,2818,1994
-0.143943,-0.069259,0.408654,-0.012737,0.087420,-0.186025,2787,1864,2412,2960,2821,1994
-0.140508,-0.068347,0.399319,-0.009731,0.085722,-0.195397,2787,1873,2403,2960,2821,1994
-0.141742,-0.069632,0.403931,-0.011571,0.087374,-0.191116,2789,1884,2395,2960,2821,1994
-0.140190,-0.069418,0.399872,-0.010308,0.086816,-0.195242,2790,1895,2386,2960,2822,1994
-0.139120,-0.068405,0.394911,-0.008121,0.085417,-0.199718,2791,1908,2376,2960,2822,1994
-0.140275,-0.068112,0.395114,-0.007338,0.085183,-0.198828,2792,1926,2356,2960,2823,1994
-0.139108,-0.067205,0.390766,-0.005602,0.083929,-0.202891,2792,1934,2346,2960,2823,1994
-0.139106,-0.067601,0.391266,-0.005905,0.084359,-0.202530,2792,1940,2337,2960,2823,1994
-0.137550,-0.067720,0.387339,-0.004723,0.084142,-0.206581,2792,1945,2328,2960,2823,1994
-0.136432,-0.067987,0.385058,-0.004201,0.084205,-0.209081,2792,1950,2321,2960,2823,1994
-0.135766,-0.068477,0.383567,-0.003806,0.084563,-0.210700,2793,1955,2315,2960,2823,1994
-0.134361,-0.068413,0.378745,-0.001957,0.084106,-0.215348,2794,1959,2310,2960,2823,1994
-0.134653,-0.069029,0.378691,-0.001685,0.084728,-0.215260,2800,1963,2306,2960,2823,1994
-0.136100,-0.069599,0.380236,-0.001484,0.085460,-0.213204,2810,1967,2301,2960,2828,1994
-0.135803,-0.069077,0.377146,0.000171,0.084711,-0.215774,2817,1971,2298,2960,2843,1994
-0.135956,-0.068815,0.374977,0.001620,0.084304,-0.217365,2823,1974,2295,2960,2856,1994
-0.137399,-0.069074,0.374699,0.002933,0.084598,-0.216721,2829,1977,2293,2960,2865,1994
-0.139447,-0.069557,0.375701,0.003941,0.085229,-0.214716,2831,1979,2291,2960,2867,1994
-0.137663,-0.067916,0.366729,0.008018,0.082893,-0.222735,2834,1982,2288,2960,2866,1994
-0.141315,-0.068002,0.367239,0.010589,0.083156,-0.220104,2844,1990,2277,2960,2870,1994
-0.141516,-0.068185,0.366543,0.011177,0.083297,-0.220542,2846,1996,2270,2960,2871,1994
-0.141483,-0.067670,0.362974,0.013335,0.082532,-0.223328,2848,2002,2263,2960,2872,1994
-0.143311,-0.068658,0.365796,0.013059,0.083785,-0.220067,2849,2009,2257,2960,2872,1994
-0.142655,-0.068136,0.362219,0.014729,0.082988,-0.223241,2850,2018,2247,2960,2872,1994
-0.141979,-0.067729,0.359314,0.015974,0.082352,-0.225907,2850,2028,2236,2960,2872,1994
-0.142961,-0.067546,0.359965,0.016347,0.082253,-0.224779,2850,2038,2225,2960,2873,1994
-0.141963,-0.067600,0.358586,0.016405,0.082172,-0.226479,2849,2049,2211,2960,2873,1994
-0.132030,-0.066787,0.367752,0.002929,0.081623,-0.225292,2802,2084,2163,3118,2756,1994
-0.131464,-0.067110,0.367860,0.002420,0.081931,-0.225580,2801,2075,2175,3110,2756,1994
-0.132501,-0.067873,0.371190,0.001205,0.082966,-0.222386,2800,2067,2190,3095,2756,1994
-0.133387,-0.068109,0.375034,-0.000452,0.083504,-0.218839,2799,2058,2209,3075,2756,1994
-0.132723,-0.067064,0.374433,-0.000621,0.082395,-0.219636,2795,2051,2228,3053,2756,1994
-0.147870,-0.063500,0.417236,-0.014977,0.082433,-0.176413,2783,1793,2505,2932,2755,1994
-0.146468,-0.063253,0.412220,-0.013009,0.081781,-0.181198,2783,1780,2512,2933,2755,1994
-0.149796,-0.065471,0.422180,-0.016466,0.084819,-0.171502,2783,1768,2521,2933,2751,1994
-0.150489,-0.065820,0.422176,-0.015912,0.085193,-0.171108,2783,1757,2533,2933,2738,1994
-0.149033,-0.064850,0.417030,-0.013915,0.083809,-0.175970,2783,1747,2545,2933,2722,1994
-0.152346,-0.064105,0.422391,-0.014600,0.083571,-0.169666,2783,1729,2568,2933,2702,1994
-0.152322,-0.062637,0.421814,-0.014283,0.082065,-0.170018,2783,1722,2573,2933,2702,1994
-0.154225,-0.062820,0.426600,-0.015717,0.082657,-0.165103,2781,1712,2579,2933,2703,1994
-0.165592,-0.066783,0.458673,-0.026376,0.089298,-0.133230,2768,1700,2584,2933,2700,1994
-0.153538,-0.062180,0.427114,-0.016582,0.082029,-0.165069,2755,1689,2589,2933,2701,1994
-0.156009,-0.064057,0.437581,-0.021031,0.084731,-0.155473,2744,1677,2592,2933,2703,1994
-0.150784,-0.063373,0.429939,-0.020474,0.083311,-0.164629,2733,1665,2596,2933,2703,1994
-0.155905,-0.069026,0.458463,-0.033865,0.091147,-0.139508,2722,1649,2608,2933,2696,1994
-0.151024,-0.067445,0.448000,-0.031317,0.088648,-0.150601,2717,1642,2616,2933,2696,1994
-0.148653,-0.066187,0.446927,-0.032546,0.087227,-0.152798,2707,1626,2634,2933,2695,1994
-0.143008,-0.062145,0.432247,-0.028045,0.081950,-0.167481,2701,1616,2643,2933,2695,1994
-0.149407,-0.064161,0.452062,-0.035129,0.085597,-0.148138,2695,1606,2652,2933,2690,1994
-0.149125,-0.063513,0.452871,-0.035856,0.084997,-0.147623,2686,1594,2660,2933,2674,1994
-0.150012,-0.063365,0.458517,-0.038622,0.085280,-0.142627,2674,1584,2667,2933,2655,1994
-0.150386,-0.063346,0.462942,-0.041044,0.085587,-0.138917,2660,1571,2675,2933,2632,1994
-0.148075,-0.062118,0.457650,-0.039635,0.083903,-0.144398,2647,1557,2683,2934,2613,1994
-0.150960,-0.063284,0.469033,-0.044329,0.085975,-0.133771,2636,1545,2690,2934,2603,1994
-0.150172,-0.062504,0.468983,-0.044931,0.085164,-0.134231,2625,1533,2695,2934,2599,1994
-0.150803,-0.062827,0.475905,-0.048676,0.085996,-0.128426,2616,1521,2699,2934,2599,1994
-0.149129,-0.062870,0.473053,-0.048247,0.085775,-0.131698,2608,1512,2702,2934,2597,1994
-0.147511,-0.062763,0.472182,-0.048991,0.085544,-0.133366,2597,1504,2705,2934,2598,1994
-0.146924,-0.063396,0.475337,-0.051382,0.086374,-0.131295,2587,1496,2710,2934,2598,1994
-0.146849,-0.063456,0.478956,-0.053663,0.086685,-0.128499,2581,1492,2713,2934,2597,1994
-0.144517,-0.063076,0.479068,-0.055577,0.086224,-0.129810,2585,1498,2709,2933,2600,1994
-0.144517,-0.063076,0.479068,-0.055577,0.086224,-0.129810,2586,1501,2703,2933,2600,1994
-0.147111,-0.064499,0.486555,-0.058105,0.088269,-0.122445,2586,1503,2701,2933,2600,1994
-0.144528,-0.063870,0.479104,-0.055580,0.087019,-0.129838,2587,1505,2701,2931,2600,1994
-0.143894,-0.064313,0.476380,-0.054403,0.087245,-0.132403,2588,1513,2700,2927,2600,1994
-0.144876,-0.064497,0.479072,-0.055278,0.087655,-0.129699,2596,1524,2699,2925,2600,1994
-0.144876,-0.064497,0.479072,-0.055278,0.087655,-0.129699,2609,1537,2697,2925,2600,1994
-0.151650,-0.066590,0.497961,-0.061496,0.091330,-0.110861,2620,1550,2689,2925,2601,1994
-0.145263,-0.063040,0.472558,-0.050993,0.085760,-0.134470,2626,1566,2677,2925,2602,1994
-0.145586,-0.062078,0.470793,-0.049667,0.084689,-0.135584,2631,1581,2663,2925,2611,1994
-0.145157,-0.064505,0.466490,-0.047333,0.086790,-0.139422,2637,1613,2624,2925,2656,1994
-0.143507,-0.066604,0.464958,-0.047670,0.088711,-0.141804,2646,1628,2609,2925,2670,1994
-0.137770,-0.067375,0.450606,-0.043381,0.088251,-0.156666,2656,1644,2594,2925,2682,1994
-0.138969,-0.070008,0.455816,-0.045598,0.091288,-0.152042,2665,1661,2583,2925,2688,1994
-0.134060,-0.068007,0.432480,-0.035177,0.087464,-0.173243,2687,1712,2558,2924,2692,1994
-0.137745,-0.069357,0.443402,-0.038954,0.089720,-0.162503,2693,1725,2550,2924,2692,1994
-0.136881,-0.067276,0.434765,-0.034361,0.087005,-0.169660,2705,1756,2525,2923,2692,1994
-0.135376,-0.066480,0.427610,-0.031169,0.085651,-0.176145,2707,1769,2512,2923,2693,1994
-0.137223,-0.067924,0.431921,-0.032338,0.087465,-0.171738,2712,1784,2498,2923,2693,1994
-0.136202,-0.067686,0.427048,-0.030156,0.086846,-0.176177,2717,1799,2483,2923,2694,1994
-0.134827,-0.068521,0.421594,-0.027884,0.087242,-0.181374,2721,1833,2453,2923,2694,1994
-0.133144,-0.068267,0.416868,-0.026315,0.086592,-0.186102,2722,1850,2437,2923,2698,1994
-0.129778,-0.067633,0.406797,-0.022800,0.085123,-0.196033,2735,1882,2403,2923,2727,1994
-0.129445,-0.068304,0.406805,-0.023059,0.085779,-0.196285,2743,1900,2387,2923,2742,1994
-0.127541,-0.068237,0.401418,-0.021257,0.085260,-0.201682,2751,1916,2370,2923,2751,1994
-0.123964,-0.066116,0.386003,-0.014648,0.081925,-0.215828,2760,1932,2354,2923,2760,1994
-0.125781,-0.067194,0.388698,-0.014853,0.083260,-0.212681,2770,1946,2341,2923,2763,1994
-0.126636,-0.066876,0.386035,-0.012549,0.082788,-0.214226,2782,1962,2328,2923,2763,1994
-0.131315,-0.069767,0.385037,-0.008205,0.085780,-0.212373,2789,2010,2250,2933,2820,1994
-0.126396,-0.069823,0.371944,-0.004053,0.084727,-0.225687,2787,2002,2250,2933,2821,1994
-0.126145,-0.072002,0.372109,-0.004324,0.086901,-0.225883,2786,1995,2251,2933,2821,1994
-0.124380,-0.073131,0.367730,-0.003016,0.087651,-0.230497,2785,1988,2251,2934,2821,1994
-0.123244,-0.074356,0.365626,-0.002606,0.088681,-0.232946,2785,1986,2251,2934,2821,1994
-0.123805,-0.076587,0.368338,-0.003799,0.091116,-0.230646,2785,1984,2251,2934,2821,1994
-0.141040,-0.068498,0.467537,-0.051176,0.090685,-0.141437,2600,1569,2654,2973,2616,1994
-0.140840,-0.067428,0.468155,-0.051726,0.089654,-0.140989,2597,1560,2663,2973,2614,1994
-0.144010,-0.067790,0.478799,-0.055751,0.090885,-0.130705,2595,1550,2674,2973,2606,1994
-0.144009,-0.066211,0.478795,-0.055770,0.089311,-0.130583,2587,1543,2682,2972,2592,1994
-0.146574,-0.065406,0.486084,-0.058229,0.089120,-0.123217,2579,1539,2684,2972,2582,1994
-0.142514,-0.062284,0.470481,-0.051899,0.084755,-0.137727,2576,1538,2683,2972,2574,1994
-0.143601,-0.063092,0.475996,-0.054414,0.085990,-0.132789,2576,1540,2681,2972,2572,1994
-0.144604,-0.063936,0.480795,-0.056557,0.087207,-0.128467,2576,1544,2679,2972,2571,1994
-0.144008,-0.063842,0.478789,-0.055798,0.086949,-0.130402,2578,1546,2676,2972,2570,1994
-0.148861,-0.066284,0.494212,-0.061400,0.090654,-0.115493,2580,1547,2674,2972,2572,1994
-0.145996,-0.065235,0.484735,-0.057859,0.088832,-0.124618,2583,1547,2670,2972,2573,1994
-0.142807,-0.064721,0.475747,-0.054867,0.087565,-0.133599,2585,1547,2666,2972,2574,1994
-0.145020,-0.066556,0.481461,-0.056604,0.089881,-0.127895,2585,1547,2662,2972,2574,1994
-0.143428,-0.066694,0.475425,-0.054154,0.089533,-0.133628,2585,1548,2658,2972,2575,1994
-0.143731,-0.067956,0.477141,-0.054952,0.090923,-0.132193,2586,1549,2653,2972,2575,1994
-0.141758,-0.068475,0.471236,-0.052879,0.090949,-0.138086,2586,1552,2645,2972,2575,1994
-0.141121,-0.068644,0.469697,-0.052436,0.090985,-0.139700,2586,1558,2642,2972,2575,1994
-0.138820,-0.068760,0.463942,-0.050719,0.090608,-0.145644,2592,1588,2632,2972,2575,1994
-0.138523,-0.068420,0.464229,-0.051133,0.090278,-0.145574,2607,1621,2613,2972,2577,1994
-0.138118,-0.068363,0.463368,-0.050926,0.090145,-0.146495,2610,1637,2599,2972,2577,1994
-0.138389,-0.068527,0.461207,-0.049384,0.090167,-0.148041,2611,1641,2592,2972,2581,1994
-0.136481,-0.069739,0.455473,-0.047355,0.090899,-0.153815,2627,1649,2580,2972,2606,1994
-0.142141,-0.069703,0.443255,-0.035389,0.090223,-0.159953,2681,1680,2564,2971,2645,1994
-0.143401,-0.070122,0.446063,-0.036112,0.090887,-0.157006,2681,1684,2556,2971,2645,1994
-0.143698,-0.070455,0.445843,-0.035739,0.091214,-0.157023,2681,1691,2546,2971,2648,1994
-0.135794,-0.071781,0.430664,-0.032646,0.091166,-0.173908,2693,1764,2488,2971,2650,1994
-0.134677,-0.071991,0.421548,-0.027930,0.090691,-0.181777,2706,1794,2464,2971,2650,1994
-0.134990,-0.071974,0.421441,-0.027618,0.090679,-0.181668,2708,1802,2457,2971,2650,1994
-0.133088,-0.072077,0.417046,-0.026421,0.090399,-0.186297,2711,1829,2432,2971,2650,1994
-0.132596,-0.072012,0.416640,-0.026561,0.090287,-0.186913,2712,1837,2424,2971,2650,1994
-0.132615,-0.072709,0.416699,-0.026573,0.090987,-0.186910,2712,1846,2416,2971,2650,1994
-0.130986,-0.072077,0.412110,-0.025051,0.089972,-0.191467,2712,1853,2410,2971,2650,1994
-0.130679,-0.072094,0.412214,-0.025356,0.089984,-0.191575,2713,1858,2406,2971,2651,1994
-0.130326,-0.072520,0.412751,-0.025960,0.090433,-0.191402,2713,1860,2404,2971,2651,1994
-0.127306,-0.070913,0.403600,-0.022748,0.088072,-0.200322,2713,1861,2404,2971,2651,1994
-0.128006,-0.071434,0.407481,-0.024570,0.088891,-0.196882,2713,1862,2404,2972,2651,1994
-0.126931,-0.070225,0.403463,-0.022969,0.087362,-0.200605,2713,1862,2405,2972,2651,1994
-0.129908,-0.071797,0.412501,-0.026145,0.089679,-0.191797,2713,1862,2405,2972,2652,1994
-0.128521,-0.070935,0.408559,-0.024832,0.088489,-0.195679,2709,1862,2405,2972,2652,1994
-0.127988,-0.070753,0.407423,-0.024558,0.088207,-0.196885,2706,1862,2405,2972,2659,1994
-0.129000,-0.071950,0.413452,-0.027443,0.089863,-0.191618,2704,1862,2406,2972,2675,1994
-0.128516,-0.071875,0.417965,-0.030596,0.090086,-0.188360,2694,1863,2408,2972,2697,1994
-0.123167,-0.069148,0.413406,-0.032056,0.086843,-0.195007,2672,1864,2407,2972,2722,1994
-0.113120,-0.068532,0.414171,-0.040465,0.085895,-0.200511,2631,1869,2406,2972,2727,1994
-0.106210,-0.066505,0.403627,-0.039475,0.082868,-0.212875,2622,1869,2406,2972,2727,1994
-0.107933,-0.068784,0.421120,-0.048821,0.086434,-0.198244,2611,1869,2405,2971,2727,1994
-0.102605,-0.069649,0.427913,-0.057185,0.087569,-0.196235,2597,1869,2405,2971,2727,1994
-0.098814,-0.067935,0.419984,-0.055333,0.085158,-0.204657,2597,1869,2406,2971,2727,1994
-0.100547,-0.069955,0.432895,-0.061863,0.088145,-0.193602,2599,1867,2408,2971,2727,1994
-0.099586,-0.069168,0.429731,-0.060690,0.087101,-0.196617,2601,1864,2411,2971,2727,1994
-0.100328,-0.069194,0.429887,-0.060199,0.087166,-0.196041,2609,1862,2413,2971,2727,1994
-0.101538,-0.069414,0.429181,-0.058808,0.087383,-0.195873,2620,1860,2415,2971,2727,1994
-0.103664,-0.070189,0.430509,-0.057935,0.088330,-0.193587,2634,1859,2417,2971,2727,1994
-0.105431,-0.069089,0.423883,-0.052487,0.086836,-0.197628,2646,1858,2417,2971,2727,1994
-0.110387,-0.071051,0.433151,-0.054238,0.089634,-0.187459,2661,1857,2418,2971,2727,1994
-0.112640,-0.071121,0.428003,-0.049300,0.089429,-0.190132,2678,1857,2418,2972,2728,1994
-0.117103,-0.071800,0.427804,-0.045645,0.090264,-0.187609,2696,1857,2418,2972,2732,1994
-0.118346,-0.070478,0.418272,-0.038831,0.088325,-0.194239,2711,1856,2418,2972,2733,1994
-0.143794,-0.071346,0.411822,-0.014772,0.089717,-0.183788,2787,1856,2419,2972,2735,1994
-0.146721,-0.071461,0.412556,-0.012910,0.089995,-0.181428,2785,1856,2419,2972,2735,1994
-0.142935,-0.068881,0.398547,-0.007335,0.086294,-0.194560,2782,1857,2419,2972,2735,1994
-0.146013,-0.070460,0.407694,-0.010498,0.088629,-0.185606,2770,1857,2419,2972,2735,1994
-0.143136,-0.069430,0.404789,-0.011000,0.087287,-0.189571,2751,1857,2419,2972,2735,1994
-0.136291,-0.071222,0.418216,-0.024621,0.089753,-0.183348,2709,1857,2419,2972,2735,1994
-0.130182,-0.069400,0.409732,-0.024260,0.087105,-0.193618,2691,1857,2419,2972,2734,1994
-0.121499,-0.071185,0.428533,-0.042630,0.089871,-0.184294,2641,1857,2419,2972,2728,1994
-0.103982,-0.071173,0.428398,-0.056376,0.089174,-0.195130,2608,1857,2412,2972,2727,1994
-0.102944,-0.071557,0.430405,-0.058422,0.089658,-0.194219,2616,1857,2413,2972,2727,1994
-0.104169,-0.072857,0.433123,-0.059107,0.091193,-0.191434,2623,1857,2414,2972,2727,1994
-0.108881,-0.070933,0.422357,-0.048804,0.088700,-0.196860,2671,1856,2417,2972,2731,1994
-0.114904,-0.072496,0.428115,-0.047563,0.090895,-0.188766,2685,1856,2416,2972,2732,1994
-0.117733,-0.072443,0.423957,-0.042779,0.090659,-0.190299,2701,1855,2415,2972,2734,1994
-0.093085,-0.066176,0.421541,-0.060834,0.083293,-0.206803,2523,1856,2420,2972,2723,1994
-0.091118,-0.066150,0.431057,-0.068227,0.083860,-0.200523,2487,1859,2420,2972,2723,1994
-0.091390,-0.069088,0.456875,-0.083820,0.088612,-0.180285,2471,1859,2420,2972,2723,1994
-0.079309,-0.065431,0.444202,-0.085626,0.083611,-0.197363,2423,1860,2420,2972,2728,1994
-0.077103,-0.067002,0.459470,-0.096718,0.086164,-0.186832,2396,1860,2420,2972,2727,1994
-0.061998,-0.066792,0.474475,-0.117853,0.086427,-0.184269,2315,1858,2420,2972,2724,1994
-0.114661,-0.072331,0.431917,-0.050091,0.090987,-0.185912,2671,1847,2423,2973,2730,1994
-0.119244,-0.071523,0.423098,-0.041071,0.089739,-0.189975,2677,1847,2423,2973,2731,1994
-0.121616,-0.072164,0.428101,-0.042261,0.090821,-0.184639,2670,1847,2423,2973,2731,1994
-0.119727,-0.070787,0.423187,-0.040754,0.089031,-0.189552,2651,1847,2423,2973,2731,1994
-0.116762,-0.069820,0.418887,-0.040467,0.087651,-0.194673,2621,1848,2423,2973,2731,1994
-0.102719,-0.068224,0.416976,-0.050401,0.085385,-0.204653,2560,1848,2422,2973,2730,1994
-0.072497,-0.071417,0.460096,-0.100681,0.090432,-0.189511,2390,1848,2420,2972,2724,1994
-0.097239,-0.069732,0.409693,-0.050238,0.086164,-0.213857,2631,1845,2419,2972,2746,1994
-0.090374,-0.072096,0.441318,-0.075036,0.090478,-0.193380,2495,1841,2420,2971,2573,1994
-0.063325,-0.070769,0.484312,-0.122792,0.091134,-0.176035,2249,1842,2422,2972,2394,1994
-0.074463,-0.069684,0.444404,-0.089521,0.087678,-0.200509,2460,1838,2421,2972,2576,1994
-0.093917,-0.072450,0.437960,-0.070174,0.090732,-0.193878,2584,1833,2422,2972,2683,1994
-0.127531,-0.073050,0.410622,-0.026852,0.090704,-0.194831,2700,1831,2422,2972,2810,1994
-0.116812,-0.072368,0.411470,-0.035844,0.089671,-0.200677,2645,1834,2422,2972,2790,1994
-0.115128,-0.072944,0.418930,-0.041744,0.090704,-0.195888,2624,1835,2422,2972,2768,1994
-0.108829,-0.071347,0.413503,-0.043407,0.088489,-0.203888,2601,1835,2422,2972,2740,1994
-0.087875,-0.071937,0.446902,-0.080438,0.090616,-0.190507,2473,1840,2422,2972,2647,1994
-0.079831,-0.066677,0.420299,-0.070528,0.083194,-0.215939,2455,1841,2422,2972,2626,1994
-0.080321,-0.068869,0.439930,-0.082162,0.086778,-0.200375,2435,1841,2422,2972,2602,1994
-0.079485,-0.071265,0.464472,-0.097853,0.090858,-0.181776,2398,1842,2423,2972,2567,1994
-0.074434,-0.069519,0.462926,-0.100913,0.088814,-0.185949,2362,1842,2423,2972,2543,1994
-0.070613,-0.068229,0.459066,-0.101578,0.087110,-0.191223,2335,1842,2423,2972,2526,1994
-0.068360,-0.070375,0.479975,-0.116160,0.090631,-0.176330,2300,1842,2423,2972,2501,1994
-0.065203,-0.069193,0.474471,-0.115290,0.088944,-0.182499,2279,1842,2423,2972,2484,1994
-0.060926,-0.070376,0.493769,-0.130495,0.091314,-0.170037,2229,1842,2423,2972,2439,1994
-0.078586,-0.071830,0.450667,-0.090083,0.090416,-0.193229,2391,1832,2423,2972,2539,1994
-0.072132,-0.070654,0.454249,-0.097391,0.089246,-0.194273,2343,1835,2423,2972,2507,1994
-0.061335,-0.070733,0.480989,-0.122324,0.090788,-0.179865,2248,1838,2423,2972,2420,1994
-0.088305,-0.072172,0.438120,-0.074706,0.090250,-0.197169,2538,1830,2423,2974,2556,1994
-0.124841,-0.073625,0.410031,-0.028606,0.091132,-0.196989,2708,1829,2423,2974,2732,1994
-0.120367,-0.072617,0.407299,-0.030474,0.089763,-0.201799,2661,1829,2422,2973,2705,1994
-0.095328,-0.072401,0.426698,-0.062149,0.089946,-0.201866,2506,1830,2422,2973,2619,1994
-0.059725,-0.070701,0.480767,-0.123460,0.090678,-0.181024,2230,1838,2423,2974,2427,1994
-0.068778,-0.070319,0.482965,-0.117666,0.090801,-0.173718,2335,1842,2423,2973,2477,1994
-0.067992,-0.070127,0.488778,-0.121857,0.090988,-0.169613,2331,1852,2423,2972,2476,1994
-0.068374,-0.069374,0.493540,-0.124488,0.090586,-0.165575,2330,1869,2423,2972,2476,1994
-0.065840,-0.065933,0.477694,-0.116807,0.085945,-0.179316,2330,1877,2423,2972,2476,1994
-0.066719,-0.066115,0.485490,-0.120895,0.086709,-0.172661,2329,1885,2422,2972,2476,1994
-0.065860,-0.063661,0.485056,-0.121338,0.084198,-0.173335,2322,1891,2421,2972,2476,1994
-0.066483,-0.063014,0.491509,-0.124815,0.084032,-0.167828,2317,1893,2419,2972,2476,1994
-0.066061,-0.062399,0.492670,-0.125868,0.083483,-0.167125,2314,1893,2419,2972,2476,1994
-0.065251,-0.062400,0.492682,-0.126515,0.083454,-0.167611,2313,1892,2417,2972,2476,1994
-0.063883,-0.062795,0.492749,-0.127632,0.083800,-0.168428,2313,1889,2416,2972,2476,1994
-0.064194,-0.064369,0.497282,-0.130147,0.085699,-0.164797,2313,1887,2417,2972,2476,1994
-0.063614,-0.064550,0.494730,-0.129037,0.085678,-0.167174,2313,1886,2418,2972,2476,1994
-0.062921,-0.063892,0.487224,-0.124986,0.084468,-0.173449,2313,1885,2418,2972,2476,1994
-0.064438,-0.064966,0.494798,-0.128423,0.086129,-0.166649,2313,1885,2418,2972,2476,1994
-0.064066,-0.064869,0.492938,-0.127576,0.085887,-0.168331,2313,1885,2418,2972,2476,1994
-0.064054,-0.064631,0.491510,-0.126712,0.085550,-0.169442,2313,1884,2418,2972,2476,1994
-0.064327,-0.065528,0.494192,-0.128131,0.086643,-0.167238,2313,1884,2418,2972,2476,1994
-0.064327,-0.065528,0.494192,-0.128131,0.086643,-0.167238,2313,1884,2418,2972,2476,1994
-0.064240,-0.065453,0.494283,-0.128257,0.086571,-0.167213,2313,1884,2418,2972,2476,1994
-0.062655,-0.064272,0.483479,-0.122893,0.084573,-0.176587,2313,1884,2418,2972,2476,1994
-0.064077,-0.065693,0.493026,-0.127611,0.086716,-0.168321,2313,1883,2417,2972,2476,1994
-0.064439,-0.066191,0.494804,-0.128410,0.087351,-0.166740,2316,1883,2416,2972,2476,1994
-0.064436,-0.066595,0.494778,-0.128391,0.087751,-0.166794,2318,1883,2414,2972,2476,1994
-0.064496,-0.066520,0.493129,-0.127333,0.087563,-0.168048,2320,1883,2412,2972,2476,1994
-0.063868,-0.066896,0.490918,-0.126467,0.087758,-0.170202,2321,1883,2411,2972,2476,1994
-0.064437,-0.067819,0.494782,-0.128377,0.088972,-0.166887,2321,1883,2410,2972,2476,1994
-0.063812,-0.066772,0.488366,-0.124947,0.087453,-0.172233,2322,1883,2409,2972,2476,1994
-0.063815,-0.067579,0.488391,-0.124950,0.088260,-0.172275,2325,1883,2408,2972,2476,1994
-0.063448,-0.067768,0.485325,-0.123355,0.088219,-0.174926,2330,1883,2408,2972,2477,1994
-0.063962,-0.068509,0.488696,-0.125008,0.089213,-0.172019,2334,1883,2408,2972,2479,1994
-0.063599,-0.067953,0.482488,-0.121492,0.088210,-0.177079,2336,1883,2408,2972,2481,1994
-0.065509,-0.069349,0.493385,-0.126654,0.090440,-0.167450,2336,1883,2408,2972,2481,1994
-0.065068,-0.068813,0.488806,-0.124199,0.089567,-0.171278,2337,1883,2408,2972,2481,1994
-0.066009,-0.067797,0.486604,-0.122117,0.088436,-0.172353,2347,1883,2408,2972,2482,1994
-0.066366,-0.068500,0.488646,-0.123080,0.089294,-0.170585,2350,1883,2408,2972,2482,1994
-0.064797,-0.066941,0.475366,-0.116189,0.086746,-0.181866,2353,1883,2409,2972,2482,1994
-0.067111,-0.068659,0.486569,-0.121215,0.089335,-0.171774,2355,1883,2409,2972,2483,1994
-0.067357,-0.068151,0.481673,-0.118022,0.088494,-0.175433,2356,1883,2409,2972,2483,1994
-0.067976,-0.068095,0.482313,-0.117928,0.088507,-0.174547,2362,1883,2410,2972,2484,1994
-0.067180,-0.067208,0.474639,-0.113858,0.087054,-0.180999,2366,1883,2411,2972,2484,1994
-0.069303,-0.067830,0.483254,-0.117461,0.088360,-0.172973,2368,1883,2412,2972,2484,1994
-0.070116,-0.067341,0.481547,-0.115778,0.087784,-0.173779,2371,1883,2412,2972,2486,1994
-0.069801,-0.067012,0.475023,-0.112027,0.086986,-0.179076,2374,1883,2409,2972,2512,1994
-0.070648,-0.068066,0.481391,-0.115253,0.088516,-0.173633,2383,1883,2408,2972,2525,1994
-0.070103,-0.068317,0.480360,-0.115048,0.088673,-0.174797,2391,1883,2408,2972,2535,1994
-0.069329,-0.068005,0.470329,-0.109507,0.087628,-0.183135,2405,1883,2407,2972,2548,1994
-0.073631,-0.069811,0.482341,-0.113459,0.090437,-0.171196,2424,1883,2407,2972,2552,1994
-0.073067,-0.068234,0.469590,-0.106099,0.087948,-0.181444,2436,1883,2408,2972,2552,1994
-0.074192,-0.066658,0.459725,-0.099177,0.085727,-0.188388,2445,1884,2408,2972,2552,1994
-0.076628,-0.067783,0.466356,-0.101308,0.087408,-0.181770,2456,1884,2408,2972,2552,1994
-0.081865,-0.066565,0.457528,-0.091772,0.085776,-0.185408,2490,1885,2407,2972,2553,1994
-0.084617,-0.066536,0.447167,-0.083241,0.085126,-0.191867,2509,1884,2407,2972,2563,1994
-0.089357,-0.068400,0.446924,-0.079326,0.087149,-0.189302,2538,1886,2407,2971,2613,1994
-0.092680,-0.069898,0.456658,-0.082658,0.089453,-0.179730,2551,1886,2406,2971,2639,1994
-0.092014,-0.067474,0.442181,-0.074330,0.085995,-0.191331,2565,1885,2406,2971,2659,1994
-0.091525,-0.066017,0.431105,-0.067937,0.083746,-0.200225,2579,1885,2406,2971,2669,1994
-0.112565,-0.070323,0.447565,-0.061374,0.090005,-0.174732,2649,1885,2406,2971,2700,1994
-0.111954,-0.068281,0.431070,-0.051760,0.086787,-0.187916,2668,1885,2406,2971,2726,1994
-0.113640,-0.067792,0.424542,-0.046429,0.085906,-0.191978,2686,1885,2406,2971,2753,1994
-0.115000,-0.066893,0.416920,-0.040689,0.084527,-0.197067,2704,1885,2406,2971,2775,1994
-0.118152,-0.066780,0.413183,-0.035908,0.084273,-0.198066,2721,1885,2406,2971,2791,1994
-0.130663,-0.066508,0.408292,-0.023033,0.084140,-0.194227,2746,1886,2406,2971,2807,1994
-0.131659,-0.066502,0.408252,-0.022223,0.084169,-0.193648,2745,1886,2406,2971,2806,1994
-0.131811,-0.066629,0.409188,-0.022676,0.084368,-0.192828,2743,1886,2406,2971,2806,1994
-0.127934,-0.066017,0.404321,-0.022757,0.083267,-0.198983,2728,1886,2406,2971,2805,1994
-0.126669,-0.066389,0.407528,-0.025719,0.083814,-0.197265,2721,1885,2406,2971,2804,1994
-0.127349,-0.067112,0.413376,-0.028762,0.084972,-0.192307,2715,1885,2406,2971,2796,1994
-0.125611,-0.067916,0.413945,-0.030473,0.085746,-0.192988,2706,1885,2406,2971,2780,1994
-0.122130,-0.067261,0.408850,-0.030103,0.084602,-0.199075,2694,1885,2406,2971,2760,1994
-0.120440,-0.066582,0.408826,-0.031431,0.083858,-0.200076,2682,1885,2406,2971,2744,1994
-0.120155,-0.067917,0.422625,-0.040107,0.086147,-0.189504,2661,1885,2406,2971,2728,1994
-0.121686,-0.070533,0.437504,-0.047996,0.089859,-0.177073,2651,1885,2406,2971,2725,1994
-0.113358,-0.067251,0.417449,-0.042305,0.084858,-0.197687,2639,1885,2406,2971,2723,1994
-0.106312,-0.065981,0.416321,-0.047191,0.083241,-0.202790,2612,1885,2406,2971,2722,1994
-0.106517,-0.067537,0.427859,-0.054090,0.085610,-0.193713,2598,1885,2406,2971,2714,1994
-0.101449,-0.066255,0.420286,-0.053461,0.083605,-0.202672,2584,1885,2406,2971,2690,1994
-0.100992,-0.070944,0.458742,-0.077362,0.090963,-0.173081,2536,1885,2406,2971,2629,1994
-0.094071,-0.067877,0.442678,-0.073006,0.086511,-0.189712,2519,1885,2406,2971,2615,1994
-0.089521,-0.068332,0.452638,-0.082705,0.087489,-0.184703,2480,1886,2406,2971,2595,1994
-0.085552,-0.067667,0.453422,-0.086328,0.086729,-0.186465,2458,1886,2406,2971,2576,1994
-0.080764,-0.068911,0.468415,-0.099293,0.088837,-0.177706,2411,1886,2406,2971,2527,1994
-0.072814,-0.066798,0.464658,-0.103290,0.086160,-0.185364,2361,1886,2406,2971,2480,1994
-0.068238,-0.068030,0.481162,-0.117015,0.088372,-0.175286,2317,1886,2406,2971,2442,1994
-0.066992,-0.069585,0.494880,-0.126398,0.090837,-0.165384,2306,1886,2406,2971,2431,1994
-0.061355,-0.068436,0.492068,-0.129137,0.089277,-0.170959,2279,1886,2406,2971,2405,1994
-0.061215,-0.068798,0.499744,-0.133954,0.090173,-0.165036,2271,1885,2406,2971,2396,1994
-0.058800,-0.067894,0.494480,-0.132641,0.088808,-0.170584,2267,1885,2406,2971,2393,1994
-0.059243,-0.069475,0.506445,-0.139614,0.091242,-0.161028,2270,1885,2406,2971,2396,1994
-0.059088,-0.069126,0.501843,-0.136917,0.090564,-0.164715,2280,1884,2406,2971,2398,1994
-0.061228,-0.069636,0.499852,-0.133999,0.091016,-0.165010,2312,1885,2406,2971,2405,1994
-0.065609,-0.068342,0.486562,-0.122401,0.088961,-0.172675,2371,1885,2406,2971,2481,1994
-0.068333,-0.069662,0.489122,-0.121805,0.090561,-0.169097,2392,1885,2406,2971,2506,1994
-0.069554,-0.068776,0.482488,-0.116781,0.089260,-0.173496,2414,1885,2406,2971,2528,1994
-0.070163,-0.067055,0.463854,-0.104886,0.086258,-0.187640,2436,1885,2406,2971,2546,1994
-0.074193,-0.068484,0.471339,-0.106280,0.088364,-0.179398,2457,1885,2406,2971,2560,1994
-0.075956,-0.068068,0.463896,-0.100326,0.087494,-0.184139,2478,1885,2406,2971,2571,1994
-0.082398,-0.070659,0.475791,-0.102507,0.091161,-0.171043,2496,1885,2406,2971,2584,1994
-0.088301,-0.067506,0.446385,-0.079841,0.086179,-0.190302,2559,1885,2406,2971,2642,1994
-0.107549,-0.067244,0.428842,-0.053883,0.085427,-0.192285,2666,1887,2406,2971,2735,1994
-0.109423,-0.065504,0.416567,-0.044892,0.082902,-0.200652,2686,1887,2406,2971,2752,1994
-0.130076,-0.066461,0.413521,-0.026707,0.084438,-0.190471,2736,1887,2407,2971,2794,1994
-0.130752,-0.066460,0.413512,-0.026168,0.084462,-0.190063,2734,1887,2407,2971,2793,1994
-0.129120,-0.065876,0.408597,-0.024447,0.083472,-0.194882,2730,1887,2407,2971,2793,1994
-0.125735,-0.065945,0.409156,-0.027461,0.083449,-0.196522,2705,1887,2407,2971,2789,1994
-0.126062,-0.067358,0.417919,-0.032563,0.085487,-0.189542,2694,1886,2406,2971,2777,1994
-0.123143,-0.067799,0.418529,-0.035236,0.085856,-0.190886,2682,1886,2406,2971,2759,1994
-0.116610,-0.065873,0.406305,-0.032916,0.082826,-0.204349,2664,1886,2406,2971,2735,1994
-0.114538,-0.066499,0.411881,-0.037966,0.083762,-0.201282,2645,1886,2406,2971,2713,1994
-0.106140,-0.066318,0.420875,-0.050118,0.083890,-0.199340,2584,1886,2406,2971,2666,1994
-0.082088,-0.064279,0.434942,-0.077764,0.081920,-0.202852,2447,1888,2406,2971,2541,1994
-0.082898,-0.068206,0.464554,-0.095247,0.087945,-0.179379,2424,1888,2406,2971,2520,1994
-0.063076,-0.066097,0.480533,-0.120729,0.086202,-0.178790,2281,1889,2406,2971,2386,1994
-0.060250,-0.067111,0.494522,-0.131532,0.088087,-0.169600,2253,1889,2406,2971,2355,1994
-0.059968,-0.068237,0.505606,-0.138543,0.089977,-0.161146,2245,1889,2406,2971,2346,1994
-0.057474,-0.067285,0.500632,-0.137471,0.088582,-0.166510,2242,1889,2406,2971,2345,1994
-0.057729,-0.068155,0.507653,-0.141568,0.089952,-0.160902,2244,1887,2406,2971,2347,1994
-0.058099,-0.068549,0.508197,-0.141604,0.090398,-0.160279,2252,1886,2406,2971,2348,1994
-0.059955,-0.068944,0.500716,-0.135543,0.090338,-0.165056,2292,1886,2406,2971,2368,1994
-0.060970,-0.068050,0.492217,-0.129537,0.088888,-0.171047,2310,1885,2406,2971,2394,1994
-0.064318,-0.069023,0.490372,-0.125749,0.089857,-0.170524,2360,1885,2406,2971,2470,1994
-0.066917,-0.069959,0.494298,-0.126096,0.091166,-0.165918,2386,1886,2406,2971,2506,1994
-0.070483,-0.068776,0.477429,-0.112942,0.088940,-0.176906,2433,1887,2406,2971,2553,1994
-0.085206,-0.069598,0.474324,-0.099404,0.090108,-0.170393,2516,1888,2406,2971,2611,1994
-0.095027,-0.069324,0.457953,-0.081607,0.089063,-0.177228,2581,1888,2406,2971,2679,1994
-0.109084,-0.067538,0.436707,-0.057494,0.086332,-0.185183,2667,1889,2407,2971,2755,1994
-0.117988,-0.065431,0.416112,-0.037852,0.083127,-0.195757,2706,1889,2408,2972,2794,1994
-0.123182,-0.065314,0.417495,-0.034602,0.083309,-0.191478,2709,1890,2411,2972,2797,1994
-0.122536,-0.064393,0.413279,-0.032537,0.082069,-0.195117,2707,1890,2412,2972,2797,1994
-0.123601,-0.064965,0.418091,-0.034642,0.083019,-0.190725,2695,1890,2412,2972,2796,1994
-0.121700,-0.064386,0.416742,-0.035322,0.082273,-0.192905,2681,1890,2411,2972,2795,1994
-0.118871,-0.065846,0.427587,-0.044192,0.084381,-0.186225,2652,1889,2407,2972,2762,1994
-0.101209,-0.065213,0.435994,-0.063303,0.083661,-0.190384,2544,1890,2408,2972,2646,1994
-0.065693,-0.066922,0.488730,-0.123683,0.087701,-0.170805,2284,1892,2407,2972,2418,1994
-0.056492,-0.068078,0.515787,-0.147537,0.090399,-0.155257,2192,1888,2406,2971,2330,1994
-0.055141,-0.068753,0.518871,-0.150487,0.091236,-0.153713,2184,1888,2406,2971,2319,1994
-0.057642,-0.068769,0.511773,-0.144157,0.090850,-0.157763,2272,1885,2406,2972,2406,1994
-0.058295,-0.069059,0.505514,-0.139797,0.090725,-0.162309,2302,1885,2406,2972,2444,1994
-0.060251,-0.068789,0.498498,-0.133951,0.090039,-0.166606,2328,1886,2406,2972,2475,1994
-0.061771,-0.068435,0.492691,-0.129191,0.089336,-0.170213,2357,1886,2406,2972,2504,1994
-0.063069,-0.066987,0.478779,-0.119647,0.086965,-0.180244,2384,1887,2406,2972,2527,1994
-0.067518,-0.068847,0.489057,-0.122419,0.089713,-0.169583,2413,1887,2406,2972,2549,1994
-0.068872,-0.067334,0.475528,-0.113066,0.087307,-0.179273,2441,1887,2406,2972,2572,1994
-0.077995,-0.068432,0.470116,-0.102529,0.088373,-0.178027,2498,1887,2406,2972,2625,1994
-0.086879,-0.065218,0.437472,-0.075522,0.083217,-0.198001,2570,1888,2407,2972,2698,1994
-0.107857,-0.065373,0.421549,-0.049188,0.083062,-0.197684,2657,1889,2407,2972,2781,1994
-0.110760,-0.065333,0.420974,-0.046543,0.083093,-0.196354,2659,1889,2408,2972,2781,1994
-0.110895,-0.065139,0.418500,-0.044921,0.082731,-0.198202,2657,1889,2408,2972,2781,1994
-0.112242,-0.065468,0.422499,-0.046308,0.083392,-0.194258,2656,1889,2408,2972,2777,1994
-0.111012,-0.065514,0.421030,-0.046377,0.083287,-0.196170,2649,1889,2409,2972,2771,1994
-0.109687,-0.065329,0.421234,-0.047550,0.083066,-0.196807,2635,1889,2409,2972,2760,1994
-0.114827,-0.068448,0.445447,-0.058312,0.088074,-0.174863,2623,1889,2409,2972,2743,1994
-0.107162,-0.065157,0.424294,-0.051424,0.083012,-0.195933,2610,1889,2410,2972,2726,1994
-0.105485,-0.065400,0.427582,-0.054763,0.083421,-0.194395,2596,1889,2410,2972,2712,1994
-0.092191,-0.065774,0.447009,-0.077175,0.084646,-0.187290,2497,1889,2407,2972,2634,1994
-0.085399,-0.067558,0.459055,-0.089907,0.087010,-0.182120,2449,1888,2406,2972,2587,1994
-0.080113,-0.066712,0.453794,-0.090861,0.085593,-0.189429,2425,1887,2406,2972,2564,1994
-0.078868,-0.068939,0.470951,-0.102345,0.088970,-0.176875,2403,1886,2406,2972,2542,1994
-0.070976,-0.067933,0.468603,-0.107148,0.087498,-0.183477,2358,1886,2406,2972,2496,1994
-0.068643,-0.067959,0.474325,-0.112501,0.087836,-0.180409,2339,1886,2406,2972,2477,1994
-0.065477,-0.066896,0.469409,-0.111997,0.086309,-0.186131,2317,1887,2406,2972,2458,1994
-0.066103,-0.069313,0.495693,-0.127603,0.090589,-0.165268,2295,1887,2406,2972,2437,1994
-0.062171,-0.067048,0.484660,-0.123964,0.087405,-0.176175,2276,1887,2406,2972,2419,1994
-0.058624,-0.067113,0.494537,-0.132825,0.088027,-0.170585,2239,1887,2406,2972,2378,1994
-0.058255,-0.068135,0.504279,-0.139082,0.089716,-0.163231,2228,1887,2406,2972,2364,1994
-0.057076,-0.068809,0.511373,-0.144358,0.090841,-0.158428,2221,1887,2406,2972,2354,1994
-0.056033,-0.068125,0.507428,-0.142769,0.089842,-0.162115,2218,1887,2406,2972,2352,1994
-0.055771,-0.067613,0.507657,-0.143122,0.089337,-0.162055,2221,1887,2406,2972,2351,1994
-0.055773,-0.067614,0.507326,-0.142918,0.089315,-0.162315,2222,1886,2406,2972,2352,1994
-0.056622,-0.068470,0.507802,-0.142529,0.090234,-0.161487,2244,1885,2406,2972,2354,1994
-0.059011,-0.069171,0.507660,-0.140547,0.091015,-0.160191,2269,1886,2406,2972,2371,1994
-0.060705,-0.069195,0.507847,-0.139324,0.091117,-0.159008,2284,1885,2406,2972,2394,1994
-0.061260,-0.068154,0.498072,-0.132900,0.089415,-0.166273,2301,1885,2406,2972,2419,1994
-0.064262,-0.067786,0.485445,-0.122786,0.088276,-0.174335,2362,1886,2406,2972,2493,1994
-0.066366,-0.068500,0.488646,-0.123080,0.089294,-0.170585,2382,1886,2406,2972,2513,1994
-0.068238,-0.068030,0.481162,-0.117015,0.088372,-0.175286,2400,1886,2407,2972,2527,1994
-0.070801,-0.068933,0.482643,-0.115890,0.089475,-0.172622,2419,1886,2407,2972,2540,1994
-0.072903,-0.064951,0.453338,-0.096296,0.083528,-0.194065,2457,1887,2407,2972,2570,1994
-0.079852,-0.068468,0.474606,-0.103818,0.088796,-0.173361,2476,1887,2408,2972,2587,1994
-0.082296,-0.065801,0.450002,-0.086823,0.084503,-0.191002,2511,1887,2408,2972,2623,1994
-0.086818,-0.066026,0.446310,-0.080984,0.084642,-0.191152,2545,1887,2408,2972,2652,1994
-0.093239,-0.068905,0.461910,-0.085453,0.088855,-0.175179,2559,1887,2408,2972,2663,1994
-0.098427,-0.067865,0.452323,-0.075486,0.087344,-0.179457,2592,1888,2410,2972,2689,1994
-0.101326,-0.067307,0.447105,-0.070003,0.086533,-0.181740,2605,1888,2411,2972,2704,1994
-0.104669,-0.065690,0.433762,-0.059196,0.084113,-0.190057,2623,1888,2414,2972,2722,1994
-0.104884,-0.064259,0.424383,-0.053288,0.082035,-0.197188,2625,1888,2416,2972,2725,1994
-0.107083,-0.064141,0.426059,-0.052582,0.082121,-0.194514,2625,1888,2418,2972,2724,1994
-0.108226,-0.064453,0.429180,-0.053591,0.082695,-0.191384,2624,1888,2419,2972,2724,1994
-0.107750,-0.063516,0.426763,-0.052496,0.081572,-0.193502,2621,1890,2419,2972,2724,1994
-0.109161,-0.067226,0.463300,-0.073758,0.087892,-0.164198,2567,1889,2419,2972,2683,1994
-0.078539,-0.065285,0.463645,-0.098168,0.084802,-0.182534,2393,1889,2410,2972,2522,1994
-0.071805,-0.066522,0.475297,-0.110619,0.086594,-0.177594,2346,1889,2408,2972,2479,1994
-0.066763,-0.068365,0.494744,-0.126511,0.089603,-0.165535,2294,1888,2407,2972,2423,1994
-0.063649,-0.067266,0.488207,-0.124971,0.087929,-0.172496,2271,1888,2407,2972,2401,1994
-0.060698,-0.066616,0.485689,-0.125764,0.086990,-0.176233,2245,1888,2407,2972,2379,1994
-0.059982,-0.069084,0.505713,-0.138587,0.090830,-0.161120,2221,1888,2407,2972,2359,1994
-0.055118,-0.064930,0.485314,-0.129961,0.085068,-0.179813,2194,1888,2407,2972,2334,1994
-0.054992,-0.068309,0.522386,-0.152768,0.091036,-0.151005,2139,1888,2407,2972,2276,1994
-0.053225,-0.068127,0.526362,-0.156605,0.091065,-0.148946,2116,1887,2407,2972,2249,1994
-0.055592,-0.066360,0.492593,-0.134035,0.087023,-0.173912,2286,1884,2407,2973,2401,1994
-0.058331,-0.067114,0.492410,-0.131751,0.087868,-0.172438,2317,1885,2407,2973,2424,1994
-0.065579,-0.069245,0.499884,-0.130589,0.090795,-0.162288,2376,1886,2408,2973,2469,1994
-0.067446,-0.066480,0.474981,-0.113867,0.086363,-0.180510,2404,1886,2410,2973,2495,1994
-0.072235,-0.068602,0.486616,-0.117200,0.089479,-0.168594,2446,1886,2412,2973,2537,1994
-0.087448,-0.066271,0.457731,-0.087493,0.085712,-0.181804,2547,1886,2416,2973,2635,1994
-0.089016,-0.063693,0.436904,-0.073506,0.081740,-0.197019,2574,1887,2417,2973,2658,1994
-0.099412,-0.067859,0.462008,-0.080652,0.088056,-0.171237,2600,1887,2418,2973,2680,1994
-0.120928,-0.066027,0.445908,-0.053810,0.085928,-0.170572,2672,1888,2420,2973,2753,1994
-0.117308,-0.064298,0.434770,-0.049854,0.083283,-0.181411,2631,1888,2420,2973,2746,1994
-0.109713,-0.066401,0.452397,-0.066641,0.086325,-0.172369,2561,1891,2421,2973,2664,1994
-0.071935,-0.063918,0.487312,-0.117924,0.084847,-0.167860,2293,1892,2416,2973,2425,1994
-0.068630,-0.065142,0.499592,-0.128054,0.086803,-0.160324,2262,1892,2412,2973,2392,1994
-0.063955,-0.064952,0.498622,-0.131151,0.086365,-0.163936,2227,1892,2410,2973,2356,1994
-0.060760,-0.065660,0.504397,-0.137209,0.087354,-0.161408,2194,1892,2410,2972,2325,1994
-0.056009,-0.066458,0.521542,-0.151471,0.089170,-0.150898,2137,1891,2408,2972,2259,1994
-0.054803,-0.066986,0.529473,-0.157284,0.090207,-0.145442,2116,1890,2408,2972,2230,1994
-0.057571,-0.068310,0.522375,-0.150726,0.091135,-0.149433,2249,1887,2410,2973,2366,1994
-0.057708,-0.066846,0.507980,-0.141802,0.088670,-0.160554,2282,1888,2409,2973,2400,1994
-0.082301,-0.065226,0.469205,-0.098611,0.085278,-0.175852,2516,1890,2418,2973,2622,1994
-0.094264,-0.066304,0.468724,-0.088858,0.086780,-0.168986,2580,1891,2418,2973,2692,1994
-0.110208,-0.065080,0.444925,-0.061682,0.084503,-0.177838,2595,1891,2420,2973,2718,1994
-0.101124,-0.064149,0.452256,-0.073364,0.083739,-0.177564,2524,1892,2420,2973,2638,1994
-0.078976,-0.064910,0.486012,-0.111555,0.086016,-0.164647,2356,1892,2419,2973,2502,1994
-0.073007,-0.063601,0.480392,-0.112835,0.084086,-0.172619,2323,1892,2419,2973,2473,1994
-0.065347,-0.063042,0.485819,-0.122219,0.083616,-0.173001,2255,1892,2418,2973,2409,1994
-0.064015,-0.064693,0.503875,-0.134331,0.086479,-0.159747,2226,1892,2417,2973,2381,1994
-0.060061,-0.063989,0.503002,-0.136925,0.085563,-0.162801,2191,1892,2415,2973,2347,1994
-0.060002,-0.066679,0.528360,-0.152501,0.090023,-0.143108,2158,1892,2412,2973,2311,1994
-0.055291,-0.066906,0.536442,-0.161176,0.090636,-0.139657,2111,1891,2408,2973,2248,1994
-0.054246,-0.067789,0.517458,-0.150339,0.090142,-0.155296,2230,1886,2407,2973,2378,1994
-0.070890,-0.066539,0.493386,-0.122443,0.087846,-0.163930,2410,1889,2419,2973,2519,1994
-0.097219,-0.063985,0.451297,-0.075860,0.083358,-0.180697,2597,1889,2420,2973,2704,1994
-0.103457,-0.063200,0.434901,-0.060883,0.081664,-0.189708,2626,1889,2420,2973,2726,1994
-0.111222,-0.065988,0.451963,-0.065189,0.085941,-0.171753,2633,1889,2420,2973,2728,1994
-0.110892,-0.062988,0.429495,-0.051699,0.081359,-0.189387,2634,1889,2420,2973,2729,1994
-0.097289,-0.063170,0.446487,-0.072863,0.082210,-0.184372,2507,1891,2421,2973,2628,1994
-0.086496,-0.062955,0.462447,-0.091181,0.082702,-0.178417,2426,1892,2420,2973,2564,1994
-0.083164,-0.064236,0.474761,-0.101353,0.084715,-0.170876,2393,1892,2420,2973,2539,1994
-0.066805,-0.065261,0.513783,-0.138202,0.087848,-0.150292,2230,1892,2420,2973,2386,1994
-0.061962,-0.063376,0.504065,-0.136084,0.085100,-0.160752,2196,1893,2420,2973,2352,1994
-0.059682,-0.065830,0.538676,-0.159095,0.089889,-0.135125,2137,1892,2420,2973,2291,1994
-0.057169,-0.064112,0.528571,-0.154899,0.087370,-0.144475,2113,1892,2419,2973,2259,1994
-0.055776,-0.064716,0.535355,-0.160154,0.088395,-0.140041,2093,1891,2418,2973,2232,1994
-0.055715,-0.065550,0.544119,-0.165570,0.089840,-0.133252,2080,1891,2418,2973,2216,1994
-0.055769,-0.066187,0.551289,-0.169920,0.090981,-0.127631,2073,1889,2417,2973,2208,1994
-0.057827,-0.066387,0.534391,-0.157922,0.090073,-0.139675,2179,1885,2420,2973,2315,1994
-0.058942,-0.066765,0.528879,-0.153654,0.090105,-0.143357,2235,1885,2420,2973,2382,1994
-0.060404,-0.067160,0.524758,-0.149966,0.090266,-0.145732,2263,1885,2420,2973,2412,1994
-0.061120,-0.066188,0.514239,-0.142958,0.088586,-0.153489,2294,1886,2420,2973,2440,1994
-0.061958,-0.065056,0.503540,-0.135744,0.086737,-0.161300,2321,1886,2420,2973,2465,1994
-0.066431,-0.066821,0.512545,-0.137717,0.089302,-0.151617,2350,1887,2420,2973,2492,1994
-0.091682,-0.064024,0.451543,-0.080381,0.083201,-0.183898,2577,1887,2421,2973,2708,1994
-0.107615,-0.063593,0.434117,-0.057115,0.082161,-0.187807,2637,1887,2421,2977,2765,1994
-0.103240,-0.063062,0.437481,-0.062639,0.081699,-0.187801,2567,1888,2421,2980,2740,1994
-0.100722,-0.063461,0.442283,-0.067569,0.082338,-0.185598,2546,1888,2421,2980,2712,1994
-0.094931,-0.063022,0.449171,-0.076374,0.082160,-0.183695,2491,1889,2421,2980,2632,1994
-0.089097,-0.063664,0.462003,-0.088846,0.083478,-0.177228,2424,1889,2421,2980,2566,1994
-0.057725,-0.062851,0.494294,-0.133440,0.083727,-0.170990,2168,1889,2421,2973,2325,1994
-0.057104,-0.064041,0.514096,-0.146067,0.086280,-0.155892,2132,1889,2421,2973,2286,1994
-0.057516,-0.065131,0.531948,-0.156684,0.088637,-0.141687,2112,1888,2421,2973,2265,1994
-0.056124,-0.065864,0.543187,-0.164671,0.090103,-0.133760,2081,1884,2420,2974,2235,1994
-0.056902,-0.067003,0.535216,-0.159151,0.090708,-0.139642,2142,1883,2420,2978,2257,1994
-0.059805,-0.067450,0.532907,-0.155437,0.091104,-0.139714,2193,1883,2421,2981,2316,1994
-0.061139,-0.066939,0.527583,-0.151122,0.090272,-0.143043,2222,1883,2421,2981,2352,1994
-0.062557,-0.067057,0.524701,-0.148233,0.090242,-0.144450,2259,1883,2421,2979,2397,1994
-0.064199,-0.066259,0.505997,-0.135468,0.088196,-0.158090,2328,1884,2421,2976,2484,1994
-0.066465,-0.065825,0.498993,-0.129386,0.087358,-0.162175,2365,1884,2421,2975,2525,1994
-0.069896,-0.066349,0.499337,-0.126882,0.088036,-0.159845,2405,1884,2421,2975,2561,1994
-0.071903,-0.065442,0.486530,-0.117450,0.086311,-0.168614,2439,1884,2421,2975,2589,1994
-0.103319,-0.063426,0.427884,-0.056682,0.081391,-0.195328,2581,1885,2421,2978,2711,1994
-0.088072,-0.064517,0.462729,-0.090090,0.084339,-0.177353,2427,1887,2421,2975,2593,1994
-0.066735,-0.067370,0.513405,-0.137998,0.089921,-0.150798,2230,1887,2420,2973,2408,1994
-0.057109,-0.063088,0.497575,-0.135937,0.084170,-0.168805,2153,1886,2419,2973,2320,1994
-0.056975,-0.064543,0.516781,-0.147810,0.086965,-0.153900,2119,1885,2416,2973,2278,1994
-0.057891,-0.067297,0.532426,-0.156654,0.090844,-0.141253,2198,1884,2420,2973,2334,1994
-0.058434,-0.067033,0.527788,-0.153382,0.090276,-0.144547,2225,1884,2420,2973,2367,1994
-0.059375,-0.066808,0.521886,-0.149021,0.089673,-0.148594,2261,1884,2420,2973,2406,1994
-0.060142,-0.066618,0.514378,-0.143809,0.088985,-0.154013,2286,1884,2420,2973,2427,1994
-0.062495,-0.066238,0.506514,-0.137131,0.088145,-0.158725,2318,1884,2421,2974,2454,1994
-0.062596,-0.063035,0.479884,-0.120748,0.083086,-0.179352,2353,1884,2421,2974,2482,1994
-0.070290,-0.063974,0.475049,-0.111695,0.083978,-0.178515,2415,1884,2421,2974,2544,1994
-0.078870,-0.066535,0.481468,-0.108829,0.087313,-0.168414,2477,1884,2421,2974,2615,1994
-0.093288,-0.065953,0.458227,-0.083191,0.085656,-0.177811,2568,1884,2420,2974,2701,1994
-0.095523,-0.064990,0.446313,-0.074127,0.083945,-0.185735,2582,1884,2420,2974,2712,1994
-0.100156,-0.063880,0.436568,-0.064503,0.082332,-0.190472,2595,1884,2420,2974,2723,1994
-0.100742,-0.063314,0.431392,-0.060871,0.081427,-0.194139,2596,1884,2420,2974,2723,1994
-0.101855,-0.063771,0.432830,-0.060869,0.082026,-0.192362,2594,1884,2420,2974,2721,1994
-0.102719,-0.064634,0.436764,-0.062591,0.083196,-0.188808,2583,1884,2420,2974,2720,1994
-0.104954,-0.066426,0.452520,-0.070474,0.086175,-0.175190,2568,1884,2420,2974,2719,1994
-0.093552,-0.063605,0.437781,-0.070465,0.081889,-0.193542,2516,1884,2420,2974,2691,1994
-0.067471,-0.063674,0.485170,-0.120136,0.084282,-0.172260,2259,1890,2420,2973,2433,1994
-0.062884,-0.065609,0.521605,-0.146093,0.088594,-0.146570,2172,1889,2419,2973,2355,1994
-0.057106,-0.062392,0.500111,-0.137504,0.083654,-0.166758,2154,1889,2419,2973,2332,1994
-0.058186,-0.066501,0.535492,-0.158313,0.090277,-0.138598,2130,1888,2419,2973,2301,1994
-0.055646,-0.066094,0.531870,-0.158100,0.089519,-0.142970,2108,1888,2419,2973,2266,1994
-0.055530,-0.066379,0.540317,-0.163373,0.090392,-0.136422,2091,1887,2419,2973,2239,1994
-0.055371,-0.066088,0.543552,-0.165487,0.090323,-0.133952,2082,1885,2419,2973,2219,1994
-0.055911,-0.066658,0.547274,-0.167338,0.091174,-0.130739,2081,1884,2419,2973,2210,1994
-0.061636,-0.066217,0.502769,-0.135510,0.087828,-0.162195,2320,1884,2422,2974,2493,1994
-0.073086,-0.064987,0.479879,-0.112439,0.085435,-0.173084,2419,1884,2422,2974,2567,1994
-0.079314,-0.068374,0.499364,-0.119438,0.090420,-0.154214,2439,1884,2422,2974,2587,1994
-0.089480,-0.065947,0.468761,-0.092662,0.086243,-0.171860,2533,1884,2422,2981,2672,1994
-0.096491,-0.065035,0.457083,-0.079972,0.084784,-0.176676,2580,1884,2422,2981,2724,1994
-0.110965,-0.063456,0.442233,-0.059452,0.082724,-0.179362,2607,1820,2474,2974,2760,1994
-0.111022,-0.064943,0.442454,-0.059524,0.084223,-0.179270,2607,1810,2479,2975,2760,1994
-0.109724,-0.065755,0.435219,-0.056099,0.084475,-0.185820,2607,1801,2483,2979,2761,1994
-0.111835,-0.067270,0.441707,-0.058394,0.086521,-0.179545,2607,1795,2484,2982,2761,1994
-0.112613,-0.067867,0.442393,-0.058193,0.087195,-0.178575,2607,1792,2484,2982,2762,1994
-0.113737,-0.067884,0.442522,-0.057385,0.087265,-0.177787,2607,1791,2484,2982,2762,1994
-0.114862,-0.069204,0.445587,-0.058361,0.088838,-0.174792,2607,1791,2483,2982,2762,1994
-0.114385,-0.070030,0.445536,-0.058696,0.089640,-0.175189,2607,1791,2483,2979,2762,1994
-0.114896,-0.069960,0.445726,-0.058410,0.089603,-0.174722,2607,1792,2483,2976,2762,1994
-0.112839,-0.068965,0.439827,-0.056427,0.088118,-0.180542,2607,1794,2483,2976,2762,1994
-0.113334,-0.068655,0.442954,-0.057958,0.088048,-0.177755,2606,1796,2484,2978,2762,1994
-0.114058,-0.068425,0.445308,-0.058834,0.088012,-0.175442,2606,1798,2484,2980,2762,1994
-0.114024,-0.067670,0.445169,-0.058786,0.087249,-0.175512,2606,1799,2484,2979,2763,1994
-0.118778,-0.069975,0.463549,-0.066283,0.091020,-0.158328,2606,1800,2484,2975,2763,1994
-0.113990,-0.066916,0.445031,-0.058737,0.086486,-0.175582,2606,1801,2483,2975,2762,1994
-0.112656,-0.066785,0.442582,-0.058290,0.086132,-0.178315,2606,1801,2483,2975,2762,1994
-0.110637,-0.065952,0.435316,-0.055434,0.084713,-0.185200,2606,1801,2483,2975,2762,1994
-0.112311,-0.066994,0.442236,-0.058346,0.086302,-0.178815,2605,1800,2482,2974,2761,1994
-0.111586,-0.067017,0.439731,-0.057382,0.086121,-0.181231,2600,1800,2483,2974,2762,1994
-0.109920,-0.066668,0.435314,-0.055991,0.085398,-0.185698,2593,1800,2483,2974,2759,1994
-0.111720,-0.067602,0.444746,-0.060346,0.087062,-0.177252,2585,1800,2483,2974,2757,1994
-0.110659,-0.067256,0.444908,-0.061287,0.086688,-0.177746,2575,1801,2483,2974,2757,1994
-0.108234,-0.066931,0.444355,-0.062867,0.086232,-0.179642,2560,1801,2483,2974,2756,1994
-0.107208,-0.066581,0.448022,-0.065931,0.086101,-0.177359,2539,1801,2484,2974,2756,1994
-0.104324,-0.066103,0.448328,-0.068402,0.085534,-0.178846,2516,1801,2484,2974,2755,1994
-0.104818,-0.068605,0.468410,-0.080305,0.089459,-0.162950,2500,1801,2484,2974,2755,1994
-0.091429,-0.066046,0.460958,-0.086334,0.085868,-0.176810,2432,1801,2484,2974,2755,1994
-0.091728,-0.068048,0.481273,-0.098539,0.089302,-0.160809,2412,1799,2484,2974,2755,1994
-0.086086,-0.068346,0.487552,-0.106843,0.089823,-0.159352,2367,1796,2485,2978,2755,1994
-0.070625,-0.068312,0.514208,-0.135409,0.091066,-0.147859,2203,1801,2485,2974,2472,1994
-0.071765,-0.067857,0.522159,-0.139394,0.091215,-0.140871,2194,1801,2485,2974,2450,1994
-0.078638,-0.068863,0.503546,-0.122532,0.091175,-0.151378,2326,1795,2483,2973,2470,1994
-0.090512,-0.068734,0.468795,-0.091833,0.089062,-0.171421,2505,1794,2484,2973,2676,1994
-0.106974,-0.069990,0.470092,-0.079617,0.091040,-0.160416,2586,1794,2484,2973,2735,1994
-0.143209,-0.067653,0.417409,-0.018710,0.086405,-0.179462,2773,1792,2485,2973,2893,1994
-0.146549,-0.068849,0.426940,-0.021908,0.088396,-0.170015,2768,1792,2485,2973,2893,1994
-0.144098,-0.068389,0.423139,-0.021515,0.087575,-0.174469,2753,1792,2485,2973,2892,1994
-0.140605,-0.067083,0.418305,-0.021323,0.085800,-0.180308,2739,1792,2485,2973,2888,1994
-0.131674,-0.065532,0.411080,-0.023959,0.083402,-0.191338,2703,1792,2486,2974,2837,1994
-0.132399,-0.067048,0.421980,-0.030057,0.085707,-0.182442,2678,1792,2486,2975,2798,1994
-0.122139,-0.066524,0.431262,-0.043860,0.085441,-0.181386,2594,1792,2491,2981,2702,1994
-0.097258,-0.063054,0.472699,-0.088976,0.083935,-0.163769,2390,1792,2511,2974,2558,1994
-0.090079,-0.062926,0.476215,-0.096802,0.083778,-0.165392,2332,1791,2511,2974,2504,1994
-0.083730,-0.065100,0.501570,-0.117347,0.087481,-0.149515,2237,1791,2511,2973,2432,1994
-0.077074,-0.063123,0.500851,-0.122186,0.085204,-0.154002,2178,1791,2508,2973,2378,1994
-0.075710,-0.064255,0.509485,-0.128547,0.086886,-0.148137,2150,1791,2505,2973,2347,1994
-0.074479,-0.065854,0.524723,-0.138851,0.089503,-0.137034,2125,1791,2504,2973,2317,1994
-0.074834,-0.065794,0.534544,-0.144598,0.090147,-0.129089,2137,1791,2508,2973,2272,1994
-0.081721,-0.067766,0.517814,-0.128869,0.091203,-0.138183,2326,1790,2506,2973,2491,1994
-0.079775,-0.064566,0.488509,-0.112461,0.085879,-0.162166,2362,1790,2505,2973,2531,1994
-0.089928,-0.066040,0.480088,-0.099259,0.087148,-0.162686,2462,1790,2502,2973,2645,1994
-0.095589,-0.067644,0.488302,-0.099810,0.089542,-0.152884,2491,1790,2498,2973,2681,1994
-0.094665,-0.065873,0.463654,-0.085436,0.086010,-0.172694,2522,1790,2497,2973,2715,1994
-0.117194,-0.069142,0.459430,-0.065016,0.089839,-0.162472,2647,1790,2498,2973,2801,1994
-0.130228,-0.065848,0.432358,-0.038155,0.085156,-0.175516,2705,1790,2505,2973,2852,1994
-0.131738,-0.065231,0.432278,-0.036922,0.084594,-0.174604,2705,1790,2505,2973,2853,1994
-0.132163,-0.065164,0.432009,-0.036422,0.084524,-0.174551,2704,1790,2506,2973,2852,1994
-0.132541,-0.065219,0.432945,-0.036697,0.084659,-0.173587,2702,1790,2506,2973,2852,1994
-0.131766,-0.065189,0.432737,-0.037182,0.084585,-0.174223,2699,1790,2508,2973,2852,1994
-0.131045,-0.065458,0.434611,-0.038897,0.084957,-0.173212,2687,1790,2510,2973,2852,1994
-0.128750,-0.064395,0.431295,-0.038688,0.083576,-0.177142,2676,1790,2510,2973,2850,1994
-0.135633,-0.067748,0.457976,-0.049586,0.089057,-0.152209,2666,1790,2510,2973,2840,1994
-0.119607,-0.063437,0.431530,-0.046062,0.082286,-0.182483,2612,1790,2510,2974,2769,1994
-0.123573,-0.066406,0.455919,-0.057861,0.087111,-0.161109,2590,1790,2511,2974,2742,1994
-0.097821,-0.062837,0.451291,-0.075395,0.082236,-0.180242,2434,1790,2511,2974,2602,1994
-0.092837,-0.065529,0.484037,-0.099393,0.087028,-0.157758,2347,1790,2511,2974,2502,1994
-0.088650,-0.063679,0.477595,-0.098768,0.084570,-0.165242,2315,1790,2511,2974,2470,1994
-0.087235,-0.064865,0.489468,-0.107156,0.086532,-0.156866,2284,1790,2511,2974,2441,1994
-0.081161,-0.066268,0.514725,-0.127434,0.089471,-0.140836,2191,1790,2508,2973,2346,1994
-0.079509,-0.066539,0.521921,-0.133151,0.090183,-0.136211,2159,1790,2505,2973,2310,1994
-0.076391,-0.065262,0.516213,-0.132125,0.088388,-0.142508,2130,1790,2504,2973,2276,1994
-0.082561,-0.066954,0.511376,-0.124265,0.089974,-0.142666,2322,1790,2506,2974,2445,1994
-0.088610,-0.065590,0.489794,-0.106262,0.087331,-0.155825,2407,1790,2510,2974,2527,1994
-0.093382,-0.066813,0.500092,-0.108799,0.089457,-0.144899,2433,1790,2510,2974,2555,1994
-0.094658,-0.064404,0.480502,-0.095800,0.085729,-0.159333,2459,1790,2510,2974,2581,1994
-0.112269,-0.066045,0.469571,-0.075168,0.087275,-0.157269,2595,1790,2510,2974,2707,1994
-0.141402,-0.063390,0.431919,-0.029096,0.083105,-0.168821,2734,1790,2511,2974,2830,1994
-0.148305,-0.066636,0.453993,-0.037152,0.088157,-0.147490,2727,1790,2511,2974,2830,1994
-0.140562,-0.063602,0.434888,-0.031578,0.083493,-0.167018,2710,1790,2511,2974,2829,1994
-0.128369,-0.062216,0.432891,-0.039996,0.081502,-0.175948,2647,1790,2512,2974,2809,1994
-0.121902,-0.062461,0.435826,-0.046899,0.081703,-0.177621,2596,1790,2512,2974,2743,1994
-0.120679,-0.063307,0.445354,-0.053702,0.083168,-0.170945,2569,1790,2512,2974,2712,1994
-0.094477,-0.064155,0.481604,-0.096623,0.085551,-0.158557,2353,1790,2511,2974,2514,1994
-0.091909,-0.064839,0.490189,-0.103910,0.086737,-0.153433,2321,1790,2511,2974,2485,1994
-0.085616,-0.063260,0.481850,-0.103780,0.084335,-0.163721,2287,1790,2511,2974,2457,1994
-0.084929,-0.064643,0.493660,-0.111552,0.086517,-0.154964,2254,1790,2511,2974,2431,1994
-0.084773,-0.066083,0.513639,-0.123919,0.089349,-0.139462,2224,1790,2511,2974,2405,1994
-0.081551,-0.065040,0.512221,-0.125605,0.088086,-0.142469,2191,1790,2511,2973,2375,1994
-0.080610,-0.066210,0.527732,-0.135852,0.090305,-0.130940,2159,1790,2511,2973,2341,1994
-0.076202,-0.063736,0.512715,-0.130148,0.086615,-0.145254,2130,1790,2511,2973,2308,1994
-0.077584,-0.066472,0.538140,-0.144625,0.091181,-0.124629,2104,1790,2511,2973,2277,1994
-0.075133,-0.065355,0.536925,-0.145828,0.089888,-0.126999,2074,1790,2511,2973,2229,1994
-0.078601,-0.066016,0.535448,-0.142176,0.090577,-0.126087,2181,1790,2511,2973,2313,1994
-0.078843,-0.066290,0.534093,-0.141150,0.090764,-0.127027,2208,1790,2511,2973,2342,1994
-0.079545,-0.066157,0.531695,-0.139126,0.090490,-0.128471,2235,1790,2511,2973,2371,1994
-0.079850,-0.065669,0.521831,-0.132838,0.089323,-0.136003,2260,1790,2511,2973,2394,1994
-0.081426,-0.065794,0.519731,-0.130303,0.089360,-0.136699,2291,1790,2511,2973,2418,1994
-0.084308,-0.063902,0.496950,-0.114071,0.085986,-0.152698,2353,1790,2512,2974,2469,1994
-0.089672,-0.066550,0.513947,-0.120234,0.090025,-0.136256,2385,1790,2513,2975,2498,1994
-0.090907,-0.065009,0.498993,-0.110102,0.087486,-0.147137,2417,1791,2513,2976,2526,1994
-0.099317,-0.064817,0.492461,-0.099456,0.087160,-0.147106,2476,1791,2513,2976,2583,1994
-0.102099,-0.064628,0.486805,-0.093791,0.086682,-0.149835,2507,1791,2513,2976,2616,1994
-0.107586,-0.063357,0.466587,-0.077068,0.084205,-0.162272,2564,1791,2513,2975,2677,1994
-0.139990,-0.064362,0.437186,-0.033431,0.084390,-0.165621,2762,1791,2512,2974,2847,1994
-0.151973,-0.065120,0.437498,-0.024153,0.085629,-0.158094,2796,1790,2512,2974,2870,1994
-0.149292,-0.063502,0.423906,-0.017948,0.082958,-0.170297,2799,1790,2512,2974,2872,1994
-0.152758,-0.063962,0.427358,-0.017325,0.083793,-0.165496,2799,1790,2512,2974,2872,1994
-0.150172,-0.062557,0.417991,-0.013635,0.081635,-0.174336,2795,1790,2512,2974,2869,1994
-0.151300,-0.063490,0.423086,-0.015860,0.082966,-0.169711,2793,1790,2512,2974,2868,1994
-0.151889,-0.063935,0.427326,-0.017991,0.083730,-0.166051,2785,1790,2512,2974,2868,1994
-0.147266,-0.063062,0.422657,-0.018787,0.082354,-0.172486,2753,1790,2511,2974,2866,1994
-0.149002,-0.067148,0.448670,-0.033329,0.088321,-0.151289,2718,1790,2511,2974,2865,1994
-0.135960,-0.062830,0.421653,-0.027099,0.081616,-0.180184,2693,1790,2511,2974,2859,1994
-0.081309,-0.064267,0.493860,-0.114538,0.086016,-0.156995,2220,1790,2506,2973,2390,1994
-0.079709,-0.065675,0.509410,-0.125326,0.088450,-0.145859,2181,1790,2506,2973,2348,1994
-0.077584,-0.066472,0.538140,-0.144625,0.091181,-0.124629,2185,1790,2510,2973,2309,1994
-0.079398,-0.066507,0.538429,-0.143370,0.091306,-0.123294,2215,1790,2510,2973,2336,1994
-0.081789,-0.066298,0.528737,-0.135537,0.090509,-0.129434,2276,1790,2511,2974,2393,1994
-0.083881,-0.066635,0.524854,-0.131499,0.090653,-0.131233,2301,1790,2511,2974,2409,1994
-0.085608,-0.064619,0.496622,-0.112834,0.086727,-0.152217,2352,1790,2512,2975,2431,1994
-0.095122,-0.064880,0.493154,-0.103193,0.087110,-0.149136,2419,1790,2512,2975,2463,1994
-0.099255,-0.064965,0.481699,-0.092898,0.086549,-0.155620,2460,1790,2512,2975,2506,1994
-0.100216,-0.064091,0.474018,-0.087437,0.085175,-0.161001,2482,1790,2512,2975,2531,1994
-0.106698,-0.065193,0.472988,-0.081673,0.086451,-0.157927,2531,1790,2512,2975,2580,1994
-0.113439,-0.065258,0.469479,-0.074198,0.086529,-0.156563,2581,1790,2512,2975,2619,1994
-0.129344,-0.065315,0.452717,-0.051354,0.086020,-0.160005,2691,1790,2512,2975,2703,1994
-0.149139,-0.064815,0.431987,-0.023012,0.084828,-0.164140,2797,1790,2512,2975,2819,1994
-0.162539,-0.066354,0.442271,-0.018725,0.087601,-0.147965,2817,1790,2512,2975,2836,1994
-0.157270,-0.063381,0.422221,-0.010618,0.083027,-0.166725,2815,1790,2512,2974,2834,1994
-0.157904,-0.063420,0.422567,-0.010328,0.083114,-0.166068,2815,1790,2511,2974,2834,1994
-0.157230,-0.063775,0.422624,-0.010891,0.083446,-0.166465,2814,1790,2511,2974,2834,1994
-0.156748,-0.063783,0.422779,-0.011366,0.083447,-0.166638,2814,1790,2511,2974,2834,1994
-0.158102,-0.064677,0.427418,-0.013134,0.084716,-0.162231,2814,1790,2511,2974,2834,1994
-0.156067,-0.063664,0.421787,-0.011297,0.083232,-0.167826,2819,1790,2511,2974,2834,1994
-0.157067,-0.063773,0.422700,-0.011066,0.083443,-0.166504,2823,1790,2511,2974,2834,1994
-0.158475,-0.064126,0.422741,-0.009976,0.083852,-0.165637,2830,1790,2511,2974,2835,1994
-0.158801,-0.064036,0.419392,-0.007664,0.083540,-0.168064,2846,1790,2511,2974,2840,1994
-0.160224,-0.063956,0.418112,-0.005757,0.083425,-0.168193,2862,1790,2511,2974,2841,1994
-0.163105,-0.064859,0.420295,-0.004810,0.084589,-0.164782,2876,1790,2511,2975,2841,1994
-0.169883,-0.063900,0.417661,0.002144,0.083710,-0.162625,2893,1790,2511,2980,2842,1994
-0.173231,-0.062715,0.413328,0.007432,0.082353,-0.163888,2891,1790,2512,2978,2842,1994
-0.174886,-0.063261,0.418123,0.005802,0.083298,-0.159146,2879,1790,2512,2976,2842,1994
-0.172960,-0.063249,0.417978,0.004370,0.083201,-0.160440,2856,1790,2512,2975,2841,1994
-0.169887,-0.063183,0.417792,0.002058,0.083004,-0.162463,2832,1790,2512,2974,2838,1994
-0.156901,-0.065285,0.432718,-0.017327,0.085648,-0.158848,2774,1790,2512,2973,2839,1994
-0.151354,-0.063963,0.427372,-0.018441,0.083741,-0.166345,2762,1790,2512,2973,2839,1994
-0.145399,-0.063248,0.427323,-0.023121,0.082795,-0.169975,2741,1790,2513,2973,2838,1994
-0.148624,-0.065961,0.452042,-0.035712,0.087360,-0.148775,2706,1790,2513,2972,2833,1994
-0.122157,-0.062581,0.445393,-0.052567,0.082504,-0.169951,2602,1790,2514,2972,2735,1994
-0.116586,-0.062105,0.445017,-0.056741,0.081789,-0.173623,2572,1790,2514,2972,2728,1994
-0.114195,-0.064019,0.458002,-0.066573,0.084517,-0.165027,2551,1790,2514,2972,2728,1994
-0.110507,-0.063112,0.453708,-0.066861,0.083169,-0.170591,2542,1790,2514,2972,2728,1994
-0.110813,-0.064008,0.461612,-0.071458,0.084630,-0.164259,2535,1790,2514,2972,2727,1994
-0.106360,-0.062351,0.451981,-0.069084,0.082129,-0.174430,2526,1789,2514,2972,2727,1994
-0.105847,-0.063134,0.457897,-0.073110,0.083306,-0.170154,2517,1787,2514,2972,2719,1994
-0.105637,-0.064236,0.463420,-0.076651,0.084784,-0.166026,2505,1779,2515,2972,2703,1994
-0.104170,-0.064287,0.463162,-0.077650,0.084760,-0.167132,2492,1769,2518,2972,2686,1994
-0.102963,-0.064245,0.462869,-0.078424,0.084651,-0.168099,2483,1758,2527,2972,2676,1994
-0.101059,-0.064450,0.457551,-0.076661,0.084408,-0.173463,2479,1746,2540,2972,2671,1994
-0.103977,-0.067016,0.474935,-0.084993,0.088300,-0.158208,2477,1733,2552,2972,2669,1994
-0.103285,-0.064910,0.467440,-0.080967,0.085648,-0.164360,2479,1723,2564,2972,2669,1994
-0.106011,-0.064792,0.473600,-0.082597,0.086068,-0.157836,2479,1713,2575,2972,2669,1994
-0.108642,-0.063873,0.474866,-0.081309,0.085342,-0.155156,2479,1706,2584,2972,2669,1994
-0.110201,-0.063089,0.474863,-0.080086,0.084621,-0.154141,2478,1700,2589,2972,2668,1994
-0.110630,-0.061431,0.472121,-0.078086,0.082791,-0.155903,2478,1696,2592,2972,2668,1994
-0.112793,-0.062524,0.479068,-0.080627,0.084453,-0.149201,2477,1695,2591,2972,2668,1994
-0.112793,-0.062524,0.479068,-0.080627,0.084453,-0.149201,2475,1694,2586,2972,2668,1994
-0.112456,-0.062951,0.479297,-0.081029,0.084882,-0.149261,2473,1694,2581,2972,2668,1994
-0.111918,-0.064552,0.481383,-0.082713,0.086603,-0.148078,2472,1694,2581,2971,2668,1994
-0.108426,-0.063873,0.469887,-0.078424,0.084984,-0.159203,2471,1694,2581,2971,2668,1994
-0.107171,-0.064265,0.468765,-0.078720,0.085248,-0.160886,2471,1694,2581,2971,2668,1994
-0.108688,-0.065586,0.478336,-0.083379,0.087295,-0.152534,2471,1694,2580,2971,2668,1994
-0.108688,-0.065586,0.478336,-0.083379,0.087295,-0.152534,2473,1694,2579,2971,2668,1994
-0.109597,-0.066962,0.481599,-0.084647,0.088931,-0.149520,2477,1693,2579,2971,2668,1994
-0.110150,-0.067721,0.481796,-0.084322,0.089723,-0.149087,2479,1689,2579,2971,2668,1994
-0.110021,-0.067647,0.478974,-0.082693,0.089446,-0.151379,2480,1685,2580,2972,2668,1994
-0.110852,-0.067672,0.479158,-0.082150,0.089516,-0.150727,2481,1682,2580,2972,2668,1994
-0.111495,-0.067332,0.476566,-0.080055,0.089019,-0.152344,2482,1680,2580,2973,2668,1994
-0.111877,-0.067719,0.476513,-0.079716,0.089416,-0.152183,2482,1679,2580,2973,2668,1994
-0.111528,-0.067711,0.472638,-0.077614,0.089123,-0.155444,2482,1679,2580,2973,2668,1994
-0.111745,-0.068869,0.473638,-0.078041,0.090355,-0.154616,2487,1679,2580,2973,2668,1994
-0.115388,-0.068969,0.479989,-0.079062,0.091041,-0.147397,2502,1679,2580,2979,2673,1994
-0.114966,-0.068438,0.476778,-0.077431,0.090270,-0.150138,2502,1679,2580,2979,2673,1994
-0.115762,-0.068444,0.476827,-0.076833,0.090310,-0.149613,2504,1679,2580,2979,2673,1994
-0.114774,-0.067453,0.467919,-0.072159,0.088659,-0.157145,2533,1679,2580,2980,2674,1994
-0.123066,-0.067363,0.456959,-0.058888,0.088119,-0.160677,2624,1679,2581,2981,2677,1994
-0.149999,-0.068830,0.447319,-0.031691,0.089941,-0.151874,2751,1678,2583,2975,2821,1994
-0.151572,-0.068955,0.448234,-0.031009,0.090191,-0.150201,2750,1679,2585,2974,2836,1994
-0.149146,-0.066671,0.438240,-0.026820,0.087118,-0.159365,2740,1679,2587,2974,2838,1994
-0.144007,-0.065586,0.441653,-0.032985,0.086079,-0.159744,2680,1679,2589,2974,2810,1994
-0.143428,-0.066308,0.449674,-0.038356,0.087339,-0.153848,2655,1679,2592,2974,2790,1994
-0.110405,-0.061818,0.460220,-0.070954,0.082333,-0.165431,2421,1680,2593,2974,2623,1994
-0.114702,-0.066182,0.497954,-0.090665,0.089499,-0.133470,2389,1680,2593,2974,2590,1994
-0.106677,-0.062642,0.478607,-0.085171,0.084302,-0.153320,2354,1680,2593,2974,2557,1994
-0.100880,-0.062195,0.485533,-0.094004,0.084119,-0.151389,2296,1680,2593,2974,2503,1994
-0.097179,-0.061438,0.482633,-0.095155,0.083019,-0.155877,2269,1680,2593,2974,2475,1994
-0.098153,-0.064502,0.514128,-0.113676,0.088323,-0.130755,2228,1680,2593,2974,2423,1994
-0.096669,-0.065367,0.524182,-0.121007,0.089834,-0.123827,2209,1680,2593,2973,2391,1994
-0.095782,-0.065351,0.524047,-0.121625,0.089774,-0.124475,2206,1680,2593,2973,2384,1994
-0.095782,-0.065351,0.524047,-0.121625,0.089774,-0.124475,2208,1680,2593,2973,2385,1994
-0.096859,-0.065268,0.521373,-0.119134,0.089545,-0.125911,2243,1680,2593,2973,2386,1994
-0.097711,-0.065120,0.513351,-0.113540,0.088867,-0.131686,2273,1680,2593,2973,2388,1994
-0.100596,-0.065811,0.519239,-0.114868,0.090081,-0.125343,2292,1680,2593,2974,2399,1994
-0.101762,-0.065695,0.514840,-0.111249,0.089701,-0.128079,2315,1680,2593,2974,2418,1994
-0.103309,-0.065414,0.508809,-0.106330,0.089057,-0.131852,2345,1680,2593,2974,2443,1994
-0.107657,-0.066199,0.505937,-0.101125,0.089806,-0.131509,2410,1680,2593,2974,2502,1994
-0.108135,-0.065146,0.495114,-0.094119,0.088014,-0.139644,2438,1680,2593,2973,2530,1994
-0.111799,-0.064400,0.480172,-0.082066,0.086362,-0.149091,2502,1680,2593,2973,2581,1994
-0.126060,-0.066167,0.481582,-0.071651,0.088771,-0.139385,2593,1680,2593,2973,2647,1994
-0.164764,-0.064328,0.436824,-0.013651,0.085284,-0.150726,2861,1680,2593,2973,2827,1994
-0.173452,-0.064965,0.436194,-0.006398,0.086210,-0.145949,2885,1680,2593,2973,2840,1994
-0.176527,-0.065020,0.436608,-0.004224,0.086413,-0.143744,2886,1680,2593,2973,2845,1994
-0.176377,-0.064064,0.431406,-0.001162,0.085089,-0.147851,2884,1680,2593,2973,2846,1994
-0.178431,-0.064588,0.436079,-0.002402,0.086018,-0.142959,2876,1680,2593,2973,2846,1994
-0.170056,-0.066077,0.442869,-0.013161,0.087656,-0.142868,2798,1680,2587,2973,2839,1994
-0.157488,-0.067037,0.442121,-0.022612,0.088077,-0.151232,2743,1679,2589,2973,2838,1994
-0.151741,-0.065892,0.437972,-0.024617,0.086423,-0.157925,2728,1679,2592,2973,2837,1994
-0.150928,-0.066741,0.448302,-0.031588,0.087963,-0.150366,2711,1679,2592,2973,2835,1994
-0.149257,-0.066247,0.453758,-0.036261,0.087790,-0.147061,2700,1679,2591,2973,2824,1994
-0.142585,-0.066966,0.457790,-0.043993,0.088533,-0.148034,2678,1679,2583,2973,2777,1994
-0.140410,-0.066997,0.453991,-0.043379,0.088214,-0.152357,2678,1679,2581,2973,2776,1994
-0.141993,-0.068970,0.458047,-0.044593,0.090526,-0.148353,2691,1679,2581,2973,2790,1994
-0.143115,-0.069720,0.458007,-0.043673,0.091314,-0.147757,2711,1679,2581,2973,2800,1994
-0.142819,-0.068464,0.451551,-0.039961,0.089596,-0.152916,2732,1679,2581,2973,2811,1994
-0.152712,-0.069342,0.448334,-0.030166,0.090627,-0.149454,2784,1679,2582,2973,2851,1994
-0.158536,-0.068069,0.437804,-0.019122,0.088843,-0.154067,2804,1679,2587,2973,2866,1994
-0.156128,-0.066102,0.428234,-0.015175,0.086117,-0.162912,2803,1679,2590,2973,2866,1994
-0.158459,-0.065872,0.437589,-0.019079,0.086634,-0.154109,2783,1679,2592,2973,2866,1994
-0.156668,-0.065311,0.442297,-0.023389,0.086337,-0.151459,2748,1679,2590,2973,2865,1994
-0.151555,-0.066166,0.447281,-0.030473,0.087343,-0.150740,2714,1679,2587,2973,2864,1994
-0.143912,-0.068535,0.464065,-0.046777,0.090589,-0.142410,2652,1679,2592,2973,2809,1994
-0.133447,-0.063791,0.438993,-0.039712,0.083695,-0.168163,2631,1679,2592,2973,2775,1994
-0.133729,-0.064398,0.451062,-0.046889,0.085159,-0.158547,2610,1679,2592,2973,2742,1994
-0.137114,-0.066641,0.473274,-0.057819,0.089086,-0.139184,2587,1679,2592,2973,2711,1994
-0.136942,-0.067903,0.482994,-0.063904,0.091020,-0.131745,2566,1679,2592,2973,2689,1994
-0.126318,-0.064540,0.467557,-0.062861,0.086174,-0.150127,2527,1679,2592,2973,2653,1994
-0.120847,-0.062748,0.456243,-0.060259,0.083382,-0.162235,2519,1679,2592,2973,2648,1994
-0.118686,-0.064533,0.475031,-0.073472,0.086398,-0.148925,2489,1679,2593,2973,2626,1994
-0.116664,-0.063841,0.476827,-0.076179,0.085757,-0.148697,2484,1679,2593,2973,2616,1994
-0.121748,-0.067364,0.500715,-0.086782,0.091142,-0.127075,2490,1679,2593,2973,2620,1994
-0.115562,-0.063123,0.473221,-0.074846,0.084745,-0.152151,2492,1679,2593,2973,2621,1994
-0.116649,-0.063502,0.470180,-0.072116,0.084951,-0.153905,2522,1679,2593,2973,2623,1994
-0.119069,-0.064117,0.471599,-0.071069,0.085757,-0.151356,2542,1679,2593,2973,2624,1994
-0.123912,-0.064523,0.467797,-0.064908,0.086082,-0.151411,2578,1679,2593,2973,2647,1994
-0.121971,-0.062550,0.450701,-0.055973,0.082839,-0.165888,2600,1679,2593,2973,2670,1994
-0.130365,-0.065358,0.468274,-0.060095,0.087196,-0.147149,2619,1679,2593,2973,2699,1994
-0.132229,-0.064690,0.463341,-0.055605,0.086255,-0.149833,2632,1679,2593,2973,2727,1994
-0.134443,-0.065346,0.463059,-0.053676,0.086974,-0.148750,2640,1679,2594,2973,2745,1994
-0.136097,-0.065348,0.463080,-0.052383,0.087042,-0.147720,2639,1679,2594,2973,2754,1994
-0.135483,-0.064511,0.458749,-0.050220,0.085880,-0.151437,2630,1679,2594,2973,2755,1994
-0.135841,-0.064715,0.462337,-0.052137,0.086349,-0.148412,2612,1679,2594,2973,2750,1994
-0.133798,-0.064271,0.461841,-0.053451,0.085792,-0.150019,2587,1679,2594,2973,2732,1994
-0.133260,-0.065678,0.473642,-0.061100,0.088003,-0.141179,2560,1679,2594,2973,2705,1994
-0.122502,-0.065024,0.482006,-0.074734,0.087525,-0.141140,2468,1680,2594,2973,2597,1994
-0.112610,-0.061439,0.457939,-0.067818,0.081880,-0.165844,2451,1680,2593,2973,2573,1994
-0.114367,-0.065987,0.487592,-0.084572,0.088564,-0.141808,2470,1679,2592,2973,2563,1994
-0.114889,-0.064381,0.473883,-0.075767,0.086020,-0.152141,2528,1679,2592,2973,2606,1994
-0.121086,-0.066028,0.480474,-0.074898,0.088363,-0.143292,2563,1679,2592,2973,2644,1994
-0.128477,-0.065762,0.470449,-0.062915,0.087679,-0.146627,2633,1679,2592,2973,2731,1994
-0.134892,-0.067215,0.476439,-0.061508,0.089794,-0.138101,2662,1679,2592,2973,2765,1994
-0.141107,-0.065331,0.452465,-0.041913,0.086472,-0.152998,2695,1679,2593,2973,2805,1994
-0.141117,-0.064384,0.447186,-0.038677,0.085157,-0.157068,2693,1679,2594,2973,2805,1994
-0.145105,-0.065225,0.458334,-0.042360,0.086933,-0.145925,2680,1679,2594,2973,2805,1994
-0.143902,-0.065217,0.458580,-0.043461,0.086896,-0.146468,2656,1679,2593,2973,2803,1994
-0.135786,-0.062536,0.438983,-0.037876,0.082534,-0.166639,2633,1679,2593,2973,2791,1994
-0.135787,-0.064626,0.452803,-0.046330,0.085588,-0.155935,2605,1679,2593,2973,2766,1994
-0.128927,-0.065171,0.462881,-0.057923,0.086575,-0.152256,2531,1679,2593,2973,2700,1994
-0.100088,-0.062999,0.485568,-0.094640,0.084893,-0.151911,2290,1679,2592,2973,2491,1994
-0.098464,-0.063971,0.496616,-0.102690,0.086576,-0.144295,2266,1680,2592,2973,2465,1994
-0.096221,-0.063348,0.497715,-0.105144,0.085945,-0.144755,2248,1680,2592,2973,2441,1994
-0.096546,-0.064669,0.509917,-0.112358,0.088131,-0.135065,2237,1680,2592,2973,2421,1994
-0.096946,-0.065611,0.517607,-0.116750,0.089626,-0.128847,2232,1680,2592,2973,2410,1994
-0.097278,-0.065800,0.522857,-0.119708,0.090196,-0.124530,2234,1680,2592,2973,2405,1994
-0.095896,-0.064865,0.513026,-0.114777,0.088521,-0.133033,2241,1680,2592,2973,2404,1994
-0.098287,-0.066215,0.522956,-0.118967,0.090656,-0.123867,2258,1680,2592,2973,2405,1994
-0.101628,-0.065243,0.504935,-0.105282,0.088550,-0.135914,2349,1680,2593,2973,2472,1994
-0.100687,-0.061550,0.474164,-0.087187,0.082671,-0.160397,2425,1680,2593,2973,2551,1994
-0.149547,-0.064287,0.446475,-0.031588,0.085336,-0.152455,2755,1680,2593,2973,2849,1994
-0.153557,-0.064938,0.452311,-0.031996,0.086549,-0.145461,2754,1680,2593,2973,2854,1994
-0.153022,-0.064389,0.447234,-0.029309,0.085624,-0.149738,2746,1680,2593,2973,2852,1994
-0.151749,-0.064245,0.446743,-0.030015,0.085397,-0.150892,2728,1680,2593,2973,2852,1994
-0.147855,-0.066514,0.463771,-0.043510,0.088706,-0.140066,2654,1680,2593,2973,2841,1994
-0.132895,-0.065588,0.469459,-0.058822,0.087606,-0.144685,2547,1680,2593,2973,2721,1994
-0.121065,-0.064111,0.466437,-0.066325,0.085466,-0.154192,2462,1680,2593,2973,2618,1994
-0.113871,-0.064216,0.481282,-0.081114,0.086336,-0.146933,2378,1680,2593,2973,2529,1994
-0.102226,-0.064070,0.493742,-0.097955,0.086617,-0.144258,2267,1680,2591,2973,2412,1994
-0.103119,-0.066595,0.518672,-0.112518,0.090919,-0.124305,2235,1680,2590,2973,2374,1994
-0.097098,-0.064330,0.502377,-0.107299,0.087285,-0.140629,2204,1680,2589,2973,2338,1994
-0.100788,-0.066809,0.521856,-0.116309,0.091267,-0.123247,2313,1680,2592,2973,2418,1994
-0.103113,-0.066796,0.520305,-0.113522,0.091234,-0.123041,2347,1680,2592,2973,2447,1994
-0.104871,-0.066831,0.516094,-0.109549,0.091041,-0.125278,2383,1680,2592,2973,2476,1994
-0.107207,-0.066478,0.509506,-0.103667,0.090316,-0.129000,2418,1680,2593,2973,2505,1994
-0.145896,-0.064869,0.458449,-0.041811,0.086617,-0.145321,2698,1680,2593,2973,2787,1994
-0.146831,-0.064788,0.457818,-0.040687,0.086527,-0.145239,2694,1680,2594,2973,2786,1994
-0.144330,-0.064303,0.453427,-0.039972,0.085639,-0.150186,2681,1680,2594,2973,2786,1994
-0.143110,-0.063994,0.453743,-0.041133,0.085306,-0.150660,2657,1680,2593,2973,2782,1994
-0.141360,-0.064432,0.455141,-0.043367,0.085774,-0.150668,2640,1680,2593,2973,2769,1994
-0.135822,-0.065450,0.463901,-0.053102,0.087191,-0.147252,2580,1680,2593,2973,2700,1994
-0.130359,-0.063784,0.456659,-0.052992,0.084811,-0.156162,2546,1680,2593,2973,2658,1994
-0.119907,-0.061571,0.453486,-0.059324,0.081980,-0.164885,2473,1680,2593,2973,2576,1994
-0.120336,-0.064451,0.476344,-0.072976,0.086472,-0.146875,2440,1680,2593,2973,2545,1994
-0.106433,-0.063023,0.473749,-0.082377,0.084331,-0.157320,2331,1680,2592,2973,2449,1994
-0.102921,-0.064908,0.501340,-0.102059,0.088013,-0.137923,2272,1680,2591,2973,2381,1994
-0.101546,-0.065543,0.507871,-0.107144,0.089052,-0.133679,2243,1680,2590,2973,2347,1994
-0.100501,-0.066023,0.516244,-0.113101,0.090078,-0.127773,2219,1680,2590,2973,2316,1994
-0.097518,-0.066458,0.520536,-0.118085,0.090698,-0.126261,2188,1680,2588,2973,2276,1994
-0.097257,-0.066768,0.525009,-0.121033,0.091312,-0.122927,2181,1680,2587,2973,2266,1994
-0.095606,-0.066738,0.523431,-0.121368,0.091107,-0.125177,2184,1685,2580,2973,2266,1994
-0.094190,-0.066219,0.522741,-0.122069,0.090487,-0.126546,2213,1692,2579,2971,2267,1994
-0.091550,-0.067157,0.511516,-0.117252,0.090532,-0.137065,2240,1696,2548,2971,2346,1994
-0.117626,-0.071067,0.400552,-0.028517,0.087638,-0.208662,2716,1891,2364,2972,2650,1994
-0.121062,-0.071342,0.401686,-0.026497,0.088124,-0.205686,2726,1897,2352,2972,2668,1994
-0.121683,-0.075302,0.386839,-0.016844,0.091053,-0.217295,2736,1976,2270,2972,2683,1994
-0.115691,-0.073335,0.376022,-0.014961,0.088101,-0.229316,2736,2013,2228,2972,2682,1994
-0.112935,-0.073809,0.375221,-0.016639,0.088412,-0.231672,2734,2048,2189,2973,2682,1994
-0.111058,-0.073814,0.373604,-0.017129,0.088231,-0.234094,2733,2065,2172,2973,2684,1994
-0.106909,-0.071960,0.365149,-0.015239,0.085630,-0.243139,2733,2080,2158,2973,2686,1994
-0.104838,-0.071014,0.361071,-0.014383,0.084320,-0.247539,2735,2094,2147,2973,2687,1994
-0.103898,-0.069814,0.359380,-0.014102,0.082969,-0.249350,2737,2105,2142,2973,2687,1994
-0.103991,-0.068193,0.360263,-0.014592,0.081418,-0.248471,2738,2111,2140,2973,2684,1994
-0.113315,-0.074760,0.351948,-0.002044,0.087740,-0.249817,2768,2085,2134,2982,2754,1994
-0.113693,-0.074918,0.352723,-0.002219,0.087966,-0.248988,2761,2085,2134,2982,2766,1994
-0.112039,-0.075077,0.353517,-0.004011,0.088117,-0.249389,2753,2085,2134,2982,2769,1994
-0.109615,-0.074264,0.352362,-0.005226,0.087132,-0.251718,2745,2087,2134,2982,2768,1994
-0.111148,-0.076777,0.368748,-0.014040,0.090847,-0.238092,2736,2089,2134,2981,2767,1994
-0.101427,-0.072415,0.356931,-0.014517,0.085294,-0.252996,2722,2093,2134,2979,2767,1994
-0.099456,-0.072371,0.361117,-0.018643,0.085468,-0.250907,2713,2094,2134,2979,2767,1994
-0.082507,-0.070309,0.376843,-0.041701,0.083865,-0.248761,2633,2096,2134,2978,2766,1994
-0.044189,-0.067229,0.412486,-0.093863,0.081823,-0.243963,2488,2098,2146,2982,2765,1994
-0.036485,-0.066615,0.441312,-0.117644,0.082939,-0.225965,2482,2086,2178,2974,2765,1994
-0.059945,-0.066542,0.408636,-0.079071,0.081474,-0.237283,2600,2085,2177,2974,2765,1994
-0.089172,-0.067824,0.392728,-0.046219,0.082761,-0.231989,2646,2085,2176,2974,2766,1994
-0.027133,-0.066141,0.444063,-0.126721,0.082299,-0.229493,2425,2086,2177,2974,2765,1994
-0.027515,-0.066178,0.444325,-0.126579,0.082369,-0.229056,2429,2086,2177,2974,2765,1994
-0.028365,-0.066418,0.446095,-0.126992,0.082766,-0.227163,2437,2086,2177,2974,2765,1994
-0.029691,-0.066664,0.446177,-0.125992,0.083068,-0.226305,2447,2086,2177,2974,2765,1994
-0.030780,-0.065846,0.441006,-0.121969,0.081932,-0.229640,2459,2086,2177,2974,2765,1994
-0.037404,-0.066301,0.435966,-0.113642,0.082286,-0.229581,2496,2086,2177,2974,2765,1994
-0.039673,-0.066612,0.435312,-0.111445,0.082637,-0.228730,2507,2086,2177,2974,2765,1994
-0.045414,-0.066008,0.430165,-0.103761,0.081895,-0.229212,2491,2086,2177,2975,2765,1994
-0.037489,-0.067014,0.438973,-0.115410,0.083211,-0.227221,2447,2086,2177,2974,2748,1994
-0.017874,-0.064826,0.497608,-0.166907,0.084393,-0.192954,2259,2086,2191,2976,2508,1994
-0.014394,-0.062834,0.486141,-0.162643,0.081468,-0.203946,2238,2086,2191,2975,2477,1994
-0.012402,-0.063112,0.492187,-0.167923,0.082093,-0.200434,2218,2086,2191,2975,2439,1994
-0.010259,-0.066287,0.519848,-0.186550,0.087119,-0.180246,2208,2086,2191,2976,2415,1994
-0.009404,-0.064278,0.507477,-0.179659,0.084214,-0.190339,2201,2086,2191,2976,2394,1994
-0.009078,-0.064652,0.511869,-0.182606,0.084883,-0.187115,2199,2086,2190,2978,2381,1994
-0.009078,-0.064652,0.511869,-0.182606,0.084883,-0.187115,2202,2086,2190,2978,2382,1994
-0.009346,-0.065457,0.512957,-0.183052,0.085773,-0.186159,2213,2086,2188,2978,2387,1994
-0.009586,-0.064881,0.505431,-0.178251,0.084678,-0.191884,2228,2086,2188,2976,2397,1994
-0.010398,-0.065575,0.506856,-0.178475,0.085502,-0.190321,2244,2086,2188,2975,2411,1994
-0.011177,-0.064278,0.493708,-0.169809,0.083316,-0.200081,2263,2086,2187,2975,2431,1994
-0.012285,-0.067481,0.514373,-0.181575,0.088002,-0.183404,2282,2086,2186,2975,2456,1994
-0.017624,-0.066374,0.487675,-0.160989,0.085230,-0.201041,2345,2085,2186,2976,2498,1994
-0.020820,-0.064952,0.469290,-0.147202,0.082643,-0.213428,2368,2085,2184,2976,2511,1994
-0.023148,-0.065765,0.469567,-0.145524,0.083563,-0.211848,2390,2085,2184,2975,2532,1994
-0.033022,-0.067057,0.457963,-0.130591,0.084416,-0.215027,2459,2085,2182,2975,2628,1994
-0.036087,-0.067148,0.452411,-0.124762,0.084235,-0.217523,2481,2085,2179,2975,2653,1994
-0.038677,-0.065623,0.434288,-0.111616,0.081541,-0.230068,2502,2085,2178,2975,2671,1994
-0.022315,-0.063701,0.474721,-0.149371,0.081835,-0.208143,2262,2085,2192,2982,2386,1994
-0.015244,-0.066790,0.520516,-0.183018,0.087859,-0.176706,2191,2086,2192,2978,2314,1994
-0.012750,-0.062788,0.499619,-0.172213,0.082306,-0.194350,2174,2086,2191,2978,2292,1994
-0.010452,-0.063380,0.511122,-0.181080,0.083615,-0.186759,2159,2086,2191,2978,2272,1994
-0.009400,-0.064620,0.520655,-0.187744,0.085481,-0.180005,2145,2086,2191,2981,2252,1994
-0.008850,-0.064971,0.520914,-0.188333,0.085827,-0.180166,2139,2085,2191,2982,2244,1994
-0.009232,-0.064811,0.521872,-0.188622,0.085750,-0.179166,2137,2085,2191,2982,2238,1994
-0.010238,-0.066765,0.533732,-0.195081,0.088570,-0.169378,2145,2085,2191,2982,2248,1994
-0.010174,-0.065699,0.527566,-0.191361,0.087071,-0.174181,2157,2085,2191,2982,2262,1994
-0.010174,-0.065699,0.527566,-0.191361,0.087071,-0.174181,2168,2085,2190,2982,2279,1994
-0.010257,-0.064626,0.520698,-0.187094,0.085523,-0.179447,2181,2085,2189,2982,2301,1994
-0.010320,-0.065008,0.517668,-0.185180,0.085693,-0.181821,2197,2085,2186,2982,2323,1994
-0.010456,-0.064905,0.507012,-0.178534,0.084848,-0.190110,2217,2085,2186,2982,2343,1994
-0.011040,-0.066502,0.513215,-0.181860,0.086897,-0.185001,2236,2085,2186,2982,2359,1994
-0.012112,-0.066146,0.503598,-0.175116,0.085908,-0.191878,2257,2085,2186,2982,2378,1994
-0.013749,-0.065063,0.492198,-0.166841,0.084091,-0.199755,2281,2085,2186,2982,2400,1994
-0.015787,-0.065103,0.484565,-0.160547,0.083673,-0.204512,2304,2085,2189,2982,2424,1994
-0.028178,-0.066797,0.484663,-0.150804,0.085846,-0.196978,2409,2085,2190,2982,2549,1994
-0.030628,-0.064496,0.462882,-0.135532,0.082116,-0.212423,2434,2085,2190,2982,2579,1994
-0.029701,-0.065363,0.463503,-0.136634,0.082989,-0.212571,2311,2085,2191,2982,2440,1994
-0.018921,-0.063426,0.478815,-0.154566,0.081718,-0.206982,2229,2085,2191,2982,2360,1994
-0.014007,-0.063401,0.498801,-0.170711,0.082908,-0.194273,2174,2085,2192,2982,2315,1994
-0.012746,-0.063372,0.499551,-0.172167,0.082883,-0.194453,2157,2085,2192,2982,2296,1994
-0.011119,-0.065037,0.516000,-0.183525,0.085636,-0.182646,2144,2085,2191,2982,2279,1994
-0.010048,-0.066197,0.527612,-0.191482,0.087566,-0.174262,2138,2084,2190,2982,2270,1994
-0.009359,-0.067646,0.533735,-0.195765,0.089414,-0.169983,2142,2084,2186,2982,2267,1994
-0.009183,-0.067343,0.527737,-0.192227,0.088684,-0.174785,2156,2084,2181,2983,2268,1994
-0.008963,-0.068063,0.528893,-0.193101,0.089474,-0.174067,2171,2084,2180,2983,2270,1994
-0.008854,-0.068431,0.521122,-0.188413,0.089292,-0.180274,2186,2084,2178,2983,2282,1994
-0.009420,-0.068436,0.515975,-0.184807,0.088956,-0.183975,2203,2084,2178,2983,2307,1994
-0.010322,-0.069707,0.517724,-0.185152,0.090381,-0.182148,2225,2084,2178,2983,2332,1994
-0.012420,-0.069267,0.500773,-0.173099,0.088832,-0.194157,2274,2084,2178,2983,2381,1994
-0.014177,-0.067056,0.479140,-0.158465,0.085177,-0.209919,2297,2084,2177,2983,2398,1994
-0.016317,-0.069324,0.488762,-0.162651,0.088196,-0.201221,2318,2084,2178,2983,2409,1994
-0.017607,-0.068172,0.474293,-0.152767,0.086081,-0.211717,2341,2084,2182,2983,2418,1994
-0.021861,-0.070395,0.487834,-0.157691,0.089412,-0.198638,2365,2084,2182,2983,2427,1994
-0.028339,-0.065402,0.448893,-0.128743,0.081948,-0.224898,2409,2084,2180,2983,2458,1994
-0.032783,-0.067685,0.457001,-0.130181,0.084965,-0.215980,2434,2083,2177,2983,2479,1994
-0.036573,-0.067981,0.446625,-0.120818,0.084677,-0.221841,2459,2081,2177,2983,2504,1994
-0.039626,-0.069790,0.444880,-0.117314,0.086476,-0.221486,2484,2073,2178,2983,2534,1994
-0.094232,-0.073211,0.371056,-0.028855,0.086803,-0.246358,2700,2040,2191,2983,2691,1994
-0.099472,-0.073698,0.374617,-0.026899,0.087740,-0.240386,2700,2041,2191,2983,2691,1994
-0.100594,-0.073737,0.376545,-0.027195,0.087958,-0.238185,2695,2042,2191,2983,2688,1994
-0.097986,-0.072358,0.370101,-0.025317,0.086030,-0.244742,2686,2042,2191,2983,2684,1994
-0.098233,-0.073676,0.378167,-0.030055,0.087920,-0.238352,2669,2042,2191,2983,2683,1994
-0.013226,-0.070646,0.494561,-0.168633,0.089802,-0.198658,2147,2051,2192,2981,2241,1994
-0.010328,-0.068259,0.544488,-0.201591,0.090818,-0.160982,2069,2073,2192,2983,2141,1994
-0.010689,-0.067786,0.553122,-0.206612,0.090967,-0.153934,2069,2077,2192,2983,2143,1994
-0.009999,-0.067186,0.557303,-0.209730,0.090636,-0.151021,2070,2078,2191,2983,2143,1994
-0.009514,-0.067038,0.557639,-0.210321,0.090493,-0.151042,2071,2078,2191,2983,2143,1994
-0.009081,-0.067186,0.557298,-0.210452,0.090600,-0.151587,2075,2077,2191,2983,2143,1994
-0.009374,-0.066717,0.551647,-0.206758,0.089747,-0.155815,2083,2077,2191,2983,2144,1994
-0.010089,-0.067830,0.549478,-0.204849,0.090731,-0.157171,2095,2075,2189,2983,2145,1994
-0.010018,-0.067633,0.542465,-0.200603,0.090040,-0.162714,2103,2074,2189,2983,2145,1994
-0.011111,-0.068164,0.533864,-0.194456,0.090007,-0.168850,2145,2074,2191,2983,2197,1994
-0.011996,-0.068525,0.533727,-0.193668,0.090391,-0.168443,2167,2074,2191,2983,2227,1994
-0.012767,-0.067862,0.526890,-0.188871,0.089280,-0.173296,2190,2074,2191,2983,2264,1994
-0.013791,-0.067863,0.518584,-0.182966,0.088737,-0.179200,2236,2076,2191,2982,2327,1994
-0.014417,-0.066836,0.507854,-0.175900,0.086983,-0.187173,2260,2077,2190,2982,2355,1994
-0.015270,-0.065979,0.499688,-0.170226,0.085588,-0.193005,2284,2077,2190,2982,2381,1994
-0.017096,-0.066448,0.496830,-0.167024,0.085926,-0.194171,2310,2077,2190,2982,2405,1994
-0.019868,-0.066071,0.489472,-0.160325,0.085139,-0.198229,2340,2077,2190,2982,2436,1994
-0.017584,-0.066174,0.514246,-0.177331,0.086895,-0.180155,2158,2078,2193,2983,2240,1994
-0.012880,-0.065025,0.517808,-0.183245,0.085818,-0.180144,2099,2078,2193,2983,2176,1994
-0.011996,-0.065885,0.533726,-0.193700,0.087760,-0.168236,2071,2078,2193,2983,2149,1994
-0.010238,-0.063872,0.527820,-0.191489,0.085271,-0.173798,2046,2078,2193,2983,2126,1994
-0.010917,-0.066696,0.557023,-0.208840,0.090163,-0.150640,2026,2078,2193,2983,2107,1994
-0.010917,-0.065777,0.557021,-0.208850,0.089247,-0.150569,2014,2077,2193,2983,2093,1994
-0.011743,-0.066352,0.565514,-0.213403,0.090449,-0.143430,2008,2076,2193,2984,2085,1994
-0.010946,-0.067711,0.559020,-0.210029,0.091316,-0.149133,2057,2074,2192,2984,2097,1994
-0.014206,-0.070064,0.514507,-0.180108,0.090660,-0.182326,2230,2066,2191,2984,2263,1994
-0.017496,-0.069429,0.501210,-0.169358,0.089220,-0.190717,2287,2067,2192,2984,2306,1994
-0.116582,-0.070459,0.384067,-0.019232,0.085835,-0.222217,2723,2065,2188,2983,2696,1994
-0.104996,-0.067454,0.369459,-0.019451,0.081367,-0.240565,2709,2066,2188,2983,2696,1994
-0.102805,-0.067447,0.371761,-0.022594,0.081437,-0.240095,2701,2066,2188,2983,2696,1994
-0.097786,-0.068040,0.380315,-0.031799,0.082436,-0.236491,2671,2066,2192,2983,2696,1994
-0.031536,-0.065762,0.455038,-0.129985,0.082863,-0.218135,2323,2075,2192,2983,2393,1994
-0.028125,-0.064635,0.458796,-0.134999,0.081871,-0.217181,2312,2075,2192,2983,2390,1994
-0.025850,-0.066093,0.475064,-0.146760,0.084380,-0.205897,2307,2075,2192,2983,2390,1994
-0.024377,-0.064678,0.471631,-0.145834,0.082672,-0.209387,2307,2075,2191,2983,2389,1994
-0.023332,-0.066868,0.477867,-0.150458,0.085252,-0.205297,2309,2076,2191,2983,2389,1994
-0.022763,-0.066601,0.475875,-0.149688,0.084825,-0.207190,2310,2076,2191,2980,2389,1994
-0.022862,-0.065091,0.475567,-0.149441,0.083302,-0.207253,2310,2076,2191,2977,2389,1994
-0.022050,-0.065353,0.472376,-0.148119,0.083307,-0.210280,2310,2076,2191,2978,2389,1994
-0.022038,-0.065714,0.472172,-0.147999,0.083652,-0.210476,2311,2076,2191,2978,2389,1994
-0.022829,-0.065260,0.469637,-0.145824,0.083052,-0.211949,2311,2076,2191,2979,2389,1994
-0.023111,-0.065501,0.472289,-0.147227,0.083490,-0.209710,2311,2076,2191,2981,2389,1994
-0.023192,-0.064957,0.472040,-0.147017,0.082933,-0.209813,2311,2076,2191,2982,2389,1994
-0.024119,-0.066079,0.477861,-0.149844,0.084496,-0.204757,2311,2076,2192,2982,2389,1994
-0.024377,-0.064678,0.471631,-0.145834,0.082672,-0.209387,2311,2076,2192,2982,2389,1994
-0.024425,-0.064961,0.474611,-0.147621,0.083165,-0.207037,2312,2076,2192,2982,2389,1994
-0.024430,-0.065755,0.474703,-0.147664,0.083964,-0.207024,2316,2076,2192,2982,2389,1994
-0.024520,-0.065225,0.469188,-0.144214,0.083051,-0.211264,2322,2076,2192,2982,2389,1994
-0.024670,-0.065055,0.467821,-0.143260,0.082791,-0.212233,2326,2076,2192,2982,2389,1994
-0.025438,-0.065051,0.467793,-0.142636,0.082815,-0.211784,2328,2076,2192,2982,2389,1994
-0.027459,-0.068996,0.493403,-0.156707,0.088624,-0.190718,2329,2076,2192,2982,2389,1994
-0.027792,-0.068956,0.493053,-0.156230,0.088572,-0.190787,2329,2076,2192,2982,2389,1994
-0.026511,-0.066035,0.469500,-0.142824,0.083957,-0.209862,2329,2076,2192,2982,2389,1994
-0.026177,-0.065464,0.466248,-0.141099,0.083146,-0.212580,2329,2076,2192,2982,2389,1994
-0.026443,-0.065981,0.469064,-0.142611,0.083870,-0.210243,2329,2076,2192,2982,2389,1994
-0.026833,-0.065217,0.469122,-0.142348,0.083128,-0.209898,2329,2076,2192,2982,2389,1994
-0.026833,-0.065217,0.469122,-0.142348,0.083128,-0.209898,2329,2076,2192,2982,2389,1994
-0.026833,-0.065217,0.469122,-0.142348,0.083128,-0.209898,2329,2076,2191,2982,2389,1994
-0.027732,-0.069723,0.496817,-0.158578,0.089599,-0.187924,2329,2076,2191,2982,2389,1994
-0.026067,-0.066006,0.469234,-0.143012,0.083892,-0.210341,2329,2076,2191,2982,2389,1994
-0.025737,-0.066032,0.469469,-0.143416,0.083922,-0.210361,2329,2076,2191,2982,2389,1994
-0.025737,-0.066032,0.469469,-0.143416,0.083922,-0.210361,2329,2076,2191,2982,2389,1994
-0.027121,-0.068487,0.489441,-0.154549,0.087826,-0.194001,2329,2076,2191,2982,2389,1994
-0.026466,-0.066773,0.478381,-0.148301,0.085314,-0.202965,2328,2076,2191,2982,2389,1994
-0.025439,-0.065312,0.466330,-0.141734,0.082972,-0.212955,2328,2076,2191,2982,2389,1994
-0.025457,-0.066621,0.475034,-0.147045,0.084889,-0.206203,2328,2076,2191,2982,2389,1994
-0.025530,-0.066146,0.472199,-0.145253,0.084220,-0.208350,2328,2076,2191,2982,2389,1994
-0.025530,-0.066146,0.472199,-0.145253,0.084220,-0.208350,2328,2076,2191,2982,2389,1994
-0.025916,-0.065742,0.471222,-0.144355,0.083763,-0.208850,2328,2076,2191,2982,2389,1994
-0.026059,-0.065599,0.469086,-0.142932,0.083476,-0.210431,2328,2076,2191,2982,2389,1994
-0.025719,-0.064496,0.462437,-0.139134,0.081896,-0.215781,2328,2076,2191,2982,2389,1994
-0.027169,-0.068967,0.493411,-0.156941,0.088584,-0.190888,2328,2076,2191,2982,2389,1994
-0.027169,-0.068967,0.493411,-0.156941,0.088584,-0.190888,2328,2076,2191,2982,2389,1994
-0.027169,-0.068967,0.493411,-0.156941,0.088584,-0.190888,2328,2076,2191,2982,2389,1994
-0.026350,-0.066191,0.474989,-0.146318,0.084492,-0.205657,2328,2076,2191,2982,2389,1994
-0.025406,-0.064686,0.466181,-0.141677,0.082337,-0.213043,2328,2076,2191,2982,2389,1994
-0.026062,-0.065220,0.469144,-0.142970,0.083102,-0.210353,2328,2076,2191,2982,2389,1994
-0.027169,-0.068967,0.493411,-0.156941,0.088584,-0.190888,2328,2076,2191,2982,2389,1994
-0.025957,-0.066230,0.471910,-0.144738,0.084299,-0.208322,2328,2076,2191,2982,2389,1994
-0.025457,-0.066621,0.475034,-0.147045,0.084889,-0.206203,2328,2076,2191,2982,2389,1994
-0.025296,-0.066008,0.469257,-0.143635,0.083867,-0.210796,2328,2076,2191,2982,2389,1994
-0.025296,-0.066008,0.469257,-0.143635,0.083867,-0.210796,2328,2076,2191,2982,2389,1994
-0.025464,-0.065999,0.469476,-0.143636,0.083879,-0.210520,2328,2076,2191,2982,2389,1994
-0.025528,-0.066131,0.471221,-0.144656,0.084135,-0.209119,2328,2076,2191,2982,2389,1994
-0.026355,-0.066989,0.475100,-0.146372,0.085295,-0.205630,2328,2076,2191,2982,2389,1994
-0.026067,-0.066006,0.469234,-0.143012,0.083892,-0.210341,2328,2076,2191,2982,2389,1994
-0.025723,-0.065269,0.462518,-0.139171,0.082672,-0.215775,2328,2076,2191,2982,2389,1994
-0.025569,-0.065417,0.463694,-0.140012,0.082897,-0.214957,2328,2076,2191,2982,2389,1994
-0.026067,-0.066006,0.469234,-0.143012,0.083892,-0.210341,2328,2076,2191,2982,2389,1994
-0.026067,-0.066006,0.469234,-0.143012,0.083892,-0.210341,2328,2076,2190,2982,2389,1994
-0.027175,-0.069796,0.493526,-0.156997,0.089419,-0.190859,2328,2076,2190,2982,2389,1994
-0.025836,-0.066340,0.466999,-0.141818,0.084059,-0.212267,2328,2076,2189,2982,2389,1994
-0.025957,-0.067008,0.471913,-0.144730,0.085075,-0.208381,2328,2076,2189,2982,2392,1994
-0.025469,-0.066788,0.469586,-0.143690,0.084674,-0.210493,2328,2076,2189,2982,2393,1994
-0.025300,-0.066795,0.469349,-0.143678,0.084657,-0.210783,2328,2076,2189,2982,2393,1994
-0.026464,-0.069150,0.487271,-0.153728,0.088309,-0.196163,2328,2076,2189,2982,2393,1994
-0.024731,-0.065584,0.462635,-0.140022,0.082956,-0.216317,2328,2076,2189,2982,2391,1994
-0.024731,-0.065584,0.462635,-0.140022,0.082956,-0.216317,2328,2076,2189,2982,2390,1994
-0.025528,-0.066908,0.471222,-0.144646,0.084910,-0.209180,2328,2076,2189,2982,2390,1994
-0.025957,-0.067008,0.471913,-0.144730,0.085075,-0.208381,2329,2076,2189,2982,2390,1994
-0.025744,-0.066821,0.469578,-0.143468,0.084716,-0.210333,2329,2075,2187,2982,2390,1994
-0.025519,-0.067286,0.472035,-0.145147,0.085344,-0.208576,2329,2075,2186,2982,2390,1994
-0.025305,-0.067581,0.469442,-0.143721,0.085448,-0.210770,2329,2074,2184,2982,2392,1994
-0.025065,-0.067873,0.466959,-0.142382,0.085555,-0.212892,2332,2074,2182,2979,2393,1994
-0.025131,-0.068861,0.470551,-0.144522,0.086795,-0.210105,2339,2074,2180,2979,2395,1994
-0.024311,-0.069115,0.466449,-0.142650,0.086728,-0.213853,2345,2074,2179,2978,2395,1994
-0.024311,-0.069884,0.466451,-0.142641,0.087495,-0.213913,2350,2074,2179,2976,2395,1994
-0.024510,-0.068914,0.457640,-0.137088,0.085916,-0.220643,2355,2075,2179,2976,2395,1994
-0.025262,-0.068909,0.457609,-0.136476,0.085939,-0.220206,2359,2075,2179,2976,2395,1994
-0.025439,-0.068490,0.453759,-0.133979,0.085257,-0.223092,2362,2075,2179,2976,2395,1994
-0.026420,-0.069461,0.460741,-0.137477,0.086753,-0.217077,2368,2075,2179,2976,2396,1994
-0.027177,-0.069460,0.460737,-0.136876,0.086781,-0.216617,2373,2074,2179,2976,2396,1994
-0.027985,-0.069196,0.453419,-0.131751,0.086035,-0.221856,2381,2074,2178,2976,2396,1994
-0.030472,-0.070453,0.455218,-0.130876,0.087510,-0.219017,2397,2074,2178,2976,2397,1994
-0.031537,-0.069694,0.448219,-0.125750,0.086303,-0.223808,2404,2074,2178,2976,2397,1994
-0.032570,-0.068891,0.441783,-0.120994,0.085090,-0.228174,2409,2074,2178,2976,2397,1994
-0.033638,-0.068184,0.436080,-0.116660,0.084025,-0.231948,2413,2074,2178,2976,2397,1994
-0.035300,-0.069737,0.444426,-0.120450,0.086224,-0.224489,2418,2074,2178,2976,2397,1994
-0.036146,-0.069874,0.441060,-0.117715,0.086156,-0.226629,2422,2073,2178,2976,2398,1994
-0.037406,-0.070561,0.444089,-0.118571,0.087103,-0.223529,2425,2072,2178,2976,2400,1994
-0.037728,-0.069650,0.436259,-0.113522,0.085657,-0.229418,2426,2071,2178,2977,2411,1994
-0.038868,-0.071292,0.444084,-0.117404,0.087888,-0.222695,2427,2070,2178,2976,2429,1994
-0.039062,-0.070552,0.437479,-0.113206,0.086693,-0.227712,2431,2069,2177,2975,2449,1994
-0.039069,-0.071285,0.437557,-0.113240,0.087430,-0.227705,2440,2069,2177,2975,2463,1994
-0.038358,-0.072024,0.437667,-0.113859,0.088147,-0.228112,2445,2069,2177,2975,2468,1994
-0.038942,-0.072177,0.438745,-0.114057,0.088397,-0.226918,2449,2071,2177,2975,2469,1994
-0.042189,-0.070248,0.433131,-0.108074,0.086205,-0.229192,2464,2073,2178,2975,2475,1994
-0.042451,-0.069065,0.425989,-0.103499,0.084534,-0.234554,2467,2073,2179,2976,2476,1994
-0.043793,-0.068622,0.425404,-0.102086,0.084103,-0.234157,2470,2073,2179,2978,2476,1994
-0.045092,-0.069120,0.428236,-0.102792,0.084849,-0.231173,2479,2072,2180,2981,2477,1994
-0.046309,-0.069058,0.426579,-0.100815,0.084718,-0.231726,2486,2071,2184,2982,2477,1994
-0.050101,-0.067508,0.416435,-0.091616,0.082606,-0.237258,2500,2071,2190,2982,2497,1994
-0.052999,-0.067711,0.420880,-0.092054,0.083232,-0.232003,2510,2072,2190,2982,2519,1994
-0.054501,-0.066565,0.420851,-0.090865,0.082146,-0.231015,2519,2073,2190,2979,2539,1994
-0.056701,-0.066111,0.416265,-0.086320,0.081456,-0.233237,2530,2073,2187,2977,2555,1994
-0.057674,-0.066960,0.417384,-0.086227,0.082418,-0.231828,2531,2072,2187,2976,2555,1994
-0.058405,-0.067786,0.416838,-0.085305,0.083231,-0.231875,2536,2072,2187,2976,2555,1994
-0.058649,-0.067731,0.413407,-0.083007,0.082945,-0.234420,2542,2072,2187,2976,2559,1994
-0.061486,-0.070008,0.427219,-0.089215,0.086294,-0.222000,2546,2072,2186,2975,2559,1994
-0.059799,-0.066994,0.407033,-0.078197,0.081806,-0.238669,2548,2073,2186,2975,2560,1994
-0.060441,-0.066714,0.404503,-0.076141,0.081374,-0.240244,2552,2072,2186,2975,2560,1994
-0.061789,-0.067116,0.405164,-0.075477,0.081874,-0.238929,2561,2071,2186,2975,2562,1994
-0.063000,-0.067459,0.405091,-0.074472,0.082257,-0.238272,2569,2071,2186,2975,2568,1994
-0.065145,-0.068322,0.406941,-0.073904,0.083330,-0.235571,2575,2071,2185,2975,2575,1994
-0.069342,-0.070709,0.420052,-0.078606,0.086792,-0.222878,2582,2072,2185,2975,2583,1994
-0.067004,-0.066984,0.396954,-0.066324,0.081366,-0.242181,2591,2072,2185,2975,2592,1994
-0.072070,-0.070171,0.413755,-0.072594,0.085919,-0.226117,2598,2071,2185,2975,2598,1994
-0.071219,-0.068107,0.397835,-0.063522,0.082710,-0.238994,2605,2071,2185,2975,2603,1994
-0.075021,-0.068304,0.396376,-0.059623,0.082950,-0.237828,2620,2071,2185,2975,2607,1994
-0.076318,-0.067585,0.391169,-0.055413,0.081918,-0.241071,2627,2071,2185,2975,2608,1994
-0.079320,-0.068358,0.394648,-0.055168,0.083049,-0.236557,2634,2071,2185,2975,2616,1994
-0.080114,-0.067158,0.387852,-0.050386,0.081405,-0.241321,2641,2071,2185,2975,2625,1994
-0.084015,-0.068070,0.387989,-0.047378,0.082474,-0.238895,2656,2071,2184,2975,2644,1994
-0.088126,-0.070534,0.398619,-0.050626,0.085835,-0.228212,2664,2071,2183,2975,2651,1994
-0.090585,-0.071421,0.400016,-0.049531,0.086913,-0.225677,2671,2071,2184,2975,2657,1994
-0.088142,-0.067833,0.379017,-0.038618,0.081767,-0.243403,2680,2071,2184,2975,2663,1994
-0.093007,-0.067436,0.376643,-0.033325,0.081391,-0.242259,2696,2071,2185,2975,2677,1994
-0.098184,-0.069579,0.386981,-0.035555,0.084453,-0.231127,2700,2071,2185,2975,2682,1994
-0.099880,-0.069533,0.387276,-0.034398,0.084494,-0.229851,2702,2071,2186,2975,2684,1994
-0.077311,-0.066117,0.407998,-0.064976,0.081675,-0.227113,2583,2076,2192,2982,2626,1994
-0.053349,-0.068719,0.450781,-0.110115,0.086351,-0.208353,2480,2076,2192,2977,2575,1994
-0.043797,-0.065429,0.435392,-0.108254,0.081623,-0.226047,2451,2073,2192,2982,2529,1994
-0.042747,-0.066116,0.436893,-0.109995,0.082372,-0.225565,2454,2074,2192,2982,2528,1994
-0.043456,-0.065380,0.436786,-0.109379,0.081659,-0.225155,2456,2075,2192,2979,2529,1994
-0.044214,-0.067351,0.447498,-0.115329,0.084405,-0.216424,2455,2076,2192,2976,2529,1994
-0.045426,-0.067114,0.452266,-0.117301,0.084550,-0.211913,2454,2076,2192,2981,2527,1994
-0.044731,-0.066939,0.451225,-0.117214,0.084276,-0.213143,2452,2076,2192,2981,2525,1994
-0.043631,-0.067343,0.457439,-0.121890,0.085073,-0.208962,2449,2076,2192,2981,2524,1994
-0.037525,-0.064928,0.442395,-0.117509,0.081374,-0.224342,2419,2076,2192,2976,2523,1994
-0.035665,-0.065097,0.447268,-0.121966,0.081813,-0.221664,2407,2076,2192,2977,2522,1994
-0.034978,-0.064819,0.447904,-0.122902,0.081553,-0.221562,2406,2076,2192,2980,2522,1994
-0.034240,-0.064817,0.447899,-0.123482,0.081523,-0.222018,2399,2076,2192,2980,2522,1994
-0.033304,-0.064738,0.447127,-0.123748,0.081354,-0.223193,2389,2076,2192,2980,2521,1994
-0.029487,-0.065405,0.464631,-0.137494,0.083101,-0.211819,2355,2077,2192,2976,2467,1994
-0.023317,-0.064251,0.468151,-0.144540,0.081961,-0.212739,2300,2077,2192,2976,2418,1994
-0.021064,-0.063708,0.468759,-0.146699,0.081376,-0.213598,2288,2077,2192,2976,2410,1994
-0.019644,-0.064896,0.481032,-0.155337,0.083367,-0.204910,2274,2077,2192,2976,2401,1994
-0.018210,-0.064323,0.481915,-0.157018,0.082802,-0.205050,2261,2077,2192,2976,2390,1994
-0.016505,-0.064638,0.487653,-0.161881,0.083454,-0.201607,2247,2077,2192,2976,2379,1994
-0.015690,-0.065369,0.493538,-0.166128,0.084565,-0.197536,2235,2077,2192,2976,2370,1994
-0.014825,-0.067484,0.514405,-0.179589,0.088105,-0.181823,2221,2077,2192,2976,2360,1994
-0.013617,-0.065364,0.501406,-0.172593,0.085032,-0.192618,2206,2077,2192,2976,2349,1994
-0.012360,-0.065876,0.506781,-0.176877,0.085872,-0.189202,2193,2077,2192,2976,2339,1994
-0.011251,-0.064890,0.505511,-0.176986,0.084758,-0.190802,2179,2077,2192,2976,2328,1994
-0.010562,-0.066424,0.520873,-0.186937,0.087339,-0.179265,2165,2077,2192,2976,2317,1994
-0.009430,-0.065411,0.519550,-0.187033,0.086192,-0.180918,2152,2077,2192,2976,2307,1994
-0.008382,-0.065208,0.521558,-0.189095,0.086091,-0.179965,2140,2077,2192,2976,2297,1994
-0.007717,-0.064534,0.519376,-0.188289,0.085240,-0.182035,2130,2077,2192,2976,2289,1994
-0.007466,-0.066046,0.535667,-0.198466,0.087882,-0.169497,2120,2077,2192,2977,2280,1994
-0.006894,-0.065207,0.535518,-0.198837,0.087013,-0.169898,2116,2077,2192,2980,2274,1994
-0.007072,-0.067274,0.552609,-0.209159,0.090282,-0.156513,2120,2076,2192,2980,2278,1994
-0.007505,-0.065963,0.534412,-0.197666,0.087713,-0.170454,2123,2076,2192,2979,2280,1994
-0.007681,-0.067390,0.544233,-0.203537,0.089832,-0.162736,2133,2076,2192,2979,2280,1994
-0.007507,-0.066855,0.534508,-0.197712,0.088609,-0.170448,2144,2076,2192,2981,2281,1994
-0.008008,-0.067034,0.533807,-0.196884,0.088757,-0.170706,2154,2076,2192,2982,2282,1994
-0.008768,-0.066613,0.528830,-0.193235,0.088017,-0.174121,2163,2075,2192,2982,2284,1994
-0.010258,-0.066533,0.520850,-0.187163,0.087435,-0.179477,2176,2073,2192,2982,2299,1994
-0.011121,-0.067016,0.521252,-0.186722,0.087977,-0.178671,2189,2070,2192,2982,2322,1994
-0.012028,-0.067584,0.517801,-0.183881,0.088336,-0.180874,2202,2068,2192,2983,2345,1994
-0.012937,-0.068718,0.518588,-0.183632,0.089557,-0.179788,2217,2067,2192,2983,2365,1994
-0.013708,-0.069469,0.513695,-0.180010,0.089991,-0.183223,2232,2066,2192,2983,2378,1994
-0.015482,-0.069393,0.494365,-0.166748,0.088626,-0.197331,2256,2066,2192,2983,2387,1994
-0.016680,-0.070492,0.497663,-0.167812,0.089999,-0.194090,2271,2066,2192,2983,2388,1994
-0.018091,-0.069437,0.488548,-0.161118,0.088362,-0.200311,2284,2066,2192,2983,2390,1994
-0.019677,-0.068985,0.481984,-0.155843,0.087511,-0.204465,2295,2066,2193,2983,2398,1994
-0.020827,-0.069000,0.482152,-0.155038,0.087583,-0.203630,2311,2066,2193,2983,2415,1994
-0.024905,-0.069231,0.477864,-0.149184,0.087668,-0.204522,2343,2066,2193,2983,2449,1994
-0.025958,-0.069291,0.472699,-0.145183,0.087406,-0.207943,2360,2066,2193,2983,2463,1994
-0.031199,-0.071591,0.477838,-0.144169,0.090261,-0.200873,2394,2066,2193,2983,2487,1994
-0.033703,-0.070802,0.470440,-0.137663,0.089052,-0.205095,2414,2066,2193,2983,2500,1994
-0.034672,-0.066801,0.438704,-0.117472,0.082872,-0.229142,2436,2065,2193,2983,2514,1994
-0.038775,-0.068201,0.443023,-0.116866,0.084728,-0.223342,2455,2065,2193,2983,2527,1994
-0.053704,-0.069746,0.429809,-0.096951,0.085915,-0.224710,2544,2065,2193,2983,2587,1994
-0.066592,-0.069853,0.413542,-0.076792,0.085376,-0.229615,2592,2064,2193,2983,2616,1994
-0.075729,-0.068213,0.391062,-0.055805,0.082514,-0.241566,2629,2064,2193,2983,2640,1994
-0.079171,-0.068768,0.391187,-0.053156,0.083208,-0.239403,2637,2064,2193,2983,2644,1994
-0.086435,-0.068707,0.387558,-0.045196,0.083172,-0.237802,2645,2064,2193,2983,2653,1994
-0.086104,-0.068378,0.387507,-0.045430,0.082828,-0.238018,2640,2064,2193,2983,2649,1994
-0.085282,-0.068063,0.387953,-0.046356,0.082514,-0.238146,2633,2064,2193,2983,2647,1994
-0.083783,-0.067884,0.388609,-0.047945,0.082323,-0.238535,2620,2064,2193,2983,2645,1994
-0.076402,-0.068629,0.399637,-0.060530,0.083556,-0.234443,2571,2065,2193,2983,2644,1994
-0.053504,-0.068493,0.427264,-0.095563,0.084480,-0.226734,2461,2065,2193,2983,2582,1994
-0.045260,-0.069073,0.437512,-0.108353,0.085460,-0.223772,2412,2065,2193,2983,2537,1994
-0.041723,-0.070303,0.447439,-0.117221,0.087248,-0.218230,2387,2065,2193,2983,2517,1994
-0.037838,-0.069949,0.453544,-0.124041,0.087173,-0.215781,2364,2065,2193,2983,2498,1994
-0.026846,-0.066491,0.453431,-0.132692,0.083295,-0.222330,2292,2065,2194,2983,2439,1994
-0.020341,-0.064608,0.458500,-0.140962,0.081524,-0.222180,2221,2066,2194,2983,2374,1994
-0.018790,-0.065423,0.475680,-0.152720,0.083483,-0.209685,2198,2066,2194,2983,2352,1994
-0.015824,-0.067528,0.498891,-0.169279,0.087098,-0.193416,2169,2067,2194,2983,2323,1994
-0.013445,-0.065765,0.494335,-0.168384,0.084929,-0.198316,2139,2068,2194,2983,2293,1994
-0.010923,-0.067359,0.527864,-0.190932,0.088776,-0.173620,2093,2070,2194,2983,2246,1994
-0.010314,-0.068200,0.541459,-0.199745,0.090546,-0.163368,2075,2070,2194,2983,2229,1994
-0.009424,-0.066911,0.544143,-0.202111,0.089415,-0.161701,2058,2073,2194,2983,2212,1994
-0.009519,-0.066846,0.548906,-0.204960,0.089689,-0.157892,2055,2075,2194,2983,2211,1994
-0.009505,-0.067521,0.560500,-0.212078,0.091175,-0.148837,2055,2075,2194,2983,2212,1994
-0.008942,-0.066888,0.559238,-0.211756,0.090434,-0.150123,2072,2074,2194,2984,2213,1994
-0.009376,-0.066541,0.551726,-0.206808,0.089578,-0.155738,2082,2074,2194,2984,2216,1994
-0.010794,-0.067700,0.543144,-0.200407,0.090184,-0.161709,2152,2068,2194,2984,2300,1994
-0.016061,-0.068658,0.500414,-0.170013,0.088341,-0.192161,2302,2067,2194,2984,2418,1994
-0.086947,-0.068494,0.390796,-0.046781,0.083207,-0.234925,2652,2064,2193,2984,2659,1994
-0.087043,-0.067504,0.386658,-0.044178,0.081934,-0.238041,2651,2064,2193,2984,2656,1994
-0.088087,-0.067439,0.387644,-0.043960,0.081978,-0.236621,2641,2064,2193,2984,2655,1994
-0.087654,-0.070065,0.404923,-0.054873,0.085792,-0.223506,2617,2065,2193,2984,2652,1994
-0.077916,-0.066987,0.391507,-0.054367,0.081407,-0.239779,2588,2065,2193,2984,2624,1994
-0.077354,-0.069620,0.409083,-0.065562,0.085244,-0.226510,2567,2065,2194,2984,2605,1994
-0.048590,-0.066451,0.429223,-0.100671,0.082392,-0.228042,2419,2066,2194,2984,2482,1994
-0.033822,-0.068650,0.458661,-0.130367,0.086083,-0.214115,2328,2065,2194,2984,2413,1994
-0.028315,-0.070406,0.481178,-0.148511,0.089203,-0.199920,2286,2065,2194,2984,2381,1994
-0.025308,-0.070468,0.488200,-0.155194,0.089642,-0.196245,2264,2065,2194,2984,2362,1994
-0.020050,-0.068670,0.487154,-0.158725,0.087574,-0.200146,2221,2065,2194,2984,2326,1994
-0.016664,-0.068918,0.494929,-0.166167,0.088238,-0.196126,2179,2065,2194,2984,2289,1994
-0.012695,-0.070043,0.522406,-0.186148,0.091136,-0.177038,2122,2065,2194,2984,2229,1994
-0.024710,-0.066328,0.549517,-0.193349,0.089800,-0.148064,2026,2006,2286,2974,2103,1994
-0.026419,-0.066715,0.493645,-0.157707,0.086327,-0.190985,2252,2002,2272,2974,2359,1994
-0.041973,-0.065249,0.442145,-0.113839,0.081847,-0.221840,2432,2002,2272,2974,2514,1994
-0.047109,-0.063614,0.462652,-0.122391,0.081856,-0.202437,2307,2008,2286,2974,2423,1994
-0.030914,-0.062960,0.500934,-0.158679,0.083269,-0.182203,2151,2010,2286,2974,2292,1994
-0.029526,-0.064759,0.526636,-0.175525,0.086815,-0.162983,2124,2010,2286,2974,2266,1994
-0.028435,-0.064040,0.528130,-0.177313,0.086161,-0.162419,2098,2010,2286,2974,2241,1994
-0.026894,-0.063938,0.533709,-0.181955,0.086392,-0.158968,2073,2010,2286,2974,2217,1994
-0.026205,-0.064123,0.543545,-0.188533,0.087241,-0.151670,2049,2010,2286,2974,2193,1994
-0.025480,-0.061897,0.528969,-0.180188,0.083969,-0.163400,2029,2010,2286,2974,2170,1994
-0.026372,-0.065075,0.560696,-0.198914,0.089401,-0.138156,2013,2010,2286,2974,2153,1994
-0.026446,-0.065798,0.567302,-0.202901,0.090588,-0.132972,2001,2010,2286,2974,2139,1994
-0.026681,-0.065524,0.566443,-0.202192,0.090264,-0.133482,1994,2009,2286,2974,2130,1994
-0.027781,-0.068793,0.533846,-0.181276,0.091275,-0.158701,2186,2009,2274,2977,2260,1994
-0.028124,-0.067394,0.521835,-0.173652,0.089050,-0.167826,2210,2009,2272,2975,2277,1994
-0.029159,-0.067853,0.518508,-0.170788,0.089314,-0.169844,2232,2010,2272,2975,2294,1994
-0.030012,-0.068708,0.518506,-0.170101,0.090199,-0.169391,2257,2010,2272,2975,2309,1994
-0.033661,-0.066861,0.492442,-0.151249,0.086668,-0.187506,2307,2009,2272,2980,2334,1994
-0.034988,-0.066187,0.482957,-0.144389,0.085380,-0.194099,2336,2007,2277,2981,2336,1994
-0.055503,-0.067474,0.455461,-0.111303,0.085522,-0.203255,2449,2002,2272,2979,2449,1994
-0.059922,-0.071536,0.470032,-0.116705,0.090764,-0.189411,2470,2002,2272,2976,2486,1994
-0.061980,-0.070197,0.446663,-0.100756,0.087867,-0.206422,2509,2002,2271,2974,2544,1994
-0.062363,-0.068660,0.433081,-0.092138,0.085396,-0.216746,2525,2002,2271,2974,2564,1994
-0.066364,-0.070086,0.436803,-0.091245,0.087233,-0.211480,2541,2002,2271,2974,2581,1994
-0.079113,-0.067054,0.407435,-0.063196,0.082639,-0.226525,2603,2003,2271,2973,2680,1994
-0.081114,-0.067046,0.407379,-0.061581,0.082704,-0.225343,2607,2003,2271,2973,2701,1994
-0.083231,-0.067061,0.408470,-0.060580,0.082877,-0.223189,2608,2004,2271,2973,2716,1994
-0.082541,-0.066731,0.404805,-0.058880,0.082264,-0.226468,2605,2005,2272,2973,2719,1994
-0.086769,-0.070221,0.426989,-0.069112,0.087465,-0.206708,2597,2005,2274,2973,2719,1994
-0.082167,-0.067026,0.412501,-0.063894,0.083085,-0.220668,2585,2005,2275,2973,2718,1994
-0.072502,-0.068330,0.427655,-0.080808,0.085077,-0.214776,2517,2003,2279,2974,2634,1994
-0.066319,-0.065709,0.423281,-0.083037,0.081919,-0.221796,2473,2002,2286,2975,2584,1994
-0.038991,-0.068356,0.498936,-0.151008,0.088819,-0.179252,2245,2002,2286,2974,2400,1994
-0.036671,-0.068855,0.509412,-0.159262,0.089963,-0.172475,2214,2002,2285,2974,2375,1994
-0.032210,-0.066648,0.501067,-0.157690,0.087005,-0.181595,2182,2002,2280,2974,2347,1994
-0.026772,-0.066651,0.504283,-0.163957,0.087024,-0.182398,2124,2002,2275,2974,2294,1994
-0.025944,-0.068835,0.509311,-0.167668,0.089522,-0.179124,2279,2006,2271,2973,2425,1994
-0.034505,-0.068008,0.475923,-0.140430,0.086682,-0.200071,2397,2005,2271,2973,2544,1994
-0.066155,-0.067542,0.436743,-0.091405,0.084685,-0.211455,2547,2011,2271,2973,2669,1994
-0.069035,-0.065484,0.422560,-0.080454,0.081748,-0.220681,2523,2010,2271,2973,2663,1994
-0.070994,-0.069467,0.447147,-0.093946,0.087521,-0.200461,2513,2009,2271,2973,2661,1994
-0.063098,-0.066828,0.430944,-0.090268,0.083449,-0.217831,2485,2006,2272,2973,2618,1994
-0.062671,-0.068787,0.441667,-0.097162,0.086138,-0.209815,2464,2005,2272,2974,2589,1994
-0.057937,-0.066243,0.426940,-0.091893,0.082385,-0.224095,2437,2005,2273,2974,2559,1994
-0.055311,-0.065975,0.429405,-0.095483,0.082189,-0.223744,2411,2005,2277,2974,2532,1994
-0.043254,-0.068566,0.479503,-0.135713,0.087828,-0.191939,2289,2003,2278,2974,2420,1994
-0.039864,-0.069932,0.494194,-0.147388,0.090091,-0.182572,2259,2003,2280,2974,2394,1994
-0.029185,-0.066997,0.496063,-0.157003,0.086884,-0.187411,2153,2002,2279,2974,2299,1994
-0.025735,-0.065040,0.488724,-0.155247,0.084286,-0.195142,2116,2002,2279,2974,2265,1994
-0.022016,-0.068055,0.532999,-0.185316,0.090257,-0.162841,2196,2011,2270,2972,2341,1994
-0.022761,-0.067385,0.519571,-0.176497,0.088675,-0.172890,2231,2011,2270,2972,2374,1994
-0.033470,-0.066242,0.486893,-0.148003,0.085653,-0.191938,2369,2012,2270,2972,2484,1994
-0.076971,-0.067460,0.436276,-0.082581,0.084987,-0.205189,2553,2012,2271,2973,2652,1994
-0.042607,-0.064047,0.465971,-0.127977,0.082347,-0.202619,2285,2013,2273,2973,2391,1994
-0.030713,-0.068548,0.508244,-0.163252,0.089345,-0.177019,2179,2012,2272,2973,2303,1994
-0.027568,-0.068089,0.515834,-0.170399,0.089300,-0.172941,2141,2012,2272,2973,2273,1994
-0.024868,-0.067108,0.515970,-0.172626,0.088228,-0.174410,2105,2012,2272,2973,2239,1994
-0.020196,-0.067684,0.545568,-0.194473,0.090701,-0.154042,2159,2012,2270,2972,2318,1994
-0.020929,-0.066181,0.529980,-0.184346,0.088136,-0.165732,2195,2012,2270,2972,2345,1994
-0.022135,-0.066553,0.522064,-0.178531,0.087997,-0.171249,2229,2012,2271,2973,2371,1994
-0.027770,-0.065956,0.507476,-0.165138,0.086595,-0.179221,2291,2012,2271,2973,2423,1994
-0.032045,-0.065384,0.486143,-0.148677,0.084690,-0.193333,2357,2013,2271,2972,2505,1994
-0.025390,-0.063135,0.506215,-0.166279,0.083602,-0.181447,2080,2012,2278,2974,2250,1994
-0.023869,-0.064531,0.522431,-0.177413,0.086074,-0.169737,2040,2012,2278,2974,2215,1994
-0.023012,-0.065811,0.542286,-0.190259,0.088712,-0.154749,1998,2012,2277,2974,2183,1994
-0.022541,-0.065932,0.552865,-0.197121,0.089558,-0.146728,1963,2012,2277,2974,2155,1994
-0.024722,-0.065557,0.577134,-0.210299,0.090973,-0.126278,1882,2012,2273,2974,2071,1994
-0.019565,-0.066389,0.558394,-0.202858,0.090287,-0.144239,2114,2013,2271,2972,2327,1994
-0.020177,-0.065178,0.532293,-0.186372,0.087269,-0.164295,2186,2013,2271,2972,2391,1994
-0.024793,-0.065741,0.506244,-0.166734,0.086179,-0.181997,2294,2013,2272,2972,2469,1994
-0.037047,-0.064581,0.474750,-0.137747,0.083282,-0.199164,2406,2014,2271,2971,2563,1994
-0.042932,-0.065664,0.480813,-0.136808,0.085014,-0.190876,2423,2014,2271,2971,2581,1994
-0.047557,-0.064731,0.454670,-0.117125,0.082425,-0.208529,2462,2014,2271,2971,2626,1994
-0.051889,-0.066875,0.463479,-0.119084,0.085349,-0.199117,2479,2014,2271,2971,2646,1994
-0.054289,-0.065617,0.452203,-0.110286,0.083395,-0.206414,2495,2014,2271,2971,2661,1994
-0.055323,-0.064590,0.446334,-0.105880,0.081999,-0.210315,2409,2013,2278,2975,2529,1994
-0.033369,-0.065252,0.507500,-0.160741,0.086110,-0.175716,2174,2010,2285,2982,2325,1994
-0.032250,-0.066391,0.525701,-0.172781,0.088480,-0.162179,2145,2010,2285,2982,2301,1994
-0.029943,-0.064392,0.517496,-0.169591,0.085823,-0.169886,2116,2010,2285,2982,2279,1994
-0.029027,-0.065542,0.535043,-0.181068,0.088166,-0.156739,2082,2010,2283,2982,2258,1994
-0.027852,-0.066344,0.544577,-0.187837,0.089591,-0.150025,2051,2010,2281,2982,2240,1994
-0.025005,-0.066066,0.551629,-0.194417,0.089699,-0.146201,1978,2010,2277,2979,2181,1994
-0.022107,-0.066780,0.552226,-0.197061,0.090341,-0.147564,2169,2013,2273,2974,2344,1994
-0.022558,-0.067261,0.543615,-0.191415,0.090233,-0.154098,2208,2013,2271,2973,2377,1994
-0.023703,-0.064822,0.518868,-0.175354,0.086107,-0.172664,2238,2013,2271,2973,2394,1994
-0.024831,-0.066289,0.515179,-0.172181,0.087354,-0.174990,2265,2013,2274,2973,2407,1994
-0.031146,-0.066846,0.508004,-0.162785,0.087649,-0.176808,2290,2012,2272,2973,2425,1994
-0.032567,-0.067772,0.505156,-0.159903,0.088426,-0.178250,2295,2008,2276,2974,2424,1994
-0.033135,-0.067357,0.493341,-0.152210,0.087205,-0.187160,2295,2010,2274,2974,2423,1994
-0.035107,-0.067309,0.489627,-0.148374,0.086971,-0.188869,2296,2012,2273,2974,2423,1994
-0.035475,-0.066753,0.487582,-0.146836,0.086288,-0.190209,2297,2012,2273,2974,2422,1994
-0.034514,-0.065761,0.481749,-0.144027,0.084852,-0.195306,2298,2010,2272,2974,2422,1994
-0.034747,-0.065879,0.478865,-0.142072,0.084777,-0.197440,2299,2009,2272,2974,2422,1994
-0.034806,-0.067349,0.482690,-0.144354,0.086512,-0.194512,2309,2011,2273,2974,2424,1994
-0.036173,-0.068003,0.487806,-0.146406,0.087576,-0.189703,2312,2012,2275,2974,2427,1994
-0.036323,-0.066573,0.481833,-0.142640,0.085738,-0.194196,2314,2012,2276,2974,2427,1994
-0.036711,-0.065365,0.481729,-0.142286,0.084540,-0.193944,2311,2012,2273,2974,2427,1994
-0.037318,-0.065074,0.479804,-0.140629,0.084139,-0.195063,2307,2012,2272,2974,2427,1994
-0.038595,-0.069981,0.510647,-0.158486,0.091246,-0.170414,2303,2012,2273,2974,2427,1994
-0.035326,-0.066462,0.482961,-0.144121,0.085667,-0.193910,2301,2012,2277,2974,2427,1994
-0.036278,-0.066756,0.487594,-0.146209,0.086323,-0.189707,2300,2012,2279,2974,2427,1994
-0.035373,-0.064976,0.482812,-0.144012,0.084178,-0.193881,2299,2012,2278,2974,2427,1994
-0.035334,-0.064729,0.487344,-0.146826,0.084249,-0.190322,2293,2012,2276,2974,2427,1994
-0.035460,-0.065117,0.487359,-0.146731,0.084641,-0.190263,2291,2012,2273,2974,2427,1994
-0.034621,-0.065942,0.488474,-0.148068,0.085509,-0.189966,2291,2012,2273,2974,2427,1994
-0.033816,-0.066745,0.488460,-0.148684,0.086278,-0.190533,2294,2012,2275,2974,2427,1994
-0.034798,-0.068462,0.500150,-0.155062,0.088848,-0.180875,2295,2012,2276,2974,2427,1994
-0.036442,-0.068704,0.506121,-0.157425,0.089573,-0.175191,2294,2012,2278,2974,2427,1994
-0.035343,-0.065547,0.487454,-0.146877,0.085071,-0.190294,2293,2012,2280,2974,2426,1994
-0.035670,-0.065823,0.490627,-0.148562,0.085582,-0.187620,2293,2012,2282,2974,2425,1994
-0.035448,-0.064596,0.486593,-0.146277,0.084067,-0.190831,2292,2012,2284,2974,2425,1994
-0.036229,-0.064334,0.488498,-0.146833,0.083970,-0.188835,2292,2012,2284,2974,2424,1994
-0.036222,-0.063919,0.488402,-0.146785,0.083550,-0.188881,2292,2012,2284,2974,2423,1994
-0.036128,-0.063914,0.487249,-0.146152,0.083460,-0.189845,2292,2012,2284,2974,2423,1994
-0.036128,-0.063914,0.487249,-0.146152,0.083460,-0.189845,2292,2012,2284,2974,2423,1994
-0.036128,-0.063914,0.487249,-0.146152,0.083460,-0.189845,2290,2012,2284,2974,2423,1994
-0.036128,-0.063914,0.487249,-0.146152,0.083460,-0.189845,2289,2012,2284,2974,2423,1994
-0.035847,-0.063794,0.486572,-0.145960,0.083282,-0.190540,2288,2012,2285,2975,2423,1994
-0.036886,-0.064043,0.492979,-0.149069,0.084020,-0.184885,2287,2012,2285,2977,2423,1994
-0.036234,-0.062969,0.486407,-0.145564,0.082463,-0.190368,2287,2012,2285,2979,2422,1994
-0.036104,-0.062411,0.485165,-0.144911,0.081815,-0.191380,2287,2012,2285,2976,2422,1994
-0.036938,-0.063355,0.490532,-0.147535,0.083165,-0.186723,2294,2011,2272,2974,2422,1994
-0.036526,-0.064198,0.491915,-0.148697,0.084086,-0.185955,2296,2011,2270,2973,2424,1994
-0.034263,-0.068110,0.481331,-0.143939,0.087155,-0.195974,2301,2011,2273,2974,2422,1994
-0.034639,-0.067216,0.481014,-0.143459,0.086256,-0.195922,2295,2011,2281,2974,2422,1994
-0.035220,-0.064583,0.482852,-0.144162,0.083783,-0.193913,2267,2011,2284,2980,2421,1994
-0.035711,-0.064593,0.491830,-0.149285,0.084442,-0.186552,2261,2009,2285,2981,2421,1994
-0.035480,-0.065016,0.498887,-0.153792,0.085351,-0.181177,2258,2008,2278,2981,2421,1994
-0.035134,-0.065637,0.501515,-0.155670,0.086141,-0.179372,2263,2008,2273,2980,2421,1994
-0.034307,-0.066872,0.501473,-0.156281,0.087337,-0.180009,2277,2008,2272,2974,2421,1994
-0.033431,-0.068582,0.500780,-0.156525,0.088959,-0.181226,2294,2011,2271,2973,2426,1994
-0.032459,-0.068212,0.491612,-0.151671,0.087909,-0.189002,2302,2012,2271,2973,2427,1994
-0.033178,-0.068361,0.494767,-0.153038,0.088307,-0.186092,2303,2012,2274,2973,2427,1994
-0.034701,-0.065844,0.485883,-0.146416,0.085233,-0.191946,2279,2011,2285,2974,2422,1994
-0.035133,-0.065154,0.487762,-0.147236,0.084694,-0.190150,2272,2011,2285,2976,2422,1994
-0.036760,-0.066844,0.512756,-0.161270,0.088196,-0.169631,2270,2011,2285,2976,2422,1994
-0.034782,-0.063435,0.490483,-0.149205,0.083157,-0.188088,2271,2011,2283,2975,2422,1994
-0.034276,-0.064057,0.493034,-0.151162,0.083938,-0.186442,2271,2011,2275,2975,2422,1994
-0.034113,-0.064885,0.493156,-0.151356,0.084765,-0.186512,2271,2011,2273,2975,2422,1994
-0.033390,-0.066146,0.495460,-0.153324,0.086156,-0.185242,2271,2011,2275,2977,2422,1994
-0.032574,-0.066959,0.495446,-0.153950,0.086934,-0.185818,2267,2010,2279,2981,2422,1994
-0.033132,-0.067056,0.494009,-0.152626,0.086951,-0.186614,2264,2010,2285,2981,2422,1994
-0.035046,-0.065227,0.500365,-0.155038,0.085649,-0.180298,2267,2010,2285,2975,2422,1994
-0.034917,-0.064059,0.493051,-0.150667,0.083966,-0.186036,2271,2011,2278,2975,2424,1994
-0.033972,-0.064236,0.490428,-0.149801,0.083921,-0.188692,2271,2011,2274,2975,2426,1994
-0.033161,-0.065037,0.490373,-0.150397,0.084684,-0.189295,2270,2009,2273,2977,2423,1994
-0.032519,-0.067086,0.494495,-0.153407,0.086992,-0.186609,2264,2005,2283,2981,2422,1994
-0.033724,-0.067225,0.494386,-0.152387,0.087169,-0.185968,2264,2005,2284,2981,2422,1994
-0.034554,-0.067128,0.499193,-0.154683,0.087442,-0.181671,2267,2005,2283,2977,2422,1994
-0.034931,-0.065712,0.493261,-0.150764,0.085628,-0.185992,2271,2007,2279,2975,2425,1994
-0.034515,-0.066696,0.495570,-0.152496,0.086755,-0.184510,2271,2008,2275,2975,2426,1994
-0.034851,-0.069602,0.515574,-0.164471,0.091070,-0.168803,2270,2007,2278,2978,2422,1994
-0.032806,-0.067108,0.494486,-0.153175,0.087024,-0.186442,2265,2005,2285,2981,2422,1994
-0.033943,-0.067053,0.493986,-0.151971,0.086978,-0.186134,2263,2005,2286,2982,2422,1994
-0.035566,-0.066668,0.497955,-0.153131,0.086935,-0.181988,2262,2007,2286,2982,2422,1994
-0.035727,-0.065463,0.499104,-0.153724,0.085821,-0.180890,2265,2006,2286,2980,2422,1994
-0.035344,-0.063953,0.494257,-0.151072,0.083961,-0.184817,2269,2005,2282,2975,2425,1994
-0.035447,-0.065866,0.500128,-0.154569,0.086284,-0.180288,2271,2006,2273,2975,2427,1994
-0.033499,-0.065521,0.488044,-0.148694,0.085016,-0.190958,2271,2007,2272,2975,2427,1994
-0.032526,-0.067916,0.494610,-0.153462,0.087828,-0.186580,2270,2006,2276,2978,2427,1994
-0.032007,-0.068767,0.494693,-0.153912,0.088661,-0.186900,2264,2005,2285,2981,2423,1994
-0.033398,-0.067797,0.495601,-0.153383,0.087812,-0.185257,2262,2007,2286,2982,2422,1994
-0.035064,-0.066905,0.500590,-0.155141,0.087338,-0.180243,2260,2008,2286,2982,2422,1994
-0.037179,-0.067532,0.524614,-0.168208,0.089731,-0.160103,2259,2006,2285,2980,2422,1994
-0.035128,-0.064801,0.501440,-0.155639,0.085303,-0.179368,2262,2005,2280,2977,2425,1994
-0.034230,-0.066064,0.500457,-0.155729,0.086458,-0.180791,2264,2005,2273,2976,2427,1994
-0.033533,-0.067413,0.497906,-0.154697,0.087597,-0.183331,2264,2005,2272,2975,2427,1994
-0.031893,-0.069056,0.497915,-0.155975,0.089172,-0.184459,2264,2005,2272,2975,2427,1994
-0.031078,-0.068574,0.493624,-0.153991,0.088358,-0.188294,2262,2005,2276,2977,2427,1994
-0.031192,-0.068764,0.494668,-0.154540,0.088625,-0.187418,2258,2005,2282,2978,2423,1994
-0.031686,-0.067399,0.493484,-0.153441,0.087200,-0.187939,2256,2004,2284,2981,2422,1994
-0.033414,-0.066902,0.500550,-0.156419,0.087268,-0.181285,2256,2004,2283,2981,2422,1994
-0.033884,-0.067265,0.501323,-0.156518,0.087702,-0.180418,2258,2004,2275,2981,2422,1994
-0.034158,-0.067913,0.506704,-0.159596,0.088736,-0.176069,2263,2002,2271,2974,2427,1994
-0.033006,-0.070215,0.508278,-0.161442,0.091098,-0.175719,2264,2002,2271,2974,2427,1994
-0.030284,-0.071057,0.493934,-0.154777,0.090825,-0.188734,2259,2002,2273,2979,2424,1994
-0.032090,-0.070553,0.504198,-0.159657,0.091112,-0.179516,2256,2002,2283,2981,2422,1994
-0.032646,-0.067926,0.495609,-0.153980,0.087912,-0.185722,2256,2002,2276,2981,2422,1994
-0.033006,-0.070215,0.508278,-0.161442,0.091098,-0.175719,2264,2001,2270,2974,2427,1994
-0.030375,-0.070929,0.495497,-0.155666,0.090810,-0.187439,2264,2001,2270,2974,2427,1994
-0.030758,-0.070443,0.495090,-0.155120,0.090312,-0.187486,2255,2001,2283,2981,2422,1994
-0.032194,-0.068780,0.494888,-0.153884,0.088695,-0.186633,2255,2001,2284,2981,2422,1994
-0.033487,-0.068532,0.501530,-0.156943,0.088965,-0.180598,2255,2001,2277,2981,2422,1994
-0.033488,-0.068124,0.501565,-0.156968,0.088560,-0.180538,2258,2001,2272,2978,2426,1994
-0.031227,-0.070694,0.498703,-0.156964,0.090834,-0.184377,2262,2001,2271,2975,2427,1994
-0.031456,-0.070830,0.502077,-0.158852,0.091216,-0.181594,2255,2001,2282,2981,2422,1994
-0.033122,-0.068466,0.499806,-0.156173,0.088764,-0.182172,2255,2001,2273,2982,2425,1994
-0.032978,-0.068597,0.500963,-0.156995,0.088970,-0.181361,2258,2001,2272,2976,2427,1994
-0.031489,-0.070137,0.499968,-0.157541,0.090377,-0.183177,2259,2001,2271,2976,2427,1994
-0.030375,-0.070929,0.495497,-0.155666,0.090810,-0.187439,2258,2001,2272,2980,2427,1994
-0.030375,-0.070929,0.495497,-0.155666,0.090810,-0.187439,2255,2001,2277,2981,2425,1994
-0.032325,-0.070351,0.502695,-0.158552,0.090814,-0.180537,2254,2001,2284,2982,2423,1994
-0.033494,-0.068960,0.501637,-0.156997,0.089399,-0.180544,2254,2001,2284,2982,2423,1994
-0.033423,-0.067741,0.500664,-0.156472,0.088113,-0.181256,2254,2001,2277,2982,2427,1994
-0.032387,-0.068492,0.497633,-0.155420,0.088609,-0.184334,2256,2001,2272,2978,2427,1994
-0.031323,-0.071017,0.500814,-0.158179,0.091307,-0.182684,2256,2001,2272,2978,2427,1994
-0.030375,-0.070929,0.495497,-0.155666,0.090810,-0.187439,2255,2001,2274,2981,2427,1994
-0.030799,-0.070283,0.495852,-0.155558,0.090207,-0.186848,2255,2001,2280,2981,2426,1994
-0.031345,-0.070279,0.501184,-0.158399,0.090599,-0.182321,2255,2001,2283,2981,2424,1994
-0.033336,-0.069611,0.506918,-0.160354,0.090413,-0.176538,2254,2001,2283,2981,2424,1994
-0.033114,-0.067628,0.499691,-0.156119,0.087920,-0.182201,2254,2001,2278,2981,2427,1994
-0.033006,-0.070215,0.508278,-0.161442,0.091098,-0.175719,2255,2001,2271,2977,2428,1994
-0.030676,-0.070210,0.493697,-0.154332,0.089979,-0.188613,2255,2001,2271,2976,2428,1994
-0.029561,-0.070932,0.495520,-0.156323,0.090784,-0.187919,2255,2001,2274,2981,2428,1994
-0.031492,-0.070339,0.502608,-0.159156,0.090764,-0.181115,2255,2001,2278,2981,2424,1994
-0.032320,-0.069513,0.502627,-0.158524,0.089974,-0.180528,2254,2001,2275,2981,2426,1994
-0.032320,-0.069513,0.502627,-0.158524,0.089974,-0.180528,2254,2001,2272,2979,2427,1994
-0.031492,-0.070339,0.502608,-0.159156,0.090764,-0.181115,2255,2001,2272,2977,2427,1994
-0.029917,-0.070743,0.494596,-0.155477,0.090544,-0.188413,2255,2001,2273,2980,2427,1994
-0.029346,-0.069388,0.489110,-0.152578,0.088785,-0.192970,2255,2001,2278,2981,2425,1994
-0.030767,-0.069528,0.494537,-0.154786,0.089361,-0.187842,2254,2001,2281,2981,2424,1994
-0.032320,-0.069513,0.502627,-0.158524,0.089974,-0.180528,2254,2001,2282,2981,2425,1994
-0.032662,-0.068949,0.501550,-0.157601,0.089350,-0.181120,2254,2001,2282,2981,2426,1994
-0.032935,-0.068833,0.505094,-0.159562,0.089494,-0.178158,2254,2001,2281,2981,2427,1994
-0.032935,-0.068833,0.505094,-0.159562,0.089494,-0.178158,2254,2001,2277,2981,2427,1994
-0.032422,-0.067812,0.495696,-0.154212,0.087796,-0.185781,2254,2001,2272,2981,2427,1994
-0.031380,-0.068779,0.494886,-0.154526,0.088663,-0.187133,2255,2001,2272,2978,2427,1994
-0.030254,-0.070699,0.497922,-0.157253,0.090747,-0.185587,2254,2001,2280,2981,2427,1994
-0.031062,-0.070106,0.499734,-0.157734,0.090314,-0.183620,2254,2001,2282,2981,2426,1994
-0.032187,-0.067949,0.494777,-0.153831,0.087859,-0.186659,2254,2001,2281,2981,2426,1994
-0.032776,-0.069172,0.506569,-0.160588,0.089929,-0.177122,2254,2001,2274,2981,2427,1994
-0.031977,-0.067491,0.494269,-0.153691,0.087358,-0.187151,2254,2001,2272,2979,2427,1994
-0.030572,-0.069610,0.494997,-0.155221,0.089467,-0.187607,2254,2001,2279,2981,2425,1994
-0.031337,-0.069438,0.501071,-0.158346,0.089753,-0.182348,2254,2001,2275,2981,2427,1994
-0.032320,-0.069513,0.502627,-0.158524,0.089974,-0.180528,2254,2001,2272,2979,2427,1994
-0.031594,-0.069888,0.501510,-0.158408,0.090241,-0.181881,2255,2001,2272,2977,2427,1994
-0.029917,-0.070743,0.494596,-0.155477,0.090544,-0.188413,2255,2001,2273,2980,2427,1994
-0.031837,-0.069774,0.501535,-0.158233,0.090139,-0.181704,2254,2001,2272,2981,2427,1994
-0.031574,-0.068700,0.494438,-0.154097,0.088560,-0.187360,2254,2001,2272,2976,2427,1994
-0.030369,-0.070099,0.495400,-0.155621,0.089976,-0.187453,2255,2001,2271,2976,2427,1994
-0.029593,-0.070987,0.496022,-0.156605,0.090875,-0.187509,2255,2001,2272,2977,2427,1994
-0.031565,-0.069849,0.501085,-0.158170,0.090172,-0.182229,2254,2001,2278,2981,2426,1994
-0.032320,-0.069513,0.502627,-0.158524,0.089974,-0.180528,2254,2001,2272,2981,2427,1994
-0.032168,-0.070211,0.508252,-0.162088,0.091059,-0.176252,2254,2001,2272,2976,2427,1994
-0.031263,-0.069647,0.499842,-0.157648,0.089872,-0.183376,2254,2001,2276,2980,2426,1994
-0.032100,-0.069658,0.505035,-0.160175,0.090280,-0.178780,2254,2001,2272,2979,2427,1994
-0.031337,-0.069438,0.501071,-0.158346,0.089753,-0.182348,2254,2001,2271,2976,2427,1994
-0.030022,-0.069222,0.492537,-0.154150,0.088887,-0.189847,2254,2001,2277,2980,2426,1994
-0.031488,-0.069501,0.502540,-0.159128,0.089925,-0.181105,2254,2001,2272,2976,2427,1994
-0.029394,-0.069343,0.489450,-0.152750,0.088767,-0.192669,2255,2001,2271,2975,2427,1994
-0.029411,-0.070980,0.496044,-0.156763,0.090863,-0.187603,2255,2001,2272,2977,2427,1994
-0.029737,-0.070097,0.495652,-0.156275,0.089967,-0.187641,2254,2001,2276,2980,2427,1994
-0.030770,-0.069891,0.501533,-0.159072,0.090215,-0.182367,2254,2001,2273,2980,2427,1994
-0.029100,-0.070737,0.494554,-0.156096,0.090503,-0.188946,2254,2001,2274,2978,2427,1994
-0.029800,-0.070823,0.502014,-0.160121,0.091140,-0.182657,2254,2001,2276,2978,2427,1994
-0.030660,-0.070327,0.502521,-0.159760,0.090715,-0.181692,2254,2001,2273,2978,2427,1994
-0.030620,-0.069984,0.501928,-0.159432,0.090329,-0.182156,2254,2001,2272,2975,2427,1994
-0.030315,-0.070687,0.500933,-0.159053,0.090949,-0.183181,2255,2001,2271,2975,2427,1994
-0.029952,-0.069525,0.494520,-0.155419,0.089326,-0.188355,2254,2001,2276,2978,2427,1994
-0.030760,-0.068697,0.494421,-0.154730,0.088525,-0.187872,2254,2001,2272,2977,2427,1994
-0.029027,-0.070903,0.496419,-0.157296,0.090797,-0.187538,2255,2001,2273,2976,2427,1994
-0.028542,-0.069388,0.489108,-0.153212,0.088754,-0.193464,2254,2001,2279,2976,2427,1994
-0.029839,-0.070127,0.499894,-0.158797,0.090299,-0.184246,2254,2001,2282,2976,2427,1994
-0.031581,-0.068210,0.501323,-0.158324,0.088556,-0.181903,2254,2001,2273,2975,2427,1994
-0.031047,-0.068428,0.499504,-0.157627,0.088625,-0.183678,2255,2001,2272,2975,2427,1994
-0.030607,-0.070225,0.502743,-0.159939,0.090626,-0.181542,2255,2001,2272,2975,2427,1994
-0.029800,-0.070823,0.502014,-0.160121,0.091140,-0.182657,2254,2001,2282,2977,2427,1994
-0.030356,-0.068745,0.494490,-0.155091,0.088562,-0.188069,2252,2001,2284,2979,2424,1994
-0.032282,-0.066785,0.499542,-0.156696,0.087037,-0.182761,2242,2001,2283,2981,2422,1994
-0.032781,-0.067928,0.506655,-0.160653,0.088695,-0.176952,2242,2001,2279,2981,2422,1994
-0.031892,-0.067669,0.500337,-0.157481,0.087959,-0.182445,2242,2001,2276,2981,2422,1994
-0.031483,-0.068664,0.502472,-0.159101,0.089085,-0.181095,2242,2001,2274,2981,2422,1994
-0.030537,-0.067180,0.488365,-0.151209,0.086578,-0.192652,2243,2001,2273,2980,2422,1994
-0.030657,-0.069292,0.499815,-0.158115,0.089493,-0.183741,2243,2001,2273,2980,2422,1994
-0.030660,-0.070327,0.502521,-0.159760,0.090715,-0.181692,2243,2001,2273,2979,2422,1994
-0.030565,-0.068778,0.494884,-0.155167,0.088631,-0.187634,2243,2001,2274,2977,2422,1994
-0.030292,-0.068699,0.494126,-0.154918,0.088487,-0.188391,2244,2002,2274,2977,2422,1994
-0.030655,-0.069490,0.502455,-0.159733,0.089875,-0.181681,2244,2002,2274,2977,2422,1994
-0.030655,-0.069490,0.502455,-0.159733,0.089875,-0.181681,2244,2002,2273,2980,2422,1994
-0.030373,-0.069011,0.495532,-0.155713,0.088901,-0.187260,2242,2002,2273,2981,2422,1994
-0.030513,-0.069438,0.501068,-0.158995,0.089721,-0.182855,2233,2002,2281,2981,2421,1994
-0.030505,-0.068598,0.500956,-0.158943,0.088875,-0.182882,2227,2002,2284,2981,2421,1994
-0.031122,-0.068493,0.507676,-0.162582,0.089267,-0.177210,2211,2002,2284,2981,2421,1994
-0.029891,-0.066487,0.500638,-0.159260,0.086725,-0.183341,2195,2002,2282,2977,2420,1994
-0.029866,-0.068427,0.521153,-0.171845,0.090099,-0.167376,2185,2002,2277,2978,2420,1994
-0.028004,-0.068324,0.519489,-0.172295,0.089808,-0.169818,2181,2002,2272,2977,2420,1994
-0.026548,-0.068383,0.495929,-0.158984,0.088156,-0.189242,2262,2003,2271,2974,2417,1994
-0.028210,-0.068192,0.489877,-0.153961,0.087603,-0.192968,2272,2002,2271,2974,2417,1994
-0.030628,-0.070827,0.502046,-0.159487,0.091178,-0.182125,2282,2002,2271,2974,2417,1994
-0.031208,-0.070428,0.491332,-0.152459,0.090050,-0.190164,2293,2002,2271,2974,2413,1994
-0.033925,-0.070508,0.486491,-0.147342,0.089895,-0.192313,2320,2002,2271,2974,2418,1994
-0.035234,-0.070336,0.483138,-0.144253,0.089538,-0.194133,2333,2002,2271,2974,2418,1994
-0.036646,-0.069669,0.478149,-0.140085,0.088577,-0.197139,2346,2002,2271,2974,2419,1994
-0.040764,-0.069156,0.466752,-0.129846,0.087424,-0.203539,2364,2002,2273,2981,2419,1994
-0.043813,-0.069857,0.469069,-0.128852,0.088403,-0.199904,2364,2002,2277,2981,2419,1994
-0.046380,-0.068425,0.470031,-0.127435,0.087142,-0.197462,2345,2002,2283,2981,2414,1994
-0.045791,-0.066920,0.472139,-0.129212,0.085767,-0.196046,2334,2002,2283,2981,2413,1994
-0.044999,-0.066118,0.471964,-0.129740,0.084924,-0.196605,2319,2002,2281,2982,2412,1994
-0.041374,-0.068082,0.481105,-0.138187,0.087385,-0.191793,2286,2002,2273,2982,2411,1994
-0.038400,-0.067668,0.477988,-0.138627,0.086639,-0.196033,2266,2002,2272,2975,2411,1994
-0.027133,-0.067005,0.477284,-0.147098,0.085494,-0.203437,2197,2002,2271,2974,2394,1994
-0.022773,-0.069179,0.507753,-0.169211,0.089634,-0.182319,2128,2002,2272,2979,2269,1994
-0.024102,-0.068398,0.522359,-0.177136,0.089932,-0.169958,2070,2001,2282,2982,2184,1994
-0.029912,-0.068158,0.454603,-0.130970,0.085158,-0.219662,2379,2013,2244,2973,2485,1994
-0.037400,-0.070752,0.454759,-0.125121,0.088043,-0.215157,2434,2013,2244,2972,2534,1994
-0.045997,-0.071841,0.446238,-0.113091,0.088861,-0.216677,2475,2013,2243,2972,2573,1994
-0.047591,-0.070916,0.435152,-0.105041,0.087221,-0.224345,2493,2013,2243,2972,2588,1994
-0.054704,-0.069857,0.421781,-0.091233,0.085501,-0.230419,2508,2013,2243,2972,2597,1994
-0.057990,-0.070315,0.427312,-0.092029,0.086472,-0.224093,2507,2013,2243,2972,2597,1994
-0.058827,-0.070723,0.427642,-0.091565,0.086934,-0.223353,2499,2013,2243,2973,2596,1994
-0.058393,-0.070458,0.426770,-0.091376,0.086592,-0.224283,2486,2013,2243,2973,2589,1994
-0.057336,-0.070875,0.428816,-0.093460,0.087111,-0.223355,2473,2012,2243,2973,2581,1994
-0.048878,-0.074169,0.446099,-0.110702,0.091282,-0.215206,2395,2001,2252,2982,2508,1994
-0.040912,-0.073088,0.456327,-0.123281,0.090617,-0.211957,2315,2001,2257,2982,2460,1994
-0.024106,-0.070219,0.501471,-0.164290,0.090280,-0.186525,2255,2012,2247,2975,2339,1994
-0.029876,-0.070213,0.468797,-0.139683,0.088201,-0.208684,2376,2012,2244,2973,2503,1994
-0.037683,-0.072215,0.466616,-0.132156,0.090345,-0.205775,2425,2013,2244,2973,2554,1994
-0.047898,-0.068825,0.434141,-0.104205,0.085077,-0.224787,2491,2013,2245,2973,2608,1994
-0.051733,-0.069685,0.436062,-0.102345,0.086217,-0.220995,2507,2013,2246,2973,2624,1994
-0.063079,-0.072586,0.447878,-0.100604,0.090376,-0.204981,2518,2013,2252,2973,2631,1994
-0.061318,-0.068978,0.427854,-0.089750,0.085306,-0.221522,2518,2013,2256,2973,2631,1994
-0.061856,-0.067207,0.423060,-0.086406,0.083224,-0.224822,2517,2013,2257,2973,2630,1994
-0.062271,-0.066568,0.422751,-0.085897,0.082582,-0.224760,2516,2013,2257,2973,2630,1994
-0.061803,-0.065885,0.422541,-0.086146,0.081868,-0.225158,2506,2013,2257,2973,2630,1994
-0.061272,-0.066825,0.427617,-0.089668,0.083141,-0.221566,2493,2013,2257,2973,2628,1994
-0.058761,-0.066109,0.422651,-0.088613,0.081982,-0.226953,2481,2013,2257,2973,2616,1994
-0.058918,-0.069143,0.442017,-0.100335,0.086372,-0.211867,2466,2013,2257,2976,2590,1994
-0.054954,-0.067198,0.430961,-0.096704,0.083504,-0.222837,2447,2012,2258,2980,2563,1994
-0.056650,-0.070945,0.458758,-0.112377,0.089257,-0.200234,2423,2012,2259,2982,2536,1994
-0.051926,-0.067146,0.438612,-0.103790,0.083873,-0.218671,2400,2012,2259,2982,2517,1994
-0.050512,-0.068440,0.453491,-0.114021,0.086154,-0.207938,2375,2011,2259,2982,2500,1994
-0.044881,-0.070477,0.474542,-0.131360,0.089446,-0.194995,2323,2010,2259,2982,2474,1994
-0.030867,-0.068626,0.477627,-0.144340,0.087278,-0.201008,2212,2004,2259,2982,2381,1994
-0.024739,-0.069954,0.501154,-0.163599,0.090019,-0.186365,2112,2002,2259,2982,2284,1994
-0.041114,-0.066819,0.480792,-0.138216,0.086094,-0.192098,2389,2013,2263,2989,2445,1994
-0.067415,-0.065829,0.425497,-0.083531,0.082236,-0.219392,2531,2013,2262,2987,2580,1994
-0.069039,-0.066242,0.425995,-0.082549,0.082745,-0.218037,2526,2013,2262,2987,2580,1994
-0.069352,-0.066394,0.427167,-0.083020,0.082991,-0.216936,2513,2012,2260,2987,2578,1994
-0.065018,-0.067130,0.427391,-0.086569,0.083574,-0.219473,2480,2008,2254,2987,2574,1994
-0.057188,-0.069638,0.430193,-0.094438,0.085969,-0.222264,2434,2002,2257,2990,2519,1994
-0.056617,-0.073195,0.452637,-0.108618,0.091069,-0.205246,2419,2001,2260,2993,2500,1994
-0.052912,-0.071899,0.445506,-0.107182,0.089134,-0.213021,2394,2001,2262,2995,2472,1994
-0.044231,-0.069716,0.450063,-0.116859,0.086943,-0.214583,2314,2001,2262,2995,2410,1994
-0.042613,-0.072502,0.473076,-0.132225,0.091274,-0.197697,2285,2001,2262,2995,2397,1994
-0.033839,-0.068417,0.460151,-0.131271,0.085956,-0.212914,2221,2001,2262,2995,2373,1994
-0.028401,-0.069476,0.483334,-0.149779,0.088431,-0.198098,2148,2001,2262,2994,2330,1994
-0.007753,-0.061101,0.571617,-0.220366,0.085490,-0.140660,2035,2052,2292,2861,2153,1994
-0.012022,-0.057157,0.569571,-0.215790,0.081579,-0.139341,2033,2047,2285,2868,2154,1994
-0.008862,-0.058763,0.562083,-0.213668,0.082532,-0.147293,2029,2047,2280,2858,2153,1994
-0.007044,-0.059756,0.567354,-0.218326,0.083822,-0.144340,2028,2047,2279,2858,2153,1994
-0.005122,-0.059875,0.569246,-0.221003,0.083999,-0.144039,2028,2045,2279,2858,2153,1994
-0.004185,-0.059815,0.561559,-0.217026,0.083364,-0.150653,2028,2043,2279,2864,2153,1994
-0.005177,-0.061635,0.567441,-0.219829,0.085629,-0.145564,2028,2035,2279,2867,2153,1994
-0.006901,-0.065589,0.586125,-0.229885,0.090950,-0.130127,2028,2026,2279,2867,2153,1994
-0.008293,-0.065359,0.578339,-0.224010,0.090227,-0.135379,2028,2015,2279,2867,2154,1994
-0.014326,-0.066960,0.562124,-0.209276,0.090916,-0.144562,1998,1992,2297,2870,2156,1994
-0.014346,-0.064915,0.572010,-0.215353,0.089573,-0.136612,2009,2016,2296,2870,2076,1994
-0.015302,-0.062941,0.571065,-0.214044,0.087576,-0.136615,2009,2020,2296,2870,2071,1994
-0.016063,-0.061385,0.568447,-0.211856,0.085871,-0.138083,2009,2022,2296,2870,2078,1994
-0.015510,-0.059864,0.562016,-0.208366,0.083881,-0.143360,2009,2022,2295,2869,2096,1994
-0.015278,-0.061102,0.571600,-0.214414,0.085779,-0.136063,2010,2023,2291,2868,2122,1994
-0.013397,-0.061102,0.571606,-0.215903,0.085707,-0.137211,2013,2023,2287,2868,2141,1994
-0.011790,-0.062051,0.576796,-0.220345,0.086956,-0.134188,2015,2023,2286,2867,2159,1994
-0.009928,-0.062431,0.567968,-0.216392,0.086642,-0.142302,2015,2023,2289,2865,2169,1994
-0.008917,-0.062597,0.567695,-0.217020,0.086750,-0.143149,2014,2023,2294,2863,2170,1994
-0.009170,-0.062561,0.572032,-0.219483,0.087029,-0.139581,2010,2023,2294,2862,2170,1994
-0.010575,-0.061102,0.571613,-0.218135,0.085598,-0.138934,2009,2023,2294,2861,2173,1994
-0.009789,-0.059700,0.562187,-0.212989,0.083509,-0.146716,2008,2023,2294,2861,2173,1994
-0.009601,-0.061664,0.578808,-0.223313,0.086627,-0.133917,2008,2023,2294,2860,2174,1994
-0.008914,-0.060708,0.567520,-0.216940,0.084854,-0.143139,2011,2023,2294,2860,2174,1994
-0.008942,-0.062037,0.576668,-0.222515,0.086823,-0.136033,2012,2023,2294,2860,2174,1994
-0.009115,-0.063025,0.578154,-0.223277,0.087919,-0.134837,2012,2023,2295,2865,2174,1994
-0.009596,-0.064362,0.594802,-0.233098,0.090439,-0.121556,2012,2023,2295,2866,2174,1994
-0.010325,-0.060301,0.568115,-0.216196,0.084545,-0.141774,2013,2023,2295,2867,2174,1994
-0.010625,-0.060483,0.569943,-0.217079,0.084866,-0.140168,2012,2023,2295,2868,2174,1994
-0.011890,-0.063706,0.597984,-0.233248,0.090098,-0.117596,2009,2023,2295,2868,2174,1994
-0.011990,-0.060655,0.571822,-0.217152,0.085222,-0.137867,2009,2023,2295,2868,2174,1994
-0.011987,-0.061210,0.579043,-0.221579,0.086283,-0.132235,2009,2023,2295,2868,2175,1994
-0.012162,-0.059432,0.570073,-0.215959,0.083888,-0.139041,2009,2023,2295,2868,2175,1994
-0.011846,-0.059713,0.562342,-0.211460,0.083612,-0.145336,2010,2023,2295,2869,2175,1994
-0.013005,-0.064150,0.598078,-0.232420,0.090590,-0.116874,2013,2023,2295,2869,2175,1994
-0.012455,-0.061648,0.578691,-0.220988,0.086712,-0.132259,2017,2023,2295,2869,2175,1994
-0.013072,-0.061637,0.579133,-0.220772,0.086757,-0.131533,2017,2023,2296,2869,2175,1994
-0.012818,-0.058796,0.554397,-0.205828,0.082178,-0.150916,2017,2023,2296,2869,2175,1994
-0.012482,-0.061058,0.571082,-0.216305,0.085591,-0.138180,2017,2023,2296,2869,2173,1994
-0.012931,-0.060655,0.571817,-0.216406,0.085258,-0.137294,2017,2023,2296,2869,2172,1994
-0.012931,-0.060655,0.571817,-0.216406,0.085258,-0.137294,2017,2023,2296,2869,2171,1994
-0.012537,-0.060906,0.571353,-0.216429,0.085461,-0.137920,2017,2023,2296,2869,2171,1994
-0.012502,-0.060491,0.570026,-0.215648,0.084953,-0.138953,2017,2023,2296,2869,2171,1994
-0.012931,-0.060655,0.571817,-0.216406,0.085258,-0.137294,2017,2023,2296,2869,2171,1994
-0.012502,-0.060491,0.570026,-0.215648,0.084953,-0.138953,2017,2023,2296,2869,2171,1994
-0.012502,-0.060491,0.570026,-0.215648,0.084953,-0.138953,2017,2023,2296,2869,2171,1994
-0.012502,-0.060491,0.570026,-0.215648,0.084953,-0.138953,2017,2023,2296,2869,2171,1994
-0.012931,-0.060655,0.571817,-0.216406,0.085258,-0.137294,2017,2023,2296,2869,2171,1994
-0.012537,-0.060906,0.571353,-0.216429,0.085461,-0.137920,2017,2023,2296,2869,2171,1994
-0.012931,-0.060655,0.571817,-0.216406,0.085258,-0.137294,2016,2023,2296,2869,2171,1994
-0.012537,-0.060906,0.571353,-0.216429,0.085461,-0.137920,2016,2023,2296,2869,2170,1994
-0.013072,-0.061637,0.579133,-0.220772,0.086757,-0.131533,2016,2023,2296,2869,2170,1994
-0.012537,-0.060906,0.571353,-0.216429,0.085461,-0.137920,2016,2023,2296,2869,2170,1994
-0.012876,-0.063710,0.598027,-0.232497,0.090143,-0.116959,2016,2023,2296,2869,2170,1994
-0.012537,-0.060906,0.571353,-0.216429,0.085461,-0.137920,2016,2023,2296,2869,2170,1994
-0.013072,-0.061637,0.579133,-0.220772,0.086757,-0.131533,2016,2023,2296,2869,2170,1994
-0.012876,-0.063710,0.598027,-0.232497,0.090143,-0.116959,2016,2023,2296,2869,2170,1994
-0.012931,-0.060655,0.571817,-0.216406,0.085258,-0.137294,2016,2023,2296,2869,2170,1994
-0.012502,-0.060491,0.570026,-0.215648,0.084953,-0.138953,2016,2023,2296,2869,2170,1994
-0.012502,-0.060491,0.570026,-0.215648,0.084953,-0.138953,2016,2023,2296,2869,2170,1994
-0.012931,-0.060655,0.571817,-0.216406,0.085258,-0.137294,2016,2023,2296,2869,2170,1994
-0.012537,-0.060906,0.571353,-0.216429,0.085461,-0.137920,2016,2023,2296,2869,2170,1994
-0.012704,-0.059641,0.559747,-0.209191,0.083391,-0.146845,2016,2023,2296,2869,2170,1994
-0.012931,-0.060655,0.571817,-0.216406,0.085258,-0.137294,2016,2023,2296,2869,2170,1994
-0.012931,-0.060655,0.571817,-0.216406,0.085258,-0.137294,2016,2023,2296,2869,2170,1994
-0.012931,-0.060655,0.571817,-0.216406,0.085258,-0.137294,2016,2023,2296,2869,2170,1994
-0.012931,-0.060655,0.571817,-0.216406,0.085258,-0.137294,2016,2023,2296,2869,2170,1994
-0.012537,-0.060906,0.571353,-0.216429,0.085461,-0.137920,2016,2023,2296,2869,2170,1994
-0.012931,-0.060655,0.571817,-0.216406,0.085258,-0.137294,2016,2023,2296,2869,2170,1994
-0.012931,-0.060655,0.571817,-0.216406,0.085258,-0.137294,2016,2023,2296,2869,2170,1994
-0.013072,-0.061637,0.579133,-0.220772,0.086757,-0.131533,2016,2023,2296,2869,2170,1994
-0.012931,-0.060655,0.571817,-0.216406,0.085258,-0.137294,2016,2023,2296,2869,2170,1994
-0.012931,-0.060655,0.571817,-0.216406,0.085258,-0.137294,2016,2023,2296,2869,2170,1994
-0.012931,-0.060655,0.571817,-0.216406,0.085258,-0.137294,2016,2023,2296,2869,2170,1994
-0.012931,-0.060655,0.571817,-0.216406,0.085258,-0.137294,2016,2023,2296,2869,2170,1994
-0.012502,-0.060491,0.570026,-0.215648,0.084953,-0.138953,2016,2023,2296,2869,2170,1994
-0.012931,-0.060655,0.571817,-0.216406,0.085258,-0.137294,2016,2023,2296,2869,2170,1994
-0.012502,-0.060491,0.570026,-0.215648,0.084953,-0.138953,2016,2023,2296,2869,2170,1994
-0.012502,-0.060491,0.570026,-0.215648,0.084953,-0.138953,2016,2023,2296,2869,2170,1994
-0.012931,-0.060655,0.571817,-0.216406,0.085258,-0.137294,2016,2023,2296,2869,2170,1994
-0.012931,-0.060655,0.571817,-0.216406,0.085258,-0.137294,2016,2023,2296,2869,2170,1994
-0.012419,-0.059540,0.558740,-0.208799,0.083209,-0.147804,2016,2023,2296,2869,2170,1994
-0.012477,-0.060313,0.568994,-0.215037,0.084702,-0.139766,2016,2023,2296,2869,2170,1994
-0.012931,-0.060655,0.571817,-0.216406,0.085258,-0.137294,2016,2023,2296,2869,2170,1994
-0.012931,-0.060655,0.571817,-0.216406,0.085258,-0.137294,2016,2023,2296,2869,2170,1994
-0.012931,-0.060655,0.571817,-0.216406,0.085258,-0.137294,2016,2023,2296,2869,2170,1994
-0.012941,-0.061214,0.579084,-0.220851,0.086326,-0.131618,2016,2023,2296,2869,2170,1994
-0.012931,-0.060655,0.571817,-0.216406,0.085258,-0.137294,2016,2023,2296,2869,2170,1994
-0.012931,-0.060655,0.571817,-0.216406,0.085258,-0.137294,2015,2023,2296,2869,2170,1994
-0.012931,-0.060655,0.571817,-0.216406,0.085258,-0.137294,2015,2023,2296,2869,2170,1994
-0.012931,-0.060655,0.571817,-0.216406,0.085258,-0.137294,2015,2023,2296,2869,2170,1994
-0.012931,-0.060655,0.571817,-0.216406,0.085258,-0.137294,2015,2023,2296,2869,2170,1994
-0.012931,-0.060655,0.571817,-0.216406,0.085258,-0.137294,2015,2023,2296,2869,2170,1994
-0.012704,-0.059641,0.559747,-0.209191,0.083391,-0.146845,2015,2023,2296,2869,2170,1994
-0.012931,-0.060655,0.571817,-0.216406,0.085258,-0.137294,2015,2023,2296,2869,2170,1994
-0.012704,-0.059641,0.559747,-0.209191,0.083391,-0.146845,2015,2023,2296,2869,2170,1994
-0.012931,-0.060655,0.571817,-0.216406,0.085258,-0.137294,2015,2023,2296,2869,2170,1994
-0.012931,-0.060655,0.571817,-0.216406,0.085258,-0.137294,2015,2023,2296,2869,2170,1994
-0.012931,-0.060655,0.571817,-0.216406,0.085258,-0.137294,2015,2023,2296,2869,2170,1994
-0.012931,-0.060655,0.571817,-0.216406,0.085258,-0.137294,2015,2023,2296,2869,2170,1994
-0.012931,-0.060655,0.571817,-0.216406,0.085258,-0.137294,2015,2023,2296,2869,2170,1994
-0.012502,-0.060491,0.570026,-0.215648,0.084953,-0.138953,2015,2023,2296,2869,2170,1994
-0.012931,-0.060655,0.571817,-0.216406,0.085258,-0.137294,2015,2023,2296,2869,2170,1994
-0.012502,-0.060491,0.570026,-0.215648,0.084953,-0.138953,2015,2023,2296,2869,2170,1994
-0.012931,-0.060655,0.571817,-0.216406,0.085258,-0.137294,2014,2023,2296,2869,2170,1994
-0.012931,-0.060655,0.571817,-0.216406,0.085258,-0.137294,2014,2023,2296,2869,2170,1994
-0.012931,-0.060655,0.571817,-0.216406,0.085258,-0.137294,2014,2023,2296,2869,2170,1994
-0.012931,-0.060655,0.571817,-0.216406,0.085258,-0.137294,2014,2023,2296,2869,2170,1994
-0.012931,-0.060655,0.571817,-0.216406,0.085258,-0.137294,2014,2023,2296,2869,2170,1994
-0.012502,-0.060491,0.570026,-0.215648,0.084953,-0.138953,2014,2023,2296,2869,2170,1994
-0.012343,-0.059019,0.553629,-0.205730,0.082327,-0.151829,2014,2023,2296,2869,2170,1994
-0.012502,-0.060491,0.570026,-0.215648,0.084953,-0.138953,2014,2023,2296,2869,2170,1994
-0.012502,-0.060491,0.570026,-0.215648,0.084953,-0.138953,2014,2023,2296,2869,2170,1994
-0.012931,-0.060655,0.571817,-0.216406,0.085258,-0.137294,2014,2023,2296,2869,2170,1994
-0.012931,-0.060655,0.571817,-0.216406,0.085258,-0.137294,2014,2023,2296,2869,2170,1994
-0.012502,-0.060491,0.570026,-0.215648,0.084953,-0.138953,2014,2023,2296,2869,2170,1994
-0.012931,-0.060655,0.571817,-0.216406,0.085258,-0.137294,2014,2023,2296,2869,2170,1994
-0.012502,-0.060491,0.570026,-0.215648,0.084953,-0.138953,2014,2023,2296,2869,2170,1994
-0.012502,-0.060491,0.570026,-0.215648,0.084953,-0.138953,2014,2023,2296,2869,2170,1994
-0.012502,-0.060491,0.570026,-0.215648,0.084953,-0.138953,2014,2023,2296,2869,2170,1994
-0.012343,-0.059019,0.553629,-0.205730,0.082327,-0.151829,2014,2023,2296,2869,2170,1994
-0.012502,-0.060491,0.570026,-0.215648,0.084953,-0.138953,2014,2023,2296,2869,2170,1994
-0.012931,-0.060655,0.571817,-0.216406,0.085258,-0.137294,2014,2023,2296,2869,2170,1994
-0.012502,-0.060491,0.570026,-0.215648,0.084953,-0.138953,2014,2023,2296,2869,2170,1994
-0.012502,-0.060491,0.570026,-0.215648,0.084953,-0.138953,2014,2023,2296,2869,2170,1994
-0.012931,-0.060655,0.571817,-0.216406,0.085258,-0.137294,2014,2023,2296,2869,2170,1994
-0.012931,-0.060655,0.571817,-0.216406,0.085258,-0.137294,2014,2023,2296,2869,2170,1994
-0.012931,-0.060655,0.571817,-0.216406,0.085258,-0.137294,2014,2023,2296,2869,2170,1994
-0.012704,-0.059641,0.559747,-0.209191,0.083391,-0.146845,2014,2023,2296,2869,2170,1994
-0.012502,-0.060491,0.570026,-0.215648,0.084953,-0.138953,2014,2023,2296,2869,2170,1994
-0.012502,-0.060491,0.570026,-0.215648,0.084953,-0.138953,2014,2023,2296,2869,2170,1994
-0.012502,-0.060491,0.570026,-0.215648,0.084953,-0.138953,2014,2023,2296,2869,2170,1994
-0.012502,-0.060491,0.570026,-0.215648,0.084953,-0.138953,2014,2023,2296,2869,2170,1994
-0.012502,-0.060491,0.570026,-0.215648,0.084953,-0.138953,2014,2023,2296,2869,2170,1994
-0.012931,-0.060655,0.571817,-0.216406,0.085258,-0.137294,2014,2023,2296,2869,2170,1994
-0.012931,-0.060655,0.571817,-0.216406,0.085258,-0.137294,2013,2023,2296,2869,2170,1994
-0.012931,-0.060655,0.571817,-0.216406,0.085258,-0.137294,2013,2023,2296,2869,2170,1994
-0.012502,-0.060491,0.570026,-0.215648,0.084953,-0.138953,2013,2023,2296,2869,2170,1994
-0.012941,-0.061214,0.579084,-0.220851,0.086326,-0.131618,2013,2023,2296,2869,2170,1994
-0.012931,-0.060655,0.571817,-0.216406,0.085258,-0.137294,2013,2023,2296,2869,2170,1994
-0.012931,-0.060655,0.571817,-0.216406,0.085258,-0.137294,2013,2023,2296,2869,2170,1994
-0.012931,-0.060655,0.571817,-0.216406,0.085258,-0.137294,2013,2023,2296,2869,2170,1994
-0.012931,-0.060655,0.571817,-0.216406,0.085258,-0.137294,2013,2023,2296,2869,2170,1994
-0.012931,-0.060655,0.571817,-0.216406,0.085258,-0.137294,2013,2023,2296,2869,2170,1994
-0.012941,-0.061214,0.579084,-0.220851,0.086326,-0.131618,2013,2023,2296,2869,2170,1994
-0.012931,-0.060655,0.571817,-0.216406,0.085258,-0.137294,2013,2023,2296,2869,2170,1994
-0.012931,-0.060655,0.571817,-0.216406,0.085258,-0.137294,2013,2023,2296,2869,2170,1994
-0.012931,-0.060655,0.571817,-0.216406,0.085258,-0.137294,2012,2023,2296,2869,2170,1994
-0.012941,-0.061214,0.579084,-0.220851,0.086326,-0.131618,2012,2023,2296,2869,2170,1994
-0.012941,-0.061214,0.579084,-0.220851,0.086326,-0.131618,2012,2023,2296,2869,2170,1994
-0.012931,-0.060655,0.571817,-0.216406,0.085258,-0.137294,2012,2023,2296,2869,2170,1994
-0.012931,-0.060655,0.571817,-0.216406,0.085258,-0.137294,2012,2023,2296,2869,2170,1994
-0.012931,-0.060655,0.571817,-0.216406,0.085258,-0.137294,2012,2023,2296,2869,2170,1994
-0.012502,-0.060491,0.570026,-0.215648,0.084953,-0.138953,2012,2023,2296,2869,2170,1994
-0.012477,-0.060313,0.568994,-0.215037,0.084702,-0.139766,2012,2023,2296,2869,2170,1994
-0.012931,-0.060655,0.571817,-0.216406,0.085258,-0.137294,2012,2023,2296,2869,2170,1994
-0.012931,-0.060655,0.571817,-0.216406,0.085258,-0.137294,2012,2023,2296,2869,2170,1994
-0.012931,-0.060655,0.571817,-0.216406,0.085258,-0.137294,2012,2023,2296,2869,2170,1994
-0.012502,-0.060491,0.570026,-0.215648,0.084953,-0.138953,2012,2023,2296,2869,2170,1994
-0.012502,-0.060491,0.570026,-0.215648,0.084953,-0.138953,2012,2023,2296,2869,2170,1994
-0.012931,-0.060655,0.571817,-0.216406,0.085258,-0.137294,2012,2023,2296,2869,2170,1994
-0.012502,-0.060491,0.570026,-0.215648,0.084953,-0.138953,2012,2023,2296,2869,2170,1994
-0.012931,-0.060655,0.571817,-0.216406,0.085258,-0.137294,2012,2023,2296,2869,2170,1994
-0.012931,-0.060655,0.571817,-0.216406,0.085258,-0.137294,2012,2023,2296,2869,2170,1994
-0.012502,-0.060491,0.570026,-0.215648,0.084953,-0.138953,2012,2023,2296,2869,2170,1994
-0.012931,-0.060655,0.571817,-0.216406,0.085258,-0.137294,2012,2023,2296,2869,2170,1994
-0.013072,-0.061637,0.579133,-0.220772,0.086757,-0.131533,2012,2023,2296,2869,2170,1994
-0.012931,-0.060655,0.571817,-0.216406,0.085258,-0.137294,2012,2023,2296,2869,2170,1994
-0.012502,-0.060491,0.570026,-0.215648,0.084953,-0.138953,2012,2023,2296,2869,2170,1994
-0.012502,-0.060491,0.570026,-0.215648,0.084953,-0.138953,2012,2023,2296,2869,2170,1994
-0.012502,-0.060491,0.570026,-0.215648,0.084953,-0.138953,2011,2023,2296,2869,2170,1994
-0.012502,-0.060491,0.570026,-0.215648,0.084953,-0.138953,2011,2023,2296,2869,2170,1994
-0.012502,-0.060491,0.570026,-0.215648,0.084953,-0.138953,2011,2023,2296,2869,2170,1994
-0.012502,-0.060491,0.570026,-0.215648,0.084953,-0.138953,2011,2023,2296,2869,2170,1994
-0.012654,-0.059237,0.560351,-0.209606,0.083029,-0.146370,2011,2023,2296,2869,2170,1994
-0.013072,-0.061637,0.579133,-0.220772,0.086757,-0.131533,2011,2023,2296,2869,2170,1994
-0.012502,-0.060491,0.570026,-0.215648,0.084953,-0.138953,2011,2023,2296,2869,2170,1994
-0.012502,-0.060491,0.570026,-0.215648,0.084953,-0.138953,2011,2023,2296,2869,2170,1994
-0.012502,-0.060491,0.570026,-0.215648,0.084953,-0.138953,2011,2023,2296,2869,2170,1994
-0.012502,-0.060491,0.570026,-0.215648,0.084953,-0.138953,2011,2023,2296,2869,2170,1994
-0.012502,-0.060491,0.570026,-0.215648,0.084953,-0.138953,2011,2023,2296,2869,2170,1994
-0.012502,-0.060491,0.570026,-0.215648,0.084953,-0.138953,2011,2023,2296,2869,2170,1994
-0.012502,-0.060491,0.570026,-0.215648,0.084953,-0.138953,2011,2023,2296,2869,2170,1994
-0.012931,-0.060655,0.571817,-0.216406,0.085258,-0.137294,2011,2023,2296,2869,2170,1994
-0.012502,-0.060491,0.570026,-0.215648,0.084953,-0.138953,2011,2023,2296,2869,2170,1994
-0.012502,-0.060491,0.570026,-0.215648,0.084953,-0.138953,2011,2023,2296,2869,2170,1994
-0.012537,-0.060906,0.571353,-0.216429,0.085461,-0.137920,2011,2023,2296,2869,2170,1994
-0.012502,-0.060491,0.570026,-0.215648,0.084953,-0.138953,2011,2023,2296,2869,2170,1994
-0.012502,-0.060491,0.570026,-0.215648,0.084953,-0.138953,2011,2023,2296,2869,2170,1994
-0.012502,-0.060491,0.570026,-0.215648,0.084953,-0.138953,2011,2023,2296,2869,2170,1994
-0.012502,-0.060491,0.570026,-0.215648,0.084953,-0.138953,2011,2023,2296,2869,2170,1994
-0.013072,-0.061637,0.579133,-0.220772,0.086757,-0.131533,2011,2023,2296,2869,2170,1994
-0.012502,-0.060491,0.570026,-0.215648,0.084953,-0.138953,2011,2023,2296,2869,2170,1994
-0.012876,-0.063710,0.598027,-0.232497,0.090143,-0.116959,2011,2023,2296,2869,2170,1994
-0.012502,-0.060491,0.570026,-0.215648,0.084953,-0.138953,2011,2023,2296,2869,2170,1994
-0.012502,-0.060491,0.570026,-0.215648,0.084953,-0.138953,2011,2023,2296,2869,2170,1994
-0.012502,-0.060491,0.570026,-0.215648,0.084953,-0.138953,2011,2023,2296,2869,2170,1994
-0.012502,-0.060491,0.570026,-0.215648,0.084953,-0.138953,2011,2023,2296,2869,2170,1994
-0.012502,-0.060491,0.570026,-0.215648,0.084953,-0.138953,2011,2023,2296,2869,2170,1994
-0.012502,-0.060491,0.570026,-0.215648,0.084953,-0.138953,2011,2023,2296,2869,2170,1994
-0.012217,-0.060192,0.566474,-0.213697,0.084394,-0.141897,2011,2023,2296,2869,2170,1994
-0.012217,-0.060192,0.566474,-0.213697,0.084394,-0.141897,2011,2023,2296,2869,2170,1994
-0.012217,-0.060192,0.566474,-0.213697,0.084394,-0.141897,2011,2023,2296,2869,2170,1994
-0.012537,-0.060906,0.571353,-0.216429,0.085461,-0.137920,2011,2023,2296,2869,2170,1994
-0.012217,-0.060192,0.566474,-0.213697,0.084394,-0.141897,2011,2023,2296,2869,2170,1994
-0.012537,-0.060906,0.571353,-0.216429,0.085461,-0.137920,2011,2023,2296,2869,2170,1994
-0.012537,-0.060906,0.571353,-0.216429,0.085461,-0.137920,2011,2023,2296,2869,2170,1994
-0.012217,-0.060192,0.566474,-0.213697,0.084394,-0.141897,2011,2023,2296,2869,2170,1994
-0.012537,-0.060906,0.571353,-0.216429,0.085461,-0.137920,2011,2023,2296,2869,2170,1994
-0.012537,-0.060906,0.571353,-0.216429,0.085461,-0.137920,2011,2023,2296,2869,2170,1994
-0.012537,-0.060906,0.571353,-0.216429,0.085461,-0.137920,2011,2023,2296,2869,2170,1994
-0.012537,-0.060906,0.571353,-0.216429,0.085461,-0.137920,2011,2023,2296,2869,2170,1994
-0.012502,-0.060491,0.570026,-0.215648,0.084953,-0.138953,2011,2023,2296,2869,2170,1994
-0.013072,-0.061637,0.579133,-0.220772,0.086757,-0.131533,2011,2023,2296,2869,2170,1994
-0.012502,-0.060491,0.570026,-0.215648,0.084953,-0.138953,2011,2023,2296,2869,2170,1994
-0.012502,-0.060491,0.570026,-0.215648,0.084953,-0.138953,2011,2023,2296,2869,2170,1994
-0.012502,-0.060491,0.570026,-0.215648,0.084953,-0.138953,2011,2023,2296,2869,2170,1994
-0.012502,-0.060491,0.570026,-0.215648,0.084953,-0.138953,2011,2023,2296,2869,2170,1994
-0.012502,-0.060491,0.570026,-0.215648,0.084953,-0.138953,2011,2023,2296,2869,2170,1994
-0.012502,-0.060491,0.570026,-0.215648,0.084953,-0.138953,2011,2023,2296,2869,2170,1994
-0.012502,-0.060491,0.570026,-0.215648,0.084953,-0.138953,2011,2023,2296,2869,2170,1994
-0.012502,-0.060491,0.570026,-0.215648,0.084953,-0.138953,2011,2023,2296,2869,2170,1994
-0.012537,-0.060906,0.571353,-0.216429,0.085461,-0.137920,2011,2023,2296,2869,2170,1994
-0.013072,-0.061637,0.579133,-0.220772,0.086757,-0.131533,2011,2023,2296,2869,2170,1994
-0.012502,-0.060491,0.570026,-0.215648,0.084953,-0.138953,2011,2023,2296,2869,2170,1994
-0.012502,-0.060491,0.570026,-0.215648,0.084953,-0.138953,2011,2023,2296,2869,2170,1994
-0.012654,-0.059237,0.560351,-0.209606,0.083029,-0.146370,2011,2023,2296,2869,2170,1994
-0.012502,-0.060491,0.570026,-0.215648,0.084953,-0.138953,2011,2023,2296,2869,2170,1994
-0.012343,-0.059019,0.553629,-0.205730,0.082327,-0.151829,2011,2023,2296,2869,2170,1994
-0.012502,-0.060491,0.570026,-0.215648,0.084953,-0.138953,2011,2023,2296,2869,2170,1994
-0.012502,-0.060491,0.570026,-0.215648,0.084953,-0.138953,2011,2023,2296,2869,2170,1994
-0.013072,-0.061637,0.579133,-0.220772,0.086757,-0.131533,2011,2023,2296,2869,2170,1994
-0.012502,-0.060491,0.570026,-0.215648,0.084953,-0.138953,2011,2023,2296,2869,2170,1994
-0.012537,-0.060906,0.571353,-0.216429,0.085461,-0.137920,2010,2023,2296,2869,2170,1994
-0.012537,-0.060906,0.571353,-0.216429,0.085461,-0.137920,2010,2023,2296,2869,2170,1994
-0.012502,-0.060491,0.570026,-0.215648,0.084953,-0.138953,2010,2023,2296,2869,2170,1994
-0.012537,-0.060906,0.571353,-0.216429,0.085461,-0.137920,2010,2023,2296,2869,2170,1994
-0.012502,-0.060491,0.570026,-0.215648,0.084953,-0.138953,2010,2023,2296,2869,2170,1994
-0.012502,-0.060491,0.570026,-0.215648,0.084953,-0.138953,2010,2023,2296,2869,2170,1994
-0.012502,-0.060491,0.570026,-0.215648,0.084953,-0.138953,2010,2023,2296,2869,2170,1994
-0.012502,-0.060491,0.570026,-0.215648,0.084953,-0.138953,2010,2023,2296,2869,2170,1994
-0.012769,-0.059901,0.568822,-0.214706,0.084290,-0.139690,2010,2023,2296,2869,2170,1994
-0.012502,-0.060491,0.570026,-0.215648,0.084953,-0.138953,2010,2023,2296,2869,2170,1994
-0.012525,-0.060387,0.570874,-0.216152,0.084909,-0.138264,2010,2023,2296,2869,2170,1994
-0.012525,-0.060387,0.570874,-0.216152,0.084909,-0.138264,2010,2023,2296,2869,2170,1994
-0.012663,-0.059838,0.568182,-0.214397,0.084178,-0.140253,2010,2023,2296,2869,2170,1994
-0.012663,-0.059838,0.568182,-0.214397,0.084178,-0.140253,2010,2023,2296,2869,2170,1994
-0.012663,-0.059838,0.568182,-0.214397,0.084178,-0.140253,2010,2023,2296,2869,2170,1994
-0.012479,-0.060107,0.570983,-0.216258,0.084636,-0.138184,2010,2023,2296,2869,2170,1994
-0.012663,-0.059838,0.568182,-0.214397,0.084178,-0.140253,2010,2023,2296,2869,2170,1994
-0.012663,-0.059838,0.568182,-0.214397,0.084178,-0.140253,2010,2023,2296,2869,2170,1994
-0.012663,-0.059838,0.568182,-0.214397,0.084178,-0.140253,2010,2023,2296,2869,2170,1994
-0.012663,-0.059838,0.568182,-0.214397,0.084178,-0.140253,2010,2023,2296,2869,2170,1994
-0.012663,-0.059838,0.568182,-0.214397,0.084178,-0.140253,2010,2023,2296,2869,2170,1994
-0.012502,-0.060491,0.570026,-0.215648,0.084953,-0.138953,2010,2023,2296,2869,2170,1994
-0.012663,-0.059838,0.568182,-0.214397,0.084178,-0.140253,2010,2023,2296,2869,2170,1994
-0.012941,-0.061214,0.579084,-0.220851,0.086326,-0.131618,2010,2023,2296,2869,2170,1994
-0.012858,-0.062122,0.590216,-0.227737,0.088011,-0.122986,2010,2023,2296,2869,2170,1994
-0.013163,-0.062085,0.589930,-0.227321,0.087965,-0.123022,2010,2023,2296,2869,2170,1994
-0.012663,-0.059838,0.568182,-0.214397,0.084178,-0.140253,2010,2023,2296,2869,2170,1994
-0.012663,-0.059838,0.568182,-0.214397,0.084178,-0.140253,2010,2023,2296,2869,2170,1994
-0.012663,-0.059838,0.568182,-0.214397,0.084178,-0.140253,2010,2023,2296,2869,2170,1994
-0.012663,-0.059838,0.568182,-0.214397,0.084178,-0.140253,2010,2023,2296,2869,2170,1994
-0.012663,-0.059838,0.568182,-0.214397,0.084178,-0.140253,2010,2023,2296,2869,2170,1994
-0.012525,-0.060387,0.570874,-0.216152,0.084909,-0.138264,2010,2023,2296,2869,2170,1994
-0.012630,-0.059947,0.569881,-0.215464,0.084405,-0.138945,2010,2023,2296,2869,2170,1994
-0.012941,-0.061214,0.579084,-0.220851,0.086326,-0.131618,2010,2023,2296,2869,2170,1994
-0.012502,-0.060491,0.570026,-0.215648,0.084953,-0.138953,2010,2023,2296,2869,2170,1994
-0.012651,-0.059803,0.571097,-0.216197,0.084348,-0.137965,2010,2023,2296,2869,2169,1994
-0.012663,-0.059838,0.568182,-0.214397,0.084178,-0.140253,2010,2023,2296,2869,2169,1994
-0.012230,-0.060078,0.571000,-0.216466,0.084599,-0.138321,2010,2023,2296,2868,2169,1994
-0.012873,-0.062715,0.597934,-0.232454,0.089144,-0.116954,2010,2023,2295,2868,2169,1994
-0.011539,-0.060106,0.570969,-0.216991,0.084598,-0.138771,2010,2023,2295,2866,2169,1994
-0.011261,-0.060305,0.568155,-0.215482,0.084588,-0.141170,2009,2023,2294,2862,2169,1994
-0.011049,-0.060655,0.571826,-0.217897,0.085187,-0.138441,2009,2023,2294,2860,2169,1994
-0.010554,-0.061668,0.578852,-0.222587,0.086671,-0.133299,2009,2023,2292,2860,2169,1994
-0.008709,-0.060220,0.553965,-0.208788,0.083408,-0.153886,2011,2023,2290,2860,2169,1994
-0.008617,-0.063164,0.579545,-0.224523,0.088136,-0.134059,2013,2023,2290,2863,2169,1994
-0.008696,-0.063007,0.571818,-0.219720,0.087440,-0.140075,2016,2023,2292,2863,2169,1994
-0.008770,-0.062743,0.570909,-0.219107,0.087115,-0.140723,2017,2023,2293,2864,2169,1994
-0.009811,-0.061793,0.569627,-0.217510,0.086119,-0.141019,2017,2023,2294,2865,2169,1994
-0.010656,-0.061841,0.571284,-0.217861,0.086315,-0.139201,2017,2023,2294,2867,2169,1994
-0.010863,-0.060560,0.567986,-0.215689,0.084815,-0.141567,2017,2023,2294,2867,2169,1994
-0.011889,-0.063106,0.590321,-0.228554,0.088961,-0.123575,2017,2023,2294,2862,2169,1994
-0.011326,-0.062081,0.578207,-0.221577,0.087067,-0.133366,2017,2023,2293,2860,2168,1994
-0.009710,-0.061803,0.570920,-0.218384,0.086216,-0.140064,2017,2023,2293,2860,2168,1994
-0.008915,-0.061652,0.567607,-0.216980,0.085802,-0.143144,2018,2023,2293,2860,2168,1994
-0.009146,-0.060333,0.553110,-0.207918,0.083477,-0.154299,2019,2023,2291,2860,2168,1994
-0.009635,-0.062054,0.571715,-0.218927,0.086519,-0.139505,2019,2023,2286,2859,2168,1994
-0.009028,-0.064326,0.587874,-0.229295,0.089895,-0.127349,2025,2023,2281,2859,2168,1994
-0.007047,-0.062588,0.567610,-0.218445,0.086663,-0.144360,2032,2024,2281,2858,2168,1994
-0.004912,-0.063635,0.562816,-0.217174,0.087287,-0.149522,2042,2024,2280,2858,2167,1994
-0.004683,-0.063407,0.560478,-0.215923,0.086888,-0.151482,2045,2024,2280,2858,2167,1994
-0.004979,-0.062772,0.557941,-0.214141,0.086087,-0.153246,2049,2024,2280,2858,2167,1994
-0.005275,-0.063957,0.568063,-0.220104,0.087991,-0.145199,2050,2024,2279,2857,2167,1994
-0.004801,-0.062763,0.552897,-0.211186,0.085717,-0.157321,2050,2024,2278,2857,2167,1994
-0.004817,-0.064988,0.568198,-0.220535,0.089011,-0.145454,2053,2025,2276,2857,2167,1994
-0.004056,-0.063464,0.551596,-0.210967,0.086296,-0.158856,2058,2027,2270,2857,2167,1994
-0.003554,-0.063847,0.557831,-0.215185,0.087096,-0.154291,2062,2035,2261,2857,2167,1994
-0.002610,-0.065183,0.570058,-0.223417,0.089251,-0.145359,2065,2052,2247,2857,2168,1994
-0.000488,-0.063306,0.549464,-0.212476,0.085852,-0.162706,2072,2067,2235,2857,2170,1994
0.000898,-0.062435,0.543012,-0.209623,0.084476,-0.168560,2084,2087,2218,2857,2174,1994
0.004031,-0.061456,0.549100,-0.215844,0.083808,-0.165614,2093,2111,2200,2857,2175,1994
0.081401,-0.060748,0.586010,-0.299584,0.082715,-0.183932,2081,2429,1681,3053,2204,1994
0.078406,-0.061794,0.568990,-0.286761,0.082677,-0.195564,2081,2425,1682,3053,2204,1994
0.077062,-0.064042,0.557812,-0.278811,0.084185,-0.203709,2080,2422,1688,3053,2204,1994
0.076053,-0.063313,0.553710,-0.275506,0.083209,-0.206259,2080,2422,1691,3053,2204,1994
0.075455,-0.063623,0.562849,-0.280639,0.084183,-0.198730,2079,2422,1686,3063,2204,1994
0.075226,-0.063123,0.557817,-0.277376,0.083340,-0.202508,2079,2421,1681,3076,2204,1994
0.072667,-0.064132,0.548692,-0.269744,0.083803,-0.208195,2075,2420,1680,3104,2197,1994
0.071185,-0.065377,0.551701,-0.270404,0.085313,-0.205019,2071,2419,1679,3115,2195,1994
0.066436,-0.065626,0.551584,-0.266581,0.085736,-0.202222,2068,2419,1679,3122,2195,1994
0.066600,-0.066435,0.558636,-0.271027,0.087030,-0.196841,2068,2419,1679,3117,2195,1994
0.068072,-0.068450,0.576387,-0.283057,0.090229,-0.183942,2068,2419,1679,3115,2195,1994
0.066569,-0.065678,0.554440,-0.268437,0.085982,-0.200062,2069,2419,1679,3114,2195,1994
0.067855,-0.066382,0.559034,-0.272263,0.086958,-0.197292,2072,2419,1679,3114,2196,1994
0.068225,-0.066490,0.559908,-0.273090,0.087113,-0.196840,2075,2419,1679,3114,2201,1994
0.068390,-0.065674,0.554405,-0.269854,0.085906,-0.201204,2082,2420,1679,3113,2202,1994
0.068461,-0.065379,0.551713,-0.268261,0.085420,-0.203341,2093,2420,1679,3113,2203,1994
0.066869,-0.063125,0.536501,-0.257698,0.082166,-0.214151,2103,2421,1679,3113,2206,1994
0.069973,-0.065547,0.563349,-0.276594,0.086347,-0.195130,2113,2421,1679,3113,2217,1994
0.067235,-0.062824,0.537848,-0.258817,0.081947,-0.213292,2127,2421,1679,3113,2227,1994
0.066308,-0.063138,0.534322,-0.255916,0.082047,-0.215522,2144,2421,1679,3113,2238,1994
0.065651,-0.063401,0.526713,-0.250725,0.081800,-0.221123,2161,2420,1679,3113,2252,1994
0.069288,-0.058905,0.586980,-0.290640,0.081412,-0.175602,1977,2433,1680,3113,2146,1994
0.066688,-0.060248,0.618518,-0.307925,0.085067,-0.149314,1927,2433,1680,3113,2093,1994
0.066319,-0.060596,0.629870,-0.314597,0.086226,-0.140188,1914,2433,1680,3113,2077,1994
0.061950,-0.057883,0.607217,-0.297281,0.082098,-0.155112,1902,2433,1680,3113,2063,1994
0.061122,-0.058045,0.616962,-0.302605,0.082976,-0.146953,1891,2433,1680,3113,2049,1994
0.061191,-0.059941,0.636340,-0.314528,0.086225,-0.131907,1882,2433,1680,3113,2038,1994
0.058638,-0.060805,0.663272,-0.329029,0.089076,-0.109232,1869,2433,1680,3113,2014,1994
0.054894,-0.057460,0.629644,-0.305479,0.083524,-0.133119,1869,2433,1680,3113,2016,1994
0.055041,-0.058284,0.637954,-0.310684,0.084923,-0.126739,1872,2433,1680,3113,2016,1994
0.055465,-0.058538,0.638852,-0.311567,0.085223,-0.126313,1874,2433,1680,3113,2017,1994
0.055306,-0.058676,0.640174,-0.312251,0.085460,-0.125187,1876,2433,1680,3113,2018,1994
0.056091,-0.058283,0.637949,-0.311510,0.084881,-0.127386,1882,2434,1680,3113,2018,1994
0.057001,-0.057843,0.636341,-0.311247,0.084295,-0.129173,1887,2434,1680,3113,2019,1994
0.057589,-0.058130,0.639812,-0.313838,0.084802,-0.126827,1892,2434,1680,3113,2020,1994
0.057439,-0.057451,0.629492,-0.307395,0.083406,-0.134797,1899,2434,1680,3113,2021,1994
0.058537,-0.057767,0.627144,-0.306816,0.083513,-0.137341,1909,2434,1680,3113,2023,1994
0.059776,-0.058319,0.627437,-0.307967,0.084036,-0.137913,1932,2434,1680,3113,2060,1994
0.061455,-0.058164,0.625681,-0.308217,0.083695,-0.140310,1949,2434,1680,3113,2081,1994
0.066493,-0.061720,0.659169,-0.332701,0.089397,-0.117343,1966,2434,1680,3113,2093,1994
0.060334,-0.059704,0.614619,-0.300524,0.084495,-0.148445,1953,2433,1680,3124,2042,1994
0.059943,-0.060456,0.607587,-0.295890,0.084766,-0.153794,1953,2428,1680,3125,2042,1994
0.046154,-0.073112,0.484018,-0.209008,0.089232,-0.243522,2254,2387,1680,3184,2360,1994
0.041933,-0.071803,0.469448,-0.196750,0.087067,-0.252291,2284,2387,1680,3184,2386,1994
0.040582,-0.073541,0.474501,-0.198763,0.089206,-0.247627,2298,2387,1680,3184,2397,1994
0.037580,-0.071885,0.459221,-0.187036,0.086598,-0.257673,2314,2385,1680,3184,2408,1994
0.036503,-0.073601,0.463222,-0.188620,0.088631,-0.254002,2322,2384,1680,3184,2416,1994
0.034369,-0.073529,0.454234,-0.181420,0.088010,-0.259758,2333,2383,1680,3184,2421,1994
0.032456,-0.073949,0.446650,-0.175250,0.087969,-0.264583,2339,2382,1680,3184,2425,1994
0.030791,-0.074474,0.443472,-0.171979,0.088333,-0.266104,2340,2383,1680,3184,2425,1994
0.029517,-0.073733,0.437277,-0.167181,0.087208,-0.270136,2339,2384,1680,3184,2423,1994
0.029383,-0.074265,0.442167,-0.170069,0.088087,-0.266250,2337,2384,1680,3184,2421,1994
0.029027,-0.073110,0.441338,-0.169294,0.086892,-0.266593,2332,2385,1681,3184,2419,1994
0.030271,-0.072877,0.443479,-0.171593,0.086762,-0.265653,2319,2385,1681,3184,2419,1994
0.032717,-0.075531,0.462417,-0.185112,0.090643,-0.252469,2307,2385,1681,3184,2418,1994
0.034708,-0.072611,0.451861,-0.180243,0.086915,-0.261759,2283,2383,1681,3184,2417,1994
0.036383,-0.072881,0.454026,-0.182890,0.087271,-0.261104,2267,2383,1681,3184,2415,1994
0.039000,-0.074034,0.463057,-0.190485,0.088954,-0.255696,2252,2384,1681,3184,2404,1994
0.041469,-0.074942,0.471488,-0.197596,0.090357,-0.250651,2232,2384,1685,3184,2383,1994
0.042619,-0.073101,0.469458,-0.197281,0.088335,-0.252806,2212,2384,1688,3184,2362,1994
0.046753,-0.072745,0.494047,-0.215640,0.089548,-0.235973,2172,2384,1689,3184,2330,1994
0.047695,-0.072587,0.499784,-0.219906,0.089757,-0.232026,2151,2384,1684,3184,2315,1994
0.051241,-0.073170,0.512442,-0.230466,0.091091,-0.224291,2109,2384,1681,3182,2286,1994
0.055654,-0.070941,0.530768,-0.245226,0.089986,-0.212407,2164,2392,1681,3175,2318,1994
0.055754,-0.071402,0.524958,-0.241733,0.090033,-0.217074,2188,2392,1681,3175,2343,1994
0.050584,-0.068187,0.489817,-0.216126,0.084559,-0.241287,2213,2392,1681,3174,2368,1994
0.052043,-0.071094,0.502129,-0.224797,0.088266,-0.232729,2237,2392,1681,3175,2393,1994
0.050135,-0.070341,0.491218,-0.216605,0.086822,-0.240080,2259,2392,1681,3174,2412,1994
0.046882,-0.069717,0.478609,-0.206306,0.085440,-0.247953,2281,2392,1681,3174,2431,1994
0.044241,-0.069317,0.468437,-0.197984,0.084429,-0.254303,2301,2392,1681,3174,2447,1994
0.039236,-0.069461,0.456309,-0.186587,0.083913,-0.260786,2329,2392,1682,3174,2470,1994
0.036601,-0.068039,0.444506,-0.177282,0.081768,-0.268341,2341,2392,1682,3174,2477,1994
0.035097,-0.068370,0.441758,-0.174403,0.081963,-0.269607,2349,2392,1682,3174,2482,1994
0.033006,-0.068727,0.440772,-0.172143,0.082329,-0.269130,2353,2392,1681,3174,2486,1994
0.031697,-0.069090,0.438292,-0.169584,0.082568,-0.270306,2354,2392,1681,3174,2485,1994
0.030986,-0.069129,0.435316,-0.167196,0.082425,-0.272214,2351,2392,1681,3174,2484,1994
0.030389,-0.069060,0.435378,-0.166763,0.082384,-0.271794,2348,2392,1681,3177,2480,1994
0.030594,-0.068698,0.432407,-0.165106,0.081806,-0.274228,2338,2392,1681,3181,2478,1994
0.031624,-0.068934,0.436532,-0.168448,0.082292,-0.271634,2322,2392,1681,3181,2477,1994
0.031838,-0.068273,0.434368,-0.167297,0.081473,-0.273414,2304,2392,1681,3181,2476,1994
0.035205,-0.071803,0.461009,-0.186260,0.086733,-0.254805,2284,2392,1681,3180,2465,1994
0.038883,-0.071696,0.468853,-0.193979,0.087036,-0.250881,2258,2392,1681,3179,2440,1994
0.040285,-0.068824,0.452953,-0.185364,0.083002,-0.264017,2237,2392,1681,3181,2418,1994
0.044014,-0.070089,0.469077,-0.198187,0.085251,-0.253722,2209,2392,1682,3182,2392,1994
0.045764,-0.068799,0.470944,-0.200731,0.084030,-0.253224,2182,2392,1683,3182,2367,1994
0.048523,-0.070348,0.491269,-0.215363,0.086895,-0.239053,2156,2392,1682,3182,2345,1994
0.051384,-0.071827,0.511974,-0.230310,0.089714,-0.224640,2130,2392,1682,3182,2323,1994
0.053547,-0.072095,0.522902,-0.238720,0.090665,-0.217393,2103,2392,1682,3182,2301,1994
0.056127,-0.070672,0.528625,-0.244287,0.089550,-0.214360,2200,2393,1681,3173,2347,1994
0.053703,-0.070848,0.516231,-0.234765,0.088947,-0.222636,2232,2393,1681,3173,2374,1994
0.051732,-0.070291,0.494971,-0.220169,0.086975,-0.238103,2259,2393,1681,3173,2398,1994
0.048741,-0.070826,0.489703,-0.214568,0.087254,-0.240456,2284,2393,1681,3173,2419,1994
0.045720,-0.070195,0.475605,-0.203539,0.085750,-0.249642,2307,2393,1681,3173,2437,1994
0.042707,-0.069774,0.464182,-0.194155,0.084644,-0.256746,2327,2393,1681,3173,2451,1994
0.035755,-0.069802,0.448444,-0.179008,0.083835,-0.264865,2353,2393,1681,3173,2475,1994
0.033104,-0.068503,0.437777,-0.170386,0.081893,-0.271527,2359,2393,1681,3173,2482,1994
0.031697,-0.069090,0.438292,-0.169584,0.082568,-0.270306,2361,2393,1681,3173,2484,1994
0.029189,-0.069353,0.432917,-0.164301,0.082549,-0.273018,2358,2392,1681,3173,2483,1994
0.029116,-0.069089,0.426738,-0.160455,0.081854,-0.277811,2353,2392,1681,3173,2482,1994
0.030563,-0.070776,0.437560,-0.168217,0.084240,-0.270321,2342,2392,1681,3173,2482,1994
0.035317,-0.069219,0.442558,-0.175057,0.082857,-0.269180,2296,2392,1681,3175,2475,1994
0.036992,-0.068364,0.442740,-0.176503,0.081953,-0.269995,2278,2393,1685,3177,2456,1994
0.040890,-0.067274,0.457158,-0.188443,0.081729,-0.260959,2228,2393,1694,3181,2396,1994
0.045085,-0.065319,0.482580,-0.207381,0.081405,-0.243382,2173,2394,1694,3181,2347,1994
0.051859,-0.070156,0.529551,-0.241493,0.089264,-0.210977,2123,2393,1688,3181,2307,1994
0.052049,-0.068255,0.518397,-0.234822,0.086579,-0.219714,2098,2393,1685,3176,2287,1994
0.054151,-0.069486,0.530935,-0.244160,0.088605,-0.211239,2074,2393,1682,3174,2267,1994
0.056743,-0.070388,0.543150,-0.253692,0.090263,-0.203293,2048,2393,1681,3173,2243,1994
0.057917,-0.070715,0.546001,-0.256363,0.090744,-0.201796,2021,2393,1681,3173,2212,1994
0.053545,-0.072676,0.522899,-0.238710,0.091244,-0.217441,2199,2392,1684,3181,2337,1994
0.051239,-0.071095,0.508531,-0.228092,0.088747,-0.227201,2233,2392,1686,3180,2368,1994
0.046370,-0.069205,0.487769,-0.211530,0.085593,-0.240396,2297,2393,1693,3174,2412,1994
0.018778,-0.069951,0.430505,-0.154595,0.083376,-0.268583,2380,2394,1691,3173,2476,1994
0.045282,-0.066524,0.478341,-0.204920,0.082301,-0.246932,2173,2394,1690,3174,2331,1994
0.048996,-0.068072,0.492867,-0.216746,0.084721,-0.237906,2141,2394,1690,3173,2300,1994
0.052262,-0.068540,0.508090,-0.228661,0.086131,-0.227972,2107,2394,1690,3173,2265,1994
0.054961,-0.068372,0.524070,-0.240601,0.086981,-0.217046,2078,2394,1688,3173,2232,1994
0.055604,-0.067386,0.530303,-0.244947,0.086412,-0.212460,2045,2394,1685,3173,2193,1994
0.056942,-0.068996,0.558639,-0.263372,0.089956,-0.191124,1978,2394,1683,3173,2127,1994
0.055432,-0.070277,0.518268,-0.237388,0.088455,-0.222048,2219,2394,1683,3172,2333,1994
0.053928,-0.071481,0.516919,-0.235357,0.089619,-0.222283,2249,2394,1683,3172,2348,1994
0.046804,-0.070053,0.488113,-0.212073,0.086446,-0.240458,2303,2394,1685,3172,2373,1994
0.038875,-0.069993,0.470266,-0.194861,0.085438,-0.249631,2352,2394,1684,3172,2395,1994
0.031705,-0.070808,0.458151,-0.181756,0.085675,-0.254830,2384,2394,1681,3172,2425,1994
0.022857,-0.068926,0.422465,-0.152894,0.081633,-0.277324,2396,2394,1681,3172,2449,1994
0.021873,-0.068996,0.418908,-0.149933,0.081491,-0.279523,2384,2394,1681,3172,2446,1994
0.023559,-0.069235,0.422592,-0.153521,0.081923,-0.277679,2371,2394,1681,3172,2445,1994
0.025905,-0.071442,0.443618,-0.168250,0.085509,-0.262755,2355,2394,1681,3172,2444,1994
0.030404,-0.068384,0.431932,-0.164669,0.081467,-0.274460,2320,2394,1681,3172,2442,1994
0.033104,-0.068503,0.437777,-0.170386,0.081893,-0.271527,2302,2394,1684,3172,2429,1994
0.039210,-0.068007,0.453920,-0.185119,0.082297,-0.262533,2254,2394,1693,3173,2383,1994
0.050238,-0.067097,0.501000,-0.222730,0.084272,-0.232194,2116,2394,1684,3174,2278,1994
0.053206,-0.069130,0.515212,-0.233770,0.087183,-0.222997,2089,2394,1683,3173,2261,1994
0.053225,-0.067049,0.557756,-0.259920,0.088097,-0.189388,2080,2394,1687,3173,2195,1994
0.057021,-0.069988,0.558399,-0.263275,0.090925,-0.191440,2138,2394,1683,3173,2267,1994
0.057184,-0.071126,0.545462,-0.255449,0.091144,-0.201803,2168,2393,1681,3173,2298,1994
0.053433,-0.072697,0.515548,-0.234110,0.090753,-0.223154,2231,2393,1681,3173,2348,1994
0.052167,-0.072418,0.501524,-0.224507,0.089538,-0.233385,2259,2393,1681,3173,2368,1994
0.046336,-0.068589,0.466312,-0.198342,0.083473,-0.257200,2285,2392,1680,3173,2390,1994
0.045058,-0.070489,0.468628,-0.198731,0.085579,-0.254746,2307,2392,1680,3173,2409,1994
0.039630,-0.072141,0.459071,-0.188559,0.086763,-0.259067,2343,2391,1680,3173,2453,1994
0.035928,-0.070131,0.438953,-0.173316,0.083489,-0.272461,2351,2391,1680,3173,2463,1994
0.033733,-0.070941,0.438546,-0.171323,0.084352,-0.271500,2358,2391,1680,3173,2472,1994
0.032424,-0.071271,0.438381,-0.170184,0.084721,-0.270854,2360,2391,1680,3173,2473,1994
0.032730,-0.073837,0.452042,-0.178776,0.088225,-0.260502,2360,2391,1680,3173,2474,1994
0.030310,-0.070543,0.433669,-0.165632,0.083745,-0.273207,2355,2391,1681,3173,2473,1994
0.030310,-0.070543,0.433669,-0.165632,0.083745,-0.273207,2341,2391,1681,3173,2472,1994
0.030645,-0.069672,0.431438,-0.164539,0.082707,-0.275098,2332,2391,1681,3173,2472,1994
0.032374,-0.069967,0.437875,-0.169851,0.083387,-0.271119,2317,2391,1681,3173,2470,1994
0.035017,-0.070445,0.443384,-0.175312,0.084149,-0.268443,2299,2391,1681,3174,2460,1994
0.040570,-0.070596,0.456272,-0.187603,0.084991,-0.261722,2253,2392,1683,3181,2418,1994
0.042724,-0.069939,0.463271,-0.193608,0.084745,-0.257486,2225,2391,1691,3182,2398,1994
0.044009,-0.069306,0.469014,-0.198155,0.084468,-0.253706,2197,2391,1693,3183,2382,1994
0.046022,-0.069783,0.486098,-0.210223,0.086066,-0.241543,2169,2391,1693,3183,2368,1994
0.047294,-0.068797,0.493959,-0.216063,0.085585,-0.236062,2141,2390,1687,3183,2354,1994
0.050659,-0.069989,0.510813,-0.229048,0.087828,-0.224963,2110,2390,1682,3182,2336,1994
0.055767,-0.071606,0.529139,-0.244307,0.090531,-0.213810,2051,2388,1681,3174,2284,1994
0.060432,-0.072065,0.522571,-0.243953,0.090347,-0.221869,2191,2392,1680,3151,2340,1994
0.058258,-0.071492,0.509320,-0.234111,0.088929,-0.230912,2224,2392,1680,3151,2366,1994
0.049841,-0.070447,0.471481,-0.204258,0.085553,-0.255430,2302,2392,1680,3151,2419,1994
0.046235,-0.069771,0.458374,-0.193375,0.084097,-0.263474,2317,2393,1681,3151,2434,1994
0.044133,-0.070579,0.458736,-0.191928,0.085009,-0.261965,2326,2393,1681,3151,2452,1994
0.040337,-0.068395,0.438047,-0.176263,0.081525,-0.275737,2327,2393,1681,3151,2463,1994
0.039775,-0.069377,0.443542,-0.179178,0.082912,-0.271149,2327,2392,1681,3151,2470,1994
0.039897,-0.070845,0.449402,-0.182853,0.084782,-0.266732,2321,2392,1681,3151,2470,1994
0.041769,-0.071472,0.449636,-0.184466,0.085352,-0.267744,2296,2390,1681,3151,2468,1994
0.043185,-0.071674,0.452440,-0.187302,0.085695,-0.266423,2280,2389,1681,3151,2466,1994
0.047989,-0.073607,0.466711,-0.199829,0.088439,-0.258296,2243,2387,1681,3151,2436,1994
0.049265,-0.072563,0.463821,-0.199075,0.087146,-0.261268,2220,2386,1681,3155,2411,1994
0.051738,-0.073602,0.474388,-0.207500,0.088829,-0.254555,2193,2386,1681,3158,2385,1994
0.053120,-0.073290,0.481393,-0.212894,0.088957,-0.249868,2163,2388,1681,3159,2360,1994
0.054890,-0.073389,0.495555,-0.222980,0.089983,-0.239824,2131,2391,1681,3159,2333,1994
0.060257,-0.069337,0.554601,-0.263506,0.089884,-0.196357,1995,2392,1693,3154,2193,1994
0.058197,-0.068881,0.579499,-0.277166,0.091258,-0.175480,1932,2392,1684,3154,2127,1994
0.061685,-0.071859,0.524227,-0.245960,0.090209,-0.221318,2195,2393,1680,3150,2372,1994
0.059716,-0.071805,0.514784,-0.238611,0.089568,-0.227533,2222,2393,1680,3150,2405,1994
0.059628,-0.073460,0.512229,-0.236954,0.091041,-0.229620,2245,2393,1680,3151,2432,1994
0.052895,-0.072147,0.483755,-0.214180,0.087992,-0.247783,2285,2393,1680,3151,2486,1994
0.050994,-0.071840,0.473779,-0.206561,0.087059,-0.254439,2299,2393,1681,3151,2505,1994
0.047431,-0.069823,0.458761,-0.194557,0.084130,-0.263907,2308,2393,1681,3151,2516,1994
0.045577,-0.069539,0.454991,-0.190784,0.083654,-0.265713,2312,2393,1681,3151,2521,1994
0.045422,-0.070434,0.457785,-0.192364,0.084748,-0.263491,2312,2393,1681,3151,2521,1994
0.044310,-0.070576,0.456130,-0.190469,0.084816,-0.264124,2307,2392,1681,3151,2520,1994
0.044528,-0.071524,0.458445,-0.192050,0.085915,-0.262511,2299,2392,1681,3151,2519,1994
0.044794,-0.071180,0.455137,-0.190234,0.085330,-0.265249,2286,2392,1681,3151,2518,1994
0.045994,-0.071186,0.457694,-0.192750,0.085469,-0.263973,2270,2392,1681,3151,2513,1994
0.048077,-0.071349,0.463397,-0.197892,0.085952,-0.260778,2252,2392,1681,3151,2493,1994
0.049843,-0.070501,0.465466,-0.200568,0.085185,-0.260165,2230,2392,1684,3154,2466,1994
0.051935,-0.070143,0.472145,-0.206323,0.085216,-0.256166,2204,2392,1688,3158,2435,1994
0.053943,-0.070303,0.486865,-0.216939,0.086332,-0.245833,2177,2392,1693,3160,2403,1994
0.054688,-0.069313,0.495686,-0.222953,0.085937,-0.239275,2150,2393,1694,3161,2375,1994
0.055834,-0.069123,0.513883,-0.235029,0.086981,-0.225652,2117,2393,1694,3161,2345,1994
0.054850,-0.065975,0.507797,-0.230557,0.083454,-0.229585,2085,2393,1694,3161,2316,1994
0.058056,-0.068132,0.534248,-0.249294,0.087339,-0.210920,2043,2393,1694,3155,2272,1994
0.059321,-0.068795,0.550097,-0.260010,0.089064,-0.199283,2015,2393,1694,3153,2241,1994
0.061155,-0.069333,0.569457,-0.273332,0.090890,-0.185224,1979,2393,1694,3152,2196,1994
0.060839,-0.068906,0.579794,-0.279433,0.091202,-0.176869,1944,2394,1693,3152,2152,1994
0.062179,-0.067795,0.568185,-0.273380,0.089228,-0.186731,2095,2405,1679,3151,2281,1994
0.064213,-0.069794,0.569796,-0.275949,0.091255,-0.186868,2128,2403,1680,3151,2303,1994
0.064416,-0.069867,0.551282,-0.264747,0.090019,-0.201557,2159,2403,1680,3151,2329,1994
0.060726,-0.069006,0.529561,-0.248514,0.087778,-0.216310,2185,2405,1680,3151,2353,1994
0.060239,-0.068481,0.515381,-0.239433,0.086277,-0.227121,2212,2407,1680,3151,2381,1994
0.059276,-0.068388,0.511295,-0.236166,0.085934,-0.229737,2238,2408,1681,3151,2405,1994
0.054879,-0.065643,0.490551,-0.220000,0.081910,-0.243140,2261,2408,1681,3151,2428,1994
0.046893,-0.068178,0.479459,-0.206855,0.083965,-0.247170,2289,2407,1681,3154,2470,1994
0.053370,-0.065889,0.483721,-0.214614,0.081733,-0.247606,2197,2400,1681,3157,2424,1994
0.056824,-0.069157,0.501963,-0.228494,0.086139,-0.235634,2150,2397,1683,3162,2362,1994
0.057098,-0.070580,0.512016,-0.234862,0.088253,-0.228009,2122,2397,1683,3162,2334,1994
0.057468,-0.070784,0.521778,-0.241143,0.089128,-0.220575,2095,2398,1683,3162,2307,1994
0.058961,-0.071286,0.534694,-0.250242,0.090478,-0.211372,2066,2400,1682,3160,2279,1994
0.059328,-0.069763,0.538084,-0.252631,0.089185,-0.208811,2036,2402,1682,3156,2247,1994
0.060177,-0.068536,0.546332,-0.258379,0.088508,-0.202748,2006,2405,1682,3153,2211,1994
0.061106,-0.066774,0.571662,-0.274680,0.088495,-0.183258,2084,2408,1680,3151,2203,1994
0.062233,-0.067666,0.567033,-0.272717,0.089016,-0.187659,2107,2408,1680,3151,2235,1994
0.064166,-0.069089,0.571536,-0.276989,0.090676,-0.185415,2127,2408,1681,3151,2266,1994
0.060990,-0.066999,0.545103,-0.258286,0.086858,-0.204091,2145,2408,1681,3151,2292,1994
0.059664,-0.065568,0.525851,-0.245442,0.084130,-0.218305,2166,2408,1681,3151,2321,1994
0.059151,-0.065983,0.521281,-0.242227,0.084243,-0.221618,2185,2408,1681,3151,2346,1994
0.059631,-0.066247,0.523132,-0.243739,0.084618,-0.220477,2203,2409,1681,3151,2371,1994
0.058074,-0.064779,0.508041,-0.233267,0.082155,-0.231275,2219,2409,1681,3151,2393,1994
0.051802,-0.066641,0.486888,-0.215310,0.082766,-0.244214,2282,2409,1681,3151,2469,1994
0.061035,-0.064572,0.514749,-0.239723,0.082306,-0.227797,2107,2409,1682,3153,2345,1994
0.061937,-0.065141,0.526005,-0.247337,0.083628,-0.219543,2077,2409,1683,3153,2310,1994
0.062750,-0.065839,0.542541,-0.258118,0.085455,-0.207092,2045,2409,1682,3152,2276,1994
0.064855,-0.067907,0.579329,-0.282330,0.090019,-0.179615,1985,2409,1682,3152,2209,1994
0.058386,-0.065775,0.599091,-0.289379,0.089531,-0.159943,1885,2409,1682,3152,2083,1994
0.061383,-0.067287,0.599343,-0.291880,0.090940,-0.161700,2032,2407,1680,3151,2221,1994
0.062882,-0.068923,0.545755,-0.260155,0.088749,-0.204889,2125,2404,1680,3151,2312,1994
0.062275,-0.068874,0.539017,-0.255542,0.088250,-0.209812,2146,2404,1680,3151,2331,1994
0.061173,-0.067879,0.523533,-0.245182,0.086214,-0.221236,2179,2406,1680,3151,2362,1994
0.061531,-0.068920,0.524936,-0.246312,0.087335,-0.220434,2190,2407,1680,3151,2373,1994
0.060026,-0.067856,0.513803,-0.238305,0.085551,-0.228182,2205,2407,1680,3151,2388,1994
0.058609,-0.067170,0.507024,-0.233035,0.084446,-0.232591,2215,2407,1680,3151,2401,1994
0.057086,-0.065989,0.495253,-0.224623,0.082501,-0.240822,2221,2407,1680,3151,2408,1994
0.054989,-0.065985,0.487564,-0.218249,0.082037,-0.245582,2213,2405,1680,3152,2406,1994
0.055447,-0.066770,0.491718,-0.221150,0.083093,-0.242659,2200,2403,1680,3152,2405,1994
0.055840,-0.067632,0.495294,-0.223645,0.084189,-0.240155,2184,2401,1680,3152,2398,1994
0.056613,-0.068579,0.501026,-0.227759,0.085506,-0.236196,2165,2399,1680,3152,2389,1994
0.058220,-0.069029,0.505284,-0.231636,0.086192,-0.233869,2144,2398,1680,3152,2374,1994
0.059793,-0.070098,0.511495,-0.236676,0.087633,-0.230032,2118,2398,1680,3152,2353,1994
0.060876,-0.070701,0.520729,-0.243191,0.088841,-0.223482,2091,2398,1680,3152,2329,1994
0.063384,-0.070970,0.544161,-0.259547,0.090659,-0.206612,2038,2401,1680,3151,2273,1994
0.059049,-0.062531,0.608342,-0.295621,0.086922,-0.152817,2008,2417,1680,3151,2185,1994
0.061921,-0.063616,0.597250,-0.291068,0.087114,-0.163385,2039,2416,1680,3151,2210,1994
0.063698,-0.065849,0.577905,-0.280570,0.087912,-0.179864,2095,2416,1680,3151,2268,1994
0.066021,-0.066956,0.579411,-0.283314,0.089032,-0.180190,2120,2416,1680,3151,2300,1994
0.063710,-0.064850,0.551215,-0.264212,0.085041,-0.200781,2143,2416,1680,3151,2333,1994
0.063055,-0.063900,0.536181,-0.254480,0.083064,-0.212127,2167,2416,1680,3151,2362,1994
0.062515,-0.065124,0.535336,-0.253520,0.084244,-0.212557,2215,2416,1680,3151,2416,1994
0.061432,-0.064577,0.519921,-0.243212,0.082658,-0.223973,2145,2416,1687,3152,2396,1994
0.058955,-0.061343,0.587407,-0.282714,0.084271,-0.169128,1922,2417,1691,3152,2104,1994
0.051514,-0.061191,0.638880,-0.308431,0.088022,-0.124080,1828,2418,1693,3152,1979,1994
0.030225,-0.059430,0.647120,-0.296705,0.087665,-0.104418,1826,2418,1694,3152,1953,1994
0.059696,-0.063447,0.580739,-0.279180,0.085871,-0.174993,2031,2414,1681,3154,2221,1994
0.061572,-0.065326,0.577977,-0.278942,0.087477,-0.178463,2047,2414,1681,3158,2236,1994
0.060482,-0.064159,0.558956,-0.266423,0.085020,-0.192661,2062,2412,1681,3159,2251,1994
0.060961,-0.065321,0.561179,-0.268151,0.086316,-0.191298,2073,2407,1687,3160,2262,1994
0.057816,-0.067752,0.548910,-0.258107,0.087998,-0.199212,2099,2403,1695,3163,2290,1994
0.055992,-0.066141,0.536351,-0.248980,0.085581,-0.207844,2105,2403,1695,3163,2299,1994
0.056123,-0.065551,0.534815,-0.248148,0.084879,-0.209085,2111,2404,1695,3163,2312,1994
0.056586,-0.065365,0.537033,-0.249877,0.084833,-0.207610,2116,2404,1696,3163,2327,1994
0.056568,-0.064453,0.532859,-0.247313,0.083631,-0.210809,2117,2404,1696,3163,2333,1994
0.056568,-0.064453,0.532859,-0.247313,0.083631,-0.210809,2118,2404,1696,3163,2335,1994
0.056552,-0.064531,0.528319,-0.244513,0.083391,-0.214376,2118,2404,1696,3163,2336,1994
0.056873,-0.066139,0.536338,-0.249668,0.085544,-0.208394,2118,2404,1696,3163,2336,1994
0.056584,-0.066228,0.533010,-0.247396,0.085410,-0.210841,2118,2404,1696,3163,2335,1994
0.056584,-0.066228,0.533010,-0.247396,0.085410,-0.210841,2119,2404,1696,3163,2334,1994
0.056883,-0.067034,0.536431,-0.249722,0.086443,-0.208397,2120,2404,1696,3163,2334,1994
0.057012,-0.067152,0.537136,-0.250255,0.086605,-0.207931,2125,2403,1696,3163,2334,1994
0.057609,-0.067669,0.542878,-0.254243,0.087500,-0.203822,2128,2403,1696,3163,2334,1994
0.056584,-0.066667,0.533012,-0.247391,0.085848,-0.210873,2130,2403,1696,3163,2334,1994
0.056838,-0.068284,0.544490,-0.254616,0.088256,-0.202131,2131,2403,1696,3163,2333,1994
0.056077,-0.066257,0.528146,-0.244010,0.085117,-0.214357,2131,2403,1696,3163,2333,1994
0.055871,-0.065953,0.530668,-0.245399,0.084999,-0.212224,2131,2403,1696,3163,2333,1994
0.055871,-0.065953,0.530668,-0.245399,0.084999,-0.212224,2131,2403,1696,3163,2333,1994
0.055871,-0.065953,0.530668,-0.245399,0.084999,-0.212224,2131,2403,1696,3163,2332,1994
0.056036,-0.065932,0.534267,-0.247739,0.085224,-0.209493,2129,2403,1696,3163,2332,1994
0.054907,-0.064902,0.528081,-0.243064,0.083807,-0.213585,2127,2403,1696,3163,2332,1994
0.055701,-0.065342,0.532954,-0.246676,0.084558,-0.210273,2125,2403,1696,3163,2327,1994
0.055701,-0.065342,0.532954,-0.246676,0.084558,-0.210273,2124,2403,1696,3163,2315,1994
0.055701,-0.065342,0.532954,-0.246676,0.084558,-0.210273,2123,2403,1697,3164,2305,1994
0.055511,-0.065614,0.535440,-0.248048,0.085011,-0.208223,2122,2403,1697,3164,2302,1994
0.055044,-0.065583,0.535182,-0.247521,0.084979,-0.208137,2121,2403,1697,3164,2302,1994
0.053436,-0.064270,0.526446,-0.240908,0.083118,-0.213919,2118,2404,1697,3164,2299,1994
0.054956,-0.065607,0.541096,-0.251081,0.085422,-0.203435,2117,2404,1697,3164,2297,1994
0.054605,-0.064872,0.532881,-0.245772,0.084125,-0.209622,2116,2404,1697,3164,2297,1994
0.054517,-0.065521,0.534879,-0.246921,0.084916,-0.208048,2116,2403,1696,3164,2297,1994
0.055235,-0.066256,0.537048,-0.248809,0.085774,-0.206841,2116,2403,1696,3164,2296,1994
0.054834,-0.066233,0.533052,-0.246040,0.085485,-0.209735,2116,2403,1696,3164,2296,1994
0.055505,-0.066606,0.537716,-0.249427,0.086159,-0.206509,2116,2403,1695,3164,2296,1994
0.055968,-0.067371,0.540326,-0.251385,0.087087,-0.204800,2116,2403,1695,3164,2296,1994
0.055000,-0.065956,0.530693,-0.244727,0.085037,-0.211671,2116,2403,1695,3164,2296,1994
0.057103,-0.068009,0.551186,-0.258938,0.088442,-0.197006,2116,2403,1695,3164,2295,1994
0.054911,-0.066307,0.534194,-0.246801,0.085636,-0.208891,2116,2403,1695,3164,2295,1994
0.056098,-0.067907,0.541225,-0.252032,0.087679,-0.204215,2116,2403,1695,3164,2295,1994
0.055997,-0.067661,0.540615,-0.251582,0.087396,-0.204613,2116,2403,1695,3164,2295,1994
0.055000,-0.065956,0.530693,-0.244727,0.085037,-0.211671,2116,2402,1696,3164,2295,1994
0.055000,-0.065956,0.530693,-0.244727,0.085037,-0.211671,2115,2402,1696,3164,2295,1994
0.057987,-0.070201,0.559489,-0.264704,0.091177,-0.191191,2115,2398,1696,3164,2295,1994
0.056229,-0.069410,0.542489,-0.252893,0.089262,-0.203420,2114,2389,1696,3163,2295,1994
0.055759,-0.070306,0.537602,-0.249511,0.089829,-0.207047,2114,2380,1698,3162,2295,1994